ISO-10303-21;
HEADER;
FILE_DESCRIPTION (( 'STEP AP214' ),
    '1' );
FILE_NAME ('BWVS00505040100M00.STEP',
    '2025-04-14T06:05:17',
    ( '' ),
    ( '' ),
    'SwSTEP 2.0',
    'SolidWorks 2024',
    '' );
FILE_SCHEMA (( 'AUTOMOTIVE_DESIGN' ));
ENDSEC;

DATA;
#1 = EDGE_LOOP ( 'NONE', ( #1895, #3254, #1338, #3444 ) ) ;
#2 = VECTOR ( 'NONE', #182, 1000.000000000000114 ) ;
#3 = CARTESIAN_POINT ( 'NONE',  ( 1.749999999999998446, 0.4000000000000000777, 2.166666666666667407 ) ) ;
#4 =( GEOMETRIC_REPRESENTATION_CONTEXT ( 3 ) GLOBAL_UNCERTAINTY_ASSIGNED_CONTEXT ( ( #166 ) ) GLOBAL_UNIT_ASSIGNED_CONTEXT ( ( #2079, #2650, #2635 ) ) REPRESENTATION_CONTEXT ( 'NONE', 'WORKASPACE' ) );
#5 = PLANE ( 'NONE',  #1805 ) ;
#6 = STYLED_ITEM ( 'NONE', ( #1104 ), #785 ) ;
#7 = CARTESIAN_POINT ( 'NONE',  ( -1.600000000000000755, 2.200000000000000622, 3.814560945907769618 ) ) ;
#8 = EDGE_LOOP ( 'NONE', ( #3513, #1121, #740, #2781 ) ) ;
#9 = COLOUR_RGB ( '',0.7294117647058823151, 0.3568627450980392246, 0.02352941176470588203 ) ;
#10 = EDGE_CURVE ( 'NONE', #1967, #2084, #411, .T. ) ;
#11 =( NAMED_UNIT ( * ) SI_UNIT ( $, .STERADIAN. ) SOLID_ANGLE_UNIT ( ) );
#12 = CARTESIAN_POINT ( 'NONE',  ( -1.500000000000000000, 0.4000000000000000777, 2.166666666666666519 ) ) ;
#13 = LINE ( 'NONE', #1680, #1226 ) ;
#14 = ORIENTED_EDGE ( 'NONE', *, *, #207, .T. ) ;
#15 = EDGE_CURVE ( 'NONE', #2784, #1454, #70, .T. ) ;
#16 = VECTOR ( 'NONE', #3222, 1000.000000000000000 ) ;
#17 = ORIENTED_EDGE ( 'NONE', *, *, #3283, .F. ) ;
#18 = CARTESIAN_POINT ( 'NONE',  ( -1.166666666666662966, 1.066666666666666652, -2.500000000000000000 ) ) ;
#19 = LINE ( 'NONE', #1996, #3260 ) ;
#20 = AXIS2_PLACEMENT_3D ( 'NONE', #1788, #3148, #397 ) ;
#21 = DIRECTION ( 'NONE',  ( -1.000000000000000000, 0.000000000000000000, 0.000000000000000000 ) ) ;
#22 = ORIENTED_EDGE ( 'NONE', *, *, #1213, .F. ) ;
#23 = VECTOR ( 'NONE', #581, 1000.000000000000000 ) ;
#24 =( NAMED_UNIT ( * ) PLANE_ANGLE_UNIT ( ) SI_UNIT ( $, .RADIAN. ) );
#25 = STYLED_ITEM ( 'NONE', ( #2586 ), #3457 ) ;
#26 = SURFACE_SIDE_STYLE ('',( #558 ) ) ;
#27 = ORIENTED_EDGE ( 'NONE', *, *, #1601, .F. ) ;
#28 = CARTESIAN_POINT ( 'NONE',  ( -1.749779085328845518, 0.3914307361662762164, 2.166666666666667407 ) ) ;
#29 = CARTESIAN_POINT ( 'NONE',  ( -1.600000000000001421, 3.333333333333333037, 2.166666666666665630 ) ) ;
#30 = DIRECTION ( 'NONE',  ( 0.000000000000000000, 0.000000000000000000, 1.000000000000000000 ) ) ;
#31 = ORIENTED_EDGE ( 'NONE', *, *, #3057, .T. ) ;
#32 = B_SPLINE_CURVE_WITH_KNOTS ( 'NONE', 3,
 ( #1886, #1559, #1011, #2723, #3229, #2668, #1340, #3216, #718, #3505 ),
 .UNSPECIFIED., .F., .F.,
 ( 4, 2, 2, 2, 4 ),
 ( 0.000000000000000000, 0.0001064772502858257058, 0.0002129545005716514117, 0.0003194317508574771175, 0.0004259090011433028233 ),
 .UNSPECIFIED. ) ;
#33 = LINE ( 'NONE', #1139, #2734 ) ;
#34 = VERTEX_POINT ( 'NONE', #87 ) ;
#35 = ADVANCED_FACE ( 'NONE', ( #1192 ), #137, .F. ) ;
#36 = SURFACE_SIDE_STYLE ('',( #1671 ) ) ;
#37 = ADVANCED_FACE ( 'NONE', ( #2613 ), #661, .T. ) ;
#38 = FILL_AREA_STYLE_COLOUR ( '', #3317 ) ;
#39 =( NAMED_UNIT ( * ) SI_UNIT ( $, .STERADIAN. ) SOLID_ANGLE_UNIT ( ) );
#40 = PLANE ( 'NONE',  #2232 ) ;
#41 = ORIENTED_EDGE ( 'NONE', *, *, #3230, .F. ) ;
#42 = SURFACE_SIDE_STYLE ('',( #1710 ) ) ;
#43 = DIRECTION ( 'NONE',  ( 1.000000000000000000, 0.000000000000000000, -0.000000000000000000 ) ) ;
#44 = DIRECTION ( 'NONE',  ( -0.000000000000000000, -0.000000000000000000, -1.000000000000000000 ) ) ;
#45 = EDGE_LOOP ( 'NONE', ( #1074, #500, #148, #721, #1709, #978 ) ) ;
#46 =( LENGTH_UNIT ( ) NAMED_UNIT ( * ) SI_UNIT ( .MILLI., .METRE. ) );
#47 = ORIENTED_EDGE ( 'NONE', *, *, #279, .F. ) ;
#48 = SURFACE_STYLE_FILL_AREA ( #609 ) ;
#49 = AXIS2_PLACEMENT_3D ( 'NONE', #1120, #1362, #43 ) ;
#50 = ADVANCED_FACE ( 'NONE', ( #1230 ), #2634, .T. ) ;
#51 = CYLINDRICAL_SURFACE ( 'NONE', #2583, 0.5000000000000000000 ) ;
#52 =( NAMED_UNIT ( * ) SI_UNIT ( $, .STERADIAN. ) SOLID_ANGLE_UNIT ( ) );
#53 = EDGE_CURVE ( 'NONE', #3053, #1822, #3466, .T. ) ;
#54 = DIRECTION ( 'NONE',  ( -1.000000000000000000, 0.000000000000000000, 4.688441826964341340E-16 ) ) ;
#55 = CARTESIAN_POINT ( 'NONE',  ( 1.549647100247866671, 0.6048329439068910185, -4.218822833548887985 ) ) ;
#56 = FACE_OUTER_BOUND ( 'NONE', #1016, .T. ) ;
#57 = AXIS2_PLACEMENT_3D ( 'NONE', #2827, #1697, #330 ) ;
#58 = ORIENTED_EDGE ( 'NONE', *, *, #431, .F. ) ;
#59 = VECTOR ( 'NONE', #3277, 1000.000000000000000 ) ;
#60 = VECTOR ( 'NONE', #1255, 1000.000000000000000 ) ;
#61 =( NAMED_UNIT ( * ) PLANE_ANGLE_UNIT ( ) SI_UNIT ( $, .RADIAN. ) );
#62 = SURFACE_SIDE_STYLE ('',( #2549 ) ) ;
#63 = CARTESIAN_POINT ( 'NONE',  ( -3.814560945907769174, 2.200000000000000622, -1.600000000000000977 ) ) ;
#64 = PRESENTATION_STYLE_ASSIGNMENT (( #2303 ) ) ;
#65 = VERTEX_POINT ( 'NONE', #1753 ) ;
#66 = CIRCLE ( 'NONE', #2090, 0.5000000000000000000 ) ;
#67 =( GEOMETRIC_REPRESENTATION_CONTEXT ( 3 ) GLOBAL_UNCERTAINTY_ASSIGNED_CONTEXT ( ( #2355 ) ) GLOBAL_UNIT_ASSIGNED_CONTEXT ( ( #225, #2998, #2454 ) ) REPRESENTATION_CONTEXT ( 'NONE', 'WORKASPACE' ) );
#68 = UNCERTAINTY_MEASURE_WITH_UNIT (LENGTH_MEASURE( 1.000000000000000082E-05 ), #955, 'distance_accuracy_value', 'NONE');
#69 = FACE_OUTER_BOUND ( 'NONE', #473, .T. ) ;
#70 = LINE ( 'NONE', #1476, #796 ) ;
#71 = AXIS2_PLACEMENT_3D ( 'NONE', #403, #3134, #1262 ) ;
#72 = CIRCLE ( 'NONE', #2510, 0.5666666666666654306 ) ;
#73 = FACE_OUTER_BOUND ( 'NONE', #2946, .T. ) ;
#74 = ORIENTED_EDGE ( 'NONE', *, *, #3013, .F. ) ;
#75 = EDGE_CURVE ( 'NONE', #2640, #1439, #1209, .T. ) ;
#76 = PRESENTATION_LAYER_ASSIGNMENT (  '', '', ( #2754 ) ) ;
#77 = CARTESIAN_POINT ( 'NONE',  ( 1.567035407431089489, 0.2883718701832874154, 2.166666666666667407 ) ) ;
#78 = CARTESIAN_POINT ( 'NONE',  ( 1.499999999999997558, 1.066666666666666430, 2.166666666666667407 ) ) ;
#79 = MECHANICAL_DESIGN_GEOMETRIC_PRESENTATION_REPRESENTATION (  '', ( #539 ), #1593 ) ;
#80 = EDGE_LOOP ( 'NONE', ( #1175, #532 ) ) ;
#81 = EDGE_CURVE ( 'NONE', #608, #1615, #2869, .T. ) ;
#82 = CARTESIAN_POINT ( 'NONE',  ( 1.549647100247866671, 0.6048329439068910185, -2.500000000000000444 ) ) ;
#83 = LINE ( 'NONE', #1187, #979 ) ;
#84 = FILL_AREA_STYLE ('',( #830 ) ) ;
#85 = ORIENTED_EDGE ( 'NONE', *, *, #1440, .T. ) ;
#86 = DIRECTION ( 'NONE',  ( 0.9537169507482290420, 0.3007057995042664578, -0.000000000000000000 ) ) ;
#87 = CARTESIAN_POINT ( 'NONE',  ( 1.499999999999999778, 0.5891792733273856220, 2.166666666666666519 ) ) ;
#88 = DIRECTION ( 'NONE',  ( 0.000000000000000000, 1.000000000000000000, 0.000000000000000000 ) ) ;
#89 = CARTESIAN_POINT ( 'NONE',  ( 2.166666666666666519, 1.066666666666666652, -1.600000000000000311 ) ) ;
#90 = CARTESIAN_POINT ( 'NONE',  ( 1.699999999999999956, 0.1279744685327766363, -2.500000000000000444 ) ) ;
#91 = ORIENTED_EDGE ( 'NONE', *, *, #3394, .T. ) ;
#92 = CARTESIAN_POINT ( 'NONE',  ( 1.543791137379569856, 0.3039486908472723847, 2.166666666666667407 ) ) ;
#93 =( NAMED_UNIT ( * ) PLANE_ANGLE_UNIT ( ) SI_UNIT ( $, .RADIAN. ) );
#94 = ORIENTED_EDGE ( 'NONE', *, *, #3565, .F. ) ;
#95 = ADVANCED_FACE ( 'NONE', ( #1558 ), #1024, .F. ) ;
#96 = CARTESIAN_POINT ( 'NONE',  ( -1.593707487952797264, 0.2789802549590535974, 2.166666666666667407 ) ) ;
#97 =( BOUNDED_SURFACE ( )  B_SPLINE_SURFACE ( 3, 3, ( 
 ( #2498, #1935, #1989, #2520 ),
 ( #2196, #1098, #1953, #2483 ),
 ( #3067, #510, #3030, #550 ),
 ( #3306, #801, #1679, #29 ) ),
 .UNSPECIFIED., .F., .F., .F. ) 
 B_SPLINE_SURFACE_WITH_KNOTS ( ( 4, 4 ),
 ( 4, 4 ),
 ( 0.000000000000000000, 1.000000000000000000 ),
 ( 0.000000000000000000, 1.000000000000000000 ),
 .UNSPECIFIED. ) 
 GEOMETRIC_REPRESENTATION_ITEM ( )  RATIONAL_B_SPLINE_SURFACE ( (
 ( 1.000000000000000000, 0.8047378541243648264, 0.8047378541243648264, 1.000000000000000000),
 ( 0.8826314264137011811, 0.7102869200748891387, 0.7102869200748891387, 0.8826314264137011811),
 ( 0.8826314264137011811, 0.7102869200748891387, 0.7102869200748891387, 0.8826314264137011811),
 ( 1.000000000000000000, 0.8047378541243648264, 0.8047378541243648264, 1.000000000000000000) ) ) 
 REPRESENTATION_ITEM ( '' )  SURFACE ( )  );
#98 = CARTESIAN_POINT ( 'NONE',  ( -1.500000000000000444, 0.4000000000000001332, 2.166666666666667407 ) ) ;
#99 = CARTESIAN_POINT ( 'NONE',  ( -3.814560945907769618, 2.200000000000000622, 1.600000000000000089 ) ) ;
#100 = VERTEX_POINT ( 'NONE', #3247 ) ;
#101 = UNCERTAINTY_MEASURE_WITH_UNIT (LENGTH_MEASURE( 1.000000000000000082E-05 ), #2955, 'distance_accuracy_value', 'NONE');
#102 = EDGE_CURVE ( 'NONE', #2381, #762, #168, .T. ) ;
#103 = PLANE ( 'NONE',  #3196 ) ;
#104 = PRESENTATION_STYLE_ASSIGNMENT (( #1807 ) ) ;
#105 = DIRECTION ( 'NONE',  ( -0.000000000000000000, -1.000000000000000000, 0.000000000000000000 ) ) ;
#106 = VECTOR ( 'NONE', #2321, 1000.000000000000000 ) ;
#107 = FILL_AREA_STYLE ('',( #1829 ) ) ;
#108 = FACE_OUTER_BOUND ( 'NONE', #45, .T. ) ;
#109 = PLANE ( 'NONE',  #1425 ) ;
#110 = ORIENTED_EDGE ( 'NONE', *, *, #1056, .T. ) ;
#111 = CARTESIAN_POINT ( 'NONE',  ( -1.555413272405332004, 0.2961602805152799278, 2.166666666666667407 ) ) ;
#112 = DIRECTION ( 'NONE',  ( 1.000000000000000000, 0.000000000000000000, 0.000000000000000000 ) ) ;
#113 = DIRECTION ( 'NONE',  ( -0.7071067811865512365, 0.000000000000000000, 0.7071067811865439090 ) ) ;
#114 = ORIENTED_EDGE ( 'NONE', *, *, #2441, .T. ) ;
#115 = AXIS2_PLACEMENT_3D ( 'NONE', #3350, #2507, #2239 ) ;
#116 = ORIENTED_EDGE ( 'NONE', *, *, #986, .T. ) ;
#117 = VECTOR ( 'NONE', #2181, 1000.000000000000000 ) ;
#118 = AXIS2_PLACEMENT_3D ( 'NONE', #1825, #224, #3573 ) ;
#119 = EDGE_CURVE ( 'NONE', #1243, #2999, #2954, .T. ) ;
#120 = PRESENTATION_LAYER_ASSIGNMENT (  '', '', ( #1918 ) ) ;
#121 = VECTOR ( 'NONE', #442, 1000.000000000000000 ) ;
#122 = CARTESIAN_POINT ( 'NONE',  ( 1.166666666666662522, 0.4840796770343923638, 2.500000000000000444 ) ) ;
#123 = DIRECTION ( 'NONE',  ( 1.000000000000000000, 0.000000000000000000, 0.000000000000000000 ) ) ;
#124 = VECTOR ( 'NONE', #1001, 1000.000000000000000 ) ;
#125 = STYLED_ITEM ( 'NONE', ( #1146 ), #2895 ) ;
#126 = FILL_AREA_STYLE ('',( #1198 ) ) ;
#127 = DIRECTION ( 'NONE',  ( 1.000000000000000000, 0.000000000000000000, 0.000000000000000000 ) ) ;
#128 = ORIENTED_EDGE ( 'NONE', *, *, #2242, .T. ) ;
#129 = CIRCLE ( 'NONE', #1235, 0.5666666666666649865 ) ;
#130 = DIRECTION ( 'NONE',  ( 1.000000000000000000, 0.000000000000000000, -1.084202172485504434E-15 ) ) ;
#131 = VECTOR ( 'NONE', #262, 1000.000000000000000 ) ;
#132 = CARTESIAN_POINT ( 'NONE',  ( 1.166666666666662522, 0.4000000000000000777, 2.500000000000000444 ) ) ;
#133 = ORIENTED_EDGE ( 'NONE', *, *, #646, .F. ) ;
#134 =( GEOMETRIC_REPRESENTATION_CONTEXT ( 3 ) GLOBAL_UNCERTAINTY_ASSIGNED_CONTEXT ( ( #3453 ) ) GLOBAL_UNIT_ASSIGNED_CONTEXT ( ( #2653, #720, #3507 ) ) REPRESENTATION_CONTEXT ( 'NONE', 'WORKASPACE' ) );
#135 = UNCERTAINTY_MEASURE_WITH_UNIT (LENGTH_MEASURE( 1.000000000000000082E-05 ), #2290, 'distance_accuracy_value', 'NONE');
#136 = CARTESIAN_POINT ( 'NONE',  ( 2.166666666666666519, 1.066666666666666208, 1.600000000000000533 ) ) ;
#137 = PLANE ( 'NONE',  #975 ) ;
#138 = CARTESIAN_POINT ( 'NONE',  ( 1.500000000000000000, 0.4000000000000000777, -2.166666666666666519 ) ) ;
#139 = EDGE_CURVE ( 'NONE', #3464, #1609, #158, .T. ) ;
#140 = ORIENTED_EDGE ( 'NONE', *, *, #3190, .F. ) ;
#141 = EDGE_CURVE ( 'NONE', #2580, #2354, #2994, .T. ) ;
#142 = CARTESIAN_POINT ( 'NONE',  ( -1.166666666666662966, 0.4000000000000000777, -2.500000000000000000 ) ) ;
#143 = DIRECTION ( 'NONE',  ( 0.000000000000000000, 0.000000000000000000, 1.000000000000000000 ) ) ;
#144 = VERTEX_POINT ( 'NONE', #2398 ) ;
#145 = CARTESIAN_POINT ( 'NONE',  ( -1.607252476562438748, 0.2754778783914693108, 2.166666666666667407 ) ) ;
#146 = PRESENTATION_STYLE_ASSIGNMENT (( #3449 ) ) ;
#147 = DIRECTION ( 'NONE',  ( -0.000000000000000000, -1.000000000000000000, -0.000000000000000000 ) ) ;
#148 = ORIENTED_EDGE ( 'NONE', *, *, #3352, .F. ) ;
#149 = CARTESIAN_POINT ( 'NONE',  ( -1.850352899752133462, 0.6048329439068911295, -2.166666666666666519 ) ) ;
#150 = DIRECTION ( 'NONE',  ( 0.7071067811865454633, 0.000000000000000000, -0.7071067811865495711 ) ) ;
#151 = DIRECTION ( 'NONE',  ( -1.355252715606880049E-16, 0.000000000000000000, 1.000000000000000000 ) ) ;
#152 = PLANE ( 'NONE',  #1792 ) ;
#153 = DIRECTION ( 'NONE',  ( 0.7071067811865512365, 0.000000000000000000, -0.7071067811865439090 ) ) ;
#154 = ORIENTED_EDGE ( 'NONE', *, *, #15, .F. ) ;
#155 = EDGE_CURVE ( 'NONE', #1843, #1125, #2257, .T. ) ;
#156 = LINE ( 'NONE', #1017, #1695 ) ;
#157 = ORIENTED_EDGE ( 'NONE', *, *, #918, .F. ) ;
#158 = CIRCLE ( 'NONE', #3185, 2.000000000000000000 ) ;
#159 = EDGE_CURVE ( 'NONE', #2716, #3268, #990, .T. ) ;
#160 = DIRECTION ( 'NONE',  ( -0.000000000000000000, -0.000000000000000000, -1.000000000000000000 ) ) ;
#161 = AXIS2_PLACEMENT_3D ( 'NONE', #260, #850, #1372 ) ;
#162 = FILL_AREA_STYLE ('',( #1335 ) ) ;
#163 = CARTESIAN_POINT ( 'NONE',  ( 2.499999999999999556, 0.4000000000000000777, -2.091666666666667673 ) ) ;
#164 = SURFACE_STYLE_FILL_AREA ( #2663 ) ;
#165 = EDGE_LOOP ( 'NONE', ( #781, #3245, #2877, #2677 ) ) ;
#166 = UNCERTAINTY_MEASURE_WITH_UNIT (LENGTH_MEASURE( 1.000000000000000082E-05 ), #2079, 'distance_accuracy_value', 'NONE');
#167 = LINE ( 'NONE', #429, #1627 ) ;
#168 = LINE ( 'NONE', #1859, #3012 ) ;
#169 = CARTESIAN_POINT ( 'NONE',  ( 1.647791502810084463, 2.628013060120417244, -1.681585198530191727 ) ) ;
#170 = AXIS2_PLACEMENT_3D ( 'NONE', #2133, #3241, #2967 ) ;
#171 = ORIENTED_EDGE ( 'NONE', *, *, #1659, .F. ) ;
#172 = CARTESIAN_POINT ( 'NONE',  ( -2.166666666666665186, 1.066666666666666874, -1.931945647988578818 ) ) ;
#173 = CARTESIAN_POINT ( 'NONE',  ( -1.850352899752133462, 0.6048329439068910185, -2.500000000000000444 ) ) ;
#174 = DIRECTION ( 'NONE',  ( 0.6901619708141997211, 0.2176072335280441472, -0.6901619708141929488 ) ) ;
#175 = EDGE_LOOP ( 'NONE', ( #3347, #692, #954, #3570 ) ) ;
#176 = VECTOR ( 'NONE', #2539, 1000.000000000000000 ) ;
#177 = VECTOR ( 'NONE', #826, 1000.000000000000114 ) ;
#178 = AXIS2_PLACEMENT_3D ( 'NONE', #2444, #3005, #2950 ) ;
#179 = LINE ( 'NONE', #1299, #2164 ) ;
#180 = ORIENTED_EDGE ( 'NONE', *, *, #1484, .F. ) ;
#181 = AXIS2_PLACEMENT_3D ( 'NONE', #578, #3358, #1692 ) ;
#182 = DIRECTION ( 'NONE',  ( -0.6901619708141998322, -0.2176072335280445080, -0.6901619708141927267 ) ) ;
#183 = FILL_AREA_STYLE_COLOUR ( '', #1275 ) ;
#184 = FACE_OUTER_BOUND ( 'NONE', #971, .T. ) ;
#185 = ADVANCED_FACE ( 'NONE', ( #1339 ), #494, .T. ) ;
#186 = PRESENTATION_STYLE_ASSIGNMENT (( #2353 ) ) ;
#187 = EDGE_LOOP ( 'NONE', ( #214, #615, #180, #1466, #333, #2838 ) ) ;
#188 = CARTESIAN_POINT ( 'NONE',  ( 1.499999999999998890, 0.2535533905933270438, 2.416666666666666963 ) ) ;
#189 =( NAMED_UNIT ( * ) PLANE_ANGLE_UNIT ( ) SI_UNIT ( $, .RADIAN. ) );
#190 = FACE_OUTER_BOUND ( 'NONE', #3184, .T. ) ;
#191 = EDGE_CURVE ( 'NONE', #1831, #555, #282, .T. ) ;
#192 = FILL_AREA_STYLE ('',( #2161 ) ) ;
#193 = ORIENTED_EDGE ( 'NONE', *, *, #1719, .T. ) ;
#194 = CARTESIAN_POINT ( 'NONE',  ( 1.500000039999996204, 0.3999000000104345753, 2.166666666666667407 ) ) ;
#195 = CARTESIAN_POINT ( 'NONE',  ( 1.381393926853233811, 0.04441446618712797251, 2.285272739813430487 ) ) ;
#196 = CARTESIAN_POINT ( 'NONE',  ( -1.549647100247866671, 0.6048329439068910185, -2.500000000000000000 ) ) ;
#197 = ORIENTED_EDGE ( 'NONE', *, *, #207, .F. ) ;
#198 = LINE ( 'NONE', #2171, #3328 ) ;
#199 = ORIENTED_EDGE ( 'NONE', *, *, #3540, .T. ) ;
#200 = DIRECTION ( 'NONE',  ( 1.000000000000000000, 1.734723475976808672E-15, 0.000000000000000000 ) ) ;
#201 = DIRECTION ( 'NONE',  ( 0.000000000000000000, 0.000000000000000000, -1.000000000000000000 ) ) ;
#202 = CARTESIAN_POINT ( 'NONE',  ( -1.500000000000000222, 0.02020410288672850121, -2.166666666666666519 ) ) ;
#203 = ORIENTED_EDGE ( 'NONE', *, *, #1462, .F. ) ;
#204 = EDGE_CURVE ( 'NONE', #1355, #34, #2763, .T. ) ;
#205 = SURFACE_STYLE_FILL_AREA ( #1839 ) ;
#206 = CARTESIAN_POINT ( 'NONE',  ( -1.166666666666662966, 3.333333333333333481, 2.500000000000000444 ) ) ;
#207 = EDGE_CURVE ( 'NONE', #3181, #1102, #1608, .T. ) ;
#208 = FACE_OUTER_BOUND ( 'NONE', #1768, .T. ) ;
#209 = ORIENTED_EDGE ( 'NONE', *, *, #3493, .F. ) ;
#210 =( LENGTH_UNIT ( ) NAMED_UNIT ( * ) SI_UNIT ( .MILLI., .METRE. ) );
#211 = CARTESIAN_POINT ( 'NONE',  ( 1.499999999999999556, 0.02020410288672850121, 2.166666666666666519 ) ) ;
#212 = CARTESIAN_POINT ( 'NONE',  ( -1.549647100247866671, 0.6048329439068910185, -2.166666666666666519 ) ) ;
#213 = CARTESIAN_POINT ( 'NONE',  ( -1.850352899752133462, 0.6048329439068910185, -2.166666666666666519 ) ) ;
#214 = ORIENTED_EDGE ( 'NONE', *, *, #2527, .F. ) ;
#215 = SURFACE_SIDE_STYLE ('',( #2717 ) ) ;
#216 = FILL_AREA_STYLE_COLOUR ( '', #1467 ) ;
#217 = COLOUR_RGB ( '',0.8980392156862745390, 0.8980392156862745390, 0.8980392156862745390 ) ;
#218 = CYLINDRICAL_SURFACE ( 'NONE', #479, 0.9999999999999991118 ) ;
#219 = VERTEX_POINT ( 'NONE', #530 ) ;
#220 = VECTOR ( 'NONE', #794, 1000.000000000000000 ) ;
#221 = FILL_AREA_STYLE_COLOUR ( '', #2085 ) ;
#222 = DIRECTION ( 'NONE',  ( -1.000000000000000000, -0.000000000000000000, -0.000000000000000000 ) ) ;
#223 = SURFACE_STYLE_FILL_AREA ( #1600 ) ;
#224 = DIRECTION ( 'NONE',  ( 0.7071067811865439090, 0.000000000000000000, -0.7071067811865512365 ) ) ;
#225 =( LENGTH_UNIT ( ) NAMED_UNIT ( * ) SI_UNIT ( .MILLI., .METRE. ) );
#226 = ORIENTED_EDGE ( 'NONE', *, *, #678, .F. ) ;
#227 = PLANE ( 'NONE',  #2742 ) ;
#228 = CARTESIAN_POINT ( 'NONE',  ( 1.600000000000000755, 1.066666666666666652, 2.166666666666666519 ) ) ;
#229 =( GEOMETRIC_REPRESENTATION_CONTEXT ( 3 ) GLOBAL_UNCERTAINTY_ASSIGNED_CONTEXT ( ( #68 ) ) GLOBAL_UNIT_ASSIGNED_CONTEXT ( ( #955, #1784, #493 ) ) REPRESENTATION_CONTEXT ( 'NONE', 'WORKASPACE' ) );
#230 = CARTESIAN_POINT ( 'NONE',  ( 1.600000000000000755, 3.333333333333333037, -2.166666666666665630 ) ) ;
#231 = EDGE_CURVE ( 'NONE', #263, #2074, #2793, .T. ) ;
#232 = VECTOR ( 'NONE', #160, 1000.000000000000000 ) ;
#233 = VECTOR ( 'NONE', #2888, 1000.000000000000000 ) ;
#234 = DIRECTION ( 'NONE',  ( 1.000000000000000000, 0.000000000000000000, 0.000000000000000000 ) ) ;
#235 = COLOUR_RGB ( '',0.2509803921568627416, 0.2509803921568627416, 0.2509803921568627416 ) ;
#236 = VERTEX_POINT ( 'NONE', #2534 ) ;
#237 = VECTOR ( 'NONE', #636, 1000.000000000000000 ) ;
#238 = VECTOR ( 'NONE', #1664, 1000.000000000000000 ) ;
#239 = DIRECTION ( 'NONE',  ( 0.000000000000000000, 0.000000000000000000, -1.000000000000000000 ) ) ;
#240 = PLANE ( 'NONE',  #361 ) ;
#241 = CARTESIAN_POINT ( 'NONE',  ( -1.699999999999999956, 0.9999999999999988898, -4.218822833548887985 ) ) ;
#242 = ORIENTED_EDGE ( 'NONE', *, *, #1761, .T. ) ;
#243 =( GEOMETRIC_REPRESENTATION_CONTEXT ( 3 ) GLOBAL_UNCERTAINTY_ASSIGNED_CONTEXT ( ( #715 ) ) GLOBAL_UNIT_ASSIGNED_CONTEXT ( ( #2429, #504, #778 ) ) REPRESENTATION_CONTEXT ( 'NONE', 'WORKASPACE' ) );
#244 =( NAMED_UNIT ( * ) PLANE_ANGLE_UNIT ( ) SI_UNIT ( $, .RADIAN. ) );
#245 = COLOUR_RGB ( '',0.7294117647058823151, 0.3568627450980392246, 0.02352941176470588203 ) ;
#246 = CARTESIAN_POINT ( 'NONE',  ( -1.269065024006519993, 0.08953386183563519229, -2.397601642660144527 ) ) ;
#247 = CARTESIAN_POINT ( 'NONE',  ( 1.166666666666662966, 4.000000000000000000, 2.500000000000000444 ) ) ;
#248 = CARTESIAN_POINT ( 'NONE',  ( 1.499999999999998224, 0.4000000000000000777, 2.166666666666666963 ) ) ;
#249 = AXIS2_PLACEMENT_3D ( 'NONE', #1605, #2405, #2714 ) ;
#250 = LINE ( 'NONE', #1101, #177 ) ;
#251 = ORIENTED_EDGE ( 'NONE', *, *, #75, .F. ) ;
#252 = LINE ( 'NONE', #1400, #2273 ) ;
#253 = LINE ( 'NONE', #3001, #1461 ) ;
#254 = AXIS2_PLACEMENT_3D ( 'NONE', #1260, #3459, #127 ) ;
#255 = ADVANCED_FACE ( 'NONE', ( #822 ), #1650, .T. ) ;
#256 = DIRECTION ( 'NONE',  ( 0.000000000000000000, 0.000000000000000000, -1.000000000000000000 ) ) ;
#257 = ORIENTED_EDGE ( 'NONE', *, *, #1738, .T. ) ;
#258 = UNCERTAINTY_MEASURE_WITH_UNIT (LENGTH_MEASURE( 1.000000000000000082E-05 ), #2995, 'distance_accuracy_value', 'NONE');
#259 = CARTESIAN_POINT ( 'NONE',  ( 1.748829067323878661, 0.3829306682703196851, 2.166666666666667407 ) ) ;
#260 = CARTESIAN_POINT ( 'NONE',  ( 2.499999999999999556, 0.4000000000000000777, -4.218822833548887985 ) ) ;
#261 = CARTESIAN_POINT ( 'NONE',  ( -2.349999999999999645, 3.333333333333333481, 2.166666666666666519 ) ) ;
#262 = DIRECTION ( 'NONE',  ( 0.6901619708142001652, -0.2176072335280454795, -0.6901619708141921716 ) ) ;
#263 = VERTEX_POINT ( 'NONE', #563 ) ;
#264 = CARTESIAN_POINT ( 'NONE',  ( 1.500000000000000000, 1.066666666666666652, 2.166666666666666519 ) ) ;
#265 = DIRECTION ( 'NONE',  ( 0.000000000000000000, -1.000000000000000000, -0.000000000000000000 ) ) ;
#266 = CARTESIAN_POINT ( 'NONE',  ( 0.000000000000000000, 3.333333333333333481, 0.000000000000000000 ) ) ;
#267 = ORIENTED_EDGE ( 'NONE', *, *, #3540, .F. ) ;
#268 = ORIENTED_EDGE ( 'NONE', *, *, #2254, .F. ) ;
#269 = DIRECTION ( 'NONE',  ( 0.7071067811865474617, 0.000000000000000000, 0.7071067811865474617 ) ) ;
#270 =( NAMED_UNIT ( * ) SI_UNIT ( $, .STERADIAN. ) SOLID_ANGLE_UNIT ( ) );
#271 = CARTESIAN_POINT ( 'NONE',  ( 1.166666666666662966, -2.168404344971008868E-16, 2.500000000000000444 ) ) ;
#272 = ORIENTED_EDGE ( 'NONE', *, *, #2542, .F. ) ;
#273 = ADVANCED_FACE ( 'NONE', ( #857 ), #1153, .F. ) ;
#274 = CARTESIAN_POINT ( 'NONE',  ( 1.749926035077030928, 0.3957004930594279490, 2.166666666666667407 ) ) ;
#275 = SURFACE_STYLE_FILL_AREA ( #2530 ) ;
#276 = DIRECTION ( 'NONE',  ( -0.9537169507482299302, -0.3007057995042634047, 0.000000000000000000 ) ) ;
#277 = CARTESIAN_POINT ( 'NONE',  ( 2.499999999999999112, 0.4000000000000000777, 2.091666666666668117 ) ) ;
#278 = ORIENTED_EDGE ( 'NONE', *, *, #3526, .T. ) ;
#279 = EDGE_CURVE ( 'NONE', #2074, #3488, #2233, .T. ) ;
#280 = CARTESIAN_POINT ( 'NONE',  ( -1.749985772620406443, 0.3978332958825337995, 2.166666666666667407 ) ) ;
#281 = MECHANICAL_DESIGN_GEOMETRIC_PRESENTATION_REPRESENTATION (  '', ( #2662 ), #2372 ) ;
#282 = LINE ( 'NONE', #300, #2783 ) ;
#283 = DIRECTION ( 'NONE',  ( -0.000000000000000000, -1.000000000000000000, -0.000000000000000000 ) ) ;
#284 = EDGE_LOOP ( 'NONE', ( #1654, #1422, #2371 ) ) ;
#285 = AXIS2_PLACEMENT_3D ( 'NONE', #1853, #2644, #1877 ) ;
#286 = EDGE_LOOP ( 'NONE', ( #2245, #1818, #2060, #1185 ) ) ;
#287 = CARTESIAN_POINT ( 'NONE',  ( 1.499999999999998668, 1.066666666666666652, 2.166666666666667407 ) ) ;
#288 = PRESENTATION_STYLE_ASSIGNMENT (( #1718 ) ) ;
#289 = CARTESIAN_POINT ( 'NONE',  ( -1.166666666666663188, 0.4840796770343926414, -2.500000000000000000 ) ) ;
#290 = VERTEX_POINT ( 'NONE', #1378 ) ;
#291 = AXIS2_PLACEMENT_3D ( 'NONE', #344, #1197, #3423 ) ;
#292 = CARTESIAN_POINT ( 'NONE',  ( 1.649470444332924890, 0.2766228112161507879, 2.166666666666667407 ) ) ;
#294 = PRESENTATION_STYLE_ASSIGNMENT (( #2492 ) ) ;
#293 = MECHANICAL_DESIGN_GEOMETRIC_PRESENTATION_REPRESENTATION (  '', ( #1289 ), #2909 ) ;
#295 = MECHANICAL_DESIGN_GEOMETRIC_PRESENTATION_REPRESENTATION (  '', ( #3435 ), #1686 ) ;
#296 = ORIENTED_EDGE ( 'NONE', *, *, #321, .T. ) ;
#297 = VECTOR ( 'NONE', #2636, 1000.000000000000000 ) ;
#298 = ADVANCED_FACE ( 'NONE', ( #1972 ), #97, .F. ) ;
#299 = CARTESIAN_POINT ( 'NONE',  ( -1.721181093543502127, 0.3189448915686198816, 2.166666666666667407 ) ) ;
#300 = CARTESIAN_POINT ( 'NONE',  ( -1.166666666666662966, 0.4840796770343925304, -2.500000000000000000 ) ) ;
#301 = LINE ( 'NONE', #2817, #1291 ) ;
#302 = VECTOR ( 'NONE', #2328, 1000.000000000000000 ) ;
#303 = ORIENTED_EDGE ( 'NONE', *, *, #2299, .F. ) ;
#304 = CIRCLE ( 'NONE', #2808, 0.5666666666666649865 ) ;
#305 = EDGE_CURVE ( 'NONE', #2765, #1911, #1137, .T. ) ;
#306 = CARTESIAN_POINT ( 'NONE',  ( 1.600000000000000755, 3.333333333333332593, -1.600000000000000533 ) ) ;
#307 = SURFACE_SIDE_STYLE ('',( #864 ) ) ;
#308 = VECTOR ( 'NONE', #1432, 1000.000000000000000 ) ;
#309 = DIRECTION ( 'NONE',  ( -9.757819552369539906E-16, -1.000000000000000000, 0.000000000000000000 ) ) ;
#310 = VERTEX_POINT ( 'NONE', #3086 ) ;
#311 = VECTOR ( 'NONE', #1646, 1000.000000000000000 ) ;
#312 = CARTESIAN_POINT ( 'NONE',  ( 1.749412467707708529, 0.3871629326934454829, 2.166666666666667407 ) ) ;
#313 = VECTOR ( 'NONE', #2509, 999.9999999999998863 ) ;
#314 = LINE ( 'NONE', #1359, #450 ) ;
#315 = CARTESIAN_POINT ( 'NONE',  ( -1.500000000000000000, 4.000000000000000000, -2.166666666666666519 ) ) ;
#316 = FACE_OUTER_BOUND ( 'NONE', #286, .T. ) ;
#317 = ORIENTED_EDGE ( 'NONE', *, *, #2752, .T. ) ;
#318 = DIRECTION ( 'NONE',  ( 0.7071067811865512365, 0.000000000000000000, 0.7071067811865439090 ) ) ;
#319 = DIRECTION ( 'NONE',  ( -0.000000000000000000, 1.000000000000000000, 0.000000000000000000 ) ) ;
#320 = ORIENTED_EDGE ( 'NONE', *, *, #1830, .F. ) ;
#321 = EDGE_CURVE ( 'NONE', #1264, #608, #2214, .T. ) ;
#322 = CARTESIAN_POINT ( 'NONE',  ( -2.499999999999999556, 2.200000000000000622, 3.814560945907770062 ) ) ;
#323 = ORIENTED_EDGE ( 'NONE', *, *, #1080, .T. ) ;
#324 = SURFACE_SIDE_STYLE ('',( #1669 ) ) ;
#325 = ADVANCED_FACE ( 'NONE', ( #1699 ), #501, .T. ) ;
#326 = CARTESIAN_POINT ( 'NONE',  ( -2.499999999999998668, 1.066666666666666652, 2.091666666666667673 ) ) ;
#327 = CARTESIAN_POINT ( 'NONE',  ( -1.625000000000000666, 1.066666666666666874, 2.166666666666667407 ) ) ;
#328 = LINE ( 'NONE', #2809, #867 ) ;
#329 = EDGE_LOOP ( 'NONE', ( #1745, #193, #3166, #944 ) ) ;
#330 = DIRECTION ( 'NONE',  ( -1.000000000000000000, 0.000000000000000000, 0.000000000000000000 ) ) ;
#331 = CARTESIAN_POINT ( 'NONE',  ( -2.425000000000001155, 0.4000000000000000777, 2.166666666666666075 ) ) ;
#332 = LINE ( 'NONE', #2302, #1979 ) ;
#333 = ORIENTED_EDGE ( 'NONE', *, *, #433, .T. ) ;
#334 = ORIENTED_EDGE ( 'NONE', *, *, #1826, .T. ) ;
#335 = CARTESIAN_POINT ( 'NONE',  ( -1.549647100247866671, 0.6048329439068910185, -2.500000000000000444 ) ) ;
#336 = ADVANCED_FACE ( 'NONE', ( #895 ), #1519, .T. ) ;
#337 = FILL_AREA_STYLE ('',( #3366 ) ) ;
#338 = VECTOR ( 'NONE', #2975, 1000.000000000000000 ) ;
#339 =( NAMED_UNIT ( * ) PLANE_ANGLE_UNIT ( ) SI_UNIT ( $, .RADIAN. ) );
#340 = VECTOR ( 'NONE', #2660, 1000.000000000000114 ) ;
#341 = EDGE_CURVE ( 'NONE', #65, #3553, #2039, .T. ) ;
#342 = PLANE ( 'NONE',  #1414 ) ;
#343 = ORIENTED_EDGE ( 'NONE', *, *, #1874, .T. ) ;
#344 = CARTESIAN_POINT ( 'NONE',  ( 1.166666666666662966, 0.4000000000000000777, 2.500000000000000444 ) ) ;
#345 = CARTESIAN_POINT ( 'NONE',  ( 0.000000000000000000, 3.333333333333333481, 2.166666666666666519 ) ) ;
#346 = VECTOR ( 'NONE', #2973, 1000.000000000000000 ) ;
#347 = VERTEX_POINT ( 'NONE', #3400 ) ;
#348 = PRESENTATION_LAYER_ASSIGNMENT (  '', '', ( #1162 ) ) ;
#349 = COLOUR_RGB ( '',0.2509803921568627416, 0.2509803921568627416, 0.2509803921568627416 ) ;
#350 = CARTESIAN_POINT ( 'NONE',  ( 1.166666666666662966, 3.333333333333333481, -2.500000000000000444 ) ) ;
#351 = FACE_OUTER_BOUND ( 'NONE', #552, .T. ) ;
#352 = PRESENTATION_STYLE_ASSIGNMENT (( #1396 ) ) ;
#353 = FACE_OUTER_BOUND ( 'NONE', #2943, .T. ) ;
#354 = ORIENTED_EDGE ( 'NONE', *, *, #913, .F. ) ;
#355 = COLOUR_RGB ( '',0.2509803921568627416, 0.2509803921568627416, 0.2509803921568627416 ) ;
#356 = UNCERTAINTY_MEASURE_WITH_UNIT (LENGTH_MEASURE( 1.000000000000000082E-05 ), #455, 'distance_accuracy_value', 'NONE');
#357 = PRESENTATION_LAYER_ASSIGNMENT (  '', '', ( #2451 ) ) ;
#358 = VERTEX_POINT ( 'NONE', #2004 ) ;
#359 = PRESENTATION_LAYER_ASSIGNMENT (  '', '', ( #2269 ) ) ;
#360 =( LENGTH_UNIT ( ) NAMED_UNIT ( * ) SI_UNIT ( .MILLI., .METRE. ) );
#361 = AXIS2_PLACEMENT_3D ( 'NONE', #795, #524, #1835 ) ;
#362 = DIRECTION ( 'NONE',  ( 9.757819552369539906E-16, 1.000000000000000000, -0.000000000000000000 ) ) ;
#363 = EDGE_CURVE ( 'NONE', #2716, #347, #929, .T. ) ;
#364 = AXIS2_PLACEMENT_3D ( 'NONE', #1812, #2697, #1273 ) ;
#365 = B_SPLINE_CURVE_WITH_KNOTS ( 'NONE', 3,
 ( #2605, #1796, #424, #2465 ),
 .UNSPECIFIED., .F., .F.,
 ( 4, 4 ),
 ( 0.000000000000000000, 1.000000000000000000 ),
 .UNSPECIFIED. ) ;
#366 = CARTESIAN_POINT ( 'NONE',  ( -1.647791502810085573, 2.628013060120418132, -1.681585198530191283 ) ) ;
#367 = SURFACE_STYLE_USAGE ( .BOTH. , #26 ) ;
#368 = CIRCLE ( 'NONE', #710, 0.9999999999999991118 ) ;
#369 = ORIENTED_EDGE ( 'NONE', *, *, #1008, .F. ) ;
#370 = ADVANCED_FACE ( 'NONE', ( #351 ), #1502, .F. ) ;
#371 = AXIS2_PLACEMENT_3D ( 'NONE', #3114, #1978, #2855 ) ;
#372 = DIRECTION ( 'NONE',  ( 0.000000000000000000, 0.000000000000000000, 1.000000000000000000 ) ) ;
#373 = CARTESIAN_POINT ( 'NONE',  ( -2.350000000000000533, 3.333333333333333481, -2.166666666666666075 ) ) ;
#374 = PLANE ( 'NONE',  #1924 ) ;
#375 =( NAMED_UNIT ( * ) PLANE_ANGLE_UNIT ( ) SI_UNIT ( $, .RADIAN. ) );
#376 = ORIENTED_EDGE ( 'NONE', *, *, #1390, .T. ) ;
#377 = PRESENTATION_STYLE_ASSIGNMENT (( #901 ) ) ;
#378 = DIRECTION ( 'NONE',  ( 0.000000000000000000, 0.000000000000000000, 1.000000000000000000 ) ) ;
#379 = DIRECTION ( 'NONE',  ( -1.000000000000000000, 0.000000000000000000, 0.000000000000000000 ) ) ;
#380 = FILL_AREA_STYLE_COLOUR ( '', #3498 ) ;
#381 = EDGE_LOOP ( 'NONE', ( #1050, #2609, #3076, #2394 ) ) ;
#382 = CARTESIAN_POINT ( 'NONE',  ( 1.500010162616202347, 0.3872467324815326295, 2.166666666666667407 ) ) ;
#383 = DIRECTION ( 'NONE',  ( 0.000000000000000000, -1.000000000000000000, -0.000000000000000000 ) ) ;
#384 = VERTEX_POINT ( 'NONE', #2058 ) ;
#385 = CARTESIAN_POINT ( 'NONE',  ( -1.500000000000000000, 3.333333333333333481, 2.166666666666666519 ) ) ;
#386 = CARTESIAN_POINT ( 'NONE',  ( -2.350000000000000533, 4.000000000000000000, -2.166666666666666519 ) ) ;
#387 = EDGE_CURVE ( 'NONE', #3223, #263, #83, .T. ) ;
#388 = SURFACE_SIDE_STYLE ('',( #164 ) ) ;
#389 = ORIENTED_EDGE ( 'NONE', *, *, #678, .T. ) ;
#390 = UNCERTAINTY_MEASURE_WITH_UNIT (LENGTH_MEASURE( 1.000000000000000082E-05 ), #765, 'distance_accuracy_value', 'NONE');
#391 = DIRECTION ( 'NONE',  ( -1.355252715606880049E-16, 0.000000000000000000, 1.000000000000000000 ) ) ;
#392 = SURFACE_SIDE_STYLE ('',( #430 ) ) ;
#393 = CARTESIAN_POINT ( 'NONE',  ( 1.681585198530191727, 1.771986939879581557, -1.600000000000000089 ) ) ;
#394 =( NAMED_UNIT ( * ) PLANE_ANGLE_UNIT ( ) SI_UNIT ( $, .RADIAN. ) );
#395 = VECTOR ( 'NONE', #585, 1000.000000000000000 ) ;
#396 = CARTESIAN_POINT ( 'NONE',  ( 1.850352899752133462, 0.6048329439068910185, -2.166666666666666519 ) ) ;
#397 = DIRECTION ( 'NONE',  ( 1.000000000000000000, 0.000000000000000000, -0.000000000000000000 ) ) ;
#398 = COLOUR_RGB ( '',0.8980392156862745390, 0.8980392156862745390, 0.8980392156862745390 ) ;
#399 = CARTESIAN_POINT ( 'NONE',  ( 1.510003863600430263, 0.3490429399275383759, 2.166666666666667407 ) ) ;
#400 = DIRECTION ( 'NONE',  ( 0.000000000000000000, 0.000000000000000000, 1.000000000000000000 ) ) ;
#401 = PRESENTATION_STYLE_ASSIGNMENT (( #1482 ) ) ;
#402 = ORIENTED_EDGE ( 'NONE', *, *, #779, .F. ) ;
#403 = CARTESIAN_POINT ( 'NONE',  ( -2.350000000000000533, 3.333333333333333481, -2.166666666666666519 ) ) ;
#404 = CARTESIAN_POINT ( 'NONE',  ( -1.500000000000000444, 0.2535533905932223497, 2.416666666666667851 ) ) ;
#405 = CARTESIAN_POINT ( 'NONE',  ( -2.425000000000001155, 0.4236474091659230279, -2.166666666666666075 ) ) ;
#406 =( NAMED_UNIT ( * ) SI_UNIT ( $, .STERADIAN. ) SOLID_ANGLE_UNIT ( ) );
#407 = ORIENTED_EDGE ( 'NONE', *, *, #695, .T. ) ;
#408 = STYLED_ITEM ( 'NONE', ( #1834 ), #1614 ) ;
#409 = EDGE_CURVE ( 'NONE', #34, #310, #2019, .T. ) ;
#410 = LINE ( 'NONE', #3161, #522 ) ;
#411 = LINE ( 'NONE', #3418, #856 ) ;
#412 = VECTOR ( 'NONE', #1630, 1000.000000000000000 ) ;
#413 = PRESENTATION_LAYER_ASSIGNMENT (  '', '', ( #1110 ) ) ;
#414 = EDGE_CURVE ( 'NONE', #762, #2237, #1748, .T. ) ;
#415 = CIRCLE ( 'NONE', #3491, 0.4999999999999997780 ) ;
#416 = DIRECTION ( 'NONE',  ( -0.000000000000000000, -2.453132713985249096E-11, 1.000000000000000000 ) ) ;
#417 = DIRECTION ( 'NONE',  ( 0.000000000000000000, 0.000000000000000000, 1.000000000000000000 ) ) ;
#418 = ORIENTED_EDGE ( 'NONE', *, *, #2703, .F. ) ;
#419 = VECTOR ( 'NONE', #1721, 1000.000000000000227 ) ;
#420 = CARTESIAN_POINT ( 'NONE',  ( -1.699999999999999956, 0.1279744685327766363, -2.500000000000000444 ) ) ;
#421 = SURFACE_STYLE_FILL_AREA ( #670 ) ;
#422 = ORIENTED_EDGE ( 'NONE', *, *, #1060, .F. ) ;
#423 =( GEOMETRIC_REPRESENTATION_CONTEXT ( 3 ) GLOBAL_UNCERTAINTY_ASSIGNED_CONTEXT ( ( #2190 ) ) GLOBAL_UNIT_ASSIGNED_CONTEXT ( ( #1504, #3209, #452 ) ) REPRESENTATION_CONTEXT ( 'NONE', 'WORKASPACE' ) );
#424 = CARTESIAN_POINT ( 'NONE',  ( -2.477128674633834571, 0.3695048995117795609, 2.114537992032833102 ) ) ;
#425 =( LENGTH_UNIT ( ) NAMED_UNIT ( * ) SI_UNIT ( .MILLI., .METRE. ) );
#426 = FACE_OUTER_BOUND ( 'NONE', #2491, .T. ) ;
#427 = ORIENTED_EDGE ( 'NONE', *, *, #3440, .T. ) ;
#428 = UNCERTAINTY_MEASURE_WITH_UNIT (LENGTH_MEASURE( 1.000000000000000082E-05 ), #3509, 'distance_accuracy_value', 'NONE');
#429 = CARTESIAN_POINT ( 'NONE',  ( -1.814560945907768952, 2.200000000000000622, -1.600000000000000755 ) ) ;
#430 = SURFACE_STYLE_FILL_AREA ( #1733 ) ;
#431 = EDGE_CURVE ( 'NONE', #3081, #1538, #3265, .T. ) ;
#432 = CARTESIAN_POINT ( 'NONE',  ( -2.499999999999999112, 0.4000000000000000777, -2.091666666666667673 ) ) ;
#433 = EDGE_CURVE ( 'NONE', #3205, #2331, #3515, .T. ) ;
#434 = ORIENTED_EDGE ( 'NONE', *, *, #102, .T. ) ;
#435 = DIRECTION ( 'NONE',  ( 0.7071067811865495711, 0.000000000000000000, -0.7071067811865454633 ) ) ;
#436 = ORIENTED_EDGE ( 'NONE', *, *, #2420, .F. ) ;
#437 = DIRECTION ( 'NONE',  ( -0.000000000000000000, -1.000000000000000000, 0.000000000000000000 ) ) ;
#438 = FILL_AREA_STYLE_COLOUR ( '', #932 ) ;
#439 = ORIENTED_EDGE ( 'NONE', *, *, #2795, .T. ) ;
#440 = FACE_OUTER_BOUND ( 'NONE', #743, .T. ) ;
#441 = FILL_AREA_STYLE ('',( #698 ) ) ;
#442 = DIRECTION ( 'NONE',  ( 0.000000000000000000, 1.000000000000000000, -0.000000000000000000 ) ) ;
#443 = ORIENTED_EDGE ( 'NONE', *, *, #1096, .T. ) ;
#444 = CARTESIAN_POINT ( 'NONE',  ( -1.166666666666662966, 0.4840796770343924194, 2.500000000000000444 ) ) ;
#445 = ORIENTED_EDGE ( 'NONE', *, *, #2996, .T. ) ;
#446 = ADVANCED_FACE ( 'NONE', ( #3495 ), #1020, .T. ) ;
#447 = CLOSED_SHELL ( 'NONE', ( #844, #3109, #185, #2305, #540, #600, #1347, #1696, #3151, #1142, #1614, #3173, #3581, #2947, #2591, #3416, #1776, #1881, #1324, #2652, #35, #1566, #2565, #2927 ) ) ;
#448 = FACE_OUTER_BOUND ( 'NONE', #3588, .T. ) ;
#449 = ORIENTED_EDGE ( 'NONE', *, *, #876, .T. ) ;
#450 = VECTOR ( 'NONE', #2176, 1000.000000000000000 ) ;
#451 = DIRECTION ( 'NONE',  ( 0.7071067811865439090, 0.000000000000000000, -0.7071067811865512365 ) ) ;
#452 =( NAMED_UNIT ( * ) SI_UNIT ( $, .STERADIAN. ) SOLID_ANGLE_UNIT ( ) );
#453 = ORIENTED_EDGE ( 'NONE', *, *, #831, .T. ) ;
#454 = SURFACE_STYLE_FILL_AREA ( #3029 ) ;
#455 =( LENGTH_UNIT ( ) NAMED_UNIT ( * ) SI_UNIT ( .MILLI., .METRE. ) );
#456 = CARTESIAN_POINT ( 'NONE',  ( -2.425000000000001155, 3.333333333333333481, -2.166666666666666075 ) ) ;
#457 = CIRCLE ( 'NONE', #1632, 0.1249999999999998890 ) ;
#458 = FILL_AREA_STYLE ('',( #3308 ) ) ;
#459 = ORIENTED_EDGE ( 'NONE', *, *, #1352, .F. ) ;
#460 = VECTOR ( 'NONE', #1810, 1000.000000000000000 ) ;
#461 = CARTESIAN_POINT ( 'NONE',  ( -1.750000000000000000, 1.316666666666667318, 2.313113276073389901 ) ) ;
#462 = ORIENTED_EDGE ( 'NONE', *, *, #487, .T. ) ;
#463 = STYLED_ITEM ( 'NONE', ( #1732 ), #1171 ) ;
#464 = AXIS2_PLACEMENT_3D ( 'NONE', #2352, #2645, #1541 ) ;
#465 = CARTESIAN_POINT ( 'NONE',  ( 0.000000000000000000, 3.333333333333333481, -2.166666666666666519 ) ) ;
#466 = ORIENTED_EDGE ( 'NONE', *, *, #81, .T. ) ;
#467 = ADVANCED_FACE ( 'NONE', ( #2134 ), #3530, .T. ) ;
#468 = VECTOR ( 'NONE', #3258, 1000.000000000000000 ) ;
#469 = FACE_OUTER_BOUND ( 'NONE', #3577, .T. ) ;
#470 = FACE_OUTER_BOUND ( 'NONE', #854, .T. ) ;
#471 = PRESENTATION_STYLE_ASSIGNMENT (( #1094 ) ) ;
#472 = MECHANICAL_DESIGN_GEOMETRIC_PRESENTATION_REPRESENTATION (  '', ( #2459 ), #2974 ) ;
#473 = EDGE_LOOP ( 'NONE', ( #1652, #521 ) ) ;
#474 = EDGE_CURVE ( 'NONE', #1676, #100, #2916, .T. ) ;
#475 = FACE_OUTER_BOUND ( 'NONE', #3473, .T. ) ;
#476 = DIRECTION ( 'NONE',  ( -1.000000000000000000, -5.421010862427522170E-15, 0.000000000000000000 ) ) ;
#477 = LINE ( 'NONE', #247, #117 ) ;
#478 = SURFACE_STYLE_FILL_AREA ( #2400 ) ;
#479 = AXIS2_PLACEMENT_3D ( 'NONE', #241, #2467, #525 ) ;
#480 = CARTESIAN_POINT ( 'NONE',  ( 1.500000000000000222, 0.5891792733273857330, -2.166666666666666519 ) ) ;
#481 = ORIENTED_EDGE ( 'NONE', *, *, #560, .F. ) ;
#482 = CARTESIAN_POINT ( 'NONE',  ( 1.499999999999998224, 1.316666666666666430, 2.166666666672798947 ) ) ;
#483 = CARTESIAN_POINT ( 'NONE',  ( 1.749999999999999112, 1.066666666666666652, 2.166666666666667407 ) ) ;
#484 =( BOUNDED_CURVE ( )  B_SPLINE_CURVE ( 3, ( #2681, #1909, #489, #1894 ),
 .UNSPECIFIED., .F., .F. ) 
 B_SPLINE_CURVE_WITH_KNOTS ( ( 4, 4 ),
 ( 4.149852735840829254, 4.511031059594358794 ),
 .UNSPECIFIED. ) 
 CURVE ( )  GEOMETRIC_REPRESENTATION_ITEM ( )  RATIONAL_B_SPLINE_CURVE ( ( 1.000000000000000000, 0.9891586964286105399, 0.9891586964286105399, 1.000000000000000000 ) ) 
 REPRESENTATION_ITEM ( '' )  );
#485 = DIRECTION ( 'NONE',  ( 1.048990684667788966E-15, -0.000000000000000000, 1.000000000000000000 ) ) ;
#486 = VERTEX_POINT ( 'NONE', #1281 ) ;
#487 = EDGE_CURVE ( 'NONE', #2237, #2443, #3224, .T. ) ;
#488 = FILL_AREA_STYLE ('',( #183 ) ) ;
#489 = CARTESIAN_POINT ( 'NONE',  ( 1.381393926853234477, 0.04441446618712792394, -2.285272739813430487 ) ) ;
#490 = CARTESIAN_POINT ( 'NONE',  ( -1.166666666666663188, 0.1540948306367006249, 2.500000000000000444 ) ) ;
#491 = ORIENTED_EDGE ( 'NONE', *, *, #763, .F. ) ;
#492 = ADVANCED_FACE ( 'NONE', ( #3285 ), #544, .T. ) ;
#493 =( NAMED_UNIT ( * ) SI_UNIT ( $, .STERADIAN. ) SOLID_ANGLE_UNIT ( ) );
#494 = PLANE ( 'NONE',  #1035 ) ;
#495 = VERTEX_POINT ( 'NONE', #3078 ) ;
#496 = CARTESIAN_POINT ( 'NONE',  ( -2.499999999999999112, 1.066666666666666652, 2.091666666666667673 ) ) ;
#497 = DIRECTION ( 'NONE',  ( -0.7071067811865474617, 0.000000000000000000, -0.7071067811865474617 ) ) ;
#498 = DIRECTION ( 'NONE',  ( -0.000000000000000000, -1.000000000000000000, -0.000000000000000000 ) ) ;
#499 = DIRECTION ( 'NONE',  ( 0.000000000000000000, 0.000000000000000000, 1.000000000000000000 ) ) ;
#500 = ORIENTED_EDGE ( 'NONE', *, *, #1735, .T. ) ;
#501 =( BOUNDED_SURFACE ( )  B_SPLINE_SURFACE ( 3, 3, ( 
 ( #674, #2285, #98, #2589 ),
 ( #2828, #404, #1727, #1486 ),
 ( #1202, #2845, #2316, #2301 ),
 ( #3412, #2334, #1711, #1779 ) ),
 .UNSPECIFIED., .F., .F., .F. ) 
 B_SPLINE_SURFACE_WITH_KNOTS ( ( 4, 4 ),
 ( 4, 4 ),
 ( 0.000000000000000000, 1.000000000000000000 ),
 ( 0.000000000000000000, 1.000000000000000000 ),
 .UNSPECIFIED. ) 
 GEOMETRIC_REPRESENTATION_ITEM ( )  RATIONAL_B_SPLINE_SURFACE ( (
 ( 1.000000000000000000, 0.8047378541242565797, 0.8047378541242565797, 1.000000000000000000),
 ( 0.3333333333333333703, 0.2682459513747522117, 0.2682459513747522117, 0.3333333333333333703),
 ( 0.3333333333333333703, 0.2682459513747522117, 0.2682459513747522117, 0.3333333333333333703),
 ( 1.000000000000000000, 0.8047378541242565797, 0.8047378541242565797, 1.000000000000000000) ) ) 
 REPRESENTATION_ITEM ( '' )  SURFACE ( )  );
#502 = UNCERTAINTY_MEASURE_WITH_UNIT (LENGTH_MEASURE( 1.000000000000000082E-05 ), #1759, 'distance_accuracy_value', 'NONE');
#503 = FILL_AREA_STYLE ('',( #577 ) ) ;
#504 =( NAMED_UNIT ( * ) PLANE_ANGLE_UNIT ( ) SI_UNIT ( $, .RADIAN. ) );
#505 = VECTOR ( 'NONE', #2745, 1000.000000000000000 ) ;
#506 = LINE ( 'NONE', #2760, #1701 ) ;
#507 = EDGE_LOOP ( 'NONE', ( #2913, #2045 ) ) ;
#508 = VECTOR ( 'NONE', #1318, 1000.000000000000000 ) ;
#509 = DIRECTION ( 'NONE',  ( 0.000000000000000000, -1.000000000000000000, -0.000000000000000000 ) ) ;
#510 = CARTESIAN_POINT ( 'NONE',  ( -1.681585198530192615, 2.628013060120417688, 1.647791502810085351 ) ) ;
#511 =( LENGTH_UNIT ( ) NAMED_UNIT ( * ) SI_UNIT ( .MILLI., .METRE. ) );
#512 = EDGE_CURVE ( 'NONE', #2576, #358, #2206, .T. ) ;
#513 = DIRECTION ( 'NONE',  ( 0.000000000000000000, 0.000000000000000000, 1.000000000000000000 ) ) ;
#514 = ORIENTED_EDGE ( 'NONE', *, *, #961, .T. ) ;
#515 = CARTESIAN_POINT ( 'NONE',  ( -1.750000000000000666, 1.066666666666666652, 2.166666666666667407 ) ) ;
#516 = AXIS2_PLACEMENT_3D ( 'NONE', #680, #2397, #660 ) ;
#517 = ADVANCED_FACE ( 'NONE', ( #2774 ), #1929, .F. ) ;
#518 = AXIS2_PLACEMENT_3D ( 'NONE', #2110, #958, #2359 ) ;
#519 = CARTESIAN_POINT ( 'NONE',  ( 1.699999999999999956, 0.9999999999999988898, -2.166666666666666519 ) ) ;
#520 = PRESENTATION_LAYER_ASSIGNMENT (  '', '', ( #2620 ) ) ;
#521 = ORIENTED_EDGE ( 'NONE', *, *, #1008, .T. ) ;
#522 = VECTOR ( 'NONE', #696, 1000.000000000000000 ) ;
#523 = CARTESIAN_POINT ( 'NONE',  ( 1.749779085328843076, 0.3914307361662762164, 2.166666666666667407 ) ) ;
#524 = DIRECTION ( 'NONE',  ( 0.7071067811865439090, -0.000000000000000000, 0.7071067811865512365 ) ) ;
#525 = DIRECTION ( 'NONE',  ( 1.000000000000000000, 0.000000000000000000, 0.000000000000000000 ) ) ;
#526 = ORIENTED_EDGE ( 'NONE', *, *, #3436, .T. ) ;
#527 = VECTOR ( 'NONE', #2567, 1000.000000000000000 ) ;
#528 = CARTESIAN_POINT ( 'NONE',  ( 1.499999999999998446, 0.4000000000000001332, 2.166666666666667407 ) ) ;
#529 = VECTOR ( 'NONE', #234, 1000.000000000000000 ) ;
#530 = CARTESIAN_POINT ( 'NONE',  ( -2.166666666666666519, 1.066666666666666652, 1.600000000000000533 ) ) ;
#531 = CARTESIAN_POINT ( 'NONE',  ( -1.269065024006520215, 0.08953386183563487311, 2.397601642660144527 ) ) ;
#532 = ORIENTED_EDGE ( 'NONE', *, *, #947, .T. ) ;
#533 = STYLED_ITEM ( 'NONE', ( #64 ), #3124 ) ;
#534 = DIRECTION ( 'NONE',  ( -9.757819552369539906E-16, 1.000000000000000000, -0.000000000000000000 ) ) ;
#535 = ORIENTED_EDGE ( 'NONE', *, *, #2003, .T. ) ;
#536 = CARTESIAN_POINT ( 'NONE',  ( 1.499999999999998224, 1.066666666666666652, 2.166666666666667407 ) ) ;
#537 = EDGE_CURVE ( 'NONE', #2443, #3451, #314, .T. ) ;
#538 = CARTESIAN_POINT ( 'NONE',  ( -1.750000000000000666, 1.066666666666666652, 2.166666666666667407 ) ) ;
#539 = STYLED_ITEM ( 'NONE', ( #471 ), #3237 ) ;
#540 = ADVANCED_FACE ( 'NONE', ( #2478 ), #3062, .T. ) ;
#541 = SURFACE_STYLE_FILL_AREA ( #832 ) ;
#542 = UNCERTAINTY_MEASURE_WITH_UNIT (LENGTH_MEASURE( 1.000000000000000082E-05 ), #2992, 'distance_accuracy_value', 'NONE');
#543 = CARTESIAN_POINT ( 'NONE',  ( 1.749999906666655836, 0.3998333333439998971, 2.166666666666667407 ) ) ;
#544 = PLANE ( 'NONE',  #161 ) ;
#545 = DIRECTION ( 'NONE',  ( -1.000000000000000000, -0.000000000000000000, -0.000000000000000000 ) ) ;
#546 = FILL_AREA_STYLE ('',( #766 ) ) ;
#547 = ORIENTED_EDGE ( 'NONE', *, *, #605, .T. ) ;
#548 = B_SPLINE_CURVE_WITH_KNOTS ( 'NONE', 3,
 ( #1269, #623, #1736, #916, #2026, #3142, #2322, #3433, #2047, #3164 ),
 .UNSPECIFIED., .F., .F.,
 ( 4, 2, 2, 2, 4 ),
 ( 2.168404344971008868E-19, 0.0001064772502858258278, 0.0002129545005716514388, 0.0003194317508574770633, 0.0004259090011433026607 ),
 .UNSPECIFIED. ) ;
#549 = CARTESIAN_POINT ( 'NONE',  ( -1.749999906666658056, 0.3998333333439998971, 2.166666666666667407 ) ) ;
#550 = CARTESIAN_POINT ( 'NONE',  ( -1.600000000000001421, 2.628013060120417688, 1.681585198530192615 ) ) ;
#551 = EDGE_LOOP ( 'NONE', ( #2726, #3026, #2512, #1573, #2790, #257, #2619, #1413, #1869, #1919, #3282, #1534, #1555, #2568, #343, #3102 ) ) ;
#552 = EDGE_LOOP ( 'NONE', ( #3377, #157, #2268, #1887 ) ) ;
#553 = DIRECTION ( 'NONE',  ( -0.7071067811865439090, 0.000000000000000000, -0.7071067811865512365 ) ) ;
#554 = SURFACE_STYLE_USAGE ( .BOTH. , #2543 ) ;
#555 = VERTEX_POINT ( 'NONE', #557 ) ;
#556 = CARTESIAN_POINT ( 'NONE',  ( 1.676164762314652057, 0.2859510320200795985, 2.166666666666667407 ) ) ;
#557 = CARTESIAN_POINT ( 'NONE',  ( -1.500000000000000222, 0.5891792733273858440, -2.166666666666666519 ) ) ;
#558 = SURFACE_STYLE_FILL_AREA ( #1115 ) ;
#559 = EDGE_LOOP ( 'NONE', ( #3158, #1521, #1018, #3499 ) ) ;
#560 = EDGE_CURVE ( 'NONE', #1264, #3238, #2514, .T. ) ;
#561 = CARTESIAN_POINT ( 'NONE',  ( -1.749999799999911732, 0.3997666666986665618, 2.166666666666667407 ) ) ;
#562 = STYLED_ITEM ( 'NONE', ( #1287 ), #95 ) ;
#563 = CARTESIAN_POINT ( 'NONE',  ( -2.425000000000001155, 1.066666666666666652, -2.166666666666666519 ) ) ;
#564 = CARTESIAN_POINT ( 'NONE',  ( 1.549647100247866671, 0.6048329439068910185, 2.500000000000000444 ) ) ;
#565 = ORIENTED_EDGE ( 'NONE', *, *, #2819, .T. ) ;
#566 = STYLED_ITEM ( 'NONE', ( #3315 ), #517 ) ;
#567 = DIRECTION ( 'NONE',  ( -1.858632295689442265E-16, 0.000000000000000000, -1.000000000000000000 ) ) ;
#568 = EDGE_LOOP ( 'NONE', ( #1002, #2282, #776, #805 ) ) ;
#569 = DIRECTION ( 'NONE',  ( 1.000000000000000000, 5.312590645178971727E-15, 0.000000000000000000 ) ) ;
#570 = DIRECTION ( 'NONE',  ( 0.6901619708141965015, 0.2176072335280433145, 0.6901619708141965015 ) ) ;
#571 = CARTESIAN_POINT ( 'NONE',  ( 2.499999999999999112, 0.4000000000000000777, -2.091666666666668117 ) ) ;
#572 =( NAMED_UNIT ( * ) SI_UNIT ( $, .STERADIAN. ) SOLID_ANGLE_UNIT ( ) );
#573 = ORIENTED_EDGE ( 'NONE', *, *, #2585, .T. ) ;
#574 = AXIS2_PLACEMENT_3D ( 'NONE', #2505, #3294, #2486 ) ;
#575 = STYLED_ITEM ( 'NONE', ( #2906 ), #600 ) ;
#576 = CARTESIAN_POINT ( 'NONE',  ( 1.749997506642648082, 0.3991666663573263385, 2.166666666666667407 ) ) ;
#577 = FILL_AREA_STYLE_COLOUR ( '', #398 ) ;
#578 = CARTESIAN_POINT ( 'NONE',  ( 0.000000000000000000, 3.333333333333333481, 0.000000000000000000 ) ) ;
#579 = COLOUR_RGB ( '',0.8980392156862745390, 0.8980392156862745390, 0.8980392156862745390 ) ;
#580 = ADVANCED_FACE ( 'NONE', ( #3199 ), #152, .F. ) ;
#581 = DIRECTION ( 'NONE',  ( -0.000000000000000000, 1.000000000000000000, 0.000000000000000000 ) ) ;
#582 = ORIENTED_EDGE ( 'NONE', *, *, #2795, .F. ) ;
#583 = VECTOR ( 'NONE', #1821, 1000.000000000000000 ) ;
#584 = CARTESIAN_POINT ( 'NONE',  ( -1.688929555131782889, 0.2916775861665332759, 2.166666666666667407 ) ) ;
#585 = DIRECTION ( 'NONE',  ( -0.000000000000000000, -0.000000000000000000, -1.000000000000000000 ) ) ;
#586 = CARTESIAN_POINT ( 'NONE',  ( 1.166666666666662966, 0.1279744685327766363, 2.500000000000000444 ) ) ;
#587 = ADVANCED_FACE ( 'NONE', ( #3438 ), #2066, .F. ) ;
#588 = VECTOR ( 'NONE', #545, 1000.000000000000000 ) ;
#589 = ORIENTED_EDGE ( 'NONE', *, *, #2814, .T. ) ;
#590 = MECHANICAL_DESIGN_GEOMETRIC_PRESENTATION_REPRESENTATION (  '', ( #125 ), #1356 ) ;
#591 = DIRECTION ( 'NONE',  ( -1.000000000000000000, -0.000000000000000000, 0.000000000000000000 ) ) ;
#592 = ORIENTED_EDGE ( 'NONE', *, *, #1457, .F. ) ;
#593 = DIRECTION ( 'NONE',  ( 0.000000000000000000, -1.000000000000000000, 0.000000000000000000 ) ) ;
#594 = FILL_AREA_STYLE ('',( #1159 ) ) ;
#595 = VECTOR ( 'NONE', #1656, 999.9999999999998863 ) ;
#596 = DIRECTION ( 'NONE',  ( -0.7071067811865495711, 0.000000000000000000, -0.7071067811865454633 ) ) ;
#597 = VECTOR ( 'NONE', #2842, 1000.000000000000000 ) ;
#598 = CARTESIAN_POINT ( 'NONE',  ( -1.549647100247866671, 0.6048329439068910185, -4.218822833548887985 ) ) ;
#599 = EDGE_LOOP ( 'NONE', ( #2529, #2813, #2037, #963 ) ) ;
#600 = ADVANCED_FACE ( 'NONE', ( #3147 ), #1234, .T. ) ;
#601 = CYLINDRICAL_SURFACE ( 'NONE', #57, 2.000000000000000000 ) ;
#602 = DIRECTION ( 'NONE',  ( -0.7071067811865512365, 0.000000000000000000, -0.7071067811865439090 ) ) ;
#603 = DIRECTION ( 'NONE',  ( 1.000000000000000000, 0.000000000000000000, -0.000000000000000000 ) ) ;
#604 = EDGE_LOOP ( 'NONE', ( #74, #1906, #1658 ) ) ;
#605 = EDGE_CURVE ( 'NONE', #310, #2765, #1048, .T. ) ;
#606 = UNCERTAINTY_MEASURE_WITH_UNIT (LENGTH_MEASURE( 1.000000000000000082E-05 ), #676, 'distance_accuracy_value', 'NONE');
#607 = DIRECTION ( 'NONE',  ( 0.000000000000000000, 0.000000000000000000, 1.000000000000000000 ) ) ;
#608 = VERTEX_POINT ( 'NONE', #722 ) ;
#609 = FILL_AREA_STYLE ('',( #1683 ) ) ;
#610 = CARTESIAN_POINT ( 'NONE',  ( -0.9000000000000000222, 0.4000000000000000777, -2.500000000000000000 ) ) ;
#611 = DIRECTION ( 'NONE',  ( 1.000000000000000000, -0.000000000000000000, -7.657137397853898870E-16 ) ) ;
#612 = DIRECTION ( 'NONE',  ( 1.000000000000000000, 0.000000000000000000, 0.000000000000000000 ) ) ;
#613 = ORIENTED_EDGE ( 'NONE', *, *, #1258, .F. ) ;
#614 = DIRECTION ( 'NONE',  ( 0.000000000000000000, 0.000000000000000000, 1.000000000000000000 ) ) ;
#615 = ORIENTED_EDGE ( 'NONE', *, *, #2475, .F. ) ;
#616 = DIRECTION ( 'NONE',  ( -1.000000000000000000, 0.000000000000000000, 1.858632295689442265E-16 ) ) ;
#617 = DIRECTION ( 'NONE',  ( -0.000000000000000000, -1.000000000000000000, 0.000000000000000000 ) ) ;
#618 = FACE_OUTER_BOUND ( 'NONE', #1976, .T. ) ;
#619 = EDGE_LOOP ( 'NONE', ( #1681, #1974 ) ) ;
#620 = VECTOR ( 'NONE', #1267, 1000.000000000000000 ) ;
#621 =( BOUNDED_SURFACE ( )  B_SPLINE_SURFACE ( 3, 3, ( 
 ( #1912, #3554, #528, #1576 ),
 ( #2159, #1649, #188, #1376 ),
 ( #2416, #2482, #1009, #2179 ),
 ( #2122, #3227, #3517, #731 ) ),
 .UNSPECIFIED., .F., .F., .F. ) 
 B_SPLINE_SURFACE_WITH_KNOTS ( ( 4, 4 ),
 ( 4, 4 ),
 ( 0.000000000000000000, 1.000000000000000000 ),
 ( 0.000000000000000000, 1.000000000000000000 ),
 .UNSPECIFIED. ) 
 GEOMETRIC_REPRESENTATION_ITEM ( )  RATIONAL_B_SPLINE_SURFACE ( (
 ( 1.000000000000000000, 0.8047378541244709638, 0.8047378541244709638, 1.000000000000000000),
 ( 0.3333333333333339810, 0.2682459513748241542, 0.2682459513748241542, 0.3333333333333339810),
 ( 0.3333333333333339810, 0.2682459513748241542, 0.2682459513748241542, 0.3333333333333339810),
 ( 1.000000000000000000, 0.8047378541244709638, 0.8047378541244709638, 1.000000000000000000) ) ) 
 REPRESENTATION_ITEM ( '' )  SURFACE ( )  );
#622 = CARTESIAN_POINT ( 'NONE',  ( 0.000000000000000000, 4.000000000000000000, 0.000000000000000000 ) ) ;
#623 = CARTESIAN_POINT ( 'NONE',  ( 1.499999999999996891, 1.096392556239435434, 2.146222793573473009 ) ) ;
#624 = EDGE_CURVE ( 'NONE', #236, #3288, #1496, .T. ) ;
#625 = AXIS2_PLACEMENT_3D ( 'NONE', #1077, #3301, #1908 ) ;
#626 = DIRECTION ( 'NONE',  ( 1.000000000000000000, 0.000000000000000000, 0.000000000000000000 ) ) ;
#627 = EDGE_CURVE ( 'NONE', #1111, #2517, #3256, .T. ) ;
#628 =( LENGTH_UNIT ( ) NAMED_UNIT ( * ) SI_UNIT ( .MILLI., .METRE. ) );
#629 = PLANE ( 'NONE',  #2699 ) ;
#630 = VECTOR ( 'NONE', #821, 1000.000000000000000 ) ;
#631 = VERTEX_POINT ( 'NONE', #396 ) ;
#632 = MECHANICAL_DESIGN_GEOMETRIC_PRESENTATION_REPRESENTATION (  '', ( #1162 ), #752 ) ;
#633 =( GEOMETRIC_REPRESENTATION_CONTEXT ( 3 ) GLOBAL_UNCERTAINTY_ASSIGNED_CONTEXT ( ( #969 ) ) GLOBAL_UNIT_ASSIGNED_CONTEXT ( ( #665, #1532, #1214 ) ) REPRESENTATION_CONTEXT ( 'NONE', 'WORKASPACE' ) );
#634 = CARTESIAN_POINT ( 'NONE',  ( -1.676164762314654499, 0.2859510320200795985, 2.166666666666667407 ) ) ;
#635 = DIRECTION ( 'NONE',  ( 0.9537169507482290420, 0.3007057995042665133, -0.000000000000000000 ) ) ;
#636 = DIRECTION ( 'NONE',  ( -0.6901619708141965015, 0.2176072335280433145, -0.6901619708141965015 ) ) ;
#637 = ORIENTED_EDGE ( 'NONE', *, *, #1307, .T. ) ;
#638 = VECTOR ( 'NONE', #2554, 1000.000000000000000 ) ;
#639 = VECTOR ( 'NONE', #786, 1000.000000000000000 ) ;
#640 = UNCERTAINTY_MEASURE_WITH_UNIT (LENGTH_MEASURE( 1.000000000000000082E-05 ), #1611, 'distance_accuracy_value', 'NONE');
#641 = DIRECTION ( 'NONE',  ( 1.000000000000000000, 0.000000000000000000, 1.084202172485504434E-16 ) ) ;
#642 = AXIS2_PLACEMENT_3D ( 'NONE', #2969, #201, #2718 ) ;
#643 = CARTESIAN_POINT ( 'NONE',  ( 1.166666666666662966, 3.333333333333333481, -2.500000000000000444 ) ) ;
#644 = DIRECTION ( 'NONE',  ( -0.000000000000000000, -0.000000000000000000, -1.000000000000000000 ) ) ;
#645 = AXIS2_PLACEMENT_3D ( 'NONE', #1073, #3003, #2383 ) ;
#646 = EDGE_CURVE ( 'NONE', #3528, #3564, #3468, .T. ) ;
#647 = DIRECTION ( 'NONE',  ( 0.000000000000000000, -0.000000000000000000, 1.000000000000000000 ) ) ;
#648 = PRESENTATION_LAYER_ASSIGNMENT (  '', '', ( #3096 ) ) ;
#649 =( NAMED_UNIT ( * ) PLANE_ANGLE_UNIT ( ) SI_UNIT ( $, .RADIAN. ) );
#650 = VECTOR ( 'NONE', #3056, 1000.000000000000000 ) ;
#651 = EDGE_CURVE ( 'NONE', #3276, #2580, #2082, .T. ) ;
#652 = CARTESIAN_POINT ( 'NONE',  ( -2.166666666666665630, 1.066666666666666874, -1.600000000000000755 ) ) ;
#653 = CARTESIAN_POINT ( 'NONE',  ( -1.600000000000000755, 3.333333333333333037, -2.166666666666665630 ) ) ;
#654 = AXIS2_PLACEMENT_3D ( 'NONE', #2193, #1305, #1662 ) ;
#655 = EDGE_LOOP ( 'NONE', ( #998, #3383, #1497, #462 ) ) ;
#656 = PRESENTATION_LAYER_ASSIGNMENT (  '', '', ( #25 ) ) ;
#657 = CARTESIAN_POINT ( 'NONE',  ( -1.600000000000000755, 2.200000000000000622, 1.814560945907769396 ) ) ;
#658 = PLANE ( 'NONE',  #3339 ) ;
#659 = ORIENTED_EDGE ( 'NONE', *, *, #1601, .T. ) ;
#660 = DIRECTION ( 'NONE',  ( -0.9537169507482290420, -0.3007057995042667353, 0.000000000000000000 ) ) ;
#661 = PLANE ( 'NONE',  #1506 ) ;
#662 = CARTESIAN_POINT ( 'NONE',  ( 1.600000000000000089, 2.628013060120417688, -1.681585198530191505 ) ) ;
#663 = LINE ( 'NONE', #2997, #2621 ) ;
#664 = B_SPLINE_CURVE_WITH_KNOTS ( 'NONE', 3,
 ( #1097, #3345, #2213, #1934, #549, #561, #3085, #839, #3322, #1434, #280, #1394, #2519, #28, #2497, #1119, #1952, #3066, #1678, #2792, #299, #1136, #3360, #584, #634, #1539, #2643, #3446, #2300, #145, #96, #1766, #1747, #111, #3475, #1778, #1244, #2333, #1221, #2057, #2017, #3155, #909, #2863, #3186, #951 ),
 .UNSPECIFIED., .F., .F.,
 ( 4, 3, 3, 3, 3, 3, 3, 3, 3, 3, 3, 3, 3, 3, 3, 4 ),
 ( -9.999999733345851237E-08, -1.323488980084844280E-23, 2.000000640001883968E-07, 1.000008000165034593E-06, 4.200531435853156630E-06, 1.703425884436700487E-05, 5.960996649035567459E-05, 0.0001021856741363441851, 0.0001447613817834369826, 0.0001873370894305301595, 0.0002299127970776234991, 0.0002724885047247163779, 0.0003150642123718093652, 0.0003576399200189021355, 0.0003960450220818526566, 0.0003961450220794181915 ),
 .UNSPECIFIED. ) ;
#665 =( LENGTH_UNIT ( ) NAMED_UNIT ( * ) SI_UNIT ( .MILLI., .METRE. ) );
#666 = FILL_AREA_STYLE ('',( #3165 ) ) ;
#667 = ORIENTED_EDGE ( 'NONE', *, *, #3008, .F. ) ;
#668 = CARTESIAN_POINT ( 'NONE',  ( -2.166666666666665630, 3.333333333333333037, -1.600000000000000755 ) ) ;
#669 = CARTESIAN_POINT ( 'NONE',  ( 1.500000000000000000, -2.168404344971008868E-16, -2.166666666666666519 ) ) ;
#670 = FILL_AREA_STYLE ('',( #3443 ) ) ;
#671 = VERTEX_POINT ( 'NONE', #122 ) ;
#672 = ADVANCED_FACE ( 'NONE', ( #2928 ), #883, .T. ) ;
#673 = DIRECTION ( 'NONE',  ( -0.000000000000000000, -0.000000000000000000, -1.000000000000000000 ) ) ;
#674 = CARTESIAN_POINT ( 'NONE',  ( -1.500000000000000444, 0.4000000000000001332, 2.166666666666667407 ) ) ;
#675 = CYLINDRICAL_SURFACE ( 'NONE', #1055, 2.000000000000000000 ) ;
#676 =( LENGTH_UNIT ( ) NAMED_UNIT ( * ) SI_UNIT ( .MILLI., .METRE. ) );
#677 = EDGE_LOOP ( 'NONE', ( #1873, #920, #443, #2056 ) ) ;
#678 = EDGE_CURVE ( 'NONE', #1568, #2784, #1031, .T. ) ;
#679 = UNCERTAINTY_MEASURE_WITH_UNIT (LENGTH_MEASURE( 1.000000000000000082E-05 ), #1169, 'distance_accuracy_value', 'NONE');
#680 = CARTESIAN_POINT ( 'NONE',  ( -2.499999999999999556, 0.4000000000000000777, -2.500000000000000444 ) ) ;
#681 = EDGE_LOOP ( 'NONE', ( #3574, #376, #2705, #931, #133, #2843 ) ) ;
#682 = FACE_OUTER_BOUND ( 'NONE', #2959, .T. ) ;
#683 = CARTESIAN_POINT ( 'NONE',  ( 2.350000000000000533, 3.333333333333333481, -2.166666666666666963 ) ) ;
#684 =( NAMED_UNIT ( * ) PLANE_ANGLE_UNIT ( ) SI_UNIT ( $, .RADIAN. ) );
#685 = ORIENTED_EDGE ( 'NONE', *, *, #2724, .F. ) ;
#686 =( GEOMETRIC_REPRESENTATION_CONTEXT ( 3 ) GLOBAL_UNCERTAINTY_ASSIGNED_CONTEXT ( ( #390 ) ) GLOBAL_UNIT_ASSIGNED_CONTEXT ( ( #765, #2152, #1820 ) ) REPRESENTATION_CONTEXT ( 'NONE', 'WORKASPACE' ) );
#687 = SURFACE_STYLE_FILL_AREA ( #981 ) ;
#688 = VERTEX_POINT ( 'NONE', #2200 ) ;
#689 = EDGE_CURVE ( 'NONE', #1380, #1006, #253, .T. ) ;
#690 = LINE ( 'NONE', #709, #1218 ) ;
#691 = SURFACE_SIDE_STYLE ('',( #1767 ) ) ;
#692 = ORIENTED_EDGE ( 'NONE', *, *, #3146, .T. ) ;
#693 = COLOUR_RGB ( '',0.7294117647058823151, 0.3568627450980392246, 0.02352941176470588203 ) ;
#694 = AXIS2_PLACEMENT_3D ( 'NONE', #432, #379, #2379 ) ;
#695 = EDGE_CURVE ( 'NONE', #1568, #2443, #3252, .T. ) ;
#696 = DIRECTION ( 'NONE',  ( -0.000000000000000000, -1.000000000000000000, 0.000000000000000000 ) ) ;
#697 = DIRECTION ( 'NONE',  ( 0.9537169507482290420, 0.3007057995042667353, -0.000000000000000000 ) ) ;
#698 = FILL_AREA_STYLE_COLOUR ( '', #9 ) ;
#699 = SURFACE_STYLE_FILL_AREA ( #2871 ) ;
#700 = VECTOR ( 'NONE', #1940, 1000.000000000000000 ) ;
#701 = COLOUR_RGB ( '',0.8980392156862745390, 0.8980392156862745390, 0.8980392156862745390 ) ;
#702 = AXIS2_PLACEMENT_3D ( 'NONE', #3461, #372, #2093 ) ;
#703 = CARTESIAN_POINT ( 'NONE',  ( -1.166666666666662966, 4.000000000000000000, 2.500000000000000444 ) ) ;
#704 = ORIENTED_EDGE ( 'NONE', *, *, #3401, .F. ) ;
#705 = PRESENTATION_LAYER_ASSIGNMENT (  '', '', ( #2225 ) ) ;
#706 =( NAMED_UNIT ( * ) PLANE_ANGLE_UNIT ( ) SI_UNIT ( $, .RADIAN. ) );
#707 = VERTEX_POINT ( 'NONE', #228 ) ;
#708 =( GEOMETRIC_REPRESENTATION_CONTEXT ( 3 ) GLOBAL_UNCERTAINTY_ASSIGNED_CONTEXT ( ( #1928 ) ) GLOBAL_UNIT_ASSIGNED_CONTEXT ( ( #953, #1224, #2120 ) ) REPRESENTATION_CONTEXT ( 'NONE', 'WORKASPACE' ) );
#709 = CARTESIAN_POINT ( 'NONE',  ( 2.350000000000000533, 3.333333333333333481, 0.000000000000000000 ) ) ;
#710 = AXIS2_PLACEMENT_3D ( 'NONE', #3204, #2363, #923 ) ;
#711 = DIRECTION ( 'NONE',  ( 0.6901619708142001652, 0.2176072335280443415, -0.6901619708141925047 ) ) ;
#712 = CARTESIAN_POINT ( 'NONE',  ( -1.166666666666662966, 0.4000000000000000777, -2.500000000000000000 ) ) ;
#713 = ORIENTED_EDGE ( 'NONE', *, *, #1969, .T. ) ;
#714 = EDGE_CURVE ( 'NONE', #2640, #2422, #1845, .T. ) ;
#715 = UNCERTAINTY_MEASURE_WITH_UNIT (LENGTH_MEASURE( 1.000000000000000082E-05 ), #2429, 'distance_accuracy_value', 'NONE');
#716 = DIRECTION ( 'NONE',  ( -1.000000000000000000, -0.000000000000000000, -0.000000000000000000 ) ) ;
#717 = CARTESIAN_POINT ( 'NONE',  ( 1.600000000000001199, 1.066666666666666208, -2.166666666666665630 ) ) ;
#718 = CARTESIAN_POINT ( 'NONE',  ( -1.499999999999999334, 1.096458307862490322, 2.146177573132413308 ) ) ;
#719 = EDGE_CURVE ( 'NONE', #2642, #1257, #2729, .T. ) ;
#720 =( NAMED_UNIT ( * ) PLANE_ANGLE_UNIT ( ) SI_UNIT ( $, .RADIAN. ) );
#721 = ORIENTED_EDGE ( 'NONE', *, *, #918, .T. ) ;
#722 = CARTESIAN_POINT ( 'NONE',  ( 2.350000000000000533, 4.000000000000000000, -2.166666666666666519 ) ) ;
#723 = DIRECTION ( 'NONE',  ( -0.000000000000000000, -1.000000000000000000, -0.000000000000000000 ) ) ;
#724 = EDGE_LOOP ( 'NONE', ( #2484, #3410, #1951, #1277 ) ) ;
#725 = CARTESIAN_POINT ( 'NONE',  ( -2.425000000000001155, 0.4236474091659228614, 2.166666666666665630 ) ) ;
#726 = EDGE_LOOP ( 'NONE', ( #2656, #1865, #3020 ) ) ;
#727 = CARTESIAN_POINT ( 'NONE',  ( 1.624999999999998224, 1.066666666666666652, 2.166666666666667407 ) ) ;
#728 = CARTESIAN_POINT ( 'NONE',  ( -2.425000000000001155, 4.000000000000000000, -2.166666666666666075 ) ) ;
#729 = SURFACE_STYLE_USAGE ( .BOTH. , #3242 ) ;
#730 = VERTEX_POINT ( 'NONE', #2404 ) ;
#731 = CARTESIAN_POINT ( 'NONE',  ( 1.749999999999998002, 0.4000000000000001887, 2.166666666666667407 ) ) ;
#732 = DIRECTION ( 'NONE',  ( -0.7071067811865495711, 0.000000000000000000, -0.7071067811865454633 ) ) ;
#733 = DIRECTION ( 'NONE',  ( 0.000000000000000000, 0.000000000000000000, 1.000000000000000000 ) ) ;
#734 = FACE_OUTER_BOUND ( 'NONE', #1151, .T. ) ;
#735 = ORIENTED_EDGE ( 'NONE', *, *, #2003, .F. ) ;
#736 = CARTESIAN_POINT ( 'NONE',  ( 1.524964432525985458, 0.3250474467402728607, 2.166666666666667407 ) ) ;
#737 = EDGE_CURVE ( 'NONE', #1274, #1850, #2957, .T. ) ;
#738 = LINE ( 'NONE', #3310, #1575 ) ;
#739 = DIRECTION ( 'NONE',  ( 0.000000000000000000, 0.000000000000000000, 1.000000000000000000 ) ) ;
#740 = ORIENTED_EDGE ( 'NONE', *, *, #1507, .F. ) ;
#741 = EDGE_CURVE ( 'NONE', #968, #2517, #3235, .T. ) ;
#742 = DIRECTION ( 'NONE',  ( -1.000000000000000000, 0.000000000000000000, 0.000000000000000000 ) ) ;
#743 = EDGE_LOOP ( 'NONE', ( #1954, #2900, #667, #418, #2140, #2165 ) ) ;
#744 = STYLED_ITEM ( 'NONE', ( #3477 ), #446 ) ;
#745 = CARTESIAN_POINT ( 'NONE',  ( 1.500000000000000000, 0.4000000000000000777, -2.166666666666666519 ) ) ;
#746 = SURFACE_SIDE_STYLE ('',( #2390 ) ) ;
#747 = CYLINDRICAL_SURFACE ( 'NONE', #642, 2.000000000000000000 ) ;
#748 = ORIENTED_EDGE ( 'NONE', *, *, #2542, .T. ) ;
#749 = LINE ( 'NONE', #1858, #346 ) ;
#750 =( NAMED_UNIT ( * ) PLANE_ANGLE_UNIT ( ) SI_UNIT ( $, .RADIAN. ) );
#751 = CARTESIAN_POINT ( 'NONE',  ( 1.500000000000000000, 4.000000000000000000, 2.166666666666666519 ) ) ;
#752 =( GEOMETRIC_REPRESENTATION_CONTEXT ( 3 ) GLOBAL_UNCERTAINTY_ASSIGNED_CONTEXT ( ( #1731 ) ) GLOBAL_UNIT_ASSIGNED_CONTEXT ( ( #1706, #24, #2259 ) ) REPRESENTATION_CONTEXT ( 'NONE', 'WORKASPACE' ) );
#753 = DIRECTION ( 'NONE',  ( 0.9537169507482291531, -0.3007057995042661247, 0.000000000000000000 ) ) ;
#754 =( GEOMETRIC_REPRESENTATION_CONTEXT ( 3 ) GLOBAL_UNCERTAINTY_ASSIGNED_CONTEXT ( ( #1191 ) ) GLOBAL_UNIT_ASSIGNED_CONTEXT ( ( #2885, #1210, #2399 ) ) REPRESENTATION_CONTEXT ( 'NONE', 'WORKASPACE' ) );
#755 = ORIENTED_EDGE ( 'NONE', *, *, #2277, .F. ) ;
#756 = CARTESIAN_POINT ( 'NONE',  ( 1.499999999999998224, 1.066666666666666430, 2.416666666666666963 ) ) ;
#757 = CARTESIAN_POINT ( 'NONE',  ( -1.500000000000000000, 3.333333333333333481, -2.166666666666666519 ) ) ;
#758 = CARTESIAN_POINT ( 'NONE',  ( 1.600000000000000755, 2.200000000000000622, -1.814560945907769840 ) ) ;
#759 = ORIENTED_EDGE ( 'NONE', *, *, #2240, .F. ) ;
#760 = VECTOR ( 'NONE', #2911, 1000.000000000000000 ) ;
#761 = LINE ( 'NONE', #2715, #124 ) ;
#762 = VERTEX_POINT ( 'NONE', #3559 ) ;
#763 = EDGE_CURVE ( 'NONE', #2979, #1750, #738, .T. ) ;
#764 = CIRCLE ( 'NONE', #3333, 0.1249999999999998890 ) ;
#765 =( LENGTH_UNIT ( ) NAMED_UNIT ( * ) SI_UNIT ( .MILLI., .METRE. ) );
#766 = FILL_AREA_STYLE_COLOUR ( '', #2343 ) ;
#767 = MECHANICAL_DESIGN_GEOMETRIC_PRESENTATION_REPRESENTATION (  '', ( #3445 ), #708 ) ;
#768 = EDGE_LOOP ( 'NONE', ( #2673, #2304, #565, #2536, #1306, #354 ) ) ;
#769 = CARTESIAN_POINT ( 'NONE',  ( -2.425000000000001155, 0.4000000000000000777, -2.166666666666666075 ) ) ;
#770 =( GEOMETRIC_REPRESENTATION_CONTEXT ( 3 ) GLOBAL_UNCERTAINTY_ASSIGNED_CONTEXT ( ( #3160 ) ) GLOBAL_UNIT_ASSIGNED_CONTEXT ( ( #1179, #339, #3406 ) ) REPRESENTATION_CONTEXT ( 'NONE', 'WORKASPACE' ) );
#771 = VECTOR ( 'NONE', #1144, 1000.000000000000000 ) ;
#772 = ORIENTED_EDGE ( 'NONE', *, *, #1735, .F. ) ;
#773 =( NAMED_UNIT ( * ) SI_UNIT ( $, .STERADIAN. ) SOLID_ANGLE_UNIT ( ) );
#774 = CARTESIAN_POINT ( 'NONE',  ( -1.500000000000001332, 1.316666666666664653, 2.166666666666663410 ) ) ;
#775 = CARTESIAN_POINT ( 'NONE',  ( -1.166666666666662966, 3.333333333333333481, -2.500000000000000000 ) ) ;
#776 = ORIENTED_EDGE ( 'NONE', *, *, #139, .F. ) ;
#777 = FILL_AREA_STYLE_COLOUR ( '', #1285 ) ;
#778 =( NAMED_UNIT ( * ) SI_UNIT ( $, .STERADIAN. ) SOLID_ANGLE_UNIT ( ) );
#779 = EDGE_CURVE ( 'NONE', #2642, #3240, #1342, .T. ) ;
#780 = CARTESIAN_POINT ( 'NONE',  ( 2.425000000000001155, 0.4236474091659228614, -2.166666666666666519 ) ) ;
#781 = ORIENTED_EDGE ( 'NONE', *, *, #1484, .T. ) ;
#782 =( NAMED_UNIT ( * ) SI_UNIT ( $, .STERADIAN. ) SOLID_ANGLE_UNIT ( ) );
#783 = PLANE ( 'NONE',  #2797 ) ;
#784 = EDGE_CURVE ( 'NONE', #3053, #2386, #3355, .T. ) ;
#785 = MANIFOLD_SOLID_BREP ( 'Cut-Sweep1', #1387 ) ;
#786 = DIRECTION ( 'NONE',  ( -1.000000000000000000, 0.000000000000000000, 1.858632295689442265E-16 ) ) ;
#787 = EDGE_LOOP ( 'NONE', ( #171, #3015, #2219, #3218, #2908, #3522, #2702, #1927 ) ) ;
#788 = FILL_AREA_STYLE ('',( #2185 ) ) ;
#789 = CARTESIAN_POINT ( 'NONE',  ( -1.500000000000000444, 1.066666666666666652, 2.166666666666667407 ) ) ;
#790 = LINE ( 'NONE', #1315, #2686 ) ;
#791 = ORIENTED_EDGE ( 'NONE', *, *, #2857, .F. ) ;
#792 = UNCERTAINTY_MEASURE_WITH_UNIT (LENGTH_MEASURE( 1.000000000000000082E-05 ), #1675, 'distance_accuracy_value', 'NONE');
#793 = DIRECTION ( 'NONE',  ( -0.000000000000000000, -0.000000000000000000, -1.000000000000000000 ) ) ;
#794 = DIRECTION ( 'NONE',  ( 1.000000000000000000, -0.000000000000000000, -4.688441826964341340E-16 ) ) ;
#795 = CARTESIAN_POINT ( 'NONE',  ( -1.166666666666662966, -2.168404344971008868E-16, -2.500000000000000000 ) ) ;
#796 = VECTOR ( 'NONE', #2009, 1000.000000000000000 ) ;
#797 = CARTESIAN_POINT ( 'NONE',  ( 1.166666666666662744, -2.168404344971008868E-16, -2.500000000000000444 ) ) ;
#798 = ORIENTED_EDGE ( 'NONE', *, *, #2724, .T. ) ;
#799 = PRODUCT_DEFINITION_SHAPE ( 'NONE', 'NONE',  #2604 ) ;
#800 = ADVANCED_FACE ( 'NONE', ( #1456 ), #1921, .T. ) ;
#801 = CARTESIAN_POINT ( 'NONE',  ( -2.166666666666666075, 3.333333333333333037, 1.931945647988578818 ) ) ;
#802 = SURFACE_STYLE_USAGE ( .BOTH. , #2722 ) ;
#803 = EDGE_CURVE ( 'NONE', #1355, #838, #2555, .T. ) ;
#804 = CARTESIAN_POINT ( 'NONE',  ( 1.166666666666662966, 0.4000000000000000777, -2.500000000000000444 ) ) ;
#805 = ORIENTED_EDGE ( 'NONE', *, *, #876, .F. ) ;
#806 = DIRECTION ( 'NONE',  ( 0.000000000000000000, 0.000000000000000000, 1.000000000000000000 ) ) ;
#807 = CIRCLE ( 'NONE', #1161, 2.000000000000000000 ) ;
#808 = CARTESIAN_POINT ( 'NONE',  ( -1.600000000000000533, 2.200000000000000622, 3.814560945907770062 ) ) ;
#809 = VECTOR ( 'NONE', #2571, 1000.000000000000000 ) ;
#810 = COLOUR_RGB ( '',0.2509803921568627416, 0.2509803921568627416, 0.2509803921568627416 ) ;
#811 = CARTESIAN_POINT ( 'NONE',  ( -1.625000000000000666, 1.066666666666666652, 2.291666666666667407 ) ) ;
#812 = COLOUR_RGB ( '',0.2509803921568627416, 0.2509803921568627416, 0.2509803921568627416 ) ;
#813 = AXIS2_PLACEMENT_3D ( 'NONE', #2376, #151, #2358 ) ;
#814 = VERTEX_POINT ( 'NONE', #829 ) ;
#815 = CIRCLE ( 'NONE', #3032, 2.000000000000000000 ) ;
#816 = CARTESIAN_POINT ( 'NONE',  ( 1.711031388945793541, 0.3093159324023385115, 2.166666666666667407 ) ) ;
#817 =( NAMED_UNIT ( * ) PLANE_ANGLE_UNIT ( ) SI_UNIT ( $, .RADIAN. ) );
#818 = DIRECTION ( 'NONE',  ( 0.000000000000000000, 0.000000000000000000, -1.000000000000000000 ) ) ;
#819 = VERTEX_POINT ( 'NONE', #2782 ) ;
#820 =( GEOMETRIC_REPRESENTATION_CONTEXT ( 3 ) GLOBAL_UNCERTAINTY_ASSIGNED_CONTEXT ( ( #2937 ) ) GLOBAL_UNIT_ASSIGNED_CONTEXT ( ( #948, #2054, #3182 ) ) REPRESENTATION_CONTEXT ( 'NONE', 'WORKASPACE' ) );
#821 = DIRECTION ( 'NONE',  ( -1.000000000000000000, -0.000000000000000000, -0.000000000000000000 ) ) ;
#822 = FACE_OUTER_BOUND ( 'NONE', #1140, .T. ) ;
#823 = CARTESIAN_POINT ( 'NONE',  ( -1.549647100247866671, 0.6048329439068910185, -2.500000000000000000 ) ) ;
#824 = ORIENTED_EDGE ( 'NONE', *, *, #2610, .F. ) ;
#825 = AXIS2_PLACEMENT_3D ( 'NONE', #271, #553, #2769 ) ;
#826 = DIRECTION ( 'NONE',  ( -0.9537169507482290420, -0.3007057995042664023, 7.197613905936127341E-16 ) ) ;
#827 = ORIENTED_EDGE ( 'NONE', *, *, #3082, .T. ) ;
#828 = SURFACE_STYLE_USAGE ( .BOTH. , #1888 ) ;
#829 = CARTESIAN_POINT ( 'NONE',  ( -2.499999999999999556, 0.4000000000000001332, 2.091666666666667229 ) ) ;
#830 = FILL_AREA_STYLE_COLOUR ( '', #3213 ) ;
#831 = EDGE_CURVE ( 'NONE', #2294, #3191, #2291, .T. ) ;
#832 = FILL_AREA_STYLE ('',( #2511 ) ) ;
#833 = EDGE_CURVE ( 'NONE', #1454, #1100, #19, .T. ) ;
#834 = ORIENTED_EDGE ( 'NONE', *, *, #941, .T. ) ;
#835 = CARTESIAN_POINT ( 'NONE',  ( 1.749998999997121496, 0.3994333329386461351, 2.166666666666667407 ) ) ;
#836 = PLANE ( 'NONE',  #181 ) ;
#837 = CARTESIAN_POINT ( 'NONE',  ( -2.350000000000000533, 4.000000000000000000, -2.166666666666666519 ) ) ;
#838 = VERTEX_POINT ( 'NONE', #2768 ) ;
#839 = CARTESIAN_POINT ( 'NONE',  ( -1.749998999997123938, 0.3994333329386461351, 2.166666666666667407 ) ) ;
#840 = DIRECTION ( 'NONE',  ( -1.000000000000000000, 0.000000000000000000, 0.000000000000000000 ) ) ;
#841 = VERTEX_POINT ( 'NONE', #610 ) ;
#842 = ORIENTED_EDGE ( 'NONE', *, *, #474, .T. ) ;
#843 = DIRECTION ( 'NONE',  ( 1.000000000000000000, 0.000000000000000000, 0.000000000000000000 ) ) ;
#844 = ADVANCED_FACE ( 'NONE', ( #2834 ), #2011, .T. ) ;
#845 = DIRECTION ( 'NONE',  ( -7.589415207398531038E-16, 0.000000000000000000, -1.000000000000000000 ) ) ;
#846 = DIRECTION ( 'NONE',  ( 1.000000000000000000, 0.000000000000000000, 1.084202172485504434E-16 ) ) ;
#847 = ORIENTED_EDGE ( 'NONE', *, *, #560, .T. ) ;
#848 = EDGE_CURVE ( 'NONE', #814, #3553, #1958, .T. ) ;
#849 = LINE ( 'NONE', #3393, #2676 ) ;
#850 = DIRECTION ( 'NONE',  ( 0.3007057995042667353, 0.9537169507482290420, -0.000000000000000000 ) ) ;
#851 = CARTESIAN_POINT ( 'NONE',  ( -2.425000000000001155, 0.3112511343022056898, 2.166666666666665186 ) ) ;
#852 = MANIFOLD_SOLID_BREP ( 'Cut-Extrude1', #2839 ) ;
#853 = DIRECTION ( 'NONE',  ( 0.000000000000000000, 0.000000000000000000, -1.000000000000000000 ) ) ;
#854 = EDGE_LOOP ( 'NONE', ( #1283, #197, #1591, #2771 ) ) ;
#855 = CARTESIAN_POINT ( 'NONE',  ( 1.850352899752133462, 0.6048329439068910185, -2.500000000000000444 ) ) ;
#856 = VECTOR ( 'NONE', #1806, 1000.000000000000000 ) ;
#857 = FACE_OUTER_BOUND ( 'NONE', #2893, .T. ) ;
#858 = CARTESIAN_POINT ( 'NONE',  ( 2.166666666666666519, 1.066666666666666652, 1.600000000000000533 ) ) ;
#859 = ORIENTED_EDGE ( 'NONE', *, *, #2070, .T. ) ;
#860 = LINE ( 'NONE', #3089, #1801 ) ;
#861 = ORIENTED_EDGE ( 'NONE', *, *, #714, .T. ) ;
#862 =( LENGTH_UNIT ( ) NAMED_UNIT ( * ) SI_UNIT ( .MILLI., .METRE. ) );
#863 =( NAMED_UNIT ( * ) SI_UNIT ( $, .STERADIAN. ) SOLID_ANGLE_UNIT ( ) );
#864 = SURFACE_STYLE_FILL_AREA ( #1160 ) ;
#865 = MANIFOLD_SOLID_BREP ( 'Cut-Extrude3[1]', #1963 ) ;
#866 = AXIS2_PLACEMENT_3D ( 'NONE', #2707, #1320, #3535 ) ;
#867 = VECTOR ( 'NONE', #3372, 1000.000000000000000 ) ;
#868 = COLOUR_RGB ( '',0.2509803921568627416, 0.2509803921568627416, 0.2509803921568627416 ) ;
#869 = CARTESIAN_POINT ( 'NONE',  ( -0.8999999999999999112, 0.4000000000000000777, 2.500000000000000444 ) ) ;
#871 = SURFACE_SIDE_STYLE ('',( #3373 ) ) ;
#870 = MECHANICAL_DESIGN_GEOMETRIC_PRESENTATION_REPRESENTATION (  '', ( #1856 ), #1742 ) ;
#872 = DIRECTION ( 'NONE',  ( 0.000000000000000000, 0.000000000000000000, 1.000000000000000000 ) ) ;
#873 = AXIS2_PLACEMENT_3D ( 'NONE', #2651, #644, #1785 ) ;
#874 = DIRECTION ( 'NONE',  ( -0.7071067811865439090, 0.000000000000000000, 0.7071067811865512365 ) ) ;
#875 = ORIENTED_EDGE ( 'NONE', *, *, #1719, .F. ) ;
#876 = EDGE_CURVE ( 'NONE', #1991, #3464, #2582, .T. ) ;
#877 =( GEOMETRIC_REPRESENTATION_CONTEXT ( 3 ) GLOBAL_UNCERTAINTY_ASSIGNED_CONTEXT ( ( #1769 ) ) GLOBAL_UNIT_ASSIGNED_CONTEXT ( ( #2005, #3136, #2846 ) ) REPRESENTATION_CONTEXT ( 'NONE', 'WORKASPACE' ) );
#878 = MECHANICAL_DESIGN_GEOMETRIC_PRESENTATION_REPRESENTATION (  '', ( #2624 ), #229 ) ;
#879 = CARTESIAN_POINT ( 'NONE',  ( -1.166666666666662966, 0.1540948306367007359, -2.500000000000000000 ) ) ;
#880 =( NAMED_UNIT ( * ) PLANE_ANGLE_UNIT ( ) SI_UNIT ( $, .RADIAN. ) );
#881 = VECTOR ( 'NONE', #1567, 1000.000000000000000 ) ;
#882 = ORIENTED_EDGE ( 'NONE', *, *, #1164, .T. ) ;
#883 =( BOUNDED_SURFACE ( )  B_SPLINE_SURFACE ( 3, 3, ( 
 ( #2439, #3541, #1366, #789 ),
 ( #774, #3278, #2144, #3017 ),
 ( #2129, #461, #1071, #2695 ),
 ( #1903, #538, #515, #3575 ) ),
 .UNSPECIFIED., .F., .F., .F. ) 
 B_SPLINE_SURFACE_WITH_KNOTS ( ( 4, 4 ),
 ( 4, 4 ),
 ( 0.000000000000000000, 1.000000000000000000 ),
 ( 0.000000000000000000, 1.000000000000000000 ),
 .UNSPECIFIED. ) 
 GEOMETRIC_REPRESENTATION_ITEM ( )  RATIONAL_B_SPLINE_SURFACE ( (
 ( 1.000000000000000000, 0.8047378541243609407, 0.8047378541243609407, 1.000000000000000000),
 ( 0.3333333333333357573, 0.2682459513747889046, 0.2682459513747889046, 0.3333333333333357573),
 ( 0.3333333333333357573, 0.2682459513747889046, 0.2682459513747889046, 0.3333333333333357573),
 ( 1.000000000000000000, 0.8047378541243609407, 0.8047378541243609407, 1.000000000000000000) ) ) 
 REPRESENTATION_ITEM ( '' )  SURFACE ( )  );
#884 = MECHANICAL_DESIGN_GEOMETRIC_PRESENTATION_REPRESENTATION (  '', ( #1808 ), #1751 ) ;
#885 = CARTESIAN_POINT ( 'NONE',  ( 1.500000000000000000, 0.5891792733273856220, -2.166666666666666519 ) ) ;
#886 = ORIENTED_EDGE ( 'NONE', *, *, #2788, .F. ) ;
#887 =( LENGTH_UNIT ( ) NAMED_UNIT ( * ) SI_UNIT ( .MILLI., .METRE. ) );
#888 = COLOUR_RGB ( '',0.7294117647058823151, 0.3568627450980392246, 0.02352941176470588203 ) ;
#889 = AXIS2_PLACEMENT_3D ( 'NONE', #2087, #143, #3424 ) ;
#890 = STYLED_ITEM ( 'NONE', ( #2528 ), #3581 ) ;
#891 = CARTESIAN_POINT ( 'NONE',  ( 1.749999960000000465, 0.3999000000106666119, 2.166666666666667407 ) ) ;
#892 = LINE ( 'NONE', #345, #527 ) ;
#893 = LINE ( 'NONE', #2015, #597 ) ;
#894 = EDGE_CURVE ( 'NONE', #3319, #1369, #3202, .T. ) ;
#895 = FACE_OUTER_BOUND ( 'NONE', #2521, .T. ) ;
#896 = APPLICATION_CONTEXT ( 'automotive_design' ) ;
#897 = CARTESIAN_POINT ( 'NONE',  ( -1.166666666666662966, 1.066666666666666652, -2.500000000000000444 ) ) ;
#898 = ORIENTED_EDGE ( 'NONE', *, *, #53, .T. ) ;
#899 = EDGE_CURVE ( 'NONE', #3451, #1100, #2925, .T. ) ;
#900 = FILL_AREA_STYLE ('',( #1453 ) ) ;
#901 = SURFACE_STYLE_USAGE ( .BOTH. , #392 ) ;
#902 = LINE ( 'NONE', #335, #1166 ) ;
#903 = DIRECTION ( 'NONE',  ( -0.6901619708141970566, -0.2176072335280520020, 0.6901619708141930598 ) ) ;
#904 = SURFACE_SIDE_STYLE ('',( #3439 ) ) ;
#905 = CARTESIAN_POINT ( 'NONE',  ( -1.600000000000001199, 1.771986939879581779, -1.681585198530191505 ) ) ;
#906 = DIRECTION ( 'NONE',  ( 1.000000000000000000, 0.000000000000000000, 0.000000000000000000 ) ) ;
#907 = CARTESIAN_POINT ( 'NONE',  ( -2.499999999999999556, 0.3999999999999994671, -2.091666666666667673 ) ) ;
#908 = ORIENTED_EDGE ( 'NONE', *, *, #1917, .T. ) ;
#909 = CARTESIAN_POINT ( 'NONE',  ( -1.500000039999998647, 0.3999000000104345753, 2.166666666666667407 ) ) ;
#910 = DIRECTION ( 'NONE',  ( -1.000000000000000000, -0.000000000000000000, 0.000000000000000000 ) ) ;
#911 = CARTESIAN_POINT ( 'NONE',  ( -2.425000000000001155, 0.3112511343022059118, -2.166666666666666075 ) ) ;
#912 = EDGE_LOOP ( 'NONE', ( #3119, #834, #2796, #2414 ) ) ;
#913 = EDGE_CURVE ( 'NONE', #2149, #1225, #1211, .T. ) ;
#914 = AXIS2_PLACEMENT_3D ( 'NONE', #1321, #150, #732 ) ;
#915 = DIRECTION ( 'NONE',  ( -0.9537169507482290420, 0.3007057995042665133, 0.000000000000000000 ) ) ;
#916 = CARTESIAN_POINT ( 'NONE',  ( 1.554356228329493383, 1.174854484518780273, 2.097037352349644834 ) ) ;
#917 = STYLED_ITEM ( 'NONE', ( #294 ), #540 ) ;
#918 = EDGE_CURVE ( 'NONE', #1079, #688, #2163, .T. ) ;
#919 = LINE ( 'NONE', #1458, #313 ) ;
#920 = ORIENTED_EDGE ( 'NONE', *, *, #913, .T. ) ;
#921 = LINE ( 'NONE', #2033, #1341 ) ;
#922 =( LENGTH_UNIT ( ) NAMED_UNIT ( * ) SI_UNIT ( .MILLI., .METRE. ) );
#923 = DIRECTION ( 'NONE',  ( 1.000000000000000000, 0.000000000000000000, 0.000000000000000000 ) ) ;
#924 = VECTOR ( 'NONE', #2038, 1000.000000000000000 ) ;
#925 = ORIENTED_EDGE ( 'NONE', *, *, #2441, .F. ) ;
#926 = MECHANICAL_DESIGN_GEOMETRIC_PRESENTATION_REPRESENTATION (  '', ( #1574 ), #4 ) ;
#927 = VECTOR ( 'NONE', #903, 1000.000000000000114 ) ;
#928 = CARTESIAN_POINT ( 'NONE',  ( -1.166666666666662744, 3.333333333333333481, 2.500000000000000444 ) ) ;
#929 = LINE ( 'NONE', #3121, #2897 ) ;
#930 = FACE_OUTER_BOUND ( 'NONE', #1, .T. ) ;
#931 = ORIENTED_EDGE ( 'NONE', *, *, #1830, .T. ) ;
#932 = COLOUR_RGB ( '',0.2509803921568627416, 0.2509803921568627416, 0.2509803921568627416 ) ;
#933 = VECTOR ( 'NONE', #2689, 1000.000000000000000 ) ;
#934 = UNCERTAINTY_MEASURE_WITH_UNIT (LENGTH_MEASURE( 1.000000000000000082E-05 ), #628, 'distance_accuracy_value', 'NONE');
#935 = SURFACE_SIDE_STYLE ('',( #3431 ) ) ;
#936 = AXIS2_PLACEMENT_3D ( 'NONE', #3239, #499, #3546 ) ;
#937 = CARTESIAN_POINT ( 'NONE',  ( -1.625000000000000666, 1.066666666666666652, 2.166666666666667407 ) ) ;
#938 =( LENGTH_UNIT ( ) NAMED_UNIT ( * ) SI_UNIT ( .MILLI., .METRE. ) );
#939 = AXIS2_PLACEMENT_3D ( 'NONE', #1536, #2641, #435 ) ;
#940 = CARTESIAN_POINT ( 'NONE',  ( -2.425000000000001155, -2.168404344971008868E-16, -2.166666666666666075 ) ) ;
#941 = EDGE_CURVE ( 'NONE', #3488, #814, #2309, .T. ) ;
#942 = DIRECTION ( 'NONE',  ( -1.000000000000000000, 0.000000000000000000, 0.000000000000000000 ) ) ;
#943 =( LENGTH_UNIT ( ) NAMED_UNIT ( * ) SI_UNIT ( .MILLI., .METRE. ) );
#944 = ORIENTED_EDGE ( 'NONE', *, *, #2814, .F. ) ;
#945 =( GEOMETRIC_REPRESENTATION_CONTEXT ( 3 ) GLOBAL_UNCERTAINTY_ASSIGNED_CONTEXT ( ( #3566 ) ) GLOBAL_UNIT_ASSIGNED_CONTEXT ( ( #2021, #3137, #1173 ) ) REPRESENTATION_CONTEXT ( 'NONE', 'WORKASPACE' ) );
#946 = CARTESIAN_POINT ( 'NONE',  ( -1.681585198530192393, 2.628013060120418132, -1.600000000000000311 ) ) ;
#947 = EDGE_CURVE ( 'NONE', #2517, #1111, #548, .T. ) ;
#948 =( LENGTH_UNIT ( ) NAMED_UNIT ( * ) SI_UNIT ( .MILLI., .METRE. ) );
#949 = AXIS2_PLACEMENT_3D ( 'NONE', #3395, #2001, #614 ) ;
#950 = EDGE_LOOP ( 'NONE', ( #2956, #3048, #2881, #3460 ) ) ;
#951 = CARTESIAN_POINT ( 'NONE',  ( -1.500000000000000444, 0.4000000000000000777, 2.166666666666667407 ) ) ;
#952 = FILL_AREA_STYLE_COLOUR ( '', #2435 ) ;
#953 =( LENGTH_UNIT ( ) NAMED_UNIT ( * ) SI_UNIT ( .MILLI., .METRE. ) );
#954 = ORIENTED_EDGE ( 'NONE', *, *, #2030, .T. ) ;
#955 =( LENGTH_UNIT ( ) NAMED_UNIT ( * ) SI_UNIT ( .MILLI., .METRE. ) );
#956 = ORIENTED_EDGE ( 'NONE', *, *, #3082, .F. ) ;
#957 = PRESENTATION_STYLE_ASSIGNMENT (( #2341 ) ) ;
#958 = DIRECTION ( 'NONE',  ( -0.000000000000000000, -0.000000000000000000, -1.000000000000000000 ) ) ;
#959 =( NAMED_UNIT ( * ) SI_UNIT ( $, .STERADIAN. ) SOLID_ANGLE_UNIT ( ) );
#960 = EDGE_LOOP ( 'NONE', ( #2532, #251, #861, #2766, #3123, #2693 ) ) ;
#961 = EDGE_CURVE ( 'NONE', #2784, #3451, #663, .T. ) ;
#962 = CARTESIAN_POINT ( 'NONE',  ( 1.600000000000000977, 3.333333333333333037, 2.166666666666666075 ) ) ;
#963 = ORIENTED_EDGE ( 'NONE', *, *, #321, .F. ) ;
#964 = ADVANCED_FACE ( 'NONE', ( #2450 ), #2709, .T. ) ;
#965 = DIRECTION ( 'NONE',  ( -0.9537169507482290420, -0.3007057995042665133, 0.000000000000000000 ) ) ;
#966 = LINE ( 'NONE', #163, #237 ) ;
#967 = SURFACE_STYLE_FILL_AREA ( #2682 ) ;
#968 = VERTEX_POINT ( 'NONE', #248 ) ;
#969 = UNCERTAINTY_MEASURE_WITH_UNIT (LENGTH_MEASURE( 1.000000000000000082E-05 ), #665, 'distance_accuracy_value', 'NONE');
#970 = CARTESIAN_POINT ( 'NONE',  ( -1.500000000000000222, 0.5891792733273856220, -2.166666666666666519 ) ) ;
#971 = EDGE_LOOP ( 'NONE', ( #320, #1117, #2471 ) ) ;
#972 = PLANE ( 'NONE',  #1579 ) ;
#973 = SURFACE_SIDE_STYLE ('',( #3483 ) ) ;
#974 = DIRECTION ( 'NONE',  ( 1.000000000000000000, 0.000000000000000000, 0.000000000000000000 ) ) ;
#975 = AXIS2_PLACEMENT_3D ( 'NONE', #2307, #2063, #915 ) ;
#976 = CARTESIAN_POINT ( 'NONE',  ( 2.499999999999999112, 0.3999999999999991895, -4.218822833548887985 ) ) ;
#977 = CYLINDRICAL_SURFACE ( 'NONE', #1475, 0.4999999999999997780 ) ;
#978 = ORIENTED_EDGE ( 'NONE', *, *, #512, .F. ) ;
#979 = VECTOR ( 'NONE', #910, 1000.000000000000000 ) ;
#980 = ADVANCED_FACE ( 'NONE', ( #2746 ), #1323, .F. ) ;
#981 = FILL_AREA_STYLE ('',( #3472 ) ) ;
#982 = ORIENTED_EDGE ( 'NONE', *, *, #2197, .F. ) ;
#983 = DIRECTION ( 'NONE',  ( -0.3007057995042665133, 0.9537169507482290420, 0.000000000000000000 ) ) ;
#985 = SURFACE_STYLE_FILL_AREA ( #162 ) ;
#984 = VECTOR ( 'NONE', #2373, 1000.000000000000000 ) ;
#986 = EDGE_CURVE ( 'NONE', #1583, #3288, #1082, .T. ) ;
#987 = ORIENTED_EDGE ( 'NONE', *, *, #961, .F. ) ;
#988 = VECTOR ( 'NONE', #2457, 1000.000000000000000 ) ;
#989 = DIRECTION ( 'NONE',  ( 1.355252715606880049E-16, -0.000000000000000000, -1.000000000000000000 ) ) ;
#990 = LINE ( 'NONE', #2160, #620 ) ;
#991 = CARTESIAN_POINT ( 'NONE',  ( 1.600000000000001199, 3.333333333333333037, -2.166666666666664742 ) ) ;
#992 = PRESENTATION_STYLE_ASSIGNMENT (( #1510 ) ) ;
#993 =( GEOMETRIC_REPRESENTATION_CONTEXT ( 3 ) GLOBAL_UNCERTAINTY_ASSIGNED_CONTEXT ( ( #1524 ) ) GLOBAL_UNIT_ASSIGNED_CONTEXT ( ( #511, #1081, #2215 ) ) REPRESENTATION_CONTEXT ( 'NONE', 'WORKASPACE' ) );
#994 = AXIS2_PLACEMENT_3D ( 'NONE', #1955, #567, #2537 ) ;
#995 =( GEOMETRIC_REPRESENTATION_CONTEXT ( 3 ) GLOBAL_UNCERTAINTY_ASSIGNED_CONTEXT ( ( #3480 ) ) GLOBAL_UNIT_ASSIGNED_CONTEXT ( ( #1304, #2153, #3023 ) ) REPRESENTATION_CONTEXT ( 'NONE', 'WORKASPACE' ) );
#996 = VECTOR ( 'NONE', #437, 1000.000000000000000 ) ;
#997 = ORIENTED_EDGE ( 'NONE', *, *, #1012, .T. ) ;
#998 = ORIENTED_EDGE ( 'NONE', *, *, #695, .F. ) ;
#999 = VECTOR ( 'NONE', #2280, 1000.000000000000000 ) ;
#1000 =( BOUNDED_SURFACE ( )  B_SPLINE_SURFACE ( 3, 3, ( 
 ( #1463, #3407, #172, #652 ),
 ( #905, #2423, #1293, #3168 ),
 ( #2566, #366, #2874, #946 ),
 ( #3508, #1313, #2053, #668 ) ),
 .UNSPECIFIED., .F., .F., .F. ) 
 B_SPLINE_SURFACE_WITH_KNOTS ( ( 4, 4 ),
 ( 4, 4 ),
 ( 0.000000000000000000, 1.000000000000000000 ),
 ( 0.000000000000000000, 1.000000000000000000 ),
 .UNSPECIFIED. ) 
 GEOMETRIC_REPRESENTATION_ITEM ( )  RATIONAL_B_SPLINE_SURFACE ( (
 ( 1.000000000000000000, 0.8047378541243652705, 0.8047378541243652705, 1.000000000000000000),
 ( 0.8826314264137012922, 0.7102869200748895828, 0.7102869200748895828, 0.8826314264137012922),
 ( 0.8826314264137012922, 0.7102869200748895828, 0.7102869200748895828, 0.8826314264137012922),
 ( 1.000000000000000000, 0.8047378541243652705, 0.8047378541243652705, 1.000000000000000000) ) ) 
 REPRESENTATION_ITEM ( '' )  SURFACE ( )  );
#1001 = DIRECTION ( 'NONE',  ( 0.000000000000000000, 1.000000000000000000, 0.000000000000000000 ) ) ;
#1002 = ORIENTED_EDGE ( 'NONE', *, *, #3401, .T. ) ;
#1003 = CARTESIAN_POINT ( 'NONE',  ( 0.8999999999999991340, 0.3999999999999998002, 2.500000000000000444 ) ) ;
#1004 = MECHANICAL_DESIGN_GEOMETRIC_PRESENTATION_REPRESENTATION (  '', ( #1239 ), #3506 ) ;
#1005 = FILL_AREA_STYLE_COLOUR ( '', #1647 ) ;
#1006 = VERTEX_POINT ( 'NONE', #1288 ) ;
#1007 = MECHANICAL_DESIGN_GEOMETRIC_PRESENTATION_REPRESENTATION (  '', ( #890 ), #770 ) ;
#1008 = EDGE_CURVE ( 'NONE', #3319, #1369, #32, .T. ) ;
#1009 = CARTESIAN_POINT ( 'NONE',  ( 1.749999999999997558, 0.2535533905933270438, 2.416666666666666963 ) ) ;
#1010 = FILL_AREA_STYLE_COLOUR ( '', #3532 ) ;
#1011 = CARTESIAN_POINT ( 'NONE',  ( -1.739584156665889614, 1.126379457998202938, 2.126914788050076499 ) ) ;
#1012 = EDGE_CURVE ( 'NONE', #3240, #347, #2125, .T. ) ;
#1013 = PRESENTATION_STYLE_ASSIGNMENT (( #2669 ) ) ;
#1014 = EDGE_LOOP ( 'NONE', ( #94, #422, #2455, #3313 ) ) ;
#1015 = B_SPLINE_CURVE_WITH_KNOTS ( 'NONE', 3,
 ( #3, #2244, #2228, #891, #543, #1964, #3077, #835, #576, #1691, #2207, #1999, #274, #523, #312, #259, #1429, #1371, #1947, #3043, #1660, #816, #1147, #1113, #556, #2785, #292, #2513, #2600, #2295, #2326, #2694, #77, #3116, #92, #1215, #736, #2858, #399, #1480, #2403, #382, #194, #3442, #1498, #1182 ),
 .UNSPECIFIED., .F., .F.,
 ( 4, 3, 3, 3, 3, 3, 3, 3, 3, 3, 3, 3, 3, 3, 3, 4 ),
 ( -9.999999733345843296E-08, -1.323488980084844280E-23, 2.000000640001883174E-07, 1.000008000165034593E-06, 4.200531435853157477E-06, 1.703425884436700487E-05, 5.960996649035567459E-05, 0.0001021856741363441851, 0.0001447613817834369826, 0.0001873370894305301595, 0.0002299127970776234991, 0.0002724885047247163779, 0.0003150642123718093652, 0.0003576399200189021355, 0.0003960450220818526566, 0.0003961450220794181915 ),
 .UNSPECIFIED. ) ;
#1016 = EDGE_LOOP ( 'NONE', ( #3303, #2719, #17, #3065, #1725, #3432 ) ) ;
#1017 = CARTESIAN_POINT ( 'NONE',  ( 2.499999999999999556, 0.4000000000000000777, -2.166666666666666519 ) ) ;
#1018 = ORIENTED_EDGE ( 'NONE', *, *, #3183, .T. ) ;
#1019 = PLANE ( 'NONE',  #170 ) ;
#1020 = CYLINDRICAL_SURFACE ( 'NONE', #285, 0.9999999999999993339 ) ;
#1021 = DIRECTION ( 'NONE',  ( -0.000000000000000000, -0.000000000000000000, -1.000000000000000000 ) ) ;
#1022 = ORIENTED_EDGE ( 'NONE', *, *, #3262, .F. ) ;
#1023 = CARTESIAN_POINT ( 'NONE',  ( -1.500000000000000000, 1.066666666666667096, 2.166666666666666963 ) ) ;
#1024 = PLANE ( 'NONE',  #914 ) ;
#1025 = CARTESIAN_POINT ( 'NONE',  ( -1.166666666666663188, 0.1540948306367006249, 2.500000000000000444 ) ) ;
#1026 = PRESENTATION_STYLE_ASSIGNMENT (( #3519 ) ) ;
#1027 = ADVANCED_FACE ( 'NONE', ( #734 ), #2725, .F. ) ;
#1028 = LINE ( 'NONE', #804, #639 ) ;
#1029 = EDGE_LOOP ( 'NONE', ( #2818, #791 ) ) ;
#1030 =( NAMED_UNIT ( * ) SI_UNIT ( $, .STERADIAN. ) SOLID_ANGLE_UNIT ( ) );
#1031 = LINE ( 'NONE', #1617, #2616 ) ;
#1032 = DIRECTION ( 'NONE',  ( 1.000000000000000000, -0.000000000000000000, 0.000000000000000000 ) ) ;
#1033 = EDGE_CURVE ( 'NONE', #1937, #2422, #1346, .T. ) ;
#1034 = ORIENTED_EDGE ( 'NONE', *, *, #3474, .F. ) ;
#1035 = AXIS2_PLACEMENT_3D ( 'NONE', #12, #3323, #318 ) ;
#1036 = LINE ( 'NONE', #2985, #16 ) ;
#1037 = ORIENTED_EDGE ( 'NONE', *, *, #848, .F. ) ;
#1038 = STYLED_ITEM ( 'NONE', ( #2094 ), #467 ) ;
#1039 = CARTESIAN_POINT ( 'NONE',  ( 2.425000000000001155, -2.168404344971008868E-16, -2.166666666666666519 ) ) ;
#1040 = CARTESIAN_POINT ( 'NONE',  ( 1.166666666666662522, 0.1540948306367009302, 2.500000000000000444 ) ) ;
#1041 = DIRECTION ( 'NONE',  ( -0.000000000000000000, -1.000000000000000000, 0.000000000000000000 ) ) ;
#1042 = ORIENTED_EDGE ( 'NONE', *, *, #1329, .T. ) ;
#1043 = LINE ( 'NONE', #1152, #2382 ) ;
#1044 = CARTESIAN_POINT ( 'NONE',  ( 0.000000000000000000, 3.333333333333333481, 2.500000000000000444 ) ) ;
#1045 = PRESENTATION_STYLE_ASSIGNMENT (( #3537 ) ) ;
#1046 = DIRECTION ( 'NONE',  ( -1.000000000000000000, 0.000000000000000000, 4.688441826964341340E-16 ) ) ;
#1047 = VECTOR ( 'NONE', #806, 1000.000000000000000 ) ;
#1048 = CIRCLE ( 'NONE', #518, 0.4999999999999997780 ) ;
#1049 = MECHANICAL_DESIGN_GEOMETRIC_PRESENTATION_REPRESENTATION (  '', ( #2620 ), #993 ) ;
#1050 = ORIENTED_EDGE ( 'NONE', *, *, #1848, .F. ) ;
#1051 = CARTESIAN_POINT ( 'NONE',  ( 1.749999999999998224, 1.066666666666666430, 2.166666666666667407 ) ) ;
#1052 = MECHANICAL_DESIGN_GEOMETRIC_PRESENTATION_REPRESENTATION (  '', ( #1110 ), #2506 ) ;
#1053 = CARTESIAN_POINT ( 'NONE',  ( 1.166666666666662522, 0.1540948306367009302, 2.500000000000000444 ) ) ;
#1054 = SURFACE_SIDE_STYLE ('',( #2440 ) ) ;
#1055 = AXIS2_PLACEMENT_3D ( 'NONE', #2040, #1503, #3157 ) ;
#1056 = EDGE_CURVE ( 'NONE', #486, #1956, #2183, .T. ) ;
#1057 = CIRCLE ( 'NONE', #3210, 0.9999999999999993339 ) ;
#1058 = LINE ( 'NONE', #213, #1690 ) ;
#1059 = ORIENTED_EDGE ( 'NONE', *, *, #2731, .F. ) ;
#1060 = EDGE_CURVE ( 'NONE', #100, #841, #1028, .T. ) ;
#1061 = FILL_AREA_STYLE ('',( #777 ) ) ;
#1062 = SURFACE_STYLE_USAGE ( .BOTH. , #1430 ) ;
#1063 = SURFACE_STYLE_FILL_AREA ( #2759 ) ;
#1064 = MECHANICAL_DESIGN_GEOMETRIC_PRESENTATION_REPRESENTATION (  '', ( #1178 ), #3335 ) ;
#1065 = ORIENTED_EDGE ( 'NONE', *, *, #627, .F. ) ;
#1066 = SURFACE_STYLE_USAGE ( .BOTH. , #1628 ) ;
#1067 = LINE ( 'NONE', #206, #3088 ) ;
#1068 = DIRECTION ( 'NONE',  ( -4.688441826964341340E-16, 0.000000000000000000, -1.000000000000000000 ) ) ;
#1069 = DIRECTION ( 'NONE',  ( -0.000000000000000000, -0.000000000000000000, -1.000000000000000000 ) ) ;
#1070 = ORIENTED_EDGE ( 'NONE', *, *, #141, .T. ) ;
#1071 = CARTESIAN_POINT ( 'NONE',  ( -1.750000000000000000, 1.213113276073393809, 2.416666666666665186 ) ) ;
#1072 = FILL_AREA_STYLE ('',( #1868 ) ) ;
#1073 = CARTESIAN_POINT ( 'NONE',  ( 1.699999999999999956, 0.1279744685327766363, -4.218822833548887985 ) ) ;
#1074 = ORIENTED_EDGE ( 'NONE', *, *, #1673, .T. ) ;
#1075 = EDGE_CURVE ( 'NONE', #2288, #3548, #2198, .T. ) ;
#1076 = DIRECTION ( 'NONE',  ( 0.000000000000000000, 0.000000000000000000, 1.000000000000000000 ) ) ;
#1077 = CARTESIAN_POINT ( 'NONE',  ( -1.600000000000000755, 3.333333333333332593, -1.600000000000000311 ) ) ;
#1078 = SURFACE_STYLE_FILL_AREA ( #546 ) ;
#1079 = VERTEX_POINT ( 'NONE', #1900 ) ;
#1080 = EDGE_CURVE ( 'NONE', #968, #2121, #3385, .T. ) ;
#1081 =( NAMED_UNIT ( * ) PLANE_ANGLE_UNIT ( ) SI_UNIT ( $, .RADIAN. ) );
#1082 = LINE ( 'NONE', #2941, #121 ) ;
#1083 = APPLICATION_CONTEXT ( 'automotive_design' ) ;
#1084 = CARTESIAN_POINT ( 'NONE',  ( 1.814560945907769840, 2.200000000000000622, -1.600000000000000311 ) ) ;
#1085 = ORIENTED_EDGE ( 'NONE', *, *, #3183, .F. ) ;
#1086 = CARTESIAN_POINT ( 'NONE',  ( 1.749999999999997780, 1.213113276070544533, 2.416666666666666963 ) ) ;
#1087 = DIRECTION ( 'NONE',  ( 0.7071067811865512365, 0.000000000000000000, -0.7071067811865439090 ) ) ;
#1088 =( LENGTH_UNIT ( ) NAMED_UNIT ( * ) SI_UNIT ( .MILLI., .METRE. ) );
#1089 = ORIENTED_EDGE ( 'NONE', *, *, #363, .F. ) ;
#1090 = UNCERTAINTY_MEASURE_WITH_UNIT (LENGTH_MEASURE( 1.000000000000000082E-05 ), #3312, 'distance_accuracy_value', 'NONE');
#1091 = SURFACE_STYLE_USAGE ( .BOTH. , #1982 ) ;
#1092 = CARTESIAN_POINT ( 'NONE',  ( 2.166666666666665630, 3.333333333333333037, 1.600000000000000755 ) ) ;
#1093 = PRESENTATION_LAYER_ASSIGNMENT (  '', '', ( #566 ) ) ;
#1094 = SURFACE_STYLE_USAGE ( .BOTH. , #3582 ) ;
#1095 = VERTEX_POINT ( 'NONE', #2692 ) ;
#1096 = EDGE_CURVE ( 'NONE', #1225, #2084, #1381, .T. ) ;
#1097 = CARTESIAN_POINT ( 'NONE',  ( -1.750000000000000444, 0.4000000000000000777, 2.166666666666667407 ) ) ;
#1098 = CARTESIAN_POINT ( 'NONE',  ( -1.681585198530192615, 1.771986939879581335, 1.647791502810085351 ) ) ;
#1099 = FACE_OUTER_BOUND ( 'NONE', #2936, .T. ) ;
#1100 = VERTEX_POINT ( 'NONE', #3014 ) ;
#1101 = CARTESIAN_POINT ( 'NONE',  ( -1.850352899752133462, 0.6048329439068910185, -2.166666666666666519 ) ) ;
#1102 = VERTEX_POINT ( 'NONE', #2470 ) ;
#1103 = FACE_OUTER_BOUND ( 'NONE', #507, .T. ) ;
#1104 = PRESENTATION_STYLE_ASSIGNMENT (( #2487 ) ) ;
#1105 = CIRCLE ( 'NONE', #1571, 0.5666666666666652086 ) ;
#1106 = CARTESIAN_POINT ( 'NONE',  ( 1.500000000000000000, 3.333333333333333481, 2.166666666666666519 ) ) ;
#1107 = COLOUR_RGB ( '',0.2509803921568627416, 0.2509803921568627416, 0.2509803921568627416 ) ;
#1108 =( NAMED_UNIT ( * ) PLANE_ANGLE_UNIT ( ) SI_UNIT ( $, .RADIAN. ) );
#1109 = MECHANICAL_DESIGN_GEOMETRIC_PRESENTATION_REPRESENTATION (  '', ( #2031 ), #754 ) ;
#1110 = STYLED_ITEM ( 'NONE', ( #1026 ), #1027 ) ;
#1111 = VERTEX_POINT ( 'NONE', #3589 ) ;
#1112 = PRESENTATION_LAYER_ASSIGNMENT (  '', '', ( #2224 ) ) ;
#1113 = CARTESIAN_POINT ( 'NONE',  ( 1.688929555131780447, 0.2916775861665332759, 2.166666666666667407 ) ) ;
#1114 =( NAMED_UNIT ( * ) SI_UNIT ( $, .STERADIAN. ) SOLID_ANGLE_UNIT ( ) );
#1115 = FILL_AREA_STYLE ('',( #3316 ) ) ;
#1116 = DIRECTION ( 'NONE',  ( -1.000000000000000000, -0.000000000000000000, -0.000000000000000000 ) ) ;
#1117 = ORIENTED_EDGE ( 'NONE', *, *, #3167, .T. ) ;
#1118 = PRESENTATION_LAYER_ASSIGNMENT (  '', '', ( #1473 ) ) ;
#1119 = CARTESIAN_POINT ( 'NONE',  ( -1.748829067323880881, 0.3829306682703196851, 2.166666666666667407 ) ) ;
#1120 = CARTESIAN_POINT ( 'NONE',  ( 1.166666666666662966, 3.333333333333333481, 2.500000000000000444 ) ) ;
#1121 = ORIENTED_EDGE ( 'NONE', *, *, #102, .F. ) ;
#1122 = EDGE_CURVE ( 'NONE', #1648, #2294, #250, .T. ) ;
#1123 = MECHANICAL_DESIGN_GEOMETRIC_PRESENTATION_REPRESENTATION (  '', ( #533 ), #945 ) ;
#1124 = CYLINDRICAL_SURFACE ( 'NONE', #1641, 2.000000000000000000 ) ;
#1125 = VERTEX_POINT ( 'NONE', #1084 ) ;
#1126 = CARTESIAN_POINT ( 'NONE',  ( 0.000000000000000000, 0.4000000000000000777, 0.000000000000000000 ) ) ;
#1127 = SURFACE_STYLE_FILL_AREA ( #337 ) ;
#1128 = EDGE_CURVE ( 'NONE', #219, #1079, #2978, .T. ) ;
#1129 = VECTOR ( 'NONE', #3420, 1000.000000000000000 ) ;
#1130 = FILL_AREA_STYLE_COLOUR ( '', #245 ) ;
#1131 = EDGE_LOOP ( 'NONE', ( #242, #2983, #3397, #445 ) ) ;
#1132 = DIRECTION ( 'NONE',  ( -4.688441826964341340E-16, 0.000000000000000000, -1.000000000000000000 ) ) ;
#1133 = DIRECTION ( 'NONE',  ( 0.7071067811865512365, 0.000000000000000000, 0.7071067811865439090 ) ) ;
#1134 =( NAMED_UNIT ( * ) SI_UNIT ( $, .STERADIAN. ) SOLID_ANGLE_UNIT ( ) );
#1135 = ORIENTED_EDGE ( 'NONE', *, *, #2240, .T. ) ;
#1136 = CARTESIAN_POINT ( 'NONE',  ( -1.711031388945795984, 0.3093159324023385115, 2.166666666666667407 ) ) ;
#1137 = LINE ( 'NONE', #3361, #3072 ) ;
#1138 = EDGE_LOOP ( 'NONE', ( #3091, #2425, #2884, #2821 ) ) ;
#1139 = CARTESIAN_POINT ( 'NONE',  ( 1.500000000000000000, 3.333333333333333481, -2.166666666666666519 ) ) ;
#1140 = EDGE_LOOP ( 'NONE', ( #1398, #278, #2184, #2930 ) ) ;
#1141 = SURFACE_STYLE_USAGE ( .BOTH. , #3016 ) ;
#1142 = ADVANCED_FACE ( 'NONE', ( #208 ), #1311, .T. ) ;
#1143 = FILL_AREA_STYLE_COLOUR ( '', #868 ) ;
#1144 = DIRECTION ( 'NONE',  ( 0.6901619708142001652, -0.2176072335280446191, 0.6901619708141925047 ) ) ;
#1145 = EDGE_CURVE ( 'NONE', #1946, #144, #2306, .T. ) ;
#1146 = PRESENTATION_STYLE_ASSIGNMENT (( #2204 ) ) ;
#1147 = CARTESIAN_POINT ( 'NONE',  ( 1.700881684347831602, 0.2996869732358144467, 2.166666666666667407 ) ) ;
#1148 = SURFACE_STYLE_FILL_AREA ( #107 ) ;
#1149 = CARTESIAN_POINT ( 'NONE',  ( 1.500000000000000000, -2.168404344971008868E-16, -2.166666666666666519 ) ) ;
#1150 = FILL_AREA_STYLE_COLOUR ( '', #2812 ) ;
#1151 = EDGE_LOOP ( 'NONE', ( #1344, #140, #2146 ) ) ;
#1152 = CARTESIAN_POINT ( 'NONE',  ( 2.499999999999999112, 0.4000000000000000777, 2.091666666666668117 ) ) ;
#1153 = CYLINDRICAL_SURFACE ( 'NONE', #2076, 2.000000000000000000 ) ;
#1154 = CARTESIAN_POINT ( 'NONE',  ( 1.749999999999998446, 0.4000000000000000777, 2.166666666666667407 ) ) ;
#1155 = VERTEX_POINT ( 'NONE', #1715 ) ;
#1156 =( NAMED_UNIT ( * ) SI_UNIT ( $, .STERADIAN. ) SOLID_ANGLE_UNIT ( ) );
#1157 = EDGE_LOOP ( 'NONE', ( #1059, #2205, #2068, #3454, #2256, #3346 ) ) ;
#1158 = PLANE ( 'NONE',  #1687 ) ;
#1159 = FILL_AREA_STYLE_COLOUR ( '', #810 ) ;
#1160 = FILL_AREA_STYLE ('',( #2836 ) ) ;
#1161 = AXIS2_PLACEMENT_3D ( 'NONE', #2339, #989, #641 ) ;
#1162 = STYLED_ITEM ( 'NONE', ( #1444 ), #1696 ) ;
#1163 = VECTOR ( 'NONE', #3038, 1000.000000000000227 ) ;
#1164 = EDGE_CURVE ( 'NONE', #2002, #730, #2831, .T. ) ;
#1165 = CARTESIAN_POINT ( 'NONE',  ( 2.425000000000001155, 0.3112511343022052457, 2.166666666666666519 ) ) ;
#1166 = VECTOR ( 'NONE', #2308, 1000.000000000000000 ) ;
#1167 = FILL_AREA_STYLE_COLOUR ( '', #1174 ) ;
#1168 = MECHANICAL_DESIGN_GEOMETRIC_PRESENTATION_REPRESENTATION (  '', ( #3547 ), #2091 ) ;
#1169 =( LENGTH_UNIT ( ) NAMED_UNIT ( * ) SI_UNIT ( .MILLI., .METRE. ) );
#1170 = ORIENTED_EDGE ( 'NONE', *, *, #2706, .T. ) ;
#1171 = ADVANCED_FACE ( 'NONE', ( #69 ), #1124, .T. ) ;
#1172 = AXIS2_PLACEMENT_3D ( 'NONE', #2535, #30, #603 ) ;
#1173 =( NAMED_UNIT ( * ) SI_UNIT ( $, .STERADIAN. ) SOLID_ANGLE_UNIT ( ) );
#1174 = COLOUR_RGB ( '',0.8980392156862745390, 0.8980392156862745390, 0.8980392156862745390 ) ;
#1175 = ORIENTED_EDGE ( 'NONE', *, *, #2854, .F. ) ;
#1176 = FILL_AREA_STYLE_COLOUR ( '', #1271 ) ;
#1177 = SURFACE_STYLE_USAGE ( .BOTH. , #1477 ) ;
#1178 = STYLED_ITEM ( 'NONE', ( #1472 ), #3109 ) ;
#1179 =( LENGTH_UNIT ( ) NAMED_UNIT ( * ) SI_UNIT ( .MILLI., .METRE. ) );
#1180 = CIRCLE ( 'NONE', #2114, 0.4999999999999997780 ) ;
#1181 = FACE_OUTER_BOUND ( 'NONE', #3363, .T. ) ;
#1182 = CARTESIAN_POINT ( 'NONE',  ( 1.499999999999998224, 0.4000000000000000777, 2.166666666666666963 ) ) ;
#1183 = LINE ( 'NONE', #2296, #881 ) ;
#1184 =( NAMED_UNIT ( * ) PLANE_ANGLE_UNIT ( ) SI_UNIT ( $, .RADIAN. ) );
#1185 = ORIENTED_EDGE ( 'NONE', *, *, #986, .F. ) ;
#1186 = FACE_OUTER_BOUND ( 'NONE', #2216, .T. ) ;
#1187 = CARTESIAN_POINT ( 'NONE',  ( 0.000000000000000000, 1.066666666666666652, -2.166666666666666519 ) ) ;
#1188 = EDGE_CURVE ( 'NONE', #2664, #3068, #33, .T. ) ;
#1189 = CARTESIAN_POINT ( 'NONE',  ( -1.166666666666662966, 0.4000000000000000777, 2.500000000000000444 ) ) ;
#1190 = ORIENTED_EDGE ( 'NONE', *, *, #3057, .F. ) ;
#1191 = UNCERTAINTY_MEASURE_WITH_UNIT (LENGTH_MEASURE( 1.000000000000000082E-05 ), #2885, 'distance_accuracy_value', 'NONE');
#1192 = FACE_OUTER_BOUND ( 'NONE', #1332, .T. ) ;
#1193 = CARTESIAN_POINT ( 'NONE',  ( -1.600000000000000533, 3.333333333333333925, 2.166666666666666519 ) ) ;
#1194 = LINE ( 'NONE', #2241, #771 ) ;
#1195 = SURFACE_STYLE_USAGE ( .BOTH. , #2598 ) ;
#1196 = VERTEX_POINT ( 'NONE', #3364 ) ;
#1197 = DIRECTION ( 'NONE',  ( 0.7071067811865439090, -0.000000000000000000, 0.7071067811865512365 ) ) ;
#1198 = FILL_AREA_STYLE_COLOUR ( '', #2453 ) ;
#1199 =( NAMED_UNIT ( * ) SI_UNIT ( $, .STERADIAN. ) SOLID_ANGLE_UNIT ( ) );
#1200 = ORIENTED_EDGE ( 'NONE', *, *, #487, .F. ) ;
#1201 = LINE ( 'NONE', #1485, #3033 ) ;
#1202 = CARTESIAN_POINT ( 'NONE',  ( -1.750000000000000666, 0.4000000000000018541, 2.416666666666666963 ) ) ;
#1203 = DIRECTION ( 'NONE',  ( -4.688441826964341340E-16, 0.000000000000000000, 1.000000000000000000 ) ) ;
#1204 = CARTESIAN_POINT ( 'NONE',  ( -2.425000000000001155, 0.4000000000000000777, -2.166666666666666075 ) ) ;
#1205 = EDGE_LOOP ( 'NONE', ( #3456, #2626, #1393, #526, #1548, #2463, #3387, #3590, #637, #1550 ) ) ;
#1206 = EDGE_CURVE ( 'NONE', #1369, #3319, #860, .T. ) ;
#1207 = VECTOR ( 'NONE', #265, 1000.000000000000000 ) ;
#1208 = FILL_AREA_STYLE_COLOUR ( '', #3484 ) ;
#1209 = LINE ( 'NONE', #3194, #1619 ) ;
#1210 =( NAMED_UNIT ( * ) PLANE_ANGLE_UNIT ( ) SI_UNIT ( $, .RADIAN. ) );
#1211 = LINE ( 'NONE', #138, #1517 ) ;
#1212 = COLOUR_RGB ( '',0.2509803921568627416, 0.2509803921568627416, 0.2509803921568627416 ) ;
#1213 = EDGE_CURVE ( 'NONE', #1102, #486, #2212, .T. ) ;
#1214 =( NAMED_UNIT ( * ) SI_UNIT ( $, .STERADIAN. ) SOLID_ANGLE_UNIT ( ) );
#1215 = CARTESIAN_POINT ( 'NONE',  ( 1.533353406406429809, 0.3138510868277968879, 2.166666666666667407 ) ) ;
#1216 = LINE ( 'NONE', #2875, #1588 ) ;
#1217 = CARTESIAN_POINT ( 'NONE',  ( 1.624999999999998224, 1.066666666666666652, 2.166666666666667407 ) ) ;
#1218 = VECTOR ( 'NONE', #2933, 1000.000000000000000 ) ;
#1219 = ORIENTED_EDGE ( 'NONE', *, *, #3520, .T. ) ;
#1220 = AXIS2_PLACEMENT_3D ( 'NONE', #1612, #3518, #2469 ) ;
#1221 = CARTESIAN_POINT ( 'NONE',  ( -1.510003863600432705, 0.3490429399275383759, 2.166666666666667407 ) ) ;
#1222 =( NAMED_UNIT ( * ) SI_UNIT ( $, .STERADIAN. ) SOLID_ANGLE_UNIT ( ) );
#1223 =( NAMED_UNIT ( * ) PLANE_ANGLE_UNIT ( ) SI_UNIT ( $, .RADIAN. ) );
#1224 =( NAMED_UNIT ( * ) PLANE_ANGLE_UNIT ( ) SI_UNIT ( $, .RADIAN. ) );
#1225 = VERTEX_POINT ( 'NONE', #885 ) ;
#1226 = VECTOR ( 'NONE', #2794, 1000.000000000000000 ) ;
#1227 =( GEOMETRIC_REPRESENTATION_CONTEXT ( 3 ) GLOBAL_UNCERTAINTY_ASSIGNED_CONTEXT ( ( #1644 ) ) GLOBAL_UNIT_ASSIGNED_CONTEXT ( ( #938, #2886, #2851 ) ) REPRESENTATION_CONTEXT ( 'NONE', 'WORKASPACE' ) );
#1228 = CARTESIAN_POINT ( 'NONE',  ( 2.452128674633835548, 0.3398076809465377934, -2.139537992032831237 ) ) ;
#1229 = CIRCLE ( 'NONE', #2041, 2.000000000000000000 ) ;
#1230 = FACE_OUTER_BOUND ( 'NONE', #604, .T. ) ;
#1231 = DIRECTION ( 'NONE',  ( 1.000000000000000000, 0.000000000000000000, -0.000000000000000000 ) ) ;
#1232 = EDGE_CURVE ( 'NONE', #3464, #2364, #3376, .T. ) ;
#1233 = PRESENTATION_LAYER_ASSIGNMENT (  '', '', ( #125 ) ) ;
#1234 = PLANE ( 'NONE',  #694 ) ;
#1235 = AXIS2_PLACEMENT_3D ( 'NONE', #1846, #723, #2958 ) ;
#1236 = PLANE ( 'NONE',  #20 ) ;
#1237 = EDGE_CURVE ( 'NONE', #688, #1155, #167, .T. ) ;
#1238 = ORIENTED_EDGE ( 'NONE', *, *, #763, .T. ) ;
#1239 = STYLED_ITEM ( 'NONE', ( #2516 ), #3334 ) ;
#1240 = LINE ( 'NONE', #3458, #760 ) ;
#1241 = SURFACE_SIDE_STYLE ('',( #687 ) ) ;
#1242 = AXIS2_PLACEMENT_3D ( 'NONE', #940, #1842, #1254 ) ;
#1243 = VERTEX_POINT ( 'NONE', #970 ) ;
#1244 = CARTESIAN_POINT ( 'NONE',  ( -1.524964432525987901, 0.3250474467402728607, 2.166666666666667407 ) ) ;
#1245 = DIRECTION ( 'NONE',  ( 0.7071067811865439090, 0.000000000000000000, -0.7071067811865512365 ) ) ;
#1246 = CARTESIAN_POINT ( 'NONE',  ( -1.499999999999999778, 1.066666666666666652, 2.166666666666667407 ) ) ;
#1247 =( NAMED_UNIT ( * ) PLANE_ANGLE_UNIT ( ) SI_UNIT ( $, .RADIAN. ) );
#1248 = ORIENTED_EDGE ( 'NONE', *, *, #1781, .F. ) ;
#1249 = CARTESIAN_POINT ( 'NONE',  ( 1.681585198530192837, 1.771986939879581557, 1.647791502810084907 ) ) ;
#1250 = DIRECTION ( 'NONE',  ( -1.858632295689442265E-16, 0.000000000000000000, -1.000000000000000000 ) ) ;
#1251 = CARTESIAN_POINT ( 'NONE',  ( -1.600000000000000755, 3.333333333333333037, 2.166666666666666075 ) ) ;
#1252 = FILL_AREA_STYLE_COLOUR ( '', #235 ) ;
#1253 = ADVANCED_FACE ( 'NONE', ( #440 ), #2369, .F. ) ;
#1254 = DIRECTION ( 'NONE',  ( 0.7071067811865495711, 0.000000000000000000, -0.7071067811865454633 ) ) ;
#1255 = DIRECTION ( 'NONE',  ( -0.7071067811865510144, 0.000000000000000000, -0.7071067811865441310 ) ) ;
#1256 =( NAMED_UNIT ( * ) SI_UNIT ( $, .STERADIAN. ) SOLID_ANGLE_UNIT ( ) );
#1257 = VERTEX_POINT ( 'NONE', #149 ) ;
#1258 = EDGE_CURVE ( 'NONE', #2074, #1538, #410, .T. ) ;
#1259 = SURFACE_STYLE_FILL_AREA ( #126 ) ;
#1260 = CARTESIAN_POINT ( 'NONE',  ( 1.699999999999999956, 0.9999999999999988898, 2.500000000000000444 ) ) ;
#1261 = EDGE_LOOP ( 'NONE', ( #2711, #547, #3478, #2350, #3558, #3041 ) ) ;
#1262 = DIRECTION ( 'NONE',  ( -2.001604010742469762E-16, 0.000000000000000000, -1.000000000000000000 ) ) ;
#1263 = SURFACE_SIDE_STYLE ('',( #3225 ) ) ;
#1264 = VERTEX_POINT ( 'NONE', #1804 ) ;
#1265 = UNCERTAINTY_MEASURE_WITH_UNIT (LENGTH_MEASURE( 1.000000000000000082E-05 ), #1448, 'distance_accuracy_value', 'NONE');
#1266 = CARTESIAN_POINT ( 'NONE',  ( 0.000000000000000000, 1.066666666666666652, -2.166666666666666519 ) ) ;
#1267 = DIRECTION ( 'NONE',  ( 0.7071067811865510144, 0.000000000000000000, 0.7071067811865441310 ) ) ;
#1268 = CARTESIAN_POINT ( 'NONE',  ( -1.549647100247868448, 0.6048329439068916846, 2.166666666666666075 ) ) ;
#1269 = CARTESIAN_POINT ( 'NONE',  ( 1.499999999999997558, 1.066666666666666430, 2.166666666666667407 ) ) ;
#1270 = CARTESIAN_POINT ( 'NONE',  ( 0.000000000000000000, 0.000000000000000000, 0.000000000000000000 ) ) ;
#1271 = COLOUR_RGB ( '',0.8980392156862745390, 0.8980392156862745390, 0.8980392156862745390 ) ;
#1272 = DIRECTION ( 'NONE',  ( 0.000000000000000000, 0.000000000000000000, 1.000000000000000000 ) ) ;
#1273 = DIRECTION ( 'NONE',  ( 1.000000000000000000, 0.000000000000000000, 0.000000000000000000 ) ) ;
#1274 = VERTEX_POINT ( 'NONE', #2062 ) ;
#1275 = COLOUR_RGB ( '',0.8980392156862745390, 0.8980392156862745390, 0.8980392156862745390 ) ;
#1276 = CARTESIAN_POINT ( 'NONE',  ( 2.499999999999999556, 0.4000000000000000777, -2.500000000000000444 ) ) ;
#1277 = ORIENTED_EDGE ( 'NONE', *, *, #1368, .F. ) ;
#1278 = EDGE_CURVE ( 'NONE', #1006, #2149, #3481, .T. ) ;
#1279 = LINE ( 'NONE', #2428, #2 ) ;
#1281 = CARTESIAN_POINT ( 'NONE',  ( -0.9000000000000000222, 0.4000000000000001332, -2.500000000000000000 ) ) ;
#1280 = MECHANICAL_DESIGN_GEOMETRIC_PRESENTATION_REPRESENTATION (  '', ( #2269 ), #2748 ) ;
#1282 = PRESENTATION_STYLE_ASSIGNMENT (( #1798 ) ) ;
#1283 = ORIENTED_EDGE ( 'NONE', *, *, #2092, .F. ) ;
#1284 = EDGE_CURVE ( 'NONE', #1155, #219, #807, .T. ) ;
#1285 = COLOUR_RGB ( '',0.2509803921568627416, 0.2509803921568627416, 0.2509803921568627416 ) ;
#1286 = PLANE ( 'NONE',  #516 ) ;
#1287 = PRESENTATION_STYLE_ASSIGNMENT (( #2939 ) ) ;
#1288 = CARTESIAN_POINT ( 'NONE',  ( 2.425000000000001155, 1.066666666666666652, -2.166666666666666519 ) ) ;
#1289 = STYLED_ITEM ( 'NONE', ( #1423 ), #1971 ) ;
#1290 = AXIS2_PLACEMENT_3D ( 'NONE', #2139, #1364, #1634 ) ;
#1291 = VECTOR ( 'NONE', #3362, 1000.000000000000000 ) ;
#1292 = ORIENTED_EDGE ( 'NONE', *, *, #2049, .F. ) ;
#1293 = CARTESIAN_POINT ( 'NONE',  ( -1.681585198530192171, 1.771986939879581557, -1.647791502810084907 ) ) ;
#1294 = CARTESIAN_POINT ( 'NONE',  ( 0.9000000000000002442, 0.4000000000000001887, -2.500000000000000444 ) ) ;
#1295 = LINE ( 'NONE', #196, #2048 ) ;
#1296 = ORIENTED_EDGE ( 'NONE', *, *, #2242, .F. ) ;
#1297 = AXIS2_PLACEMENT_3D ( 'NONE', #420, #400, #906 ) ;
#1298 = VECTOR ( 'NONE', #1405, 1000.000000000000000 ) ;
#1299 = CARTESIAN_POINT ( 'NONE',  ( 1.500000000000000000, 0.5891792733273858440, 2.166666666666666519 ) ) ;
#1300 = ORIENTED_EDGE ( 'NONE', *, *, #431, .T. ) ;
#1301 = COLOUR_RGB ( '',0.2509803921568627416, 0.2509803921568627416, 0.2509803921568627416 ) ;
#1302 = EDGE_CURVE ( 'NONE', #707, #2504, #2593, .T. ) ;
#1303 = DIRECTION ( 'NONE',  ( 0.000000000000000000, 3.469446951953614189E-15, 1.000000000000000000 ) ) ;
#1304 =( LENGTH_UNIT ( ) NAMED_UNIT ( * ) SI_UNIT ( .MILLI., .METRE. ) );
#1305 = DIRECTION ( 'NONE',  ( 0.000000000000000000, -1.000000000000000000, 0.000000000000000000 ) ) ;
#1306 = ORIENTED_EDGE ( 'NONE', *, *, #1546, .T. ) ;
#1307 = EDGE_CURVE ( 'NONE', #2331, #3528, #3337, .T. ) ;
#1308 = LINE ( 'NONE', #3270, #1980 ) ;
#1309 = CYLINDRICAL_SURFACE ( 'NONE', #3325, 0.1250000000000011935 ) ;
#1310 = SURFACE_STYLE_FILL_AREA ( #192 ) ;
#1311 = PLANE ( 'NONE',  #994 ) ;
#1312 = EDGE_LOOP ( 'NONE', ( #91, #268, #2314, #2346 ) ) ;
#1313 = CARTESIAN_POINT ( 'NONE',  ( -1.931945647988578818, 3.333333333333333037, -2.166666666666664742 ) ) ;
#1314 = ORIENTED_EDGE ( 'NONE', *, *, #894, .T. ) ;
#1315 = CARTESIAN_POINT ( 'NONE',  ( 1.166666666666662966, 1.066666666666666652, 2.500000000000000444 ) ) ;
#1316 = ORIENTED_EDGE ( 'NONE', *, *, #3545, .T. ) ;
#1317 = CARTESIAN_POINT ( 'NONE',  ( 1.699999999999999956, 0.9999999999999988898, 2.166666666666666519 ) ) ;
#1318 = DIRECTION ( 'NONE',  ( -0.000000000000000000, -1.000000000000000000, 0.000000000000000000 ) ) ;
#1319 = EDGE_LOOP ( 'NONE', ( #2525, #759, #128, #2251 ) ) ;
#1320 = DIRECTION ( 'NONE',  ( -4.688441826964341340E-16, 0.000000000000000000, 1.000000000000000000 ) ) ;
#1321 = CARTESIAN_POINT ( 'NONE',  ( -2.499999999999999112, -2.168404344971008868E-16, 2.091666666666667673 ) ) ;
#1322 = SURFACE_SIDE_STYLE ('',( #223 ) ) ;
#1323 = PLANE ( 'NONE',  #118 ) ;
#1324 = ADVANCED_FACE ( 'NONE', ( #2868 ), #1286, .F. ) ;
#1325 = SURFACE_STYLE_USAGE ( .BOTH. , #3521 ) ;
#1326 = ORIENTED_EDGE ( 'NONE', *, *, #1923, .F. ) ;
#1327 = FILL_AREA_STYLE_COLOUR ( '', #693 ) ;
#1328 = CARTESIAN_POINT ( 'NONE',  ( 1.269065024006518883, 0.08953386183563530332, 2.397601642660144527 ) ) ;
#1329 = EDGE_CURVE ( 'NONE', #358, #3470, #3502, .T. ) ;
#1330 =( GEOMETRIC_REPRESENTATION_CONTEXT ( 3 ) GLOBAL_UNCERTAINTY_ASSIGNED_CONTEXT ( ( #2023 ) ) GLOBAL_UNIT_ASSIGNED_CONTEXT ( ( #3178, #2553, #1527 ) ) REPRESENTATION_CONTEXT ( 'NONE', 'WORKASPACE' ) );
#1331 = PLANE ( 'NONE',  #1749 ) ;
#1332 = EDGE_LOOP ( 'NONE', ( #2658, #1326, #2022, #1085, #2500, #3525, #491, #436 ) ) ;
#1333 = MECHANICAL_DESIGN_GEOMETRIC_PRESENTATION_REPRESENTATION (  '', ( #744 ), #686 ) ;
#1334 = PLANE ( 'NONE',  #3430 ) ;
#1335 = FILL_AREA_STYLE_COLOUR ( '', #3368 ) ;
#1336 = FILL_AREA_STYLE ('',( #216 ) ) ;
#1337 = CARTESIAN_POINT ( 'NONE',  ( -1.166666666666662966, 0.4840796770343925304, -2.500000000000000444 ) ) ;
#1338 = ORIENTED_EDGE ( 'NONE', *, *, #1302, .F. ) ;
#1339 = FACE_OUTER_BOUND ( 'NONE', #1138, .T. ) ;
#1340 = CARTESIAN_POINT ( 'NONE',  ( -1.554958463300382343, 1.175278507709732523, 2.096784922947537932 ) ) ;
#1341 = VECTOR ( 'NONE', #3150, 1000.000000000000000 ) ;
#1342 = CIRCLE ( 'NONE', #1515, 0.5000000000000000000 ) ;
#1343 = CARTESIAN_POINT ( 'NONE',  ( -2.166666666666666519, 1.066666666666666652, -1.600000000000000533 ) ) ;
#1344 = ORIENTED_EDGE ( 'NONE', *, *, #433, .F. ) ;
#1345 = LINE ( 'NONE', #18, #59 ) ;
#1346 = CIRCLE ( 'NONE', #2559, 0.9999999999999991118 ) ;
#1347 = ADVANCED_FACE ( 'NONE', ( #3140 ), #103, .T. ) ;
#1348 = DIRECTION ( 'NONE',  ( 0.000000000000000000, 1.000000000000000000, 0.000000000000000000 ) ) ;
#1349 = FACE_OUTER_BOUND ( 'NONE', #3492, .T. ) ;
#1350 = VECTOR ( 'NONE', #3413, 1000.000000000000000 ) ;
#1351 =( GEOMETRIC_REPRESENTATION_CONTEXT ( 3 ) GLOBAL_UNCERTAINTY_ASSIGNED_CONTEXT ( ( #1265 ) ) GLOBAL_UNIT_ASSIGNED_CONTEXT ( ( #1448, #61, #11 ) ) REPRESENTATION_CONTEXT ( 'NONE', 'WORKASPACE' ) );
#1352 = EDGE_CURVE ( 'NONE', #3319, #1095, #1308, .T. ) ;
#1353 = PRESENTATION_LAYER_ASSIGNMENT (  '', '', ( #2914 ) ) ;
#1354 = CARTESIAN_POINT ( 'NONE',  ( 3.814560945907770062, 2.200000000000000622, -1.600000000000000311 ) ) ;
#1355 = VERTEX_POINT ( 'NONE', #264 ) ;
#1356 =( GEOMETRIC_REPRESENTATION_CONTEXT ( 3 ) GLOBAL_UNCERTAINTY_ASSIGNED_CONTEXT ( ( #1090 ) ) GLOBAL_UNIT_ASSIGNED_CONTEXT ( ( #3312, #1108, #52 ) ) REPRESENTATION_CONTEXT ( 'NONE', 'WORKASPACE' ) );
#1357 = UNCERTAINTY_MEASURE_WITH_UNIT (LENGTH_MEASURE( 1.000000000000000082E-05 ), #2488, 'distance_accuracy_value', 'NONE');
#1358 = CARTESIAN_POINT ( 'NONE',  ( -1.850352899752133240, 0.6048329439068911295, -2.166666666666666519 ) ) ;
#1359 = CARTESIAN_POINT ( 'NONE',  ( -1.500000000000000000, 4.000000000000000000, -2.166666666666666519 ) ) ;
#1360 = CARTESIAN_POINT ( 'NONE',  ( -1.500000000000000000, 1.066666666666666652, -2.166666666666666519 ) ) ;
#1361 = EDGE_LOOP ( 'NONE', ( #1777, #2271, #1713 ) ) ;
#1362 = DIRECTION ( 'NONE',  ( 0.000000000000000000, 0.000000000000000000, 1.000000000000000000 ) ) ;
#1363 = PRESENTATION_STYLE_ASSIGNMENT (( #2182 ) ) ;
#1364 = DIRECTION ( 'NONE',  ( -0.7071067811865454633, 0.000000000000000000, 0.7071067811865495711 ) ) ;
#1365 = ORIENTED_EDGE ( 'NONE', *, *, #1462, .T. ) ;
#1366 = CARTESIAN_POINT ( 'NONE',  ( -1.500000000000000444, 1.066666666666666652, 2.166666666666667407 ) ) ;
#1367 = CARTESIAN_POINT ( 'NONE',  ( 1.500000000000000000, 4.000000000000000000, -2.166666666666666519 ) ) ;
#1368 = EDGE_CURVE ( 'NONE', #2325, #3111, #415, .T. ) ;
#1369 = VERTEX_POINT ( 'NONE', #1023 ) ;
#1370 = ADVANCED_FACE ( 'NONE', ( #2720 ), #621, .T. ) ;
#1371 = CARTESIAN_POINT ( 'NONE',  ( 1.742588943264768542, 0.3553505455809232161, 2.166666666666667407 ) ) ;
#1372 = DIRECTION ( 'NONE',  ( -0.9537169507482290420, 0.3007057995042667353, 0.000000000000000000 ) ) ;
#1373 = SURFACE_STYLE_FILL_AREA ( #1336 ) ;
#1374 = PLANE ( 'NONE',  #654 ) ;
#1375 = VERTEX_POINT ( 'NONE', #1838 ) ;
#1376 = CARTESIAN_POINT ( 'NONE',  ( 1.499999999999998446, 0.4000000000000006328, 2.416666666666666519 ) ) ;
#1377 =( BOUNDED_SURFACE ( )  B_SPLINE_SURFACE ( 3, 3, ( 
 ( #536, #287, #2141, #1655 ),
 ( #756, #2751, #2980, #482 ),
 ( #2438, #1086, #1604, #3539 ),
 ( #2727, #2767, #1051, #3000 ) ),
 .UNSPECIFIED., .F., .F., .T. ) 
 B_SPLINE_SURFACE_WITH_KNOTS ( ( 4, 4 ),
 ( 4, 4 ),
 ( 0.000000000000000000, 1.000000000000000000 ),
 ( 0.000000000000000000, 1.000000000000000000 ),
 .UNSPECIFIED. ) 
 GEOMETRIC_REPRESENTATION_ITEM ( )  RATIONAL_B_SPLINE_SURFACE ( (
 ( 1.000000000000000000, 0.8047378541301460908, 0.8047378541301460908, 1.000000000000000000),
 ( 0.3333333333333333703, 0.2682459513767154191, 0.2682459513767154191, 0.3333333333333333703),
 ( 0.3333333333333333703, 0.2682459513767154191, 0.2682459513767154191, 0.3333333333333333703),
 ( 1.000000000000000000, 0.8047378541301460908, 0.8047378541301460908, 1.000000000000000000) ) ) 
 REPRESENTATION_ITEM ( '' )  SURFACE ( )  );
#1378 = CARTESIAN_POINT ( 'NONE',  ( 2.499999999999999556, 1.066666666666666652, 2.091666666666668561 ) ) ;
#1379 = SURFACE_STYLE_FILL_AREA ( #2138 ) ;
#1380 = VERTEX_POINT ( 'NONE', #2137 ) ;
#1381 = LINE ( 'NONE', #480, #1743 ) ;
#1382 = ORIENTED_EDGE ( 'NONE', *, *, #2277, .T. ) ;
#1383 = CARTESIAN_POINT ( 'NONE',  ( 2.425000000000001155, 0.4236474091659232499, 2.166666666666666075 ) ) ;
#1384 = LINE ( 'NONE', #1106, #2864 ) ;
#1385 = FACE_OUTER_BOUND ( 'NONE', #187, .T. ) ;
#1386 = ORIENTED_EDGE ( 'NONE', *, *, #1206, .F. ) ;
#1387 = CLOSED_SHELL ( 'NONE', ( #2835, #3127, #1421, #273, #3257, #370, #298, #2318, #1253, #2365, #1985, #587, #1765, #2007 ) ) ;
#1388 =( NAMED_UNIT ( * ) PLANE_ANGLE_UNIT ( ) SI_UNIT ( $, .RADIAN. ) );
#1389 = CARTESIAN_POINT ( 'NONE',  ( 2.499999999999999112, 0.3999999999999994671, 2.091666666666668561 ) ) ;
#1390 = EDGE_CURVE ( 'NONE', #631, #2288, #749, .T. ) ;
#1391 = PRESENTATION_LAYER_ASSIGNMENT (  '', '', ( #917 ) ) ;
#1392 = DIRECTION ( 'NONE',  ( 0.000000000000000000, 0.000000000000000000, -1.000000000000000000 ) ) ;
#1393 = ORIENTED_EDGE ( 'NONE', *, *, #784, .T. ) ;
#1394 = CARTESIAN_POINT ( 'NONE',  ( -1.749962727209361191, 0.3967666159134247694, 2.166666666666667407 ) ) ;
#1395 = CARTESIAN_POINT ( 'NONE',  ( -1.381393926853234699, 0.04441446618712809741, -2.285272739813430487 ) ) ;
#1396 = SURFACE_STYLE_USAGE ( .BOTH. , #2267 ) ;
#1397 = ADVANCED_FACE ( 'NONE', ( #475 ), #1599, .T. ) ;
#1398 = ORIENTED_EDGE ( 'NONE', *, *, #141, .F. ) ;
#1399 = ORIENTED_EDGE ( 'NONE', *, *, #155, .T. ) ;
#1400 = CARTESIAN_POINT ( 'NONE',  ( 2.425000000000001155, 1.066666666666666652, 2.166666666666666519 ) ) ;
#1401 = DIRECTION ( 'NONE',  ( -0.7071067811865512365, 0.000000000000000000, 0.7071067811865439090 ) ) ;
#1402 = CIRCLE ( 'NONE', #3255, 0.9999999999999993339 ) ;
#1403 = DIRECTION ( 'NONE',  ( 0.000000000000000000, 0.000000000000000000, 1.000000000000000000 ) ) ;
#1404 = PRESENTATION_LAYER_ASSIGNMENT (  '', '', ( #6 ) ) ;
#1405 = DIRECTION ( 'NONE',  ( 1.000000000000000000, -0.000000000000000000, 0.000000000000000000 ) ) ;
#1406 = AXIS2_PLACEMENT_3D ( 'NONE', #99, #2934, #1797 ) ;
#1407 = PRESENTATION_LAYER_ASSIGNMENT (  '', '', ( #3263 ) ) ;
#1408 = ORIENTED_EDGE ( 'NONE', *, *, #3327, .T. ) ;
#1409 = MECHANICAL_DESIGN_GEOMETRIC_PRESENTATION_REPRESENTATION (  '', ( #1473 ), #820 ) ;
#1410 = CARTESIAN_POINT ( 'NONE',  ( -1.600000000000000755, 2.200000000000000622, -3.814560945907770062 ) ) ;
#1411 =( NAMED_UNIT ( * ) PLANE_ANGLE_UNIT ( ) SI_UNIT ( $, .RADIAN. ) );
#1412 =( LENGTH_UNIT ( ) NAMED_UNIT ( * ) SI_UNIT ( .MILLI., .METRE. ) );
#1413 = ORIENTED_EDGE ( 'NONE', *, *, #1278, .T. ) ;
#1414 = AXIS2_PLACEMENT_3D ( 'NONE', #2929, #1032, #1547 ) ;
#1415 = EDGE_CURVE ( 'NONE', #290, #1437, #1043, .T. ) ;
#1416 = SURFACE_STYLE_USAGE ( .BOTH. , #42 ) ;
#1417 = DIRECTION ( 'NONE',  ( -1.000000000000000000, -0.000000000000000000, -0.000000000000000000 ) ) ;
#1418 =( NAMED_UNIT ( * ) SI_UNIT ( $, .STERADIAN. ) SOLID_ANGLE_UNIT ( ) );
#1419 = ORIENTED_EDGE ( 'NONE', *, *, #231, .F. ) ;
#1420 = PRESENTATION_LAYER_ASSIGNMENT (  '', '', ( #2982 ) ) ;
#1421 = ADVANCED_FACE ( 'NONE', ( #2246 ), #601, .F. ) ;
#1422 = ORIENTED_EDGE ( 'NONE', *, *, #3436, .F. ) ;
#1423 = PRESENTATION_STYLE_ASSIGNMENT (( #1177 ) ) ;
#1424 = COLOUR_RGB ( '',0.2509803921568627416, 0.2509803921568627416, 0.2509803921568627416 ) ;
#1425 = AXIS2_PLACEMENT_3D ( 'NONE', #1217, #2330, #3170 ) ;
#1426 = CARTESIAN_POINT ( 'NONE',  ( -1.699999999999999956, 0.1279744685327766363, -4.218822833548887985 ) ) ;
#1427 = LINE ( 'NONE', #3058, #1298 ) ;
#1428 = ORIENTED_EDGE ( 'NONE', *, *, #1826, .F. ) ;
#1429 = CARTESIAN_POINT ( 'NONE',  ( 1.746918603012714621, 0.3690712496619371064, 2.166666666666667407 ) ) ;
#1430 = SURFACE_SIDE_STYLE ('',( #1624 ) ) ;
#1431 = DIRECTION ( 'NONE',  ( -7.589415207398531038E-16, 0.000000000000000000, -1.000000000000000000 ) ) ;
#1432 = DIRECTION ( 'NONE',  ( 2.001604010742469762E-16, -0.000000000000000000, 1.000000000000000000 ) ) ;
#1433 = ORIENTED_EDGE ( 'NONE', *, *, #2075, .T. ) ;
#1434 = CARTESIAN_POINT ( 'NONE',  ( -1.749995159982423720, 0.3989000086507256126, 2.166666666666667407 ) ) ;
#1435 = DIRECTION ( 'NONE',  ( -0.6901619708141999432, 0.2176072335280442582, 0.6901619708141927267 ) ) ;
#1436 = FILL_AREA_STYLE ('',( #3382 ) ) ;
#1437 = VERTEX_POINT ( 'NONE', #1970 ) ;
#1438 = CARTESIAN_POINT ( 'NONE',  ( -1.699999999999999956, 0.9999999999999988898, -2.500000000000000000 ) ) ;
#1439 = VERTEX_POINT ( 'NONE', #2816 ) ;
#1440 = EDGE_CURVE ( 'NONE', #3036, #2576, #1988, .T. ) ;
#1441 = CARTESIAN_POINT ( 'NONE',  ( -0.8999999999999999112, 0.4000000000000000777, 0.000000000000000000 ) ) ;
#1442 = FILL_AREA_STYLE ('',( #1130 ) ) ;
#1443 = ADVANCED_FACE ( 'NONE', ( #2844 ), #1469, .T. ) ;
#1444 = PRESENTATION_STYLE_ASSIGNMENT (( #1091 ) ) ;
#1445 = FACE_OUTER_BOUND ( 'NONE', #2777, .T. ) ;
#1446 = DIRECTION ( 'NONE',  ( 0.3007057995042664578, 0.9537169507482290420, -0.000000000000000000 ) ) ;
#1447 = ORIENTED_EDGE ( 'NONE', *, *, #1781, .T. ) ;
#1448 =( LENGTH_UNIT ( ) NAMED_UNIT ( * ) SI_UNIT ( .MILLI., .METRE. ) );
#1449 = DIRECTION ( 'NONE',  ( -0.000000000000000000, -1.000000000000000000, 0.000000000000000000 ) ) ;
#1450 = ORIENTED_EDGE ( 'NONE', *, *, #2211, .F. ) ;
#1451 = VECTOR ( 'NONE', #635, 1000.000000000000000 ) ;
#1452 = PRODUCT_DEFINITION_CONTEXT ( 'detailed design', #1083, 'design' ) ;
#1453 = FILL_AREA_STYLE_COLOUR ( '', #1580 ) ;
#1454 = VERTEX_POINT ( 'NONE', #350 ) ;
#1455 = CARTESIAN_POINT ( 'NONE',  ( -1.500000000000000000, 0.4000000000000000777, -2.166666666666666519 ) ) ;
#1456 = FACE_OUTER_BOUND ( 'NONE', #3059, .T. ) ;
#1457 = EDGE_CURVE ( 'NONE', #2325, #2765, #3584, .T. ) ;
#1458 = CARTESIAN_POINT ( 'NONE',  ( -2.499999999999999556, 0.4000000000000000777, 2.166666666666665630 ) ) ;
#1459 = AXIS2_PLACEMENT_3D ( 'NONE', #1438, #2270, #3386 ) ;
#1460 = FACE_OUTER_BOUND ( 'NONE', #1312, .T. ) ;
#1461 = VECTOR ( 'NONE', #497, 1000.000000000000114 ) ;
#1462 = EDGE_CURVE ( 'NONE', #1095, #819, #664, .T. ) ;
#1463 = CARTESIAN_POINT ( 'NONE',  ( -1.600000000000000977, 1.066666666666666874, -2.166666666666665186 ) ) ;
#1464 = COLOUR_RGB ( '',0.2509803921568627416, 0.2509803921568627416, 0.2509803921568627416 ) ;
#1465 = VECTOR ( 'NONE', #1975, 1000.000000000000227 ) ;
#1466 = ORIENTED_EDGE ( 'NONE', *, *, #3104, .F. ) ;
#1467 = COLOUR_RGB ( '',0.8980392156862745390, 0.8980392156862745390, 0.8980392156862745390 ) ;
#1468 = PRESENTATION_LAYER_ASSIGNMENT (  '', '', ( #2624 ) ) ;
#1469 = PLANE ( 'NONE',  #3389 ) ;
#1470 =( LENGTH_UNIT ( ) NAMED_UNIT ( * ) SI_UNIT ( .MILLI., .METRE. ) );
#1471 = DIRECTION ( 'NONE',  ( -1.355252715606880049E-16, 0.000000000000000000, 1.000000000000000000 ) ) ;
#1472 = PRESENTATION_STYLE_ASSIGNMENT (( #2287 ) ) ;
#1473 = STYLED_ITEM ( 'NONE', ( #2313 ), #2591 ) ;
#1474 = ORIENTED_EDGE ( 'NONE', *, *, #3493, .T. ) ;
#1475 = AXIS2_PLACEMENT_3D ( 'NONE', #90, #2618, #123 ) ;
#1476 = CARTESIAN_POINT ( 'NONE',  ( 0.000000000000000000, 3.333333333333333481, -2.500000000000000000 ) ) ;
#1477 = SURFACE_SIDE_STYLE ('',( #48 ) ) ;
#1478 = LINE ( 'NONE', #1756, #1129 ) ;
#1479 = MECHANICAL_DESIGN_GEOMETRIC_PRESENTATION_REPRESENTATION (  '', ( #25 ), #3455 ) ;
#1480 = CARTESIAN_POINT ( 'NONE',  ( 1.505793844033583184, 0.3623849447732593876, 2.166666666666667407 ) ) ;
#1481 = FACE_OUTER_BOUND ( 'NONE', #381, .T. ) ;
#1482 = SURFACE_STYLE_USAGE ( .BOTH. , #2055 ) ;
#1483 = ORIENTED_EDGE ( 'NONE', *, *, #3545, .F. ) ;
#1484 = EDGE_CURVE ( 'NONE', #631, #1636, #2276, .T. ) ;
#1485 = CARTESIAN_POINT ( 'NONE',  ( 0.000000000000000000, 3.333333333333333481, 2.166666666666665630 ) ) ;
#1486 = CARTESIAN_POINT ( 'NONE',  ( -1.500000000000000444, 0.1500000000000003830, 2.166666666666554164 ) ) ;
#1487 = CARTESIAN_POINT ( 'NONE',  ( -2.425000000000001155, 0.4000000000000000777, 2.166666666666666075 ) ) ;
#1488 = SURFACE_SIDE_STYLE ('',( #2753 ) ) ;
#1489 = ORIENTED_EDGE ( 'NONE', *, *, #2344, .F. ) ;
#1490 = EDGE_CURVE ( 'NONE', #1439, #1648, #3174, .T. ) ;
#1491 = UNCERTAINTY_MEASURE_WITH_UNIT (LENGTH_MEASURE( 1.000000000000000082E-05 ), #887, 'distance_accuracy_value', 'NONE');
#1492 = CARTESIAN_POINT ( 'NONE',  ( 1.681585198530192171, 2.628013060120417688, 1.647791502810084907 ) ) ;
#1493 = DIRECTION ( 'NONE',  ( 1.000000000000000000, 0.000000000000000000, -0.000000000000000000 ) ) ;
#1494 = FACE_OUTER_BOUND ( 'NONE', #2264, .T. ) ;
#1495 = CARTESIAN_POINT ( 'NONE',  ( -2.499999999999999112, 0.4000000000000000777, 2.091666666666667673 ) ) ;
#1496 = LINE ( 'NONE', #703, #60 ) ;
#1497 = ORIENTED_EDGE ( 'NONE', *, *, #414, .T. ) ;
#1498 = CARTESIAN_POINT ( 'NONE',  ( 1.500000013333331106, 0.3999666666701449103, 2.166666666666667407 ) ) ;
#1499 = ORIENTED_EDGE ( 'NONE', *, *, #1033, .T. ) ;
#1500 = ADVANCED_FACE ( 'NONE', ( #3206 ), #2896, .F. ) ;
#1501 = CARTESIAN_POINT ( 'NONE',  ( 1.600000000000000755, 1.066666666666666874, -1.600000000000000533 ) ) ;
#1502 = CYLINDRICAL_SURFACE ( 'NONE', #2081, 2.000000000000000000 ) ;
#1503 = DIRECTION ( 'NONE',  ( 1.000000000000000000, 0.000000000000000000, 0.000000000000000000 ) ) ;
#1504 =( LENGTH_UNIT ( ) NAMED_UNIT ( * ) SI_UNIT ( .MILLI., .METRE. ) );
#1505 = ORIENTED_EDGE ( 'NONE', *, *, #1060, .T. ) ;
#1506 = AXIS2_PLACEMENT_3D ( 'NONE', #2340, #3405, #1493 ) ;
#1507 = EDGE_CURVE ( 'NONE', #495, #2381, #1819, .T. ) ;
#1508 = SURFACE_STYLE_USAGE ( .BOTH. , #935 ) ;
#1509 = FILL_AREA_STYLE ('',( #1577 ) ) ;
#1510 = SURFACE_STYLE_USAGE ( .BOTH. , #973 ) ;
#1511 =( GEOMETRIC_REPRESENTATION_CONTEXT ( 3 ) GLOBAL_UNCERTAINTY_ASSIGNED_CONTEXT ( ( #2735 ) ) GLOBAL_UNIT_ASSIGNED_CONTEXT ( ( #1470, #3175, #1222 ) ) REPRESENTATION_CONTEXT ( 'NONE', 'WORKASPACE' ) );
#1512 = FACE_OUTER_BOUND ( 'NONE', #724, .T. ) ;
#1513 = SURFACE_STYLE_USAGE ( .BOTH. , #2128 ) ;
#1514 = CIRCLE ( 'NONE', #3197, 2.000000000000000000 ) ;
#1515 = AXIS2_PLACEMENT_3D ( 'NONE', #1867, #2981, #1639 ) ;
#1516 = ORIENTED_EDGE ( 'NONE', *, *, #15, .T. ) ;
#1517 = VECTOR ( 'NONE', #2595, 1000.000000000000000 ) ;
#1518 = CARTESIAN_POINT ( 'NONE',  ( 3.814560945907769618, 2.200000000000000622, 1.599999999999998757 ) ) ;
#1519 = PLANE ( 'NONE',  #2841 ) ;
#1520 = LINE ( 'NONE', #1553, #2162 ) ;
#1521 = ORIENTED_EDGE ( 'NONE', *, *, #2540, .T. ) ;
#1522 = STYLED_ITEM ( 'NONE', ( #2412 ), #2361 ) ;
#1523 = EDGE_CURVE ( 'NONE', #3516, #3276, #1201, .T. ) ;
#1524 = UNCERTAINTY_MEASURE_WITH_UNIT (LENGTH_MEASURE( 1.000000000000000082E-05 ), #511, 'distance_accuracy_value', 'NONE');
#1525 = CARTESIAN_POINT ( 'NONE',  ( 2.166666666666665630, 3.333333333333333037, 1.600000000000000533 ) ) ;
#1526 = AXIS2_PLACEMENT_3D ( 'NONE', #2623, #2014, #3152 ) ;
#1527 =( NAMED_UNIT ( * ) SI_UNIT ( $, .STERADIAN. ) SOLID_ANGLE_UNIT ( ) );
#1528 = CARTESIAN_POINT ( 'NONE',  ( 1.600000000000000089, 1.771986939879581557, -1.681585198530191505 ) ) ;
#1529 = EDGE_CURVE ( 'NONE', #2364, #1607, #2791, .T. ) ;
#1530 =( GEOMETRIC_REPRESENTATION_CONTEXT ( 3 ) GLOBAL_UNCERTAINTY_ASSIGNED_CONTEXT ( ( #1892 ) ) GLOBAL_UNIT_ASSIGNED_CONTEXT ( ( #3129, #649, #1256 ) ) REPRESENTATION_CONTEXT ( 'NONE', 'WORKASPACE' ) );
#1531 =( LENGTH_UNIT ( ) NAMED_UNIT ( * ) SI_UNIT ( .MILLI., .METRE. ) );
#1532 =( NAMED_UNIT ( * ) PLANE_ANGLE_UNIT ( ) SI_UNIT ( $, .RADIAN. ) );
#1533 = COLOUR_RGB ( '',0.2509803921568627416, 0.2509803921568627416, 0.2509803921568627416 ) ;
#1534 = ORIENTED_EDGE ( 'NONE', *, *, #387, .T. ) ;
#1535 = PRESENTATION_LAYER_ASSIGNMENT (  '', '', ( #3452 ) ) ;
#1536 = CARTESIAN_POINT ( 'NONE',  ( 2.425000000000001155, 0.4000000000000000777, 2.166666666666666519 ) ) ;
#1537 = MECHANICAL_DESIGN_GEOMETRIC_PRESENTATION_REPRESENTATION (  '', ( #3044 ), #2815 ) ;
#1538 = VERTEX_POINT ( 'NONE', #2366 ) ;
#1539 = CARTESIAN_POINT ( 'NONE',  ( -1.663399969497525888, 0.2802244778736259212, 2.166666666666667407 ) ) ;
#1540 = CARTESIAN_POINT ( 'NONE',  ( -2.425000000000001155, 0.4236474091659229724, -2.166666666666666075 ) ) ;
#1541 = DIRECTION ( 'NONE',  ( -0.9537169507482290420, -0.3007057995042667353, 0.000000000000000000 ) ) ;
#1542 = FACE_OUTER_BOUND ( 'NONE', #559, .T. ) ;
#1543 = EDGE_LOOP ( 'NONE', ( #2829, #2861, #3429, #1689, #704, #1668 ) ) ;
#1544 = DIRECTION ( 'NONE',  ( -1.355252715606880049E-16, 0.000000000000000000, 1.000000000000000000 ) ) ;
#1545 =( NAMED_UNIT ( * ) SI_UNIT ( $, .STERADIAN. ) SOLID_ANGLE_UNIT ( ) );
#1546 = EDGE_CURVE ( 'NONE', #3111, #1225, #3411, .T. ) ;
#1547 = DIRECTION ( 'NONE',  ( 0.000000000000000000, 0.000000000000000000, -1.000000000000000000 ) ) ;
#1548 = ORIENTED_EDGE ( 'NONE', *, *, #1659, .T. ) ;
#1549 = EDGE_CURVE ( 'NONE', #2354, #236, #3426, .T. ) ;
#1550 = ORIENTED_EDGE ( 'NONE', *, *, #646, .T. ) ;
#1551 = CARTESIAN_POINT ( 'NONE',  ( 0.8999999999999996891, 0.4000000000000001887, -4.218822833548887985 ) ) ;
#1552 = DIRECTION ( 'NONE',  ( -0.000000000000000000, 0.000000000000000000, -1.000000000000000000 ) ) ;
#1553 = CARTESIAN_POINT ( 'NONE',  ( 1.166666666666662522, 0.4840796770343923083, 2.500000000000000444 ) ) ;
#1554 = LINE ( 'NONE', #2951, #1875 ) ;
#1555 = ORIENTED_EDGE ( 'NONE', *, *, #231, .T. ) ;
#1556 = UNCERTAINTY_MEASURE_WITH_UNIT (LENGTH_MEASURE( 1.000000000000000082E-05 ), #2368, 'distance_accuracy_value', 'NONE');
#1557 = CARTESIAN_POINT ( 'NONE',  ( 2.499999999999999556, 0.3999999999999996336, -2.091666666666667673 ) ) ;
#1558 = FACE_OUTER_BOUND ( 'NONE', #726, .T. ) ;
#1559 = CARTESIAN_POINT ( 'NONE',  ( -1.750000000000001554, 1.096392556239435434, 2.146222793573473009 ) ) ;
#1560 = MECHANICAL_DESIGN_GEOMETRIC_PRESENTATION_REPRESENTATION (  '', ( #2544 ), #1330 ) ;
#1561 = PRODUCT_CONTEXT ( 'NONE', #896, 'mechanical' ) ;
#1562 = VERTEX_POINT ( 'NONE', #657 ) ;
#1563 = SURFACE_STYLE_USAGE ( .BOTH. , #2873 ) ;
#1564 = LINE ( 'NONE', #758, #3274 ) ;
#1565 = ORIENTED_EDGE ( 'NONE', *, *, #1896, .F. ) ;
#1566 = ADVANCED_FACE ( 'NONE', ( #1186 ), #2351, .F. ) ;
#1567 = DIRECTION ( 'NONE',  ( -0.000000000000000000, -0.000000000000000000, -1.000000000000000000 ) ) ;
#1568 = VERTEX_POINT ( 'NONE', #2879 ) ;
#1569 = EDGE_CURVE ( 'NONE', #1615, #3516, #690, .T. ) ;
#1570 = DIRECTION ( 'NONE',  ( -1.000000000000000000, 0.000000000000000000, -0.000000000000000000 ) ) ;
#1571 = AXIS2_PLACEMENT_3D ( 'NONE', #1501, #2150, #1076 ) ;
#1572 = PRESENTATION_STYLE_ASSIGNMENT (( #2899 ) ) ;
#1573 = ORIENTED_EDGE ( 'NONE', *, *, #803, .T. ) ;
#1574 = STYLED_ITEM ( 'NONE', ( #957 ), #1998 ) ;
#1575 = VECTOR ( 'NONE', #1585, 1000.000000000000000 ) ;
#1576 = CARTESIAN_POINT ( 'NONE',  ( 1.499999999999998224, 0.4000000000000001887, 2.166666666666667407 ) ) ;
#1577 = FILL_AREA_STYLE_COLOUR ( '', #1464 ) ;
#1578 = CARTESIAN_POINT ( 'NONE',  ( -1.549647100247866671, 0.6048329439068910185, 2.166666666666666519 ) ) ;
#1579 = AXIS2_PLACEMENT_3D ( 'NONE', #937, #733, #1231 ) ;
#1580 = COLOUR_RGB ( '',0.7294117647058823151, 0.3568627450980392246, 0.02352941176470588203 ) ;
#1581 =( GEOMETRIC_REPRESENTATION_CONTEXT ( 3 ) GLOBAL_UNCERTAINTY_ASSIGNED_CONTEXT ( ( #1556 ) ) GLOBAL_UNIT_ASSIGNED_CONTEXT ( ( #2368, #1223, #3496 ) ) REPRESENTATION_CONTEXT ( 'NONE', 'WORKASPACE' ) );
#1582 = SURFACE_STYLE_FILL_AREA ( #458 ) ;
#1583 = VERTEX_POINT ( 'NONE', #385 ) ;
#1584 =( NAMED_UNIT ( * ) PLANE_ANGLE_UNIT ( ) SI_UNIT ( $, .RADIAN. ) );
#1585 = DIRECTION ( 'NONE',  ( 0.9537169507482290420, -0.3007057995042665133, -0.000000000000000000 ) ) ;
#1586 = LINE ( 'NONE', #483, #2338 ) ;
#1587 = ORIENTED_EDGE ( 'NONE', *, *, #2299, .T. ) ;
#1588 = VECTOR ( 'NONE', #383, 1000.000000000000000 ) ;
#1589 = CYLINDRICAL_SURFACE ( 'NONE', #2977, 2.000000000000000000 ) ;
#1590 = PRODUCT_RELATED_PRODUCT_CATEGORY ( 'part', '', ( #1939 ) ) ;
#1591 = ORIENTED_EDGE ( 'NONE', *, *, #2731, .T. ) ;
#1592 = PLANE ( 'NONE',  #2029 ) ;
#1593 =( GEOMETRIC_REPRESENTATION_CONTEXT ( 3 ) GLOBAL_UNCERTAINTY_ASSIGNED_CONTEXT ( ( #542 ) ) GLOBAL_UNIT_ASSIGNED_CONTEXT ( ( #2992, #2209, #3025 ) ) REPRESENTATION_CONTEXT ( 'NONE', 'WORKASPACE' ) );
#1594 =( NAMED_UNIT ( * ) SI_UNIT ( $, .STERADIAN. ) SOLID_ANGLE_UNIT ( ) );
#1595 = PLANE ( 'NONE',  #178 ) ;
#1596 = EDGE_CURVE ( 'NONE', #2422, #2474, #365, .T. ) ;
#1597 = EDGE_LOOP ( 'NONE', ( #1833, #2599, #3070, #1382 ) ) ;
#1598 = VECTOR ( 'NONE', #2028, 1000.000000000000000 ) ;
#1599 = PLANE ( 'NONE',  #866 ) ;
#1600 = FILL_AREA_STYLE ('',( #2976 ) ) ;
#1601 = EDGE_CURVE ( 'NONE', #384, #3534, #1105, .T. ) ;
#1602 =( NAMED_UNIT ( * ) SI_UNIT ( $, .STERADIAN. ) SOLID_ANGLE_UNIT ( ) );
#1603 = EDGE_LOOP ( 'NONE', ( #2468, #427, #14, #2932, #110, #2780, #535, #1499, #2538, #2592 ) ) ;
#1604 = CARTESIAN_POINT ( 'NONE',  ( 1.749999999999997780, 1.316666666663074414, 2.313113276076677050 ) ) ;
#1605 = CARTESIAN_POINT ( 'NONE',  ( 1.624999999999998224, 1.066666666666666652, 2.166666666666667407 ) ) ;
#1606 = CARTESIAN_POINT ( 'NONE',  ( -2.499999999999999112, 0.4000000000000000777, -2.091666666666667673 ) ) ;
#1607 = VERTEX_POINT ( 'NONE', #2117 ) ;
#1608 =( BOUNDED_CURVE ( )  B_SPLINE_CURVE ( 3, ( #2247, #1395, #246, #879 ),
 .UNSPECIFIED., .F., .F. ) 
 B_SPLINE_CURVE_WITH_KNOTS ( ( 4, 4 ),
 ( 1.772154247585227438, 2.133332571338756978 ),
 .UNSPECIFIED. ) 
 CURVE ( )  GEOMETRIC_REPRESENTATION_ITEM ( )  RATIONAL_B_SPLINE_CURVE ( ( 1.000000000000000000, 0.9891586964286105399, 0.9891586964286105399, 1.000000000000000000 ) ) 
 REPRESENTATION_ITEM ( '' )  );
#1609 = VERTEX_POINT ( 'NONE', #1623 ) ;
#1610 = EDGE_CURVE ( 'NONE', #1111, #2517, #457, .T. ) ;
#1611 =( LENGTH_UNIT ( ) NAMED_UNIT ( * ) SI_UNIT ( .MILLI., .METRE. ) );
#1612 = CARTESIAN_POINT ( 'NONE',  ( 1.166666666666662966, 3.333333333333333481, -2.500000000000000444 ) ) ;
#1613 = FILL_AREA_STYLE_COLOUR ( '', #2801 ) ;
#1614 = ADVANCED_FACE ( 'NONE', ( #2736 ), #2191, .T. ) ;
#1615 = VERTEX_POINT ( 'NONE', #1876 ) ;
#1616 = FACE_OUTER_BOUND ( 'NONE', #1014, .T. ) ;
#1617 = CARTESIAN_POINT ( 'NONE',  ( -1.500000000000000000, 3.333333333333333481, -2.166666666666666519 ) ) ;
#1618 = DIRECTION ( 'NONE',  ( -1.000000000000000000, -0.000000000000000000, -0.000000000000000000 ) ) ;
#1619 = VECTOR ( 'NONE', #697, 999.9999999999998863 ) ;
#1620 = LINE ( 'NONE', #465, #529 ) ;
#1621 = ORIENTED_EDGE ( 'NONE', *, *, #2254, .T. ) ;
#1622 = VECTOR ( 'NONE', #3179, 1000.000000000000000 ) ;
#1623 = CARTESIAN_POINT ( 'NONE',  ( 1.600000000000000977, 2.200000000000000622, 1.814560945907769840 ) ) ;
#1624 = SURFACE_STYLE_FILL_AREA ( #503 ) ;
#1625 = LINE ( 'NONE', #2970, #131 ) ;
#1626 = ORIENTED_EDGE ( 'NONE', *, *, #3008, .T. ) ;
#1627 = VECTOR ( 'NONE', #1544, 1000.000000000000000 ) ;
#1628 = SURFACE_SIDE_STYLE ('',( #454 ) ) ;
#1629 = CARTESIAN_POINT ( 'NONE',  ( -2.425000000000001155, 1.066666666666666652, -2.166666666666666075 ) ) ;
#1630 = DIRECTION ( 'NONE',  ( -0.9537169507482290420, 0.3007057995042665133, 0.000000000000000000 ) ) ;
#1631 = EDGE_CURVE ( 'NONE', #1716, #3053, #1402, .T. ) ;
#1632 = AXIS2_PLACEMENT_3D ( 'NONE', #727, #2175, #200 ) ;
#1633 = PRESENTATION_LAYER_ASSIGNMENT (  '', '', ( #575 ) ) ;
#1634 = DIRECTION ( 'NONE',  ( 0.7071067811865495711, 0.000000000000000000, 0.7071067811865454633 ) ) ;
#1635 = PRESENTATION_LAYER_ASSIGNMENT (  '', '', ( #1574 ) ) ;
#1636 = VERTEX_POINT ( 'NONE', #3514 ) ;
#1637 = CARTESIAN_POINT ( 'NONE',  ( 1.166666666666662744, 0.4840796770343924194, -2.500000000000000444 ) ) ;
#1638 = STYLED_ITEM ( 'NONE', ( #2436 ), #1142 ) ;
#1639 = DIRECTION ( 'NONE',  ( 1.000000000000000000, 1.788933584601082316E-15, 0.000000000000000000 ) ) ;
#1640 = ADVANCED_FACE ( 'NONE', ( #3264 ), #1334, .T. ) ;
#1641 = AXIS2_PLACEMENT_3D ( 'NONE', #322, #2236, #2524 ) ;
#1642 = CARTESIAN_POINT ( 'NONE',  ( 2.166666666666666519, 3.333333333333333925, 1.600000000000000755 ) ) ;
#1643 = AXIS2_PLACEMENT_3D ( 'NONE', #1354, #1890, #742 ) ;
#1644 = UNCERTAINTY_MEASURE_WITH_UNIT (LENGTH_MEASURE( 1.000000000000000082E-05 ), #938, 'distance_accuracy_value', 'NONE');
#1645 =( LENGTH_UNIT ( ) NAMED_UNIT ( * ) SI_UNIT ( .MILLI., .METRE. ) );
#1646 = DIRECTION ( 'NONE',  ( -0.6901619708141965015, 0.2176072335280435643, -0.6901619708141965015 ) ) ;
#1647 = COLOUR_RGB ( '',0.2509803921568627416, 0.2509803921568627416, 0.2509803921568627416 ) ;
#1648 = VERTEX_POINT ( 'NONE', #1358 ) ;
#1649 = CARTESIAN_POINT ( 'NONE',  ( 1.499999999999998890, 0.1500000000000668576, 2.313113276073454294 ) ) ;
#1650 = PLANE ( 'NONE',  #49 ) ;
#1651 = CARTESIAN_POINT ( 'NONE',  ( -1.500000000000000888, 0.02020410288672839019, 2.166666666666666075 ) ) ;
#1652 = ORIENTED_EDGE ( 'NONE', *, *, #1206, .T. ) ;
#1653 = DIRECTION ( 'NONE',  ( 1.000000000000000000, 8.673617379884043361E-16, 0.000000000000000000 ) ) ;
#1654 = ORIENTED_EDGE ( 'NONE', *, *, #1145, .F. ) ;
#1655 = CARTESIAN_POINT ( 'NONE',  ( 1.499999999999998224, 1.066666666666666430, 2.166666666666667407 ) ) ;
#1656 = DIRECTION ( 'NONE',  ( -0.9537169507482290420, 0.3007057995042667353, 0.000000000000000000 ) ) ;
#1657 = EDGE_CURVE ( 'NONE', #2189, #1850, #1279, .T. ) ;
#1658 = ORIENTED_EDGE ( 'NONE', *, *, #3262, .T. ) ;
#1659 = EDGE_CURVE ( 'NONE', #1946, #1274, #3022, .T. ) ;
#1660 = CARTESIAN_POINT ( 'NONE',  ( 1.721181093543499685, 0.3189448915686198816, 2.166666666666667407 ) ) ;
#1661 = DIRECTION ( 'NONE',  ( 0.6901619708141998322, -0.2176072335280443970, 0.6901619708141927267 ) ) ;
#1662 = DIRECTION ( 'NONE',  ( 0.000000000000000000, -0.000000000000000000, -1.000000000000000000 ) ) ;
#1663 = ORIENTED_EDGE ( 'NONE', *, *, #947, .F. ) ;
#1664 = DIRECTION ( 'NONE',  ( 0.000000000000000000, 0.000000000000000000, 1.000000000000000000 ) ) ;
#1665 = CARTESIAN_POINT ( 'NONE',  ( 2.350000000000000533, 4.000000000000000000, -2.166666666666666963 ) ) ;
#1666 = DIRECTION ( 'NONE',  ( 1.000000000000000000, 0.000000000000000000, -0.000000000000000000 ) ) ;
#1667 = VERTEX_POINT ( 'NONE', #3529 ) ;
#1668 = ORIENTED_EDGE ( 'NONE', *, *, #2965, .F. ) ;
#1669 = SURFACE_STYLE_FILL_AREA ( #594 ) ;
#1670 = FILL_AREA_STYLE_COLOUR ( '', #1533 ) ;
#1671 = SURFACE_STYLE_FILL_AREA ( #1442 ) ;
#1672 = ORIENTED_EDGE ( 'NONE', *, *, #2615, .F. ) ;
#1673 = EDGE_CURVE ( 'NONE', #2576, #2231, #1915, .T. ) ;
#1674 = LINE ( 'NONE', #2758, #2852 ) ;
#1675 =( LENGTH_UNIT ( ) NAMED_UNIT ( * ) SI_UNIT ( .MILLI., .METRE. ) );
#1676 = VERTEX_POINT ( 'NONE', #1003 ) ;
#1677 = ADVANCED_FACE ( 'NONE', ( #2411 ), #1019, .T. ) ;
#1678 = CARTESIAN_POINT ( 'NONE',  ( -1.736198629086232126, 0.3429047734977546669, 2.166666666666667407 ) ) ;
#1679 = CARTESIAN_POINT ( 'NONE',  ( -1.931945647988580150, 3.333333333333333037, 2.166666666666665186 ) ) ;
#1680 = CARTESIAN_POINT ( 'NONE',  ( -2.499999999999999556, 0.3999999999999996336, -4.218822833548887985 ) ) ;
#1681 = ORIENTED_EDGE ( 'NONE', *, *, #1761, .F. ) ;
#1682 = EDGE_LOOP ( 'NONE', ( #3004, #1891, #199, #2587, #997, #1089 ) ) ;
#1683 = FILL_AREA_STYLE_COLOUR ( '', #812 ) ;
#1684 = CARTESIAN_POINT ( 'NONE',  ( -2.425000000000001155, 0.4236474091659230279, -2.166666666666666075 ) ) ;
#1685 = AXIS2_PLACEMENT_3D ( 'NONE', #2389, #3494, #1303 ) ;
#1686 =( GEOMETRIC_REPRESENTATION_CONTEXT ( 3 ) GLOBAL_UNCERTAINTY_ASSIGNED_CONTEXT ( ( #3021 ) ) GLOBAL_UNIT_ASSIGNED_CONTEXT ( ( #3055, #1704, #270 ) ) REPRESENTATION_CONTEXT ( 'NONE', 'WORKASPACE' ) );
#1687 = AXIS2_PLACEMENT_3D ( 'NONE', #622, #593, #2010 ) ;
#1688 = LINE ( 'NONE', #3391, #1598 ) ;
#1689 = ORIENTED_EDGE ( 'NONE', *, *, #1802, .F. ) ;
#1690 = VECTOR ( 'NONE', #2732, 999.9999999999998863 ) ;
#1691 = CARTESIAN_POINT ( 'NONE',  ( 1.749995159982421278, 0.3989000086507256126, 2.166666666666667407 ) ) ;
#1692 = DIRECTION ( 'NONE',  ( 0.000000000000000000, -0.000000000000000000, -1.000000000000000000 ) ) ;
#1693 = CARTESIAN_POINT ( 'NONE',  ( -2.452128674633837324, 0.3398076809465404025, -2.139537992032829461 ) ) ;
#1694 = ORIENTED_EDGE ( 'NONE', *, *, #2752, .F. ) ;
#1695 = VECTOR ( 'NONE', #1849, 999.9999999999998863 ) ;
#1696 = ADVANCED_FACE ( 'NONE', ( #469 ), #1592, .T. ) ;
#1697 = DIRECTION ( 'NONE',  ( 0.000000000000000000, 0.000000000000000000, -1.000000000000000000 ) ) ;
#1698 = AXIS2_PLACEMENT_3D ( 'NONE', #2655, #3253, #153 ) ;
#1699 = FACE_OUTER_BOUND ( 'NONE', #3233, .T. ) ;
#1700 = ORIENTED_EDGE ( 'NONE', *, *, #1923, .T. ) ;
#1701 = VECTOR ( 'NONE', #1854, 1000.000000000000000 ) ;
#1702 = ORIENTED_EDGE ( 'NONE', *, *, #2706, .F. ) ;
#1703 = LINE ( 'NONE', #1455, #638 ) ;
#1704 =( NAMED_UNIT ( * ) PLANE_ANGLE_UNIT ( ) SI_UNIT ( $, .RADIAN. ) );
#1705 = VECTOR ( 'NONE', #647, 1000.000000000000000 ) ;
#1706 =( LENGTH_UNIT ( ) NAMED_UNIT ( * ) SI_UNIT ( .MILLI., .METRE. ) );
#1707 = DIRECTION ( 'NONE',  ( -0.000000000000000000, -1.000000000000000000, -0.000000000000000000 ) ) ;
#1708 = DIRECTION ( 'NONE',  ( -1.000000000000000000, 0.000000000000000000, -0.000000000000000000 ) ) ;
#1709 = ORIENTED_EDGE ( 'NONE', *, *, #2142, .T. ) ;
#1710 = SURFACE_STYLE_FILL_AREA ( #3049 ) ;
#1711 = CARTESIAN_POINT ( 'NONE',  ( -1.750000000000000666, 0.4000000000000001332, 2.166666666666667407 ) ) ;
#1712 = DIRECTION ( 'NONE',  ( 1.000000000000000000, 0.000000000000000000, 1.084202172485504434E-16 ) ) ;
#1713 = ORIENTED_EDGE ( 'NONE', *, *, #831, .F. ) ;
#1714 = EDGE_CURVE ( 'NONE', #65, #2716, #328, .T. ) ;
#1715 = CARTESIAN_POINT ( 'NONE',  ( -1.814560945907769396, 2.200000000000000622, 1.600000000000000311 ) ) ;
#1716 = VERTEX_POINT ( 'NONE', #1165 ) ;
#1717 =( NAMED_UNIT ( * ) PLANE_ANGLE_UNIT ( ) SI_UNIT ( $, .RADIAN. ) );
#1718 = SURFACE_STYLE_USAGE ( .BOTH. , #3331 ) ;
#1719 = EDGE_CURVE ( 'NONE', #1607, #1125, #1674, .T. ) ;
#1720 = CARTESIAN_POINT ( 'NONE',  ( 2.350000000000000533, 3.333333333333333481, 2.166666666666666075 ) ) ;
#1721 = DIRECTION ( 'NONE',  ( -0.9537169507482299302, 0.3007057995042634047, 0.000000000000000000 ) ) ;
#1722 = VERTEX_POINT ( 'NONE', #3061 ) ;
#1723 = CARTESIAN_POINT ( 'NONE',  ( 2.477128674633836791, 0.3695048995117827251, 2.114537992032829994 ) ) ;
#1724 = SURFACE_STYLE_FILL_AREA ( #3101 ) ;
#1725 = ORIENTED_EDGE ( 'NONE', *, *, #53, .F. ) ;
#1726 = PRESENTATION_LAYER_ASSIGNMENT (  '', '', ( #562 ) ) ;
#1727 = CARTESIAN_POINT ( 'NONE',  ( -1.500000000000000444, 0.1499999999999341027, 2.313113276073333946 ) ) ;
#1728 =( NAMED_UNIT ( * ) SI_UNIT ( $, .STERADIAN. ) SOLID_ANGLE_UNIT ( ) );
#1729 = ORIENTED_EDGE ( 'NONE', *, *, #1490, .F. ) ;
#1730 = AXIS2_PLACEMENT_3D ( 'NONE', #3551, #2072, #2367 ) ;
#1731 = UNCERTAINTY_MEASURE_WITH_UNIT (LENGTH_MEASURE( 1.000000000000000082E-05 ), #1706, 'distance_accuracy_value', 'NONE');
#1732 = PRESENTATION_STYLE_ASSIGNMENT (( #3069 ) ) ;
#1733 = FILL_AREA_STYLE ('',( #1176 ) ) ;
#1734 = DIRECTION ( 'NONE',  ( 0.000000000000000000, 1.000000000000000000, 0.000000000000000000 ) ) ;
#1735 = EDGE_CURVE ( 'NONE', #2231, #1375, #1514, .T. ) ;
#1736 = CARTESIAN_POINT ( 'NONE',  ( 1.510415843334109498, 1.126379457998202938, 2.126914788050076499 ) ) ;
#1737 = CARTESIAN_POINT ( 'NONE',  ( -2.166666666666665630, 3.333333333333333037, 1.600000000000000311 ) ) ;
#1738 = EDGE_CURVE ( 'NONE', #290, #1380, #849, .T. ) ;
#1739 = SURFACE_SIDE_STYLE ('',( #3469 ) ) ;
#1740 = PRESENTATION_LAYER_ASSIGNMENT (  '', '', ( #408 ) ) ;
#1741 =( GEOMETRIC_REPRESENTATION_CONTEXT ( 3 ) GLOBAL_UNCERTAINTY_ASSIGNED_CONTEXT ( ( #428 ) ) GLOBAL_UNIT_ASSIGNED_CONTEXT ( ( #3509, #2424, #3523 ) ) REPRESENTATION_CONTEXT ( 'NONE', 'WORKASPACE' ) );
#1742 =( GEOMETRIC_REPRESENTATION_CONTEXT ( 3 ) GLOBAL_UNCERTAINTY_ASSIGNED_CONTEXT ( ( #2061 ) ) GLOBAL_UNIT_ASSIGNED_CONTEXT ( ( #862, #1717, #2526 ) ) REPRESENTATION_CONTEXT ( 'NONE', 'WORKASPACE' ) );
#1743 = VECTOR ( 'NONE', #2421, 1000.000000000000114 ) ;
#1744 = CARTESIAN_POINT ( 'NONE',  ( -1.500000000000000000, 3.333333333333333481, 2.166666666666666519 ) ) ;
#1745 = ORIENTED_EDGE ( 'NONE', *, *, #1529, .T. ) ;
#1746 = VECTOR ( 'NONE', #112, 1000.000000000000000 ) ;
#1747 = CARTESIAN_POINT ( 'NONE',  ( -1.567035407431091931, 0.2883718701832874154, 2.166666666666667407 ) ) ;
#1748 = LINE ( 'NONE', #373, #2665 ) ;
#1749 = AXIS2_PLACEMENT_3D ( 'NONE', #1276, #2426, #1832 ) ;
#1750 = VERTEX_POINT ( 'NONE', #869 ) ;
#1751 =( GEOMETRIC_REPRESENTATION_CONTEXT ( 3 ) GLOBAL_UNCERTAINTY_ASSIGNED_CONTEXT ( ( #2396 ) ) GLOBAL_UNIT_ASSIGNED_CONTEXT ( ( #1088, #3075, #572 ) ) REPRESENTATION_CONTEXT ( 'NONE', 'WORKASPACE' ) );
#1752 = CARTESIAN_POINT ( 'NONE',  ( 2.425000000000001155, 0.3112511343022052457, -2.166666666666666519 ) ) ;
#1753 = CARTESIAN_POINT ( 'NONE',  ( -2.425000000000001155, 1.066666666666666652, 2.166666666666665630 ) ) ;
#1754 = SURFACE_STYLE_USAGE ( .BOTH. , #2614 ) ;
#1755 = MECHANICAL_DESIGN_GEOMETRIC_PRESENTATION_REPRESENTATION (  '', ( #1811 ), #2170 ) ;
#1756 = CARTESIAN_POINT ( 'NONE',  ( 1.166666666666662966, 3.333333333333333481, 2.500000000000000444 ) ) ;
#1757 = VECTOR ( 'NONE', #3318, 1000.000000000000114 ) ;
#1758 = CARTESIAN_POINT ( 'NONE',  ( 1.600000000000000755, 2.200000000000000622, -3.814560945907770062 ) ) ;
#1759 =( LENGTH_UNIT ( ) NAMED_UNIT ( * ) SI_UNIT ( .MILLI., .METRE. ) );
#1760 = AXIS2_PLACEMENT_3D ( 'NONE', #571, #3095, #596 ) ;
#1761 = EDGE_CURVE ( 'NONE', #2121, #968, #1015, .T. ) ;
#1762 = CARTESIAN_POINT ( 'NONE',  ( 2.425000000000001155, 0.4236474091659228614, -2.166666666666666519 ) ) ;
#1763 = CARTESIAN_POINT ( 'NONE',  ( -1.500000000000000000, -2.168404344971008868E-16, -2.166666666666666519 ) ) ;
#1764 = ORIENTED_EDGE ( 'NONE', *, *, #2169, .F. ) ;
#1765 = ADVANCED_FACE ( 'NONE', ( #108 ), #1000, .F. ) ;
#1766 = CARTESIAN_POINT ( 'NONE',  ( -1.580162499343155780, 0.2824826315266379395, 2.166666666666667407 ) ) ;
#1767 = SURFACE_STYLE_FILL_AREA ( #3189 ) ;
#1768 = EDGE_LOOP ( 'NONE', ( #1447, #1505, #859, #2949, #3415, #1901 ) ) ;
#1769 = UNCERTAINTY_MEASURE_WITH_UNIT (LENGTH_MEASURE( 1.000000000000000082E-05 ), #2005, 'distance_accuracy_value', 'NONE');
#1770 = CARTESIAN_POINT ( 'NONE',  ( 1.600000000000001421, 3.333333333333333037, 2.166666666666665630 ) ) ;
#1771 = ORIENTED_EDGE ( 'NONE', *, *, #409, .F. ) ;
#1772 = PRESENTATION_STYLE_ASSIGNMENT (( #1754 ) ) ;
#1773 = CARTESIAN_POINT ( 'NONE',  ( 1.624999999999998224, 1.066666666666666430, 2.166666666666667407 ) ) ;
#1774 = FILL_AREA_STYLE_COLOUR ( '', #1107 ) ;
#1775 = CYLINDRICAL_SURFACE ( 'NONE', #1297, 0.5000000000000000000 ) ;
#1776 = ADVANCED_FACE ( 'NONE', ( #2013 ), #3234, .T. ) ;
#1777 = ORIENTED_EDGE ( 'NONE', *, *, #2684, .T. ) ;
#1778 = CARTESIAN_POINT ( 'NONE',  ( -1.533353406406432251, 0.3138510868277968879, 2.166666666666667407 ) ) ;
#1779 = CARTESIAN_POINT ( 'NONE',  ( -1.750000000000000666, 0.4000000000000001887, 2.166666666666667407 ) ) ;
#1780 = LINE ( 'NONE', #1246, #1800 ) ;
#1781 = EDGE_CURVE ( 'NONE', #2084, #100, #921, .T. ) ;
#1782 = ORIENTED_EDGE ( 'NONE', *, *, #1128, .T. ) ;
#1783 = VECTOR ( 'NONE', #2417, 1000.000000000000000 ) ;
#1784 =( NAMED_UNIT ( * ) PLANE_ANGLE_UNIT ( ) SI_UNIT ( $, .RADIAN. ) );
#1785 = DIRECTION ( 'NONE',  ( -1.000000000000000000, 0.000000000000000000, 0.000000000000000000 ) ) ;
#1786 = PRESENTATION_LAYER_ASSIGNMENT (  '', '', ( #1038 ) ) ;
#1787 = DIRECTION ( 'NONE',  ( 0.000000000000000000, 0.000000000000000000, 1.000000000000000000 ) ) ;
#1788 = CARTESIAN_POINT ( 'NONE',  ( -1.699999999999999956, 0.9999999999999988898, 2.500000000000000444 ) ) ;
#1789 = ORIENTED_EDGE ( 'NONE', *, *, #1507, .T. ) ;
#1790 = AXIS2_PLACEMENT_3D ( 'NONE', #1993, #3110, #607 ) ;
#1791 = AXIS2_PLACEMENT_3D ( 'NONE', #745, #451, #2680 ) ;
#1792 = AXIS2_PLACEMENT_3D ( 'NONE', #683, #942, #1787 ) ;
#1793 = EDGE_LOOP ( 'NONE', ( #1190, #22, #2548 ) ) ;
#1794 = PRESENTATION_LAYER_ASSIGNMENT (  '', '', ( #1856 ) ) ;
#1795 = VECTOR ( 'NONE', #753, 999.9999999999998863 ) ;
#1796 = CARTESIAN_POINT ( 'NONE',  ( -2.452128674633834216, 0.3398076809465366832, 2.139537992032832125 ) ) ;
#1797 = DIRECTION ( 'NONE',  ( 1.000000000000000000, -5.421010862427522170E-15, 1.084202172485504434E-16 ) ) ;
#1798 = SURFACE_STYLE_USAGE ( .BOTH. , #388 ) ;
#1799 = VERTEX_POINT ( 'NONE', #1762 ) ;
#1800 = VECTOR ( 'NONE', #2119, 1000.000000000000000 ) ;
#1801 = VECTOR ( 'NONE', #591, 1000.000000000000000 ) ;
#1802 = EDGE_CURVE ( 'NONE', #1562, #2504, #2151, .T. ) ;
#1803 = UNCERTAINTY_MEASURE_WITH_UNIT (LENGTH_MEASURE( 1.000000000000000082E-05 ), #46, 'distance_accuracy_value', 'NONE');
#1804 = CARTESIAN_POINT ( 'NONE',  ( 2.350000000000000533, 4.000000000000000000, 2.166666666666666075 ) ) ;
#1805 = AXIS2_PLACEMENT_3D ( 'NONE', #1763, #2891, #2362 ) ;
#1806 = DIRECTION ( 'NONE',  ( -0.000000000000000000, -1.000000000000000000, -0.000000000000000000 ) ) ;
#1807 = SURFACE_STYLE_USAGE ( .BOTH. , #2375 ) ;
#1808 = STYLED_ITEM ( 'NONE', ( #2770 ), #2878 ) ;
#1809 = EDGE_CURVE ( 'NONE', #3087, #3223, #1345, .T. ) ;
#1810 = DIRECTION ( 'NONE',  ( -0.7071067811865510144, 0.000000000000000000, 0.7071067811865441310 ) ) ;
#1811 = STYLED_ITEM ( 'NONE', ( #2187 ), #3060 ) ;
#1812 = CARTESIAN_POINT ( 'NONE',  ( 1.699999999999999956, 0.9999999999999988898, -2.500000000000000444 ) ) ;
#1813 = ORIENTED_EDGE ( 'NONE', *, *, #2075, .F. ) ;
#1814 = CIRCLE ( 'NONE', #949, 0.5666666666666654306 ) ;
#1815 = PLANE ( 'NONE',  #939 ) ;
#1816 =( LENGTH_UNIT ( ) NAMED_UNIT ( * ) SI_UNIT ( .MILLI., .METRE. ) );
#1817 = COLOUR_RGB ( '',0.8980392156862745390, 0.8980392156862745390, 0.8980392156862745390 ) ;
#1818 = ORIENTED_EDGE ( 'NONE', *, *, #1549, .T. ) ;
#1819 = LINE ( 'NONE', #2071, #996 ) ;
#1820 =( NAMED_UNIT ( * ) SI_UNIT ( $, .STERADIAN. ) SOLID_ANGLE_UNIT ( ) );
#1821 = DIRECTION ( 'NONE',  ( -0.000000000000000000, -1.000000000000000000, -0.000000000000000000 ) ) ;
#1822 = VERTEX_POINT ( 'NONE', #2472 ) ;
#1823 = CARTESIAN_POINT ( 'NONE',  ( 1.600000000000000755, 1.771986939879581557, 1.681585198530192615 ) ) ;
#1824 = CARTESIAN_POINT ( 'NONE',  ( 1.647791502810085129, 1.771986939879581335, -1.681585198530191727 ) ) ;
#1825 = CARTESIAN_POINT ( 'NONE',  ( -1.500000000000000000, -2.168404344971008868E-16, 2.166666666666666519 ) ) ;
#1826 = EDGE_CURVE ( 'NONE', #2437, #2002, #3054, .T. ) ;
#1827 = FILL_AREA_STYLE_COLOUR ( '', #1817 ) ;
#1828 = ORIENTED_EDGE ( 'NONE', *, *, #899, .F. ) ;
#1829 = FILL_AREA_STYLE_COLOUR ( '', #349 ) ;
#1830 = EDGE_CURVE ( 'NONE', #3548, #3564, #3591, .T. ) ;
#1831 = VERTEX_POINT ( 'NONE', #2712 ) ;
#1832 = DIRECTION ( 'NONE',  ( -0.9537169507482290420, 0.3007057995042667353, 0.000000000000000000 ) ) ;
#1833 = ORIENTED_EDGE ( 'NONE', *, *, #2857, .T. ) ;
#1834 = PRESENTATION_STYLE_ASSIGNMENT (( #2659 ) ) ;
#1835 = DIRECTION ( 'NONE',  ( 0.7071067811865512365, 0.000000000000000000, -0.7071067811865439090 ) ) ;
#1836 = DIRECTION ( 'NONE',  ( 0.000000000000000000, 1.000000000000000000, 0.000000000000000000 ) ) ;
#1837 = ORIENTED_EDGE ( 'NONE', *, *, #1302, .T. ) ;
#1838 = CARTESIAN_POINT ( 'NONE',  ( -1.600000000000000755, 1.066666666666666652, -2.166666666666666519 ) ) ;
#1839 = FILL_AREA_STYLE ('',( #3556 ) ) ;
#1840 = CARTESIAN_POINT ( 'NONE',  ( 2.166666666666664742, 3.333333333333333037, -1.600000000000000089 ) ) ;
#1841 = AXIS2_PLACEMENT_3D ( 'NONE', #3482, #3503, #476 ) ;
#1842 = DIRECTION ( 'NONE',  ( 0.7071067811865454633, -0.000000000000000000, 0.7071067811865495711 ) ) ;
#1843 = VERTEX_POINT ( 'NONE', #3251 ) ;
#1844 = PRESENTATION_STYLE_ASSIGNMENT (( #1513 ) ) ;
#1845 = LINE ( 'NONE', #2671, #3084 ) ;
#1846 = CARTESIAN_POINT ( 'NONE',  ( 1.600000000000000533, 1.066666666666666874, 1.600000000000000755 ) ) ;
#1847 = EDGE_LOOP ( 'NONE', ( #1855, #114, #2971, #772 ) ) ;
#1848 = EDGE_CURVE ( 'NONE', #838, #290, #252, .T. ) ;
#1849 = DIRECTION ( 'NONE',  ( -0.9537169507482290420, 0.3007057995042667353, 0.000000000000000000 ) ) ;
#1850 = VERTEX_POINT ( 'NONE', #1637 ) ;
#1851 = ADVANCED_FACE ( 'NONE', ( #1103 ), #1377, .T. ) ;
#1853 = CARTESIAN_POINT ( 'NONE',  ( 1.699999999999999956, 0.9999999999999988898, -4.218822833548887985 ) ) ;
#1852 = STYLED_ITEM ( 'NONE', ( #1844 ), #1776 ) ;
#1854 = DIRECTION ( 'NONE',  ( 1.000000000000000000, 0.000000000000000000, 0.000000000000000000 ) ) ;
#1855 = ORIENTED_EDGE ( 'NONE', *, *, #3034, .F. ) ;
#1856 = STYLED_ITEM ( 'NONE', ( #2238 ), #1881 ) ;
#1857 = PRESENTATION_LAYER_ASSIGNMENT (  '', '', ( #3435 ) ) ;
#1858 = CARTESIAN_POINT ( 'NONE',  ( 1.850352899752133462, 0.6048329439068910185, -4.218822833548887985 ) ) ;
#1859 = CARTESIAN_POINT ( 'NONE',  ( -2.349999999999999645, 3.333333333333333481, 0.000000000000000000 ) ) ;
#1860 = CARTESIAN_POINT ( 'NONE',  ( -1.166666666666663188, 3.333333333333333481, -2.500000000000000000 ) ) ;
#1861 =( NAMED_UNIT ( * ) PLANE_ANGLE_UNIT ( ) SI_UNIT ( $, .RADIAN. ) );
#1862 = VECTOR ( 'NONE', #2106, 1000.000000000000000 ) ;
#1863 =( GEOMETRIC_REPRESENTATION_CONTEXT ( 3 ) GLOBAL_UNCERTAINTY_ASSIGNED_CONTEXT ( ( #3417 ) ) GLOBAL_UNIT_ASSIGNED_CONTEXT ( ( #1412, #817, #39 ) ) REPRESENTATION_CONTEXT ( 'NONE', 'WORKASPACE' ) );
#1864 = CARTESIAN_POINT ( 'NONE',  ( 1.624999999999998890, 0.4000000000000001887, 2.166666666666667407 ) ) ;
#1865 = ORIENTED_EDGE ( 'NONE', *, *, #714, .F. ) ;
#1866 =( NAMED_UNIT ( * ) PLANE_ANGLE_UNIT ( ) SI_UNIT ( $, .RADIAN. ) );
#1867 = CARTESIAN_POINT ( 'NONE',  ( -1.699999999999999956, 0.1279744685327766363, 2.166666666666665630 ) ) ;
#1868 = FILL_AREA_STYLE_COLOUR ( '', #2461 ) ;
#1869 = ORIENTED_EDGE ( 'NONE', *, *, #3299, .T. ) ;
#1870 = VECTOR ( 'NONE', #174, 1000.000000000000000 ) ;
#1871 = PRESENTATION_LAYER_ASSIGNMENT (  '', '', ( #3445 ) ) ;
#1872 = DIRECTION ( 'NONE',  ( -0.000000000000000000, -1.000000000000000000, -0.000000000000000000 ) ) ;
#1873 = ORIENTED_EDGE ( 'NONE', *, *, #3299, .F. ) ;
#1874 = EDGE_CURVE ( 'NONE', #3488, #65, #2166, .T. ) ;
#1875 = VECTOR ( 'NONE', #147, 1000.000000000000000 ) ;
#1876 = CARTESIAN_POINT ( 'NONE',  ( 2.350000000000000533, 3.333333333333333481, -2.166666666666666519 ) ) ;
#1877 = DIRECTION ( 'NONE',  ( 1.000000000000000000, 0.000000000000000000, 0.000000000000000000 ) ) ;
#1878 = CARTESIAN_POINT ( 'NONE',  ( 1.166666666666662966, 4.000000000000000000, 2.500000000000000444 ) ) ;
#1879 = CARTESIAN_POINT ( 'NONE',  ( 0.000000000000000000, 1.066666666666666652, -2.500000000000000444 ) ) ;
#1880 = ORIENTED_EDGE ( 'NONE', *, *, #537, .F. ) ;
#1881 = ADVANCED_FACE ( 'NONE', ( #1616 ), #227, .F. ) ;
#1882 = VECTOR ( 'NONE', #2541, 1000.000000000000000 ) ;
#1883 = DIRECTION ( 'NONE',  ( 0.000000000000000000, 0.000000000000000000, 1.000000000000000000 ) ) ;
#1884 = CARTESIAN_POINT ( 'NONE',  ( 1.600000000000000977, 2.200000000000000622, 3.814560945907770062 ) ) ;
#1885 = FACE_OUTER_BOUND ( 'NONE', #2210, .T. ) ;
#1886 = CARTESIAN_POINT ( 'NONE',  ( -1.750000000000001110, 1.066666666666666652, 2.166666666666666963 ) ) ;
#1887 = ORIENTED_EDGE ( 'NONE', *, *, #1284, .F. ) ;
#1888 = SURFACE_SIDE_STYLE ('',( #2220 ) ) ;
#1889 =( NAMED_UNIT ( * ) PLANE_ANGLE_UNIT ( ) SI_UNIT ( $, .RADIAN. ) );
#1890 = DIRECTION ( 'NONE',  ( -0.000000000000000000, -0.000000000000000000, 1.000000000000000000 ) ) ;
#1891 = ORIENTED_EDGE ( 'NONE', *, *, #341, .T. ) ;
#1892 = UNCERTAINTY_MEASURE_WITH_UNIT (LENGTH_MEASURE( 1.000000000000000082E-05 ), #3129, 'distance_accuracy_value', 'NONE');
#1893 =( NAMED_UNIT ( * ) SI_UNIT ( $, .STERADIAN. ) SOLID_ANGLE_UNIT ( ) );
#1894 = CARTESIAN_POINT ( 'NONE',  ( 1.500000000000000000, 0.02020410288672833815, -2.166666666666666519 ) ) ;
#1895 = ORIENTED_EDGE ( 'NONE', *, *, #3212, .F. ) ;
#1896 = EDGE_CURVE ( 'NONE', #1006, #1799, #3092, .T. ) ;
#1897 =( LENGTH_UNIT ( ) NAMED_UNIT ( * ) SI_UNIT ( .MILLI., .METRE. ) );
#1898 = LINE ( 'NONE', #751, #3259 ) ;
#1899 = DIRECTION ( 'NONE',  ( 0.000000000000000000, 1.000000000000000000, 0.000000000000000000 ) ) ;
#1900 = CARTESIAN_POINT ( 'NONE',  ( -2.166666666666666075, 1.066666666666666652, -1.600000000000000533 ) ) ;
#1901 = ORIENTED_EDGE ( 'NONE', *, *, #10, .T. ) ;
#1902 = SURFACE_STYLE_FILL_AREA ( #788 ) ;
#1903 = CARTESIAN_POINT ( 'NONE',  ( -1.750000000000000666, 1.066666666666666652, 2.166666666666667407 ) ) ;
#1904 = PLANE ( 'NONE',  #825 ) ;
#1905 = CARTESIAN_POINT ( 'NONE',  ( -1.500000000000000444, 1.066666666666666652, 2.166666666666666519 ) ) ;
#1906 = ORIENTED_EDGE ( 'NONE', *, *, #737, .T. ) ;
#1907 = CARTESIAN_POINT ( 'NONE',  ( 2.425000000000001155, 3.333333333333333481, -2.166666666666666519 ) ) ;
#1908 = DIRECTION ( 'NONE',  ( 0.000000000000000000, 0.000000000000000000, 1.000000000000000000 ) ) ;
#1909 = CARTESIAN_POINT ( 'NONE',  ( 1.269065024006519549, 0.08953386183563503964, -2.397601642660144972 ) ) ;
#1910 = CARTESIAN_POINT ( 'NONE',  ( 2.499999999999999112, 0.4000000000000001887, -2.091666666666668117 ) ) ;
#1911 = VERTEX_POINT ( 'NONE', #2870 ) ;
#1912 = CARTESIAN_POINT ( 'NONE',  ( 1.499999999999998224, 0.4000000000000000777, 2.166666666666667407 ) ) ;
#1913 = DIRECTION ( 'NONE',  ( 0.000000000000000000, 0.000000000000000000, 1.000000000000000000 ) ) ;
#1914 = DIRECTION ( 'NONE',  ( -0.9537169507482287090, 0.3007057995042675125, 0.000000000000000000 ) ) ;
#1915 = CIRCLE ( 'NONE', #1685, 2.000000000000000000 ) ;
#1916 = AXIS2_PLACEMENT_3D ( 'NONE', #1758, #2654, #1272 ) ;
#1917 = EDGE_CURVE ( 'NONE', #1439, #2002, #66, .T. ) ;
#1918 = STYLED_ITEM ( 'NONE', ( #1045 ), #2101 ) ;
#1919 = ORIENTED_EDGE ( 'NONE', *, *, #3217, .T. ) ;
#1920 = VECTOR ( 'NONE', #105, 1000.000000000000000 ) ;
#1921 = PLANE ( 'NONE',  #2739 ) ;
#1922 = DIRECTION ( 'NONE',  ( 1.000000000000000000, 0.000000000000000000, 0.000000000000000000 ) ) ;
#1923 = EDGE_CURVE ( 'NONE', #2999, #3240, #902, .T. ) ;
#1924 = AXIS2_PLACEMENT_3D ( 'NONE', #1487, #1203, #3428 ) ;
#1925 = COLOUR_RGB ( '',0.8980392156862745390, 0.8980392156862745390, 0.8980392156862745390 ) ;
#1926 = DIRECTION ( 'NONE',  ( -0.000000000000000000, -0.000000000000000000, -1.000000000000000000 ) ) ;
#1927 = ORIENTED_EDGE ( 'NONE', *, *, #737, .F. ) ;
#1928 = UNCERTAINTY_MEASURE_WITH_UNIT (LENGTH_MEASURE( 1.000000000000000082E-05 ), #953, 'distance_accuracy_value', 'NONE');
#1929 = PLANE ( 'NONE',  #2953 ) ;
#1930 = FILL_AREA_STYLE ('',( #1167 ) ) ;
#1931 = LINE ( 'NONE', #1337, #1757 ) ;
#1932 = CIRCLE ( 'NONE', #364, 0.9999999999999993339 ) ;
#1933 = ORIENTED_EDGE ( 'NONE', *, *, #899, .T. ) ;
#1934 = CARTESIAN_POINT ( 'NONE',  ( -1.749999960000002908, 0.3999000000106666119, 2.166666666666667407 ) ) ;
#1935 = CARTESIAN_POINT ( 'NONE',  ( -2.166666666666666963, 1.066666666666666208, 1.931945647988579040 ) ) ;
#1936 = LINE ( 'NONE', #3051, #3384 ) ;
#1937 = VERTEX_POINT ( 'NONE', #2581 ) ;
#1938 = CIRCLE ( 'NONE', #371, 2.000000000000000000 ) ;
#1939 = PRODUCT ( 'BWVS00505040100M00', 'BWVS00505040100M00', '', ( #1561 ) ) ;
#1940 = DIRECTION ( 'NONE',  ( 0.000000000000000000, -0.000000000000000000, -1.000000000000000000 ) ) ;
#1941 = ORIENTED_EDGE ( 'NONE', *, *, #2502, .F. ) ;
#1942 = DIRECTION ( 'NONE',  ( 0.7071067811865474617, 0.000000000000000000, -0.7071067811865474617 ) ) ;
#1943 = ADVANCED_FACE ( 'NONE', ( #1494 ), #1158, .F. ) ;
#1944 = EDGE_CURVE ( 'NONE', #1843, #3036, #2853, .T. ) ;
#1945 = DIRECTION ( 'NONE',  ( 1.000000000000000000, -1.734723475976808672E-15, 0.000000000000000000 ) ) ;
#1946 = VERTEX_POINT ( 'NONE', #1995 ) ;
#1947 = CARTESIAN_POINT ( 'NONE',  ( 1.736198629086229683, 0.3429047734977546669, 2.166666666666667407 ) ) ;
#1948 = DIRECTION ( 'NONE',  ( 0.7071067811865495711, 0.000000000000000000, 0.7071067811865454633 ) ) ;
#1949 = PRESENTATION_STYLE_ASSIGNMENT (( #3046 ) ) ;
#1950 = SURFACE_STYLE_USAGE ( .BOTH. , #3409 ) ;
#1951 = ORIENTED_EDGE ( 'NONE', *, *, #2610, .T. ) ;
#1952 = CARTESIAN_POINT ( 'NONE',  ( -1.746918603012717064, 0.3690712496619371064, 2.166666666666667407 ) ) ;
#1953 = CARTESIAN_POINT ( 'NONE',  ( -1.647791502810086017, 1.771986939879581335, 1.681585198530192393 ) ) ;
#1954 = ORIENTED_EDGE ( 'NONE', *, *, #139, .T. ) ;
#1955 = CARTESIAN_POINT ( 'NONE',  ( 1.166666666666662966, 0.4000000000000000777, -2.500000000000000444 ) ) ;
#1956 = VERTEX_POINT ( 'NONE', #3112 ) ;
#1957 = CARTESIAN_POINT ( 'NONE',  ( 1.166666666666662966, 1.066666666666666652, -2.500000000000000444 ) ) ;
#1958 = LINE ( 'NONE', #3071, #2154 ) ;
#1959 = CARTESIAN_POINT ( 'NONE',  ( -1.166666666666662966, -2.168404344971008868E-16, 2.500000000000000000 ) ) ;
#1960 = FACE_OUTER_BOUND ( 'NONE', #2733, .T. ) ;
#1961 = ORIENTED_EDGE ( 'NONE', *, *, #2819, .F. ) ;
#1962 = EDGE_CURVE ( 'NONE', #2437, #1648, #2387, .T. ) ;
#1963 = CLOSED_SHELL ( 'NONE', ( #3237, #2523, #3587, #2283, #95, #517, #980, #2921, #3304, #1443, #2384, #3501 ) ) ;
#1964 = CARTESIAN_POINT ( 'NONE',  ( 1.749999799999909289, 0.3997666666986665618, 2.166666666666667407 ) ) ;
#1965 = SURFACE_SIDE_STYLE ('',( #275 ) ) ;
#1966 = FACE_OUTER_BOUND ( 'NONE', #2132, .T. ) ;
#1967 = VERTEX_POINT ( 'NONE', #1957 ) ;
#1968 = B_SPLINE_CURVE_WITH_KNOTS ( 'NONE', 3,
 ( #1389, #1723, #2840, #2493 ),
 .UNSPECIFIED., .F., .F.,
 ( 4, 4 ),
 ( 0.000000000000000000, 1.000000000000000000 ),
 .UNSPECIFIED. ) ;
#1969 = EDGE_CURVE ( 'NONE', #3223, #1243, #1703, .T. ) ;
#1970 = CARTESIAN_POINT ( 'NONE',  ( 2.499999999999999556, 0.4000000000000000777, 2.091666666666668561 ) ) ;
#1971 = MANIFOLD_SOLID_BREP ( 'Cut-Extrude3[2]', #2894 ) ;
#1972 = FACE_OUTER_BOUND ( 'NONE', #1543, .T. ) ;
#1973 = LINE ( 'NONE', #586, #3090 ) ;
#1974 = ORIENTED_EDGE ( 'NONE', *, *, #1080, .F. ) ;
#1975 = DIRECTION ( 'NONE',  ( 0.9537169507482312625, -0.3007057995042589638, 0.000000000000000000 ) ) ;
#1976 = EDGE_LOOP ( 'NONE', ( #2097, #573, #1238, #2993, #3250, #1135 ) ) ;
#1977 = PRESENTATION_LAYER_ASSIGNMENT (  '', '', ( #3547 ) ) ;
#1978 = DIRECTION ( 'NONE',  ( -1.000000000000000000, -0.000000000000000000, -0.000000000000000000 ) ) ;
#1979 = VECTOR ( 'NONE', #1666, 1000.000000000000000 ) ;
#1980 = VECTOR ( 'NONE', #509, 1000.000000000000000 ) ;
#1981 = CIRCLE ( 'NONE', #3269, 2.000000000000000000 ) ;
#1982 = SURFACE_SIDE_STYLE ('',( #3099 ) ) ;
#1983 = SURFACE_STYLE_USAGE ( .BOTH. , #871 ) ;
#1984 = LINE ( 'NONE', #2775, #2803 ) ;
#1985 = ADVANCED_FACE ( 'NONE', ( #682 ), #2862, .F. ) ;
#1986 = LINE ( 'NONE', #277, #2050 ) ;
#1987 = ORIENTED_EDGE ( 'NONE', *, *, #2527, .T. ) ;
#1988 = LINE ( 'NONE', #2778, #630 ) ;
#1989 = CARTESIAN_POINT ( 'NONE',  ( -1.931945647988580372, 1.066666666666666208, 2.166666666666666075 ) ) ;
#1990 = ADVANCED_FACE ( 'NONE', ( #2902 ), #972, .F. ) ;
#1991 = VERTEX_POINT ( 'NONE', #1251 ) ;
#1992 =( GEOMETRIC_REPRESENTATION_CONTEXT ( 3 ) GLOBAL_UNCERTAINTY_ASSIGNED_CONTEXT ( ( #2773 ) ) GLOBAL_UNIT_ASSIGNED_CONTEXT ( ( #1816, #93, #1199 ) ) REPRESENTATION_CONTEXT ( 'NONE', 'WORKASPACE' ) );
#1993 = CARTESIAN_POINT ( 'NONE',  ( 1.600000000000000533, 3.333333333333332593, 1.600000000000000755 ) ) ;
#1994 = ORIENTED_EDGE ( 'NONE', *, *, #1232, .T. ) ;
#1995 = CARTESIAN_POINT ( 'NONE',  ( 0.8999999999999998002, 0.4000000000000001332, 2.500000000000000444 ) ) ;
#1996 = CARTESIAN_POINT ( 'NONE',  ( 1.166666666666662744, 3.333333333333333481, -2.500000000000000444 ) ) ;
#1997 = DIRECTION ( 'NONE',  ( 1.000000000000000000, -8.673617379884043361E-16, 0.000000000000000000 ) ) ;
#1998 = MANIFOLD_SOLID_BREP ( 'Cut-Extrude2', #447 ) ;
#1999 = CARTESIAN_POINT ( 'NONE',  ( 1.749962727209358748, 0.3967666159134247694, 2.166666666666667407 ) ) ;
#2000 = CARTESIAN_POINT ( 'NONE',  ( 1.599999999999998979, 2.200000000000000622, -3.814560945907769618 ) ) ;
#2001 = DIRECTION ( 'NONE',  ( -0.000000000000000000, -1.000000000000000000, -0.000000000000000000 ) ) ;
#2002 = VERTEX_POINT ( 'NONE', #1268 ) ;
#2003 = EDGE_CURVE ( 'NONE', #3211, #1937, #3231, .T. ) ;
#2004 = CARTESIAN_POINT ( 'NONE',  ( -2.166666666666665186, 3.333333333333333037, -1.600000000000000533 ) ) ;
#2005 =( LENGTH_UNIT ( ) NAMED_UNIT ( * ) SI_UNIT ( .MILLI., .METRE. ) );
#2006 = ORIENTED_EDGE ( 'NONE', *, *, #1490, .T. ) ;
#2007 = ADVANCED_FACE ( 'NONE', ( #1885 ), #783, .F. ) ;
#2008 = SURFACE_STYLE_FILL_AREA ( #900 ) ;
#2009 = DIRECTION ( 'NONE',  ( 1.000000000000000000, 0.000000000000000000, 0.000000000000000000 ) ) ;
#2010 = DIRECTION ( 'NONE',  ( 0.000000000000000000, -0.000000000000000000, -1.000000000000000000 ) ) ;
#2011 = PLANE ( 'NONE',  #115 ) ;
#2012 = PRESENTATION_STYLE_ASSIGNMENT (( #2837 ) ) ;
#2013 = FACE_OUTER_BOUND ( 'NONE', #1319, .T. ) ;
#2014 = DIRECTION ( 'NONE',  ( -0.000000000000000000, -0.000000000000000000, -1.000000000000000000 ) ) ;
#2015 = CARTESIAN_POINT ( 'NONE',  ( 1.500000000000000000, 1.066666666666666652, -2.166666666666666519 ) ) ;
#2016 =( GEOMETRIC_REPRESENTATION_CONTEXT ( 3 ) GLOBAL_UNCERTAINTY_ASSIGNED_CONTEXT ( ( #356 ) ) GLOBAL_UNIT_ASSIGNED_CONTEXT ( ( #455, #750, #2687 ) ) REPRESENTATION_CONTEXT ( 'NONE', 'WORKASPACE' ) );
#2017 = CARTESIAN_POINT ( 'NONE',  ( -1.501986215959957738, 0.3744517276949102524, 2.166666666666667407 ) ) ;
#2018 =( GEOMETRIC_REPRESENTATION_CONTEXT ( 3 ) GLOBAL_UNCERTAINTY_ASSIGNED_CONTEXT ( ( #792 ) ) GLOBAL_UNIT_ASSIGNED_CONTEXT ( ( #1675, #1388, #1114 ) ) REPRESENTATION_CONTEXT ( 'NONE', 'WORKASPACE' ) );
#2019 = LINE ( 'NONE', #3135, #1451 ) ;
#2020 = LINE ( 'NONE', #2779, #2856 ) ;
#2021 =( LENGTH_UNIT ( ) NAMED_UNIT ( * ) SI_UNIT ( .MILLI., .METRE. ) );
#2022 = ORIENTED_EDGE ( 'NONE', *, *, #119, .F. ) ;
#2023 = UNCERTAINTY_MEASURE_WITH_UNIT (LENGTH_MEASURE( 1.000000000000000082E-05 ), #3178, 'distance_accuracy_value', 'NONE');
#2024 = CARTESIAN_POINT ( 'NONE',  ( -2.166666666666665630, 3.333333333333333925, -1.600000000000000755 ) ) ;
#2025 = CARTESIAN_POINT ( 'NONE',  ( -1.699999999999999956, 0.1279744685327766363, -2.166666666666666519 ) ) ;
#2026 = CARTESIAN_POINT ( 'NONE',  ( 1.588610749120893617, 1.191516998128457461, 2.087435569873223429 ) ) ;
#2027 = ADVANCED_FACE ( 'NONE', ( #1099 ), #2418, .T. ) ;
#2028 = DIRECTION ( 'NONE',  ( 1.000000000000000000, 0.000000000000000000, 0.000000000000000000 ) ) ;
#2029 = AXIS2_PLACEMENT_3D ( 'NONE', #2823, #1132, #54 ) ;
#2030 = EDGE_CURVE ( 'NONE', #3238, #2360, #1898, .T. ) ;
#2031 = STYLED_ITEM ( 'NONE', ( #104 ), #1990 ) ;
#2032 = VECTOR ( 'NONE', #3390, 1000.000000000000000 ) ;
#2033 = CARTESIAN_POINT ( 'NONE',  ( 1.549647100247866671, 0.6048329439068910185, -2.500000000000000444 ) ) ;
#2034 = PRESENTATION_LAYER_ASSIGNMENT (  '', '', ( #1522 ) ) ;
#2035 = PRESENTATION_LAYER_ASSIGNMENT (  '', '', ( #1638 ) ) ;
#2036 = FACE_OUTER_BOUND ( 'NONE', #1131, .T. ) ;
#2037 = ORIENTED_EDGE ( 'NONE', *, *, #81, .F. ) ;
#2038 = DIRECTION ( 'NONE',  ( 0.000000000000000000, 1.000000000000000000, -0.000000000000000000 ) ) ;
#2039 = LINE ( 'NONE', #331, #2377 ) ;
#2040 = CARTESIAN_POINT ( 'NONE',  ( -1.600000000000000533, 2.200000000000000622, 3.814560945907770062 ) ) ;
#2041 = AXIS2_PLACEMENT_3D ( 'NONE', #3527, #485, #2131 ) ;
#2042 = ORIENTED_EDGE ( 'NONE', *, *, #833, .F. ) ;
#2043 = VECTOR ( 'NONE', #2806, 1000.000000000000000 ) ;
#2044 = CARTESIAN_POINT ( 'NONE',  ( 1.647791502810085573, 1.771986939879581557, 1.681585198530192171 ) ) ;
#2045 = ORIENTED_EDGE ( 'NONE', *, *, #627, .T. ) ;
#2046 = SURFACE_STYLE_FILL_AREA ( #1509 ) ;
#2047 = CARTESIAN_POINT ( 'NONE',  ( 1.749999999999999334, 1.096458307862490322, 2.146177573132413308 ) ) ;
#2048 = VECTOR ( 'NONE', #3510, 1000.000000000000000 ) ;
#2049 = EDGE_CURVE ( 'NONE', #2360, #236, #477, .T. ) ;
#2050 = VECTOR ( 'NONE', #1392, 1000.000000000000000 ) ;
#2051 = CARTESIAN_POINT ( 'NONE',  ( 2.425000000000001155, -2.168404344971008868E-16, -2.166666666666666519 ) ) ;
#2052 = EDGE_CURVE ( 'NONE', #2354, #1583, #1067, .T. ) ;
#2053 = CARTESIAN_POINT ( 'NONE',  ( -2.166666666666665186, 3.333333333333333037, -1.931945647988578818 ) ) ;
#2054 =( NAMED_UNIT ( * ) PLANE_ANGLE_UNIT ( ) SI_UNIT ( $, .RADIAN. ) );
#2055 = SURFACE_SIDE_STYLE ('',( #421 ) ) ;
#2056 = ORIENTED_EDGE ( 'NONE', *, *, #10, .F. ) ;
#2057 = CARTESIAN_POINT ( 'NONE',  ( -1.505793844033585405, 0.3623849447732593876, 2.166666666666667407 ) ) ;
#2058 = CARTESIAN_POINT ( 'NONE',  ( 1.600000000000000533, 1.066666666666666652, -2.166666666666666519 ) ) ;
#2059 = CARTESIAN_POINT ( 'NONE',  ( 1.850352899752133462, 0.6048329439068910185, -2.166666666666666519 ) ) ;
#2060 = ORIENTED_EDGE ( 'NONE', *, *, #624, .T. ) ;
#2061 = UNCERTAINTY_MEASURE_WITH_UNIT (LENGTH_MEASURE( 1.000000000000000082E-05 ), #862, 'distance_accuracy_value', 'NONE');
#2062 = CARTESIAN_POINT ( 'NONE',  ( 0.8999999999999998002, 0.4000000000000001887, -2.500000000000000444 ) ) ;
#2063 = DIRECTION ( 'NONE',  ( 0.3007057995042665133, 0.9537169507482290420, -0.000000000000000000 ) ) ;
#2064 = MANIFOLD_SOLID_BREP ( 'Cut-Extrude4[2]', #2489 ) ;
#2065 =( NAMED_UNIT ( * ) PLANE_ANGLE_UNIT ( ) SI_UNIT ( $, .RADIAN. ) );
#2066 = CYLINDRICAL_SURFACE ( 'NONE', #1916, 2.000000000000000000 ) ;
#2067 = FILL_AREA_STYLE ('',( #3576 ) ) ;
#2068 = ORIENTED_EDGE ( 'NONE', *, *, #2684, .F. ) ;
#2069 = FACE_OUTER_BOUND ( 'NONE', #1261, .T. ) ;
#2070 = EDGE_CURVE ( 'NONE', #841, #2850, #3324, .T. ) ;
#2071 = CARTESIAN_POINT ( 'NONE',  ( -2.349999999999999645, 3.333333333333333481, 2.166666666666666075 ) ) ;
#2072 = DIRECTION ( 'NONE',  ( -9.757819552369539906E-16, -1.000000000000000000, 0.000000000000000000 ) ) ;
#2073 = CARTESIAN_POINT ( 'NONE',  ( 0.000000000000000000, 3.333333333333333481, -2.166666666666666519 ) ) ;
#2074 = VERTEX_POINT ( 'NONE', #3010 ) ;
#2075 = EDGE_CURVE ( 'NONE', #1956, #3221, #1936, .T. ) ;
#2076 = AXIS2_PLACEMENT_3D ( 'NONE', #2266, #1417, #1913 ) ;
#2077 = CARTESIAN_POINT ( 'NONE',  ( 1.647791502810085573, 2.628013060120417688, 1.681585198530192171 ) ) ;
#2078 = CARTESIAN_POINT ( 'NONE',  ( 1.500000000000000000, -2.168404344971008868E-16, 2.166666666666666519 ) ) ;
#2079 =( LENGTH_UNIT ( ) NAMED_UNIT ( * ) SI_UNIT ( .MILLI., .METRE. ) );
#2080 = CARTESIAN_POINT ( 'NONE',  ( 1.166666666666662966, 4.000000000000000000, -2.500000000000000444 ) ) ;
#2081 = AXIS2_PLACEMENT_3D ( 'NONE', #3448, #2607, #2573 ) ;
#2082 = LINE ( 'NONE', #2617, #460 ) ;
#2083 = LINE ( 'NONE', #3200, #419 ) ;
#2084 = VERTEX_POINT ( 'NONE', #3272 ) ;
#2085 = COLOUR_RGB ( '',0.7294117647058823151, 0.3568627450980392246, 0.02352941176470588203 ) ;
#2086 = DIRECTION ( 'NONE',  ( -0.000000000000000000, -1.000000000000000000, -0.000000000000000000 ) ) ;
#2087 = CARTESIAN_POINT ( 'NONE',  ( 1.500000000000000000, 0.4000000000000000777, 2.166666666666666519 ) ) ;
#2088 = STYLED_ITEM ( 'NONE', ( #3037 ), #1851 ) ;
#2089 = ORIENTED_EDGE ( 'NONE', *, *, #75, .T. ) ;
#2090 = AXIS2_PLACEMENT_3D ( 'NONE', #3348, #3388, #569 ) ;
#2091 =( GEOMETRIC_REPRESENTATION_CONTEXT ( 3 ) GLOBAL_UNCERTAINTY_ASSIGNED_CONTEXT ( ( #101 ) ) GLOBAL_UNIT_ASSIGNED_CONTEXT ( ( #2955, #3011, #1602 ) ) REPRESENTATION_CONTEXT ( 'NONE', 'WORKASPACE' ) );
#2092 = EDGE_CURVE ( 'NONE', #1102, #1831, #2688, .T. ) ;
#2093 = DIRECTION ( 'NONE',  ( 1.000000000000000000, 0.000000000000000000, 0.000000000000000000 ) ) ;
#2094 = PRESENTATION_STYLE_ASSIGNMENT (( #2118 ) ) ;
#2095 = LINE ( 'NONE', #132, #2395 ) ;
#2096 = FILL_AREA_STYLE_COLOUR ( '', #1301 ) ;
#2097 = ORIENTED_EDGE ( 'NONE', *, *, #2882, .F. ) ;
#2098 = MECHANICAL_DESIGN_GEOMETRIC_PRESENTATION_REPRESENTATION (  '', ( #1522 ), #995 ) ;
#2099 = MECHANICAL_DESIGN_GEOMETRIC_PRESENTATION_REPRESENTATION (  '', ( #463 ), #2452 ) ;
#2100 = UNCERTAINTY_MEASURE_WITH_UNIT (LENGTH_MEASURE( 1.000000000000000082E-05 ), #360, 'distance_accuracy_value', 'NONE');
#2101 = ADVANCED_FACE ( 'NONE', ( #190 ), #1309, .T. ) ;
#2102 = CARTESIAN_POINT ( 'NONE',  ( 1.600000000000001421, 1.066666666666666208, 2.166666666666666519 ) ) ;
#2103 = AXIS2_PLACEMENT_3D ( 'NONE', #1149, #3374, #1133 ) ;
#2104 = SURFACE_SIDE_STYLE ('',( #2374 ) ) ;
#2105 = CARTESIAN_POINT ( 'NONE',  ( 1.931945647988579040, 3.333333333333333037, -2.166666666666664298 ) ) ;
#2106 = DIRECTION ( 'NONE',  ( 1.000000000000000000, 0.000000000000000000, 0.000000000000000000 ) ) ;
#2107 = PRESENTATION_LAYER_ASSIGNMENT (  '', '', ( #1808 ) ) ;
#2108 = SHAPE_DEFINITION_REPRESENTATION ( #799, #3555 ) ;
#2109 = EDGE_LOOP ( 'NONE', ( #2495, #1782, #3153, #1219, #659, #2670, #1626, #1837 ) ) ;
#2110 = CARTESIAN_POINT ( 'NONE',  ( 1.699999999999999956, 0.1279744685327766363, 2.166666666666666519 ) ) ;
#2111 = PRESENTATION_LAYER_ASSIGNMENT (  '', '', ( #533 ) ) ;
#2112 =( NAMED_UNIT ( * ) SI_UNIT ( $, .STERADIAN. ) SOLID_ANGLE_UNIT ( ) );
#2113 = VERTEX_POINT ( 'NONE', #858 ) ;
#2114 = AXIS2_PLACEMENT_3D ( 'NONE', #2155, #1021, #2135 ) ;
#2115 = CARTESIAN_POINT ( 'NONE',  ( -2.425000000000001155, -2.168404344971008868E-16, -2.166666666666666075 ) ) ;
#2116 = ORIENTED_EDGE ( 'NONE', *, *, #941, .F. ) ;
#2117 = CARTESIAN_POINT ( 'NONE',  ( 1.814560945907769396, 2.200000000000000622, 1.600000000000000977 ) ) ;
#2118 = SURFACE_STYLE_USAGE ( .BOTH. , #2989 ) ;
#2119 = DIRECTION ( 'NONE',  ( -0.000000000000000000, 1.000000000000000000, 0.000000000000000000 ) ) ;
#2120 =( NAMED_UNIT ( * ) SI_UNIT ( $, .STERADIAN. ) SOLID_ANGLE_UNIT ( ) );
#2121 = VERTEX_POINT ( 'NONE', #1154 ) ;
#2122 = CARTESIAN_POINT ( 'NONE',  ( 1.749999999999998002, 0.4000000000000000777, 2.166666666666667407 ) ) ;
#2123 = SURFACE_STYLE_USAGE ( .BOTH. , #2104 ) ;
#2124 = CARTESIAN_POINT ( 'NONE',  ( 1.681585198530191727, 1.771986939879581335, -1.647791502810085129 ) ) ;
#2125 = LINE ( 'NONE', #1578, #933 ) ;
#2126 = ADVANCED_FACE ( 'NONE', ( #2234 ), #2248, .T. ) ;
#2127 = VERTEX_POINT ( 'NONE', #911 ) ;
#2128 = SURFACE_SIDE_STYLE ('',( #2890 ) ) ;
#2129 = CARTESIAN_POINT ( 'NONE',  ( -1.749999999999999778, 1.316666666666664653, 2.166666666666663410 ) ) ;
#2130 = ORIENTED_EDGE ( 'NONE', *, *, #2944, .T. ) ;
#2131 = DIRECTION ( 'NONE',  ( 1.000000000000000000, 0.000000000000000000, -1.084202172485504434E-15 ) ) ;
#2132 = EDGE_LOOP ( 'NONE', ( #1987, #1489, #1022, #2446 ) ) ;
#2133 = CARTESIAN_POINT ( 'NONE',  ( 1.549647100247866671, 0.6048329439068910185, -4.218822833548887985 ) ) ;
#2134 = FACE_OUTER_BOUND ( 'NONE', #1597, .T. ) ;
#2135 = DIRECTION ( 'NONE',  ( 1.000000000000000000, 0.000000000000000000, 0.000000000000000000 ) ) ;
#2136 = ORIENTED_EDGE ( 'NONE', *, *, #3327, .F. ) ;
#2137 = CARTESIAN_POINT ( 'NONE',  ( 2.499999999999998668, 1.066666666666666652, -2.091666666666667673 ) ) ;
#2138 = FILL_AREA_STYLE ('',( #2449 ) ) ;
#2139 = CARTESIAN_POINT ( 'NONE',  ( 2.499999999999999112, -2.168404344971008868E-16, -2.091666666666668117 ) ) ;
#2140 = ORIENTED_EDGE ( 'NONE', *, *, #1529, .F. ) ;
#2141 = CARTESIAN_POINT ( 'NONE',  ( 1.499999999999998668, 1.066666666666666430, 2.166666666666667407 ) ) ;
#2142 = EDGE_CURVE ( 'NONE', #688, #358, #815, .T. ) ;
#2143 = MECHANICAL_DESIGN_GEOMETRIC_PRESENTATION_REPRESENTATION (  '', ( #1038 ), #2490 ) ;
#2144 = CARTESIAN_POINT ( 'NONE',  ( -1.500000000000001554, 1.213113276073393809, 2.416666666666665186 ) ) ;
#2145 = CARTESIAN_POINT ( 'NONE',  ( 1.166666666666662966, 0.4840796770343924749, 2.500000000000000444 ) ) ;
#2146 = ORIENTED_EDGE ( 'NONE', *, *, #1307, .F. ) ;
#2147 = EDGE_CURVE ( 'NONE', #1750, #1676, #332, .T. ) ;
#2148 = LINE ( 'NONE', #2115, #2627 ) ;
#2149 = VERTEX_POINT ( 'NONE', #2574 ) ;
#2150 = DIRECTION ( 'NONE',  ( -0.000000000000000000, -1.000000000000000000, -0.000000000000000000 ) ) ;
#2152 =( NAMED_UNIT ( * ) PLANE_ANGLE_UNIT ( ) SI_UNIT ( $, .RADIAN. ) );
#2151 = CIRCLE ( 'NONE', #574, 2.000000000000000000 ) ;
#2153 =( NAMED_UNIT ( * ) PLANE_ANGLE_UNIT ( ) SI_UNIT ( $, .RADIAN. ) );
#2154 = VECTOR ( 'NONE', #570, 1000.000000000000000 ) ;
#2155 = CARTESIAN_POINT ( 'NONE',  ( 1.699999999999999956, 0.1279744685327766363, 2.166666666666666519 ) ) ;
#2156 = ORIENTED_EDGE ( 'NONE', *, *, #119, .T. ) ;
#2157 = COLOUR_RGB ( '',0.7294117647058823151, 0.3568627450980392246, 0.02352941176470588203 ) ;
#2158 =( GEOMETRIC_REPRESENTATION_CONTEXT ( 3 ) GLOBAL_UNCERTAINTY_ASSIGNED_CONTEXT ( ( #2100 ) ) GLOBAL_UNIT_ASSIGNED_CONTEXT ( ( #360, #394, #1545 ) ) REPRESENTATION_CONTEXT ( 'NONE', 'WORKASPACE' ) );
#2159 = CARTESIAN_POINT ( 'NONE',  ( 1.499999999999998446, 0.1500000000000005496, 2.166666666666780650 ) ) ;
#2160 = CARTESIAN_POINT ( 'NONE',  ( -1.500000000000000000, 1.066666666666666652, 2.166666666666666519 ) ) ;
#2161 = FILL_AREA_STYLE_COLOUR ( '', #579 ) ;
#2162 = VECTOR ( 'NONE', #711, 1000.000000000000000 ) ;
#2163 = CIRCLE ( 'NONE', #813, 2.000000000000000000 ) ;
#2164 = VECTOR ( 'NONE', #2408, 1000.000000000000227 ) ;
#2165 = ORIENTED_EDGE ( 'NONE', *, *, #1232, .F. ) ;
#2166 = LINE ( 'NONE', #496, #2274 ) ;
#2167 = FACE_OUTER_BOUND ( 'NONE', #175, .T. ) ;
#2168 = COLOUR_RGB ( '',0.7294117647058823151, 0.3568627450980392246, 0.02352941176470588203 ) ;
#2169 = EDGE_CURVE ( 'NONE', #1676, #671, #2286, .T. ) ;
#2170 =( GEOMETRIC_REPRESENTATION_CONTEXT ( 3 ) GLOBAL_UNCERTAINTY_ASSIGNED_CONTEXT ( ( #3314 ) ) GLOBAL_UNIT_ASSIGNED_CONTEXT ( ( #2458, #1889, #2112 ) ) REPRESENTATION_CONTEXT ( 'NONE', 'WORKASPACE' ) );
#2171 = CARTESIAN_POINT ( 'NONE',  ( -1.500000000000000222, -2.168404344971008868E-16, 2.166666666666666519 ) ) ;
#2172 = ORIENTED_EDGE ( 'NONE', *, *, #689, .F. ) ;
#2173 = PRESENTATION_LAYER_ASSIGNMENT (  '', '', ( #1239 ) ) ;
#2174 = EDGE_CURVE ( 'NONE', #838, #1911, #2020, .T. ) ;
#2175 = DIRECTION ( 'NONE',  ( 9.757819552369539906E-16, -1.000000000000000000, 0.000000000000000000 ) ) ;
#2176 = DIRECTION ( 'NONE',  ( 0.7071067811865512365, -0.000000000000000000, -0.7071067811865439090 ) ) ;
#2177 = PRESENTATION_STYLE_ASSIGNMENT (( #3568 ) ) ;
#2178 = ORIENTED_EDGE ( 'NONE', *, *, #2570, .F. ) ;
#2179 = CARTESIAN_POINT ( 'NONE',  ( 1.749999999999997780, 0.4000000000000006328, 2.416666666666666519 ) ) ;
#2180 = DIRECTION ( 'NONE',  ( 0.000000000000000000, -0.000000000000000000, -1.000000000000000000 ) ) ;
#2181 = DIRECTION ( 'NONE',  ( -1.000000000000000000, -0.000000000000000000, 0.000000000000000000 ) ) ;
#2182 = SURFACE_STYLE_USAGE ( .BOTH. , #2434 ) ;
#2183 = LINE ( 'NONE', #3249, #2966 ) ;
#2184 = ORIENTED_EDGE ( 'NONE', *, *, #2049, .T. ) ;
#2185 = FILL_AREA_STYLE_COLOUR ( '', #355 ) ;
#2186 = CARTESIAN_POINT ( 'NONE',  ( 1.499999999999997558, 1.066666666666666652, 2.166666666666667407 ) ) ;
#2187 = PRESENTATION_STYLE_ASSIGNMENT (( #3280 ) ) ;
#2188 = DIRECTION ( 'NONE',  ( 0.7071067811865510144, 0.000000000000000000, -0.7071067811865441310 ) ) ;
#2189 = VERTEX_POINT ( 'NONE', #2499 ) ;
#2190 = UNCERTAINTY_MEASURE_WITH_UNIT (LENGTH_MEASURE( 1.000000000000000082E-05 ), #1504, 'distance_accuracy_value', 'NONE');
#2191 = PLANE ( 'NONE',  #1791 ) ;
#2192 = EDGE_CURVE ( 'NONE', #2474, #3191, #13, .T. ) ;
#2193 = CARTESIAN_POINT ( 'NONE',  ( -1.600000000000000755, 1.066666666666666652, -1.600000000000000533 ) ) ;
#2194 = ORIENTED_EDGE ( 'NONE', *, *, #1096, .F. ) ;
#2195 = CARTESIAN_POINT ( 'NONE',  ( 1.699999999999999956, 0.1279744685327766363, -2.166666666666666519 ) ) ;
#2196 = CARTESIAN_POINT ( 'NONE',  ( -1.681585198530192615, 1.771986939879581557, 1.600000000000000089 ) ) ;
#2197 = EDGE_CURVE ( 'NONE', #3534, #2113, #301, .T. ) ;
#2198 = LINE ( 'NONE', #2710, #1795 ) ;
#2199 = DIRECTION ( 'NONE',  ( 0.6901619708141996101, -0.2176072335280490322, -0.6901619708141916165 ) ) ;
#2200 = CARTESIAN_POINT ( 'NONE',  ( -1.814560945907768952, 2.200000000000000622, -1.600000000000000755 ) ) ;
#2201 = FILL_AREA_STYLE ('',( #1670 ) ) ;
#2202 = MECHANICAL_DESIGN_GEOMETRIC_PRESENTATION_REPRESENTATION (  '', ( #562 ), #2016 ) ;
#2203 = CLOSED_SHELL ( 'NONE', ( #3457, #3060, #1370, #2895, #1851, #2101 ) ) ;
#2204 = SURFACE_STYLE_USAGE ( .BOTH. , #36 ) ;
#2205 = ORIENTED_EDGE ( 'NONE', *, *, #3440, .F. ) ;
#2206 = CIRCLE ( 'NONE', #625, 0.5666666666666645424 ) ;
#2207 = CARTESIAN_POINT ( 'NONE',  ( 1.749985772620404001, 0.3978332958825337995, 2.166666666666667407 ) ) ;
#2208 = FACE_OUTER_BOUND ( 'NONE', #1157, .T. ) ;
#2209 =( NAMED_UNIT ( * ) PLANE_ANGLE_UNIT ( ) SI_UNIT ( $, .RADIAN. ) );
#2210 = EDGE_LOOP ( 'NONE', ( #3293, #1042, #3538, #449, #1994, #589, #3354, #85 ) ) ;
#2211 = EDGE_CURVE ( 'NONE', #2386, #144, #1973, .T. ) ;
#2212 = CIRCLE ( 'NONE', #1459, 0.9999999999999991118 ) ;
#2213 = CARTESIAN_POINT ( 'NONE',  ( -1.749999986666665786, 0.3999333333324444073, 2.166666666666667407 ) ) ;
#2214 = LINE ( 'NONE', #1665, #395 ) ;
#2215 =( NAMED_UNIT ( * ) SI_UNIT ( $, .STERADIAN. ) SOLID_ANGLE_UNIT ( ) );
#2216 = EDGE_LOOP ( 'NONE', ( #2602, #824, #1771, #1296, #1764, #842, #1248, #2194 ) ) ;
#2217 = MECHANICAL_DESIGN_GEOMETRIC_PRESENTATION_REPRESENTATION (  '', ( #575 ), #633 ) ;
#2218 = EDGE_CURVE ( 'NONE', #2474, #2640, #2898, .T. ) ;
#2219 = ORIENTED_EDGE ( 'NONE', *, *, #2960, .T. ) ;
#2220 = SURFACE_STYLE_FILL_AREA ( #3330 ) ;
#2221 = MECHANICAL_DESIGN_GEOMETRIC_PRESENTATION_REPRESENTATION (  '', ( #1638 ), #67 ) ;
#2222 =( NAMED_UNIT ( * ) PLANE_ANGLE_UNIT ( ) SI_UNIT ( $, .RADIAN. ) );
#2223 = LINE ( 'NONE', #1204, #650 ) ;
#2224 = STYLED_ITEM ( 'NONE', ( #2177 ), #2384 ) ;
#2225 = STYLED_ITEM ( 'NONE', ( #1949 ), #2460 ) ;
#2226 = CYLINDRICAL_SURFACE ( 'NONE', #2569, 0.1250000000000011935 ) ;
#2227 = ORIENTED_EDGE ( 'NONE', *, *, #1440, .F. ) ;
#2228 = CARTESIAN_POINT ( 'NONE',  ( 1.749999986666663343, 0.3999333333324444073, 2.166666666666667407 ) ) ;
#2229 = DIRECTION ( 'NONE',  ( 1.000000000000000000, -0.000000000000000000, -7.657137397853898870E-16 ) ) ;
#2230 = DIRECTION ( 'NONE',  ( 0.000000000000000000, 0.000000000000000000, 1.000000000000000000 ) ) ;
#2231 = VERTEX_POINT ( 'NONE', #2335 ) ;
#2232 = AXIS2_PLACEMENT_3D ( 'NONE', #1744, #874, #2297 ) ;
#2233 = LINE ( 'NONE', #3381, #505 ) ;
#2234 = FACE_OUTER_BOUND ( 'NONE', #284, .T. ) ;
#2235 = ORIENTED_EDGE ( 'NONE', *, *, #2502, .T. ) ;
#2236 = DIRECTION ( 'NONE',  ( 1.000000000000000000, 0.000000000000000000, 0.000000000000000000 ) ) ;
#2237 = VERTEX_POINT ( 'NONE', #386 ) ;
#2238 = PRESENTATION_STYLE_ASSIGNMENT (( #1141 ) ) ;
#2239 = DIRECTION ( 'NONE',  ( 0.000000000000000000, -0.000000000000000000, 1.000000000000000000 ) ) ;
#2240 = EDGE_CURVE ( 'NONE', #671, #1196, #2095, .T. ) ;
#2241 = CARTESIAN_POINT ( 'NONE',  ( -1.500000000000000222, 0.5891792733273860661, 2.166666666666666519 ) ) ;
#2242 = EDGE_CURVE ( 'NONE', #671, #34, #1520, .T. ) ;
#2243 = ORIENTED_EDGE ( 'NONE', *, *, #2323, .T. ) ;
#2244 = CARTESIAN_POINT ( 'NONE',  ( 1.749999986666665563, 0.3999666666702222373, 2.166666666666667407 ) ) ;
#2245 = ORIENTED_EDGE ( 'NONE', *, *, #2052, .F. ) ;
#2246 = FACE_OUTER_BOUND ( 'NONE', #329, .T. ) ;
#2247 = CARTESIAN_POINT ( 'NONE',  ( -1.500000000000000222, 0.02020410288672850121, -2.166666666666666519 ) ) ;
#2248 = PLANE ( 'NONE',  #1172 ) ;
#2249 = ORIENTED_EDGE ( 'NONE', *, *, #3561, .T. ) ;
#2250 = DIRECTION ( 'NONE',  ( 0.000000000000000000, 1.000000000000000000, 0.000000000000000000 ) ) ;
#2251 = ORIENTED_EDGE ( 'NONE', *, *, #204, .F. ) ;
#2252 =( NAMED_UNIT ( * ) PLANE_ANGLE_UNIT ( ) SI_UNIT ( $, .RADIAN. ) );
#2253 = CARTESIAN_POINT ( 'NONE',  ( -1.500000000000000000, 3.333333333333333481, -2.166666666666666519 ) ) ;
#2254 = EDGE_CURVE ( 'NONE', #1380, #1667, #2630, .T. ) ;
#2255 = SURFACE_STYLE_USAGE ( .BOTH. , #307 ) ;
#2256 = ORIENTED_EDGE ( 'NONE', *, *, #1962, .F. ) ;
#2257 = CIRCLE ( 'NONE', #1841, 2.000000000000000000 ) ;
#2258 = EDGE_CURVE ( 'NONE', #3470, #1155, #2563, .T. ) ;
#2259 =( NAMED_UNIT ( * ) SI_UNIT ( $, .STERADIAN. ) SOLID_ANGLE_UNIT ( ) );
#2260 = FILL_AREA_STYLE ('',( #38 ) ) ;
#2261 = LINE ( 'NONE', #2787, #2278 ) ;
#2262 =( GEOMETRIC_REPRESENTATION_CONTEXT ( 3 ) GLOBAL_UNCERTAINTY_ASSIGNED_CONTEXT ( ( #2867 ) ) GLOBAL_UNIT_ASSIGNED_CONTEXT ( ( #1645, #1411, #1893 ) ) REPRESENTATION_CONTEXT ( 'NONE', 'WORKASPACE' ) );
#2263 = LINE ( 'NONE', #2789, #2342 ) ;
#2264 = EDGE_LOOP ( 'NONE', ( #2889, #3403, #3226, #1292, #2562, #481, #296, #272, #1672, #1828, #1880, #1200 ) ) ;
#2265 = CARTESIAN_POINT ( 'NONE',  ( 1.166666666666662966, 3.333333333333333481, -2.500000000000000444 ) ) ;
#2266 = CARTESIAN_POINT ( 'NONE',  ( 1.600000000000000755, 2.200000000000000622, -3.814560945907770062 ) ) ;
#2267 = SURFACE_SIDE_STYLE ('',( #2550 ) ) ;
#2268 = ORIENTED_EDGE ( 'NONE', *, *, #1128, .F. ) ;
#2269 = STYLED_ITEM ( 'NONE', ( #2432 ), #1370 ) ;
#2270 = DIRECTION ( 'NONE',  ( 0.000000000000000000, 0.000000000000000000, 1.000000000000000000 ) ) ;
#2271 = ORIENTED_EDGE ( 'NONE', *, *, #3371, .F. ) ;
#2272 = CARTESIAN_POINT ( 'NONE',  ( 2.425000000000001155, 0.4000000000000000777, -2.166666666666666519 ) ) ;
#2273 = VECTOR ( 'NONE', #1942, 1000.000000000000114 ) ;
#2274 = VECTOR ( 'NONE', #269, 1000.000000000000114 ) ;
#2275 = MECHANICAL_DESIGN_GEOMETRIC_PRESENTATION_REPRESENTATION (  '', ( #2327 ), #1581 ) ;
#2276 = CIRCLE ( 'NONE', #702, 0.4999999999999997780 ) ;
#2277 = EDGE_CURVE ( 'NONE', #819, #1369, #1780, .T. ) ;
#2278 = VECTOR ( 'NONE', #1661, 1000.000000000000114 ) ;
#2279 = DIRECTION ( 'NONE',  ( 0.000000000000000000, 0.000000000000000000, 1.000000000000000000 ) ) ;
#2280 = DIRECTION ( 'NONE',  ( -0.000000000000000000, -0.000000000000000000, -1.000000000000000000 ) ) ;
#2281 = CARTESIAN_POINT ( 'NONE',  ( -1.750000000000001110, 1.066666666666666652, 2.166666666666666963 ) ) ;
#2282 = ORIENTED_EDGE ( 'NONE', *, *, #3212, .T. ) ;
#2283 = ADVANCED_FACE ( 'NONE', ( #426 ), #2391, .T. ) ;
#2284 = MECHANICAL_DESIGN_GEOMETRIC_PRESENTATION_REPRESENTATION (  '', ( #2336 ), #1530 ) ;
#2285 = CARTESIAN_POINT ( 'NONE',  ( -1.500000000000000444, 0.4000000000000001332, 2.166666666666667407 ) ) ;
#2286 = LINE ( 'NONE', #564, #1350 ) ;
#2287 = SURFACE_STYLE_USAGE ( .BOTH. , #3296 ) ;
#2288 = VERTEX_POINT ( 'NONE', #2880 ) ;
#2289 = ORIENTED_EDGE ( 'NONE', *, *, #2192, .F. ) ;
#2290 =( LENGTH_UNIT ( ) NAMED_UNIT ( * ) SI_UNIT ( .MILLI., .METRE. ) );
#2291 = LINE ( 'NONE', #1684, #927 ) ;
#2292 = CARTESIAN_POINT ( 'NONE',  ( -1.625000000000001332, 0.4000000000000001887, 2.166666666666667407 ) ) ;
#2293 = DIRECTION ( 'NONE',  ( 1.000000000000000000, 0.000000000000000000, -0.000000000000000000 ) ) ;
#2294 = VERTEX_POINT ( 'NONE', #405 ) ;
#2295 = CARTESIAN_POINT ( 'NONE',  ( 1.607252476562436527, 0.2754778783914693108, 2.166666666666667407 ) ) ;
#2296 = CARTESIAN_POINT ( 'NONE',  ( 1.549647100247866671, 0.6048329439068910185, -2.500000000000000444 ) ) ;
#2297 = DIRECTION ( 'NONE',  ( 0.7071067811865512365, 0.000000000000000000, 0.7071067811865439090 ) ) ;
#2298 = ORIENTED_EDGE ( 'NONE', *, *, #1056, .F. ) ;
#2299 = EDGE_CURVE ( 'NONE', #1667, #1799, #966, .T. ) ;
#2300 = CARTESIAN_POINT ( 'NONE',  ( -1.621588949379303868, 0.2742657640428849408, 2.166666666666667407 ) ) ;
#2301 = CARTESIAN_POINT ( 'NONE',  ( -1.750000000000000666, 0.1500000000000003830, 2.166666666666554164 ) ) ;
#2302 = CARTESIAN_POINT ( 'NONE',  ( -1.166666666666662966, 0.4000000000000000777, 2.500000000000000444 ) ) ;
#2303 = SURFACE_STYLE_USAGE ( .BOTH. , #1488 ) ;
#2304 = ORIENTED_EDGE ( 'NONE', *, *, #1896, .T. ) ;
#2305 = ADVANCED_FACE ( 'NONE', ( #3208 ), #374, .T. ) ;
#2306 = LINE ( 'NONE', #3404, #3028 ) ;
#2307 = CARTESIAN_POINT ( 'NONE',  ( -1.549647100247866671, 0.6048329439068910185, -2.500000000000000444 ) ) ;
#2308 = DIRECTION ( 'NONE',  ( 0.000000000000000000, 0.000000000000000000, 1.000000000000000000 ) ) ;
#2309 = LINE ( 'NONE', #1495, #1920 ) ;
#2310 = LINE ( 'NONE', #1441, #1705 ) ;
#2311 = SURFACE_STYLE_FILL_AREA ( #2561 ) ;
#2312 = ORIENTED_EDGE ( 'NONE', *, *, #2788, .T. ) ;
#2313 = PRESENTATION_STYLE_ASSIGNMENT (( #3471 ) ) ;
#2314 = ORIENTED_EDGE ( 'NONE', *, *, #1738, .F. ) ;
#2315 = DIRECTION ( 'NONE',  ( -1.000000000000000000, -0.000000000000000000, -0.000000000000000000 ) ) ;
#2316 = CARTESIAN_POINT ( 'NONE',  ( -1.750000000000000444, 0.1499999999999341027, 2.313113276073333946 ) ) ;
#2317 = ORIENTED_EDGE ( 'NONE', *, *, #1258, .T. ) ;
#2318 = ADVANCED_FACE ( 'NONE', ( #930 ), #675, .F. ) ;
#2319 = UNCERTAINTY_MEASURE_WITH_UNIT (LENGTH_MEASURE( 1.000000000000000082E-05 ), #3273, 'distance_accuracy_value', 'NONE');
#2320 = FILL_AREA_STYLE ('',( #1208 ) ) ;
#2321 = DIRECTION ( 'NONE',  ( 0.000000000000000000, 1.000000000000000000, 0.000000000000000000 ) ) ;
#2322 = CARTESIAN_POINT ( 'NONE',  ( 1.695041536699616769, 1.175278507709732301, 2.096784922947537932 ) ) ;
#2323 = EDGE_CURVE ( 'NONE', #762, #1568, #2608, .T. ) ;
#2324 = APPLICATION_PROTOCOL_DEFINITION ( 'draft international standard', 'automotive_design', 1998, #896 ) ;
#2325 = VERTEX_POINT ( 'NONE', #2059 ) ;
#2326 = CARTESIAN_POINT ( 'NONE',  ( 1.593707487952794821, 0.2789802549590535974, 2.166666666666667407 ) ) ;
#2327 = STYLED_ITEM ( 'NONE', ( #146 ), #2305 ) ;
#2328 = DIRECTION ( 'NONE',  ( 0.000000000000000000, -1.000000000000000000, -0.000000000000000000 ) ) ;
#2329 = AXIS2_PLACEMENT_3D ( 'NONE', #456, #1068, #1046 ) ;
#2330 = DIRECTION ( 'NONE',  ( 0.000000000000000000, 0.000000000000000000, -1.000000000000000000 ) ) ;
#2331 = VERTEX_POINT ( 'NONE', #3176 ) ;
#2332 = VECTOR ( 'NONE', #2086, 1000.000000000000000 ) ;
#2333 = CARTESIAN_POINT ( 'NONE',  ( -1.516575458645543550, 0.3362438066527488334, 2.166666666666667407 ) ) ;
#2334 = CARTESIAN_POINT ( 'NONE',  ( -1.750000000000000666, 0.4000000000000001332, 2.166666666666667407 ) ) ;
#2335 = CARTESIAN_POINT ( 'NONE',  ( -1.600000000000000755, 2.200000000000000622, -1.814560945907769840 ) ) ;
#2336 = STYLED_ITEM ( 'NONE', ( #2012 ), #2921 ) ;
#2337 = VERTEX_POINT ( 'NONE', #3531 ) ;
#2338 = VECTOR ( 'NONE', #498, 1000.000000000000000 ) ;
#2339 = CARTESIAN_POINT ( 'NONE',  ( -3.814560945907769618, 2.200000000000000622, 1.600000000000000089 ) ) ;
#2340 = CARTESIAN_POINT ( 'NONE',  ( 2.425000000000001155, 3.333333333333333481, 2.166666666666666519 ) ) ;
#2341 = SURFACE_STYLE_USAGE ( .BOTH. , #3163 ) ;
#2342 = VECTOR ( 'NONE', #2825, 1000.000000000000000 ) ;
#2343 = COLOUR_RGB ( '',0.8980392156862745390, 0.8980392156862745390, 0.8980392156862745390 ) ;
#2344 = EDGE_CURVE ( 'NONE', #2337, #3344, #484, .T. ) ;
#2345 = PRESENTATION_STYLE_ASSIGNMENT (( #1195 ) ) ;
#2346 = ORIENTED_EDGE ( 'NONE', *, *, #1415, .T. ) ;
#2347 = AXIS2_PLACEMENT_3D ( 'NONE', #2292, #362, #1997 ) ;
#2348 = SURFACE_SIDE_STYLE ('',( #1259 ) ) ;
#2349 = CARTESIAN_POINT ( 'NONE',  ( -1.166666666666662966, 4.000000000000000000, -2.500000000000000000 ) ) ;
#2350 = ORIENTED_EDGE ( 'NONE', *, *, #2174, .F. ) ;
#2351 = PLANE ( 'NONE',  #3379 ) ;
#2352 = CARTESIAN_POINT ( 'NONE',  ( -2.499999999999999556, 0.4000000000000000777, -4.218822833548887985 ) ) ;
#2353 = SURFACE_STYLE_USAGE ( .BOTH. , #3450 ) ;
#2354 = VERTEX_POINT ( 'NONE', #2738 ) ;
#2355 = UNCERTAINTY_MEASURE_WITH_UNIT (LENGTH_MEASURE( 1.000000000000000082E-05 ), #225, 'distance_accuracy_value', 'NONE');
#2356 = CARTESIAN_POINT ( 'NONE',  ( 1.681585198530192393, 1.771986939879581557, 1.599999999999999867 ) ) ;
#2357 = DIRECTION ( 'NONE',  ( -1.000000000000000000, 0.000000000000000000, 1.858632295689442265E-16 ) ) ;
#2358 = DIRECTION ( 'NONE',  ( 1.000000000000000000, 0.000000000000000000, 1.084202172485504434E-16 ) ) ;
#2359 = DIRECTION ( 'NONE',  ( 1.000000000000000000, -1.788933584601083105E-15, 0.000000000000000000 ) ) ;
#2360 = VERTEX_POINT ( 'NONE', #1878 ) ;
#2361 = ADVANCED_FACE ( 'NONE', ( #184 ), #1595, .F. ) ;
#2362 = DIRECTION ( 'NONE',  ( 1.000000000000000000, 0.000000000000000000, -4.688441826964341340E-16 ) ) ;
#2363 = DIRECTION ( 'NONE',  ( 0.000000000000000000, 0.000000000000000000, 1.000000000000000000 ) ) ;
#2364 = VERTEX_POINT ( 'NONE', #1092 ) ;
#2365 = ADVANCED_FACE ( 'NONE', ( #3286 ), #747, .F. ) ;
#2366 = CARTESIAN_POINT ( 'NONE',  ( -2.499999999999999556, 0.4000000000000000777, -2.091666666666667673 ) ) ;
#2367 = DIRECTION ( 'NONE',  ( 1.000000000000000000, -1.734723475976808672E-15, 0.000000000000000000 ) ) ;
#2368 =( LENGTH_UNIT ( ) NAMED_UNIT ( * ) SI_UNIT ( .MILLI., .METRE. ) );
#2369 =( BOUNDED_SURFACE ( )  B_SPLINE_SURFACE ( 3, 3, ( 
 ( #2102, #2633, #2883, #136 ),
 ( #1823, #2044, #1249, #2356 ),
 ( #3465, #2077, #1492, #2666 ),
 ( #1770, #2648, #3193, #1525 ) ),
 .UNSPECIFIED., .F., .F., .F. ) 
 B_SPLINE_SURFACE_WITH_KNOTS ( ( 4, 4 ),
 ( 4, 4 ),
 ( 0.000000000000000000, 1.000000000000000000 ),
 ( 0.000000000000000000, 1.000000000000000000 ),
 .UNSPECIFIED. ) 
 GEOMETRIC_REPRESENTATION_ITEM ( )  RATIONAL_B_SPLINE_SURFACE ( (
 ( 1.000000000000000000, 0.8047378541243653816, 0.8047378541243653816, 1.000000000000000000),
 ( 0.8826314264137011811, 0.7102869200748895828, 0.7102869200748895828, 0.8826314264137011811),
 ( 0.8826314264137011811, 0.7102869200748895828, 0.7102869200748895828, 0.8826314264137011811),
 ( 1.000000000000000000, 0.8047378541243653816, 0.8047378541243653816, 1.000000000000000000) ) ) 
 REPRESENTATION_ITEM ( '' )  SURFACE ( )  );
#2370 = FILL_AREA_STYLE ('',( #2393 ) ) ;
#2371 = ORIENTED_EDGE ( 'NONE', *, *, #2211, .T. ) ;
#2372 =( GEOMETRIC_REPRESENTATION_CONTEXT ( 3 ) GLOBAL_UNCERTAINTY_ASSIGNED_CONTEXT ( ( #640 ) ) GLOBAL_UNIT_ASSIGNED_CONTEXT ( ( #1611, #189, #782 ) ) REPRESENTATION_CONTEXT ( 'NONE', 'WORKASPACE' ) );
#2373 = DIRECTION ( 'NONE',  ( -1.000000000000000000, -0.000000000000000000, 0.000000000000000000 ) ) ;
#2374 = SURFACE_STYLE_FILL_AREA ( #2708 ) ;
#2375 = SURFACE_SIDE_STYLE ('',( #2940 ) ) ;
#2376 = CARTESIAN_POINT ( 'NONE',  ( -3.814560945907769174, 2.200000000000000622, -1.600000000000000977 ) ) ;
#2377 = VECTOR ( 'NONE', #1449, 1000.000000000000000 ) ;
#2378 = FILL_AREA_STYLE ('',( #1827 ) ) ;
#2379 = DIRECTION ( 'NONE',  ( 0.000000000000000000, 0.000000000000000000, 1.000000000000000000 ) ) ;
#2380 = CYLINDRICAL_SURFACE ( 'NONE', #249, 0.1249999999999998890 ) ;
#2381 = VERTEX_POINT ( 'NONE', #261 ) ;
#2382 = VECTOR ( 'NONE', #3105, 1000.000000000000000 ) ;
#2383 = DIRECTION ( 'NONE',  ( 1.000000000000000000, 0.000000000000000000, 0.000000000000000000 ) ) ;
#2384 = ADVANCED_FACE ( 'NONE', ( #470 ), #240, .F. ) ;
#2385 = AXIS2_PLACEMENT_3D ( 'NONE', #1518, #2628, #130 ) ;
#2386 = VERTEX_POINT ( 'NONE', #1040 ) ;
#2387 = CIRCLE ( 'NONE', #3434, 0.5000000000000000000 ) ;
#2388 = MECHANICAL_DESIGN_GEOMETRIC_PRESENTATION_REPRESENTATION (  '', ( #3263 ), #2158 ) ;
#2389 = CARTESIAN_POINT ( 'NONE',  ( -1.600000000000000755, 2.200000000000000622, -3.814560945907770062 ) ) ;
#2390 = SURFACE_STYLE_FILL_AREA ( #488 ) ;
#2391 = PLANE ( 'NONE',  #464 ) ;
#2392 = EDGE_CURVE ( 'NONE', #3288, #495, #3266, .T. ) ;
#2393 = FILL_AREA_STYLE_COLOUR ( '', #888 ) ;
#2394 = ORIENTED_EDGE ( 'NONE', *, *, #1415, .F. ) ;
#2395 = VECTOR ( 'NONE', #2917, 1000.000000000000000 ) ;
#2396 = UNCERTAINTY_MEASURE_WITH_UNIT (LENGTH_MEASURE( 1.000000000000000082E-05 ), #1088, 'distance_accuracy_value', 'NONE');
#2397 = DIRECTION ( 'NONE',  ( -0.3007057995042667353, 0.9537169507482290420, 0.000000000000000000 ) ) ;
#2398 = CARTESIAN_POINT ( 'NONE',  ( 1.166666666666662966, 0.4840796770343924194, 2.500000000000000444 ) ) ;
#2399 =( NAMED_UNIT ( * ) SI_UNIT ( $, .STERADIAN. ) SOLID_ANGLE_UNIT ( ) );
#2400 = FILL_AREA_STYLE ('',( #1613 ) ) ;
#2401 = COLOUR_RGB ( '',0.8980392156862745390, 0.8980392156862745390, 0.8980392156862745390 ) ;
#2402 = ORIENTED_EDGE ( 'NONE', *, *, #784, .F. ) ;
#2403 = CARTESIAN_POINT ( 'NONE',  ( 1.501986215959955295, 0.3744517276949102524, 2.166666666666667407 ) ) ;
#2404 = CARTESIAN_POINT ( 'NONE',  ( -1.500000000000000444, 0.5891792733273860661, 2.166666666666666519 ) ) ;
#2405 = DIRECTION ( 'NONE',  ( 9.757819552369539906E-16, -1.000000000000000000, 0.000000000000000000 ) ) ;
#2406 = EDGE_LOOP ( 'NONE', ( #3171, #735, #1483, #3177 ) ) ;
#2407 =( GEOMETRIC_REPRESENTATION_CONTEXT ( 3 ) GLOBAL_UNCERTAINTY_ASSIGNED_CONTEXT ( ( #606 ) ) GLOBAL_UNIT_ASSIGNED_CONTEXT ( ( #676, #1247, #406 ) ) REPRESENTATION_CONTEXT ( 'NONE', 'WORKASPACE' ) );
#2408 = DIRECTION ( 'NONE',  ( 0.9537169507482299302, 0.3007057995042634047, 0.000000000000000000 ) ) ;
#2409 = PRESENTATION_LAYER_ASSIGNMENT (  '', '', ( #3044 ) ) ;
#2410 = ORIENTED_EDGE ( 'NONE', *, *, #1523, .F. ) ;
#2411 = FACE_OUTER_BOUND ( 'NONE', #787, .T. ) ;
#2412 = PRESENTATION_STYLE_ASSIGNMENT (( #729 ) ) ;
#2413 = CARTESIAN_POINT ( 'NONE',  ( 1.500000000000000444, 3.333333333333333481, 2.166666666666666519 ) ) ;
#2414 = ORIENTED_EDGE ( 'NONE', *, *, #341, .F. ) ;
#2415 = ADVANCED_FACE ( 'NONE', ( #1445 ), #836, .T. ) ;
#2416 = CARTESIAN_POINT ( 'NONE',  ( 1.749999999999997780, 0.1500000000000005496, 2.166666666666780650 ) ) ;
#2417 = DIRECTION ( 'NONE',  ( -0.000000000000000000, -1.000000000000000000, 0.000000000000000000 ) ) ;
#2418 = PLANE ( 'NONE',  #1220 ) ;
#2419 = SURFACE_SIDE_STYLE ('',( #1310 ) ) ;
#2420 = EDGE_CURVE ( 'NONE', #347, #2979, #2261, .T. ) ;
#2421 = DIRECTION ( 'NONE',  ( -0.6901619708141998322, -0.2176072335280443970, -0.6901619708141927267 ) ) ;
#2422 = VERTEX_POINT ( 'NONE', #851 ) ;
#2423 = CARTESIAN_POINT ( 'NONE',  ( -1.647791502810085573, 1.771986939879581557, -1.681585198530191283 ) ) ;
#2424 =( NAMED_UNIT ( * ) PLANE_ANGLE_UNIT ( ) SI_UNIT ( $, .RADIAN. ) );
#2425 = ORIENTED_EDGE ( 'NONE', *, *, #363, .T. ) ;
#2426 = DIRECTION ( 'NONE',  ( 0.3007057995042667353, 0.9537169507482290420, -0.000000000000000000 ) ) ;
#2427 = ORIENTED_EDGE ( 'NONE', *, *, #1673, .F. ) ;
#2428 = CARTESIAN_POINT ( 'NONE',  ( 1.500000000000000000, 0.5891792733273858440, -2.166666666666666519 ) ) ;
#2429 =( LENGTH_UNIT ( ) NAMED_UNIT ( * ) SI_UNIT ( .MILLI., .METRE. ) );
#2430 = CARTESIAN_POINT ( 'NONE',  ( 1.500000000000000666, 4.000000000000000000, 2.166666666666666075 ) ) ;
#2431 = ORIENTED_EDGE ( 'NONE', *, *, #719, .F. ) ;
#2432 = PRESENTATION_STYLE_ASSIGNMENT (( #1066 ) ) ;
#2433 = DIRECTION ( 'NONE',  ( 0.000000000000000000, -1.000000000000000000, 0.000000000000000000 ) ) ;
#2434 = SURFACE_SIDE_STYLE ('',( #478 ) ) ;
#2435 = COLOUR_RGB ( '',0.7294117647058823151, 0.3568627450980392246, 0.02352941176470588203 ) ;
#2436 = PRESENTATION_STYLE_ASSIGNMENT (( #1325 ) ) ;
#2437 = VERTEX_POINT ( 'NONE', #3100 ) ;
#2438 = CARTESIAN_POINT ( 'NONE',  ( 1.749999999999998002, 1.066666666666666430, 2.416666666666666963 ) ) ;
#2439 = CARTESIAN_POINT ( 'NONE',  ( -1.500000000000000444, 1.066666666666666652, 2.166666666666667407 ) ) ;
#2440 = SURFACE_STYLE_FILL_AREA ( #1072 ) ;
#2441 = EDGE_CURVE ( 'NONE', #3052, #384, #1981, .T. ) ;
#2442 = FACE_OUTER_BOUND ( 'NONE', #165, .T. ) ;
#2443 = VERTEX_POINT ( 'NONE', #315 ) ;
#2444 = CARTESIAN_POINT ( 'NONE',  ( 2.425000000000001155, -2.168404344971008868E-16, 2.166666666666666519 ) ) ;
#2445 = STYLED_ITEM ( 'NONE', ( #2597 ), #672 ) ;
#2446 = ORIENTED_EDGE ( 'NONE', *, *, #1657, .F. ) ;
#2447 =( GEOMETRIC_REPRESENTATION_CONTEXT ( 3 ) GLOBAL_UNCERTAINTY_ASSIGNED_CONTEXT ( ( #2578 ) ) GLOBAL_UNIT_ASSIGNED_CONTEXT ( ( #210, #1866, #773 ) ) REPRESENTATION_CONTEXT ( 'NONE', 'WORKASPACE' ) );
#2448 = PRESENTATION_STYLE_ASSIGNMENT (( #2123 ) ) ;
#2449 = FILL_AREA_STYLE_COLOUR ( '', #2157 ) ;
#2450 = FACE_OUTER_BOUND ( 'NONE', #655, .T. ) ;
#2451 = STYLED_ITEM ( 'NONE', ( #352 ), #2126 ) ;
#2452 =( GEOMETRIC_REPRESENTATION_CONTEXT ( 3 ) GLOBAL_UNCERTAINTY_ASSIGNED_CONTEXT ( ( #1803 ) ) GLOBAL_UNIT_ASSIGNED_CONTEXT ( ( #46, #2579, #1156 ) ) REPRESENTATION_CONTEXT ( 'NONE', 'WORKASPACE' ) );
#2453 = COLOUR_RGB ( '',0.2509803921568627416, 0.2509803921568627416, 0.2509803921568627416 ) ;
#2454 =( NAMED_UNIT ( * ) SI_UNIT ( $, .STERADIAN. ) SOLID_ANGLE_UNIT ( ) );
#2455 = ORIENTED_EDGE ( 'NONE', *, *, #474, .F. ) ;
#2456 = CARTESIAN_POINT ( 'NONE',  ( -1.549647100247866671, 0.6048329439068910185, -4.218822833548887985 ) ) ;
#2457 = DIRECTION ( 'NONE',  ( 0.000000000000000000, 1.000000000000000000, 0.000000000000000000 ) ) ;
#2458 =( LENGTH_UNIT ( ) NAMED_UNIT ( * ) SI_UNIT ( .MILLI., .METRE. ) );
#2459 = STYLED_ITEM ( 'NONE', ( #2345 ), #2947 ) ;
#2460 = ADVANCED_FACE ( 'NONE', ( #1966 ), #2515, .F. ) ;
#2461 = COLOUR_RGB ( '',0.7294117647058823151, 0.3568627450980392246, 0.02352941176470588203 ) ;
#2462 = LINE ( 'NONE', #1642, #3271 ) ;
#2463 = ORIENTED_EDGE ( 'NONE', *, *, #3013, .T. ) ;
#2464 = EDGE_CURVE ( 'NONE', #2504, #219, #72, .T. ) ;
#2465 = CARTESIAN_POINT ( 'NONE',  ( -2.499999999999999556, 0.3999999999999998557, 2.091666666666667673 ) ) ;
#2466 = FILL_AREA_STYLE_COLOUR ( '', #2503 ) ;
#2467 = DIRECTION ( 'NONE',  ( 0.000000000000000000, 0.000000000000000000, 1.000000000000000000 ) ) ;
#2468 = ORIENTED_EDGE ( 'NONE', *, *, #3371, .T. ) ;
#2469 = DIRECTION ( 'NONE',  ( -1.000000000000000000, 0.000000000000000000, 1.858632295689442265E-16 ) ) ;
#2470 = CARTESIAN_POINT ( 'NONE',  ( -1.166666666666662966, 0.1540948306367007359, -2.500000000000000000 ) ) ;
#2471 = ORIENTED_EDGE ( 'NONE', *, *, #2496, .F. ) ;
#2472 = CARTESIAN_POINT ( 'NONE',  ( 1.500000000000000222, 0.5891792733273858440, 2.166666666666666519 ) ) ;
#2473 = FACE_OUTER_BOUND ( 'NONE', #80, .T. ) ;
#2474 = VERTEX_POINT ( 'NONE', #3342 ) ;
#2475 = EDGE_CURVE ( 'NONE', #1636, #2189, #1984, .T. ) ;
#2476 = UNCERTAINTY_MEASURE_WITH_UNIT (LENGTH_MEASURE( 1.000000000000000082E-05 ), #922, 'distance_accuracy_value', 'NONE');
#2477 = FILL_AREA_STYLE ('',( #2545 ) ) ;
#2478 = FACE_OUTER_BOUND ( 'NONE', #912, .T. ) ;
#2479 = LINE ( 'NONE', #1879, #3279 ) ;
#2480 = ORIENTED_EDGE ( 'NONE', *, *, #1122, .T. ) ;
#2481 = EDGE_CURVE ( 'NONE', #1722, #1636, #2824, .T. ) ;
#2482 = CARTESIAN_POINT ( 'NONE',  ( 1.749999999999997558, 0.1500000000000668576, 2.313113276073454294 ) ) ;
#2483 = CARTESIAN_POINT ( 'NONE',  ( -1.600000000000001421, 1.771986939879581557, 1.681585198530192837 ) ) ;
#2484 = ORIENTED_EDGE ( 'NONE', *, *, #1457, .T. ) ;
#2485 = ORIENTED_EDGE ( 'NONE', *, *, #2615, .T. ) ;
#2486 = DIRECTION ( 'NONE',  ( 0.000000000000000000, 0.000000000000000000, 1.000000000000000000 ) ) ;
#2487 = SURFACE_STYLE_USAGE ( .BOTH. , #324 ) ;
#2488 =( LENGTH_UNIT ( ) NAMED_UNIT ( * ) SI_UNIT ( .MILLI., .METRE. ) );
#2489 = CLOSED_SHELL ( 'NONE', ( #1990, #1171, #467, #325, #2878, #672 ) ) ;
#2490 =( GEOMETRIC_REPRESENTATION_CONTEXT ( 3 ) GLOBAL_UNCERTAINTY_ASSIGNED_CONTEXT ( ( #2830 ) ) GLOBAL_UNIT_ASSIGNED_CONTEXT ( ( #425, #2968, #1594 ) ) REPRESENTATION_CONTEXT ( 'NONE', 'WORKASPACE' ) );
#2491 = EDGE_LOOP ( 'NONE', ( #2089, #2006, #2480, #453, #2289, #2920 ) ) ;
#2492 = SURFACE_STYLE_USAGE ( .BOTH. , #1965 ) ;
#2493 = CARTESIAN_POINT ( 'NONE',  ( 2.425000000000001155, 0.3112511343022052457, 2.166666666666666519 ) ) ;
#2494 = CARTESIAN_POINT ( 'NONE',  ( 2.350000000000000533, 3.333333333333333481, 2.166666666666666519 ) ) ;
#2495 = ORIENTED_EDGE ( 'NONE', *, *, #2464, .T. ) ;
#2496 = EDGE_CURVE ( 'NONE', #3564, #1716, #1968, .T. ) ;
#2497 = CARTESIAN_POINT ( 'NONE',  ( -1.749412467707710972, 0.3871629326934454829, 2.166666666666667407 ) ) ;
#2498 = CARTESIAN_POINT ( 'NONE',  ( -2.166666666666666519, 1.066666666666666208, 1.600000000000000089 ) ) ;
#2499 = CARTESIAN_POINT ( 'NONE',  ( 1.500000000000000222, 0.5891792733273858440, -2.166666666666666519 ) ) ;
#2500 = ORIENTED_EDGE ( 'NONE', *, *, #2070, .F. ) ;
#2501 = VECTOR ( 'NONE', #3295, 1000.000000000000000 ) ;
#2502 = EDGE_CURVE ( 'NONE', #1583, #2381, #892, .T. ) ;
#2503 = COLOUR_RGB ( '',0.8980392156862745390, 0.8980392156862745390, 0.8980392156862745390 ) ;
#2504 = VERTEX_POINT ( 'NONE', #3063 ) ;
#2505 = CARTESIAN_POINT ( 'NONE',  ( -1.600000000000000755, 2.200000000000000622, 3.814560945907769618 ) ) ;
#2506 =( GEOMETRIC_REPRESENTATION_CONTEXT ( 3 ) GLOBAL_UNCERTAINTY_ASSIGNED_CONTEXT ( ( #2319 ) ) GLOBAL_UNIT_ASSIGNED_CONTEXT ( ( #3273, #1861, #2802 ) ) REPRESENTATION_CONTEXT ( 'NONE', 'WORKASPACE' ) );
#2507 = DIRECTION ( 'NONE',  ( 0.000000000000000000, 1.000000000000000000, 0.000000000000000000 ) ) ;
#2508 = CIRCLE ( 'NONE', #936, 0.5000000000000000000 ) ;
#2509 = DIRECTION ( 'NONE',  ( 0.9537169507482290420, 0.3007057995042667353, -0.000000000000000000 ) ) ;
#2510 = AXIS2_PLACEMENT_3D ( 'NONE', #2546, #1707, #872 ) ;
#2511 = FILL_AREA_STYLE_COLOUR ( '', #2168 ) ;
#2512 = ORIENTED_EDGE ( 'NONE', *, *, #2678, .T. ) ;
#2513 = CARTESIAN_POINT ( 'NONE',  ( 1.635529696856113269, 0.2754442876295178921, 2.166666666666667407 ) ) ;
#2514 = LINE ( 'NONE', #3219, #1622 ) ;
#2515 = PLANE ( 'NONE',  #2103 ) ;
#2516 = PRESENTATION_STYLE_ASSIGNMENT (( #1950 ) ) ;
#2517 = VERTEX_POINT ( 'NONE', #78 ) ;
#2518 = AXIS2_PLACEMENT_3D ( 'NONE', #598, #1446, #3118 ) ;
#2519 = CARTESIAN_POINT ( 'NONE',  ( -1.749926035077033148, 0.3957004930594279490, 2.166666666666667407 ) ) ;
#2520 = CARTESIAN_POINT ( 'NONE',  ( -1.600000000000001421, 1.066666666666666208, 2.166666666666666519 ) ) ;
#2521 = EDGE_LOOP ( 'NONE', ( #2136, #3425, #2485, #2741 ) ) ;
#2522 = PRODUCT_DEFINITION_FORMATION_WITH_SPECIFIED_SOURCE ( 'ANY', '', #1939, .NOT_KNOWN. ) ;
#2523 = ADVANCED_FACE ( 'NONE', ( #2208 ), #5, .F. ) ;
#2524 = DIRECTION ( 'NONE',  ( 0.000000000000000000, 0.000000000000000000, -1.000000000000000000 ) ) ;
#2525 = ORIENTED_EDGE ( 'NONE', *, *, #2678, .F. ) ;
#2526 =( NAMED_UNIT ( * ) SI_UNIT ( $, .STERADIAN. ) SOLID_ANGLE_UNIT ( ) );
#2527 = EDGE_CURVE ( 'NONE', #2189, #3344, #3408, .T. ) ;
#2528 = PRESENTATION_STYLE_ASSIGNMENT (( #2255 ) ) ;
#2529 = ORIENTED_EDGE ( 'NONE', *, *, #3349, .F. ) ;
#2530 = FILL_AREA_STYLE ('',( #3579 ) ) ;
#2531 = LINE ( 'NONE', #2494, #23 ) ;
#2532 = ORIENTED_EDGE ( 'NONE', *, *, #1917, .F. ) ;
#2533 = PRESENTATION_STYLE_ASSIGNMENT (( #1416 ) ) ;
#2534 = CARTESIAN_POINT ( 'NONE',  ( -1.166666666666662966, 4.000000000000000000, 2.500000000000000444 ) ) ;
#2535 = CARTESIAN_POINT ( 'NONE',  ( 1.699999999999999956, 0.1279744685327766363, 2.500000000000000444 ) ) ;
#2536 = ORIENTED_EDGE ( 'NONE', *, *, #1368, .T. ) ;
#2537 = DIRECTION ( 'NONE',  ( -1.000000000000000000, 0.000000000000000000, 1.858632295689442265E-16 ) ) ;
#2538 = ORIENTED_EDGE ( 'NONE', *, *, #1596, .T. ) ;
#2539 = DIRECTION ( 'NONE',  ( -0.000000000000000000, -1.000000000000000000, -0.000000000000000000 ) ) ;
#2540 = EDGE_CURVE ( 'NONE', #3087, #2850, #2859, .T. ) ;
#2541 = DIRECTION ( 'NONE',  ( -0.000000000000000000, -1.000000000000000000, -0.000000000000000000 ) ) ;
#2542 = EDGE_CURVE ( 'NONE', #3068, #608, #1240, .T. ) ;
#2543 = SURFACE_SIDE_STYLE ('',( #541 ) ) ;
#2544 = STYLED_ITEM ( 'NONE', ( #377 ), #50 ) ;
#2545 = FILL_AREA_STYLE_COLOUR ( '', #2737 ) ;
#2546 = CARTESIAN_POINT ( 'NONE',  ( -1.600000000000000755, 1.066666666666666874, 1.600000000000000755 ) ) ;
#2547 = CARTESIAN_POINT ( 'NONE',  ( 1.500000000000000000, 0.02020410288672833815, -2.166666666666666519 ) ) ;
#2548 = ORIENTED_EDGE ( 'NONE', *, *, #2092, .T. ) ;
#2549 = SURFACE_STYLE_FILL_AREA ( #2629 ) ;
#2550 = SURFACE_STYLE_FILL_AREA ( #1436 ) ;
#2551 = ORIENTED_EDGE ( 'NONE', *, *, #719, .T. ) ;
#2552 = COLOUR_RGB ( '',0.8980392156862745390, 0.8980392156862745390, 0.8980392156862745390 ) ;
#2553 =( NAMED_UNIT ( * ) PLANE_ANGLE_UNIT ( ) SI_UNIT ( $, .RADIAN. ) );
#2554 = DIRECTION ( 'NONE',  ( -0.000000000000000000, -1.000000000000000000, -0.000000000000000000 ) ) ;
#2555 = LINE ( 'NONE', #3093, #2032 ) ;
#2556 = PRESENTATION_LAYER_ASSIGNMENT (  '', '', ( #2088 ) ) ;
#2557 = AXIS2_PLACEMENT_3D ( 'NONE', #1773, #416, #2945 ) ;
#2558 = AXIS2_PLACEMENT_3D ( 'NONE', #306, #1734, #2594 ) ;
#2559 = AXIS2_PLACEMENT_3D ( 'NONE', #3292, #1069, #3275 ) ;
#2560 = CARTESIAN_POINT ( 'NONE',  ( 1.599999999999998979, 2.200000000000000622, -3.814560945907769618 ) ) ;
#2561 = FILL_AREA_STYLE ('',( #380 ) ) ;
#2562 = ORIENTED_EDGE ( 'NONE', *, *, #2030, .F. ) ;
#2563 = CIRCLE ( 'NONE', #1406, 2.000000000000000000 ) ;
#2564 = VECTOR ( 'NONE', #716, 1000.000000000000000 ) ;
#2565 = ADVANCED_FACE ( 'NONE', ( #2931 ), #1775, .F. ) ;
#2566 = CARTESIAN_POINT ( 'NONE',  ( -1.600000000000001199, 2.628013060120418132, -1.681585198530191505 ) ) ;
#2567 = DIRECTION ( 'NONE',  ( -1.000000000000000000, -0.000000000000000000, -0.000000000000000000 ) ) ;
#2568 = ORIENTED_EDGE ( 'NONE', *, *, #279, .T. ) ;
#2569 = AXIS2_PLACEMENT_3D ( 'NONE', #811, #1926, #21 ) ;
#2570 = EDGE_CURVE ( 'NONE', #1956, #3211, #2972, .T. ) ;
#2571 = DIRECTION ( 'NONE',  ( -0.9537169507482290420, -0.3007057995042665133, 0.000000000000000000 ) ) ;
#2572 = MECHANICAL_DESIGN_GEOMETRIC_PRESENTATION_REPRESENTATION (  '', ( #2754 ), #2407 ) ;
#2573 = DIRECTION ( 'NONE',  ( 1.000000000000000000, 0.000000000000000000, 1.084202172485504434E-16 ) ) ;
#2574 = CARTESIAN_POINT ( 'NONE',  ( 1.500000000000000222, 1.066666666666666652, -2.166666666666666519 ) ) ;
#2575 = DIRECTION ( 'NONE',  ( 0.000000000000000000, 0.000000000000000000, -1.000000000000000000 ) ) ;
#2576 = VERTEX_POINT ( 'NONE', #653 ) ;
#2577 = MECHANICAL_DESIGN_GEOMETRIC_PRESENTATION_REPRESENTATION (  '', ( #3452 ), #1992 ) ;
#2578 = UNCERTAINTY_MEASURE_WITH_UNIT (LENGTH_MEASURE( 1.000000000000000082E-05 ), #210, 'distance_accuracy_value', 'NONE');
#2579 =( NAMED_UNIT ( * ) PLANE_ANGLE_UNIT ( ) SI_UNIT ( $, .RADIAN. ) );
#2580 = VERTEX_POINT ( 'NONE', #3169 ) ;
#2581 = CARTESIAN_POINT ( 'NONE',  ( -1.500000000000000888, 0.02020410288672839019, 2.166666666666666075 ) ) ;
#2582 = LINE ( 'NONE', #1193, #1862 ) ;
#2583 = AXIS2_PLACEMENT_3D ( 'NONE', #1426, #378, #626 ) ;
#2584 = CARTESIAN_POINT ( 'NONE',  ( 2.499999999999999556, 0.3999999999999996336, -2.091666666666667673 ) ) ;
#2585 = EDGE_CURVE ( 'NONE', #3268, #2979, #1216, .T. ) ;
#2586 = PRESENTATION_STYLE_ASSIGNMENT (( #2860 ) ) ;
#2587 = ORIENTED_EDGE ( 'NONE', *, *, #779, .T. ) ;
#2588 = CARTESIAN_POINT ( 'NONE',  ( 1.549647100247866671, 0.6048329439068910185, -2.166666666666666519 ) ) ;
#2589 = CARTESIAN_POINT ( 'NONE',  ( -1.500000000000000444, 0.4000000000000001887, 2.166666666666667407 ) ) ;
#2590 = DIRECTION ( 'NONE',  ( 0.6901619708141983889, 0.2176072335280441472, 0.6901619708141943921 ) ) ;
#2591 = ADVANCED_FACE ( 'NONE', ( #1481 ), #1815, .T. ) ;
#2592 = ORIENTED_EDGE ( 'NONE', *, *, #2192, .T. ) ;
#2593 = LINE ( 'NONE', #3214, #2564 ) ;
#2594 = DIRECTION ( 'NONE',  ( 0.000000000000000000, 0.000000000000000000, 1.000000000000000000 ) ) ;
#2595 = DIRECTION ( 'NONE',  ( -0.000000000000000000, -1.000000000000000000, -0.000000000000000000 ) ) ;
#2596 =( NAMED_UNIT ( * ) SI_UNIT ( $, .STERADIAN. ) SOLID_ANGLE_UNIT ( ) );
#2597 = PRESENTATION_STYLE_ASSIGNMENT (( #1983 ) ) ;
#2598 = SURFACE_SIDE_STYLE ('',( #2311 ) ) ;
#2599 = ORIENTED_EDGE ( 'NONE', *, *, #1352, .T. ) ;
#2600 = CARTESIAN_POINT ( 'NONE',  ( 1.621588949379301425, 0.2742657640428849408, 2.166666666666667407 ) ) ;
#2601 =( NAMED_UNIT ( * ) SI_UNIT ( $, .STERADIAN. ) SOLID_ANGLE_UNIT ( ) );
#2602 = ORIENTED_EDGE ( 'NONE', *, *, #1546, .F. ) ;
#2603 = PRESENTATION_LAYER_ASSIGNMENT (  '', '', ( #2662 ) ) ;
#2604 = PRODUCT_DEFINITION ( 'UNKNOWN', '', #2522, #1452 ) ;
#2605 = CARTESIAN_POINT ( 'NONE',  ( -2.425000000000001155, 0.3112511343022056898, 2.166666666666665186 ) ) ;
#2606 = PRESENTATION_LAYER_ASSIGNMENT (  '', '', ( #744 ) ) ;
#2607 = DIRECTION ( 'NONE',  ( -1.355252715606880049E-16, 0.000000000000000000, 1.000000000000000000 ) ) ;
#2608 = LINE ( 'NONE', #2073, #1746 ) ;
#2609 = ORIENTED_EDGE ( 'NONE', *, *, #2174, .T. ) ;
#2610 = EDGE_CURVE ( 'NONE', #310, #3111, #1183, .T. ) ;
#2611 = UNCERTAINTY_MEASURE_WITH_UNIT (LENGTH_MEASURE( 1.000000000000000082E-05 ), #1531, 'distance_accuracy_value', 'NONE');
#2612 = PRESENTATION_STYLE_ASSIGNMENT (( #1508 ) ) ;
#2613 = FACE_OUTER_BOUND ( 'NONE', #2866, .T. ) ;
#2614 = SURFACE_SIDE_STYLE ('',( #699 ) ) ;
#2615 = EDGE_CURVE ( 'NONE', #1100, #3068, #1036, .T. ) ;
#2616 = VECTOR ( 'NONE', #1087, 1000.000000000000000 ) ;
#2617 = CARTESIAN_POINT ( 'NONE',  ( 1.500000000000000000, 3.333333333333333481, 2.166666666666666519 ) ) ;
#2618 = DIRECTION ( 'NONE',  ( 0.000000000000000000, 0.000000000000000000, 1.000000000000000000 ) ) ;
#2619 = ORIENTED_EDGE ( 'NONE', *, *, #689, .T. ) ;
#2620 = STYLED_ITEM ( 'NONE', ( #3248 ), #2064 ) ;
#2621 = VECTOR ( 'NONE', #1899, 1000.000000000000000 ) ;
#2622 = PRESENTATION_LAYER_ASSIGNMENT (  '', '', ( #2327 ) ) ;
#2623 = CARTESIAN_POINT ( 'NONE',  ( -1.699999999999999956, 0.9999999999999988898, 2.500000000000000444 ) ) ;
#2624 = STYLED_ITEM ( 'NONE', ( #2612 ), #1347 ) ;
#2625 = PLANE ( 'NONE',  #889 ) ;
#2626 = ORIENTED_EDGE ( 'NONE', *, *, #1631, .T. ) ;
#2627 = VECTOR ( 'NONE', #1872, 1000.000000000000000 ) ;
#2628 = DIRECTION ( 'NONE',  ( 1.048990684667788966E-15, -0.000000000000000000, 1.000000000000000000 ) ) ;
#2629 = FILL_AREA_STYLE ('',( #952 ) ) ;
#2630 = LINE ( 'NONE', #2661, #583 ) ;
#2631 = AXIS2_PLACEMENT_3D ( 'NONE', #3115, #612, #256 ) ;
#2632 = ORIENTED_EDGE ( 'NONE', *, *, #1569, .T. ) ;
#2633 = CARTESIAN_POINT ( 'NONE',  ( 1.931945647988579928, 1.066666666666666208, 2.166666666666666075 ) ) ;
#2634 = PLANE ( 'NONE',  #3367 ) ;
#2635 =( NAMED_UNIT ( * ) SI_UNIT ( $, .STERADIAN. ) SOLID_ANGLE_UNIT ( ) );
#2636 = DIRECTION ( 'NONE',  ( 1.000000000000000000, -0.000000000000000000, -1.858632295689442265E-16 ) ) ;
#2637 = EDGE_CURVE ( 'NONE', #730, #1937, #198, .T. ) ;
#2638 = PRESENTATION_LAYER_ASSIGNMENT (  '', '', ( #890 ) ) ;
#2639 = ADVANCED_FACE ( 'NONE', ( #2442 ), #3490, .T. ) ;
#2640 = VERTEX_POINT ( 'NONE', #725 ) ;
#2641 = DIRECTION ( 'NONE',  ( 0.7071067811865454633, -0.000000000000000000, 0.7071067811865495711 ) ) ;
#2642 = VERTEX_POINT ( 'NONE', #2948 ) ;
#2643 = CARTESIAN_POINT ( 'NONE',  ( -1.649470444332927332, 0.2766228112161507879, 2.166666666666667407 ) ) ;
#2644 = DIRECTION ( 'NONE',  ( 0.000000000000000000, 0.000000000000000000, 1.000000000000000000 ) ) ;
#2645 = DIRECTION ( 'NONE',  ( -0.3007057995042667353, 0.9537169507482290420, 0.000000000000000000 ) ) ;
#2646 = ORIENTED_EDGE ( 'NONE', *, *, #1962, .T. ) ;
#2647 = UNCERTAINTY_MEASURE_WITH_UNIT (LENGTH_MEASURE( 1.000000000000000082E-05 ), #3567, 'distance_accuracy_value', 'NONE');
#2648 = CARTESIAN_POINT ( 'NONE',  ( 1.931945647988579484, 3.333333333333333037, 2.166666666666665186 ) ) ;
#2649 = SURFACE_SIDE_STYLE ('',( #205 ) ) ;
#2650 =( NAMED_UNIT ( * ) PLANE_ANGLE_UNIT ( ) SI_UNIT ( $, .RADIAN. ) );
#2651 = CARTESIAN_POINT ( 'NONE',  ( -1.625000000000000666, 1.066666666666666652, 2.166666666666666519 ) ) ;
#2652 = ADVANCED_FACE ( 'NONE', ( #448 ), #1331, .F. ) ;
#2653 =( LENGTH_UNIT ( ) NAMED_UNIT ( * ) SI_UNIT ( .MILLI., .METRE. ) );
#2654 = DIRECTION ( 'NONE',  ( -1.000000000000000000, -0.000000000000000000, -0.000000000000000000 ) ) ;
#2655 = CARTESIAN_POINT ( 'NONE',  ( 1.500000000000000000, 3.333333333333333481, 2.166666666666666519 ) ) ;
#2656 = ORIENTED_EDGE ( 'NONE', *, *, #1596, .F. ) ;
#2657 =( NAMED_UNIT ( * ) PLANE_ANGLE_UNIT ( ) SI_UNIT ( $, .RADIAN. ) );
#2658 = ORIENTED_EDGE ( 'NONE', *, *, #1012, .F. ) ;
#2659 = SURFACE_STYLE_USAGE ( .BOTH. , #215 ) ;
#2660 = DIRECTION ( 'NONE',  ( -0.6901619708141981668, -0.2176072335280448689, 0.6901619708141942811 ) ) ;
#2661 = CARTESIAN_POINT ( 'NONE',  ( 2.499999999999999112, 0.4000000000000000777, -2.091666666666668117 ) ) ;
#2662 = STYLED_ITEM ( 'NONE', ( #2448 ), #185 ) ;
#2663 = FILL_AREA_STYLE ('',( #2096 ) ) ;
#2664 = VERTEX_POINT ( 'NONE', #2675 ) ;
#2665 = VECTOR ( 'NONE', #3156, 1000.000000000000000 ) ;
#2666 = CARTESIAN_POINT ( 'NONE',  ( 1.681585198530191727, 2.628013060120417688, 1.599999999999999867 ) ) ;
#2667 = CARTESIAN_POINT ( 'NONE',  ( 2.166666666666666519, 1.066666666666666208, -1.931945647988578818 ) ) ;
#2668 = CARTESIAN_POINT ( 'NONE',  ( -1.589646355345859741, 1.191814190235174209, 2.087262071191770207 ) ) ;
#2669 = SURFACE_STYLE_USAGE ( .BOTH. , #2887 ) ;
#2670 = ORIENTED_EDGE ( 'NONE', *, *, #2197, .T. ) ;
#2671 = CARTESIAN_POINT ( 'NONE',  ( -2.425000000000001155, -2.168404344971008868E-16, 2.166666666666665630 ) ) ;
#2672 =( NAMED_UNIT ( * ) PLANE_ANGLE_UNIT ( ) SI_UNIT ( $, .RADIAN. ) );
#2673 = ORIENTED_EDGE ( 'NONE', *, *, #1278, .F. ) ;
#2674 = PRESENTATION_LAYER_ASSIGNMENT (  '', '', ( #2849 ) ) ;
#2675 = CARTESIAN_POINT ( 'NONE',  ( 1.500000000000000000, 3.333333333333333481, -2.166666666666666519 ) ) ;
#2676 = VECTOR ( 'NONE', #3340, 1000.000000000000000 ) ;
#2677 = ORIENTED_EDGE ( 'NONE', *, *, #1390, .F. ) ;
#2678 = EDGE_CURVE ( 'NONE', #1196, #1355, #790, .T. ) ;
#2679 = PRESENTATION_LAYER_ASSIGNMENT (  '', '', ( #2031 ) ) ;
#2680 = DIRECTION ( 'NONE',  ( -0.7071067811865512365, 0.000000000000000000, -0.7071067811865439090 ) ) ;
#2681 = CARTESIAN_POINT ( 'NONE',  ( 1.166666666666662744, 0.1540948306367008469, -2.500000000000000444 ) ) ;
#2682 = FILL_AREA_STYLE ('',( #1005 ) ) ;
#2683 = EDGE_LOOP ( 'NONE', ( #875, #3370, #982, #886 ) ) ;
#2684 = EDGE_CURVE ( 'NONE', #2294, #2127, #2148, .T. ) ;
#2685 = VECTOR ( 'NONE', #2590, 1000.000000000000114 ) ;
#2686 = VECTOR ( 'NONE', #2188, 1000.000000000000000 ) ;
#2687 =( NAMED_UNIT ( * ) SI_UNIT ( $, .STERADIAN. ) SOLID_ANGLE_UNIT ( ) );
#2688 = LINE ( 'NONE', #1860, #3027 ) ;
#2689 = DIRECTION ( 'NONE',  ( 0.9537169507482290420, -0.3007057995042665133, -0.000000000000000000 ) ) ;
#2690 = B_SPLINE_CURVE_WITH_KNOTS ( 'NONE', 3,
 ( #907, #3133, #1693, #2811 ),
 .UNSPECIFIED., .F., .F.,
 ( 4, 4 ),
 ( 0.000000000000000000, 1.000000000000000000 ),
 .UNSPECIFIED. ) ;
#2691 = MECHANICAL_DESIGN_GEOMETRIC_PRESENTATION_REPRESENTATION (  '', ( #3096 ), #3154 ) ;
#2692 = CARTESIAN_POINT ( 'NONE',  ( -1.750000000000000444, 0.4000000000000000777, 2.166666666666667407 ) ) ;
#2693 = ORIENTED_EDGE ( 'NONE', *, *, #1164, .F. ) ;
#2694 = CARTESIAN_POINT ( 'NONE',  ( 1.580162499343153337, 0.2824826315266379395, 2.166666666666667407 ) ) ;
#2695 = CARTESIAN_POINT ( 'NONE',  ( -1.749999999999999778, 1.066666666666666874, 2.416666666666665630 ) ) ;
#2696 = AXIS2_PLACEMENT_3D ( 'NONE', #1189, #1403, #3402 ) ;
#2697 = DIRECTION ( 'NONE',  ( 0.000000000000000000, 0.000000000000000000, 1.000000000000000000 ) ) ;
#2698 = EDGE_LOOP ( 'NONE', ( #2551, #685, #1700, #402 ) ) ;
#2699 = AXIS2_PLACEMENT_3D ( 'NONE', #3375, #853, #1708 ) ;
#2700 = FACE_OUTER_BOUND ( 'NONE', #950, .T. ) ;
#2701 = CIRCLE ( 'NONE', #2986, 2.000000000000000000 ) ;
#2702 = ORIENTED_EDGE ( 'NONE', *, *, #1657, .T. ) ;
#2703 = EDGE_CURVE ( 'NONE', #1607, #2113, #1229, .T. ) ;
#2704 = CARTESIAN_POINT ( 'NONE',  ( 2.425000000000001155, 0.4000000000000000777, -2.166666666666666519 ) ) ;
#2705 = ORIENTED_EDGE ( 'NONE', *, *, #1075, .T. ) ;
#2706 = EDGE_CURVE ( 'NONE', #1538, #814, #3297, .T. ) ;
#2707 = CARTESIAN_POINT ( 'NONE',  ( -2.425000000000001155, 3.333333333333333481, 2.166666666666666075 ) ) ;
#2708 = FILL_AREA_STYLE ('',( #1010 ) ) ;
#2709 = PLANE ( 'NONE',  #2329 ) ;
#2710 = CARTESIAN_POINT ( 'NONE',  ( 1.850352899752133462, 0.6048329439068910185, 2.166666666666666519 ) ) ;
#2711 = ORIENTED_EDGE ( 'NONE', *, *, #409, .T. ) ;
#2712 = CARTESIAN_POINT ( 'NONE',  ( -1.166666666666663188, 0.4840796770343926969, -2.500000000000000000 ) ) ;
#2713 = DIRECTION ( 'NONE',  ( -0.000000000000000000, -1.000000000000000000, -0.000000000000000000 ) ) ;
#2714 = DIRECTION ( 'NONE',  ( 1.000000000000000000, 1.734723475976808672E-15, 0.000000000000000000 ) ) ;
#2715 = CARTESIAN_POINT ( 'NONE',  ( -1.500000000000000000, -2.168404344971008868E-16, -2.166666666666666519 ) ) ;
#2716 = VERTEX_POINT ( 'NONE', #1905 ) ;
#2717 = SURFACE_STYLE_FILL_AREA ( #1061 ) ;
#2718 = DIRECTION ( 'NONE',  ( -1.000000000000000000, 0.000000000000000000, 0.000000000000000000 ) ) ;
#2719 = ORIENTED_EDGE ( 'NONE', *, *, #1075, .F. ) ;
#2720 = FACE_OUTER_BOUND ( 'NONE', #619, .T. ) ;
#2721 = DIRECTION ( 'NONE',  ( 0.000000000000000000, -5.421010862427522170E-15, -1.000000000000000000 ) ) ;
#2722 = SURFACE_SIDE_STYLE ('',( #1379 ) ) ;
#2723 = CARTESIAN_POINT ( 'NONE',  ( -1.695643771670505506, 1.174854484518780273, 2.097037352349644834 ) ) ;
#2724 = EDGE_CURVE ( 'NONE', #2999, #1257, #2508, .T. ) ;
#2725 = PLANE ( 'NONE',  #1290 ) ;
#2726 = ORIENTED_EDGE ( 'NONE', *, *, #159, .T. ) ;
#2727 = CARTESIAN_POINT ( 'NONE',  ( 1.749999999999998002, 1.066666666666666652, 2.166666666666667407 ) ) ;
#2728 = VECTOR ( 'NONE', #1552, 1000.000000000000000 ) ;
#2729 = LINE ( 'NONE', #173, #2501 ) ;
#2730 = CARTESIAN_POINT ( 'NONE',  ( 1.499999999999999556, 0.02020410288672850121, 2.166666666666666519 ) ) ;
#2731 = EDGE_CURVE ( 'NONE', #3181, #555, #761, .T. ) ;
#2732 = DIRECTION ( 'NONE',  ( -0.9537169507482290420, -0.3007057995042665688, 7.197613905936127341E-16 ) ) ;
#2733 = EDGE_LOOP ( 'NONE', ( #1314, #369 ) ) ;
#2734 = VECTOR ( 'NONE', #2250, 1000.000000000000000 ) ;
#2735 = UNCERTAINTY_MEASURE_WITH_UNIT (LENGTH_MEASURE( 1.000000000000000082E-05 ), #1470, 'distance_accuracy_value', 'NONE');
#2736 = FACE_OUTER_BOUND ( 'NONE', #677, .T. ) ;
#2737 = COLOUR_RGB ( '',0.2509803921568627416, 0.2509803921568627416, 0.2509803921568627416 ) ;
#2738 = CARTESIAN_POINT ( 'NONE',  ( -1.166666666666662966, 3.333333333333333481, 2.500000000000000444 ) ) ;
#2739 = AXIS2_PLACEMENT_3D ( 'NONE', #2253, #3592, #1401 ) ;
#2740 = CARTESIAN_POINT ( 'NONE',  ( -1.166666666666662966, 0.4840796770343928634, 2.500000000000000444 ) ) ;
#2741 = ORIENTED_EDGE ( 'NONE', *, *, #1188, .F. ) ;
#2742 = AXIS2_PLACEMENT_3D ( 'NONE', #1126, #88, #2833 ) ;
#2743 = COLOUR_RGB ( '',0.2509803921568627416, 0.2509803921568627416, 0.2509803921568627416 ) ;
#2744 = DIRECTION ( 'NONE',  ( -0.7071067811865495711, 0.000000000000000000, 0.7071067811865454633 ) ) ;
#2745 = DIRECTION ( 'NONE',  ( 0.000000000000000000, -0.000000000000000000, 1.000000000000000000 ) ) ;
#2746 = FACE_OUTER_BOUND ( 'NONE', #2406, .T. ) ;
#2747 = MECHANICAL_DESIGN_GEOMETRIC_PRESENTATION_REPRESENTATION (  '', ( #2451 ), #877 ) ;
#2748 =( GEOMETRIC_REPRESENTATION_CONTEXT ( 3 ) GLOBAL_UNCERTAINTY_ASSIGNED_CONTEXT ( ( #3192 ) ) GLOBAL_UNIT_ASSIGNED_CONTEXT ( ( #1897, #244, #2762 ) ) REPRESENTATION_CONTEXT ( 'NONE', 'WORKASPACE' ) );
#2749 = MECHANICAL_DESIGN_GEOMETRIC_PRESENTATION_REPRESENTATION (  '', ( #2225 ), #1863 ) ;
#2750 = EDGE_LOOP ( 'NONE', ( #1170, #2116, #47, #2317 ) ) ;
#2751 = CARTESIAN_POINT ( 'NONE',  ( 1.499999999999998224, 1.213113276070544533, 2.416666666666666963 ) ) ;
#2752 = EDGE_CURVE ( 'NONE', #1257, #3081, #1058, .T. ) ;
#2753 = SURFACE_STYLE_FILL_AREA ( #84 ) ;
#2754 = STYLED_ITEM ( 'NONE', ( #186 ), #3173 ) ;
#2755 = EDGE_CURVE ( 'NONE', #1822, #1722, #179, .T. ) ;
#2756 = CARTESIAN_POINT ( 'NONE',  ( -3.814560945907769174, 2.200000000000000622, -1.600000000000000977 ) ) ;
#2757 = COLOUR_RGB ( '',0.7294117647058823151, 0.3568627450980392246, 0.02352941176470588203 ) ;
#2758 = CARTESIAN_POINT ( 'NONE',  ( 1.814560945907769840, 2.200000000000000622, 1.600000000000000755 ) ) ;
#2759 = FILL_AREA_STYLE ('',( #2466 ) ) ;
#2760 = CARTESIAN_POINT ( 'NONE',  ( -1.600000000000000533, 2.200000000000000622, 1.814560945907769840 ) ) ;
#2761 = ORIENTED_EDGE ( 'NONE', *, *, #2392, .T. ) ;
#2762 =( NAMED_UNIT ( * ) SI_UNIT ( $, .STERADIAN. ) SOLID_ANGLE_UNIT ( ) );
#2763 = LINE ( 'NONE', #3571, #1207 ) ;
#2764 = DIRECTION ( 'NONE',  ( -0.7071067811865512365, -0.000000000000000000, 0.7071067811865439090 ) ) ;
#2765 = VERTEX_POINT ( 'NONE', #3281 ) ;
#2766 = ORIENTED_EDGE ( 'NONE', *, *, #1033, .F. ) ;
#2767 = CARTESIAN_POINT ( 'NONE',  ( 1.749999999999998224, 1.066666666666666652, 2.166666666666667407 ) ) ;
#2768 = CARTESIAN_POINT ( 'NONE',  ( 2.425000000000001155, 1.066666666666666652, 2.166666666666666519 ) ) ;
#2769 = DIRECTION ( 'NONE',  ( -0.7071067811865512365, 0.000000000000000000, 0.7071067811865439090 ) ) ;
#2770 = PRESENTATION_STYLE_ASSIGNMENT (( #554 ) ) ;
#2771 = ORIENTED_EDGE ( 'NONE', *, *, #191, .F. ) ;
#2772 = EDGE_CURVE ( 'NONE', #3344, #2331, #1057, .T. ) ;
#2773 = UNCERTAINTY_MEASURE_WITH_UNIT (LENGTH_MEASURE( 1.000000000000000082E-05 ), #1816, 'distance_accuracy_value', 'NONE');
#2774 = FACE_OUTER_BOUND ( 'NONE', #960, .T. ) ;
#2775 = CARTESIAN_POINT ( 'NONE',  ( 1.549647100247866671, 0.6048329439068910185, -2.166666666666666519 ) ) ;
#2776 = CARTESIAN_POINT ( 'NONE',  ( -1.166666666666662966, 1.066666666666666652, 2.500000000000000444 ) ) ;
#2777 = EDGE_LOOP ( 'NONE', ( #2826, #2235, #434, #2243, #389, #1516, #1408, #439, #2632, #3201, #3309, #1070 ) ) ;
#2778 = CARTESIAN_POINT ( 'NONE',  ( 1.600000000000000755, 3.333333333333333925, -2.166666666666666519 ) ) ;
#2779 = CARTESIAN_POINT ( 'NONE',  ( 2.425000000000001155, 0.4000000000000000777, 2.166666666666666519 ) ) ;
#2780 = ORIENTED_EDGE ( 'NONE', *, *, #2570, .T. ) ;
#2781 = ORIENTED_EDGE ( 'NONE', *, *, #3289, .F. ) ;
#2782 = CARTESIAN_POINT ( 'NONE',  ( -1.500000000000000444, 0.4000000000000000777, 2.166666666666667407 ) ) ;
#2783 = VECTOR ( 'NONE', #1435, 1000.000000000000000 ) ;
#2784 = VERTEX_POINT ( 'NONE', #775 ) ;
#2785 = CARTESIAN_POINT ( 'NONE',  ( 1.663399969497523667, 0.2802244778736259212, 2.166666666666667407 ) ) ;
#2786 = DIRECTION ( 'NONE',  ( 4.688441826964341340E-16, 0.000000000000000000, -1.000000000000000000 ) ) ;
#2787 = CARTESIAN_POINT ( 'NONE',  ( -1.500000000000000222, 0.5891792733273857330, 2.166666666666666519 ) ) ;
#2788 = EDGE_CURVE ( 'NONE', #1125, #3534, #3441, .T. ) ;
#2789 = CARTESIAN_POINT ( 'NONE',  ( 1.166666666666662966, 3.333333333333333481, -2.500000000000000444 ) ) ;
#2790 = ORIENTED_EDGE ( 'NONE', *, *, #1848, .T. ) ;
#2791 = CIRCLE ( 'NONE', #2385, 2.000000000000000000 ) ;
#2792 = CARTESIAN_POINT ( 'NONE',  ( -1.729808314907693267, 0.3304590014145861732, 2.166666666666667407 ) ) ;
#2793 = LINE ( 'NONE', #1629, #3243 ) ;
#2794 = DIRECTION ( 'NONE',  ( -0.000000000000000000, -0.000000000000000000, -1.000000000000000000 ) ) ;
#2795 = EDGE_CURVE ( 'NONE', #2664, #1615, #1620, .T. ) ;
#2796 = ORIENTED_EDGE ( 'NONE', *, *, #848, .T. ) ;
#2797 = AXIS2_PLACEMENT_3D ( 'NONE', #266, #2433, #3572 ) ;
#2798 = MECHANICAL_DESIGN_GEOMETRIC_PRESENTATION_REPRESENTATION (  '', ( #2445 ), #1741 ) ;
#2799 =( GEOMETRIC_REPRESENTATION_CONTEXT ( 3 ) GLOBAL_UNCERTAINTY_ASSIGNED_CONTEXT ( ( #258 ) ) GLOBAL_UNIT_ASSIGNED_CONTEXT ( ( #2995, #880, #1418 ) ) REPRESENTATION_CONTEXT ( 'NONE', 'WORKASPACE' ) );
#2800 = ORIENTED_EDGE ( 'NONE', *, *, #1944, .F. ) ;
#2801 = COLOUR_RGB ( '',0.8980392156862745390, 0.8980392156862745390, 0.8980392156862745390 ) ;
#2802 =( NAMED_UNIT ( * ) SI_UNIT ( $, .STERADIAN. ) SOLID_ANGLE_UNIT ( ) );
#2803 = VECTOR ( 'NONE', #276, 1000.000000000000227 ) ;
#2804 = CARTESIAN_POINT ( 'NONE',  ( 2.425000000000001155, 0.4236474091659233054, 2.166666666666666519 ) ) ;
#2805 = COLOUR_RGB ( '',0.8980392156862745390, 0.8980392156862745390, 0.8980392156862745390 ) ;
#2806 = DIRECTION ( 'NONE',  ( 1.000000000000000000, 0.000000000000000000, -0.000000000000000000 ) ) ;
#2807 = EDGE_LOOP ( 'NONE', ( #2172, #1621, #1587, #1565 ) ) ;
#2808 = AXIS2_PLACEMENT_3D ( 'NONE', #3236, #3220, #739 ) ;
#2809 = CARTESIAN_POINT ( 'NONE',  ( 0.000000000000000000, 1.066666666666666652, 2.166666666666666075 ) ) ;
#2810 = DIRECTION ( 'NONE',  ( -1.000000000000000000, 0.000000000000000000, -4.688441826964341340E-16 ) ) ;
#2811 = CARTESIAN_POINT ( 'NONE',  ( -2.425000000000001155, 0.3112511343022059118, -2.166666666666666075 ) ) ;
#2812 = COLOUR_RGB ( '',0.8980392156862745390, 0.8980392156862745390, 0.8980392156862745390 ) ;
#2813 = ORIENTED_EDGE ( 'NONE', *, *, #1569, .F. ) ;
#2814 = EDGE_CURVE ( 'NONE', #2364, #1843, #2462, .T. ) ;
#2815 =( GEOMETRIC_REPRESENTATION_CONTEXT ( 3 ) GLOBAL_UNCERTAINTY_ASSIGNED_CONTEXT ( ( #2611 ) ) GLOBAL_UNIT_ASSIGNED_CONTEXT ( ( #1531, #2065, #2596 ) ) REPRESENTATION_CONTEXT ( 'NONE', 'WORKASPACE' ) );
#2816 = CARTESIAN_POINT ( 'NONE',  ( -1.850352899752133462, 0.6048329439068910185, 2.166666666666666075 ) ) ;
#2817 = CARTESIAN_POINT ( 'NONE',  ( 2.166666666666666519, 1.066666666666666652, -1.600000000000000533 ) ) ;
#2818 = ORIENTED_EDGE ( 'NONE', *, *, #894, .F. ) ;
#2819 = EDGE_CURVE ( 'NONE', #1799, #2325, #156, .T. ) ;
#2820 = CARTESIAN_POINT ( 'NONE',  ( -1.549647100247866671, 0.6048329439068910185, 2.166666666666666519 ) ) ;
#2821 = ORIENTED_EDGE ( 'NONE', *, *, #2585, .F. ) ;
#2822 = FACE_OUTER_BOUND ( 'NONE', #1361, .T. ) ;
#2823 = CARTESIAN_POINT ( 'NONE',  ( -1.500000000000000000, 0.4000000000000000777, -2.166666666666666519 ) ) ;
#2824 = LINE ( 'NONE', #55, #999 ) ;
#2825 = DIRECTION ( 'NONE',  ( 0.7071067811865510144, 0.000000000000000000, 0.7071067811865441310 ) ) ;
#2826 = ORIENTED_EDGE ( 'NONE', *, *, #2052, .T. ) ;
#2827 = CARTESIAN_POINT ( 'NONE',  ( 3.814560945907770062, 2.200000000000000622, 1.600000000000000755 ) ) ;
#2828 = CARTESIAN_POINT ( 'NONE',  ( -1.500000000000000444, 0.4000000000000018541, 2.416666666666666963 ) ) ;
#2829 = ORIENTED_EDGE ( 'NONE', *, *, #2258, .T. ) ;
#2830 = UNCERTAINTY_MEASURE_WITH_UNIT (LENGTH_MEASURE( 1.000000000000000082E-05 ), #425, 'distance_accuracy_value', 'NONE');
#2831 = LINE ( 'NONE', #2820, #1465 ) ;
#2832 = ORIENTED_EDGE ( 'NONE', *, *, #3349, .T. ) ;
#2833 = DIRECTION ( 'NONE',  ( 0.000000000000000000, -0.000000000000000000, 1.000000000000000000 ) ) ;
#2834 = FACE_OUTER_BOUND ( 'NONE', #551, .T. ) ;
#2835 = ADVANCED_FACE ( 'NONE', ( #2700 ), #1589, .F. ) ;
#2836 = FILL_AREA_STYLE_COLOUR ( '', #3103 ) ;
#2837 = SURFACE_STYLE_USAGE ( .BOTH. , #1739 ) ;
#2838 = ORIENTED_EDGE ( 'NONE', *, *, #2772, .F. ) ;
#2839 = CLOSED_SHELL ( 'NONE', ( #2415, #1397, #3378, #255, #2991, #37, #580, #1640, #336, #2027, #800, #964, #1500, #1943 ) ) ;
#2840 = CARTESIAN_POINT ( 'NONE',  ( 2.452128674633837324, 0.3398076809465394588, 2.139537992032829905 ) ) ;
#2841 = AXIS2_PLACEMENT_3D ( 'NONE', #3427, #1245, #602 ) ;
#2842 = DIRECTION ( 'NONE',  ( -0.7071067811865510144, 0.000000000000000000, -0.7071067811865441310 ) ) ;
#2843 = ORIENTED_EDGE ( 'NONE', *, *, #3190, .T. ) ;
#2844 = FACE_OUTER_BOUND ( 'NONE', #1793, .T. ) ;
#2845 = CARTESIAN_POINT ( 'NONE',  ( -1.750000000000000444, 0.2535533905932223497, 2.416666666666667851 ) ) ;
#2846 =( NAMED_UNIT ( * ) SI_UNIT ( $, .STERADIAN. ) SOLID_ANGLE_UNIT ( ) );
#2847 = CARTESIAN_POINT ( 'NONE',  ( 1.549647100247866671, 0.6048329439068910185, -2.166666666666666519 ) ) ;
#2848 = ORIENTED_EDGE ( 'NONE', *, *, #1610, .T. ) ;
#2849 = STYLED_ITEM ( 'NONE', ( #2533 ), #1443 ) ;
#2850 = VERTEX_POINT ( 'NONE', #289 ) ;
#2851 =( NAMED_UNIT ( * ) SI_UNIT ( $, .STERADIAN. ) SOLID_ANGLE_UNIT ( ) );
#2852 = VECTOR ( 'NONE', #3578, 1000.000000000000000 ) ;
#2853 = CIRCLE ( 'NONE', #2558, 0.5666666666666649865 ) ;
#2854 = EDGE_CURVE ( 'NONE', #2517, #1111, #1427, .T. ) ;
#2855 = DIRECTION ( 'NONE',  ( 0.000000000000000000, 0.000000000000000000, -1.000000000000000000 ) ) ;
#2856 = VECTOR ( 'NONE', #283, 1000.000000000000000 ) ;
#2857 = EDGE_CURVE ( 'NONE', #1369, #3319, #764, .T. ) ;
#2858 = CARTESIAN_POINT ( 'NONE',  ( 1.516575458645541108, 0.3362438066527488334, 2.166666666666667407 ) ) ;
#2859 = LINE ( 'NONE', #142, #2332 ) ;
#2860 = SURFACE_STYLE_USAGE ( .BOTH. , #1241 ) ;
#2861 = ORIENTED_EDGE ( 'NONE', *, *, #1284, .T. ) ;
#2862 =( BOUNDED_SURFACE ( )  B_SPLINE_SURFACE ( 3, 3, ( 
 ( #3504, #2667, #3215, #717 ),
 ( #393, #2124, #1824, #1528 ),
 ( #2924, #3228, #169, #662 ),
 ( #1840, #3195, #2105, #991 ) ),
 .UNSPECIFIED., .F., .F., .F. ) 
 B_SPLINE_SURFACE_WITH_KNOTS ( ( 4, 4 ),
 ( 4, 4 ),
 ( 0.000000000000000000, 1.000000000000000000 ),
 ( 0.000000000000000000, 1.000000000000000000 ),
 .UNSPECIFIED. ) 
 GEOMETRIC_REPRESENTATION_ITEM ( )  RATIONAL_B_SPLINE_SURFACE ( (
 ( 1.000000000000000000, 0.8047378541243649375, 0.8047378541243649375, 1.000000000000000000),
 ( 0.8826314264137011811, 0.7102869200748892498, 0.7102869200748892498, 0.8826314264137011811),
 ( 0.8826314264137011811, 0.7102869200748892498, 0.7102869200748892498, 0.8826314264137011811),
 ( 1.000000000000000000, 0.8047378541243649375, 0.8047378541243649375, 1.000000000000000000) ) ) 
 REPRESENTATION_ITEM ( '' )  SURFACE ( )  );
#2863 = CARTESIAN_POINT ( 'NONE',  ( -1.500000013333335325, 0.3999333333322897532, 2.166666666666667407 ) ) ;
#2864 = VECTOR ( 'NONE', #1836, 1000.000000000000000 ) ;
#2865 = CARTESIAN_POINT ( 'NONE',  ( -2.425000000000001155, 0.4236474091659230279, -2.166666666666666075 ) ) ;
#2866 = EDGE_LOOP ( 'NONE', ( #2987, #2410, #2832, #847 ) ) ;
#2867 = UNCERTAINTY_MEASURE_WITH_UNIT (LENGTH_MEASURE( 1.000000000000000082E-05 ), #1645, 'distance_accuracy_value', 'NONE');
#2868 = FACE_OUTER_BOUND ( 'NONE', #3007, .T. ) ;
#2869 = LINE ( 'NONE', #3162, #1783 ) ;
#2870 = CARTESIAN_POINT ( 'NONE',  ( 2.425000000000001155, 0.4236474091659230279, 2.166666666666666519 ) ) ;
#2871 = FILL_AREA_STYLE ('',( #1143 ) ) ;
#2872 = CARTESIAN_POINT ( 'NONE',  ( -2.425000000000001155, 0.4236474091659228614, 2.166666666666665630 ) ) ;
#2873 = SURFACE_SIDE_STYLE ('',( #1148 ) ) ;
#2874 = CARTESIAN_POINT ( 'NONE',  ( -1.681585198530192171, 2.628013060120418132, -1.647791502810084907 ) ) ;
#2875 = CARTESIAN_POINT ( 'NONE',  ( -1.166666666666662966, 0.4000000000000000777, 2.500000000000000444 ) ) ;
#2876 =( NAMED_UNIT ( * ) SI_UNIT ( $, .STERADIAN. ) SOLID_ANGLE_UNIT ( ) );
#2877 = ORIENTED_EDGE ( 'NONE', *, *, #3283, .T. ) ;
#2878 = ADVANCED_FACE ( 'NONE', ( #1960 ), #2226, .T. ) ;
#2879 = CARTESIAN_POINT ( 'NONE',  ( -1.500000000000000000, 3.333333333333333481, -2.166666666666666519 ) ) ;
#2880 = CARTESIAN_POINT ( 'NONE',  ( 1.850352899752133240, 0.6048329439068912405, 2.166666666666665630 ) ) ;
#2881 = ORIENTED_EDGE ( 'NONE', *, *, #2258, .F. ) ;
#2882 = EDGE_CURVE ( 'NONE', #3268, #1196, #3369, .T. ) ;
#2883 = CARTESIAN_POINT ( 'NONE',  ( 2.166666666666666519, 1.066666666666666208, 1.931945647988579040 ) ) ;
#2884 = ORIENTED_EDGE ( 'NONE', *, *, #2420, .T. ) ;
#2885 =( LENGTH_UNIT ( ) NAMED_UNIT ( * ) SI_UNIT ( .MILLI., .METRE. ) );
#2886 =( NAMED_UNIT ( * ) PLANE_ANGLE_UNIT ( ) SI_UNIT ( $, .RADIAN. ) );
#2887 = SURFACE_SIDE_STYLE ('',( #3485 ) ) ;
#2888 = DIRECTION ( 'NONE',  ( 0.000000000000000000, 0.000000000000000000, 1.000000000000000000 ) ) ;
#2889 = ORIENTED_EDGE ( 'NONE', *, *, #3289, .T. ) ;
#2890 = SURFACE_STYLE_FILL_AREA ( #3131 ) ;
#2891 = DIRECTION ( 'NONE',  ( 4.688441826964341340E-16, -0.000000000000000000, 1.000000000000000000 ) ) ;
#2892 =( LENGTH_UNIT ( ) NAMED_UNIT ( * ) SI_UNIT ( .MILLI., .METRE. ) );
#2893 = EDGE_LOOP ( 'NONE', ( #1474, #3359, #2427, #2227 ) ) ;
#2894 = CLOSED_SHELL ( 'NONE', ( #446, #3334, #2361, #492, #1027, #2901, #2460, #50, #1677, #2126, #3124, #2639 ) ) ;
#2895 = ADVANCED_FACE ( 'NONE', ( #2473 ), #3097, .T. ) ;
#2896 = PLANE ( 'NONE',  #71 ) ;
#2897 = VECTOR ( 'NONE', #617, 1000.000000000000000 ) ;
#2898 = LINE ( 'NONE', #3463, #2685 ) ;
#2899 = SURFACE_STYLE_USAGE ( .BOTH. , #1263 ) ;
#2900 = ORIENTED_EDGE ( 'NONE', *, *, #3479, .T. ) ;
#2901 = ADVANCED_FACE ( 'NONE', ( #1385 ), #3593, .F. ) ;
#2902 = FACE_OUTER_BOUND ( 'NONE', #3365, .T. ) ;
#2903 = PRESENTATION_LAYER_ASSIGNMENT (  '', '', ( #463 ) ) ;
#2904 = PRESENTATION_LAYER_ASSIGNMENT (  '', '', ( #1852 ) ) ;
#2905 = PRESENTATION_LAYER_ASSIGNMENT (  '', '', ( #3487 ) ) ;
#2906 = PRESENTATION_STYLE_ASSIGNMENT (( #1563 ) ) ;
#2907 = SURFACE_STYLE_USAGE ( .BOTH. , #904 ) ;
#2908 = ORIENTED_EDGE ( 'NONE', *, *, #2481, .T. ) ;
#2909 =( GEOMETRIC_REPRESENTATION_CONTEXT ( 3 ) GLOBAL_UNCERTAINTY_ASSIGNED_CONTEXT ( ( #135 ) ) GLOBAL_UNIT_ASSIGNED_CONTEXT ( ( #2290, #2252, #3141 ) ) REPRESENTATION_CONTEXT ( 'NONE', 'WORKASPACE' ) );
#2910 = MECHANICAL_DESIGN_GEOMETRIC_PRESENTATION_REPRESENTATION (  '', ( #1918 ), #2799 ) ;
#2911 = DIRECTION ( 'NONE',  ( 1.000000000000000000, -0.000000000000000000, 0.000000000000000000 ) ) ;
#2912 = MECHANICAL_DESIGN_GEOMETRIC_PRESENTATION_REPRESENTATION (  '', ( #2849 ), #1351 ) ;
#2913 = ORIENTED_EDGE ( 'NONE', *, *, #1610, .F. ) ;
#2914 = STYLED_ITEM ( 'NONE', ( #3132 ), #2523 ) ;
#2915 = CARTESIAN_POINT ( 'NONE',  ( -1.850352899752133462, 0.6048329439068910185, -4.218822833548887985 ) ) ;
#2916 = LINE ( 'NONE', #3207, #2728 ) ;
#2917 = DIRECTION ( 'NONE',  ( -0.000000000000000000, 1.000000000000000000, 0.000000000000000000 ) ) ;
#2918 = PLANE ( 'NONE',  #3447 ) ;
#2919 = PRESENTATION_LAYER_ASSIGNMENT (  '', '', ( #2459 ) ) ;
#2920 = ORIENTED_EDGE ( 'NONE', *, *, #2218, .T. ) ;
#2921 = ADVANCED_FACE ( 'NONE', ( #1181 ), #1236, .T. ) ;
#2922 = PRESENTATION_LAYER_ASSIGNMENT (  '', '', ( #1178 ) ) ;
#2923 = EDGE_LOOP ( 'NONE', ( #2298, #31, #3511, #2130, #334, #882, #2249, #1813 ) ) ;
#2924 = CARTESIAN_POINT ( 'NONE',  ( 1.681585198530191505, 2.628013060120417688, -1.600000000000000089 ) ) ;
#2925 = LINE ( 'NONE', #2080, #297 ) ;
#2926 = VECTOR ( 'NONE', #1041, 1000.000000000000000 ) ;
#2927 = ADVANCED_FACE ( 'NONE', ( #1512 ), #977, .F. ) ;
#2928 = FACE_OUTER_BOUND ( 'NONE', #1029, .T. ) ;
#2929 = CARTESIAN_POINT ( 'NONE',  ( 2.499999999999999112, 0.4000000000000000777, 2.091666666666668117 ) ) ;
#2930 = ORIENTED_EDGE ( 'NONE', *, *, #1549, .F. ) ;
#2931 = FACE_OUTER_BOUND ( 'NONE', #2698, .T. ) ;
#2932 = ORIENTED_EDGE ( 'NONE', *, *, #1213, .T. ) ;
#2933 = DIRECTION ( 'NONE',  ( -0.000000000000000000, 0.000000000000000000, 1.000000000000000000 ) ) ;
#2934 = DIRECTION ( 'NONE',  ( 1.355252715606880049E-16, -0.000000000000000000, -1.000000000000000000 ) ) ;
#2935 = DIRECTION ( 'NONE',  ( -0.7071067811865439090, 0.000000000000000000, -0.7071067811865512365 ) ) ;
#2936 = EDGE_LOOP ( 'NONE', ( #154, #514, #1933, #2042 ) ) ;
#2937 = UNCERTAINTY_MEASURE_WITH_UNIT (LENGTH_MEASURE( 1.000000000000000082E-05 ), #948, 'distance_accuracy_value', 'NONE');
#2938 = CARTESIAN_POINT ( 'NONE',  ( 2.477128674633835015, 0.3695048995117807822, -2.114537992032831770 ) ) ;
#2939 = SURFACE_STYLE_USAGE ( .BOTH. , #2649 ) ;
#2940 = SURFACE_STYLE_FILL_AREA ( #441 ) ;
#2941 = CARTESIAN_POINT ( 'NONE',  ( -1.500000000000000000, 3.333333333333333481, 2.166666666666666519 ) ) ;
#2942 = PLANE ( 'NONE',  #1242 ) ;
#2943 = EDGE_LOOP ( 'NONE', ( #1450, #2402, #898, #3338 ) ) ;
#2944 = EDGE_CURVE ( 'NONE', #555, #2437, #2083, .T. ) ;
#2945 = DIRECTION ( 'NONE',  ( -1.000000000000000000, 0.000000000000000000, 0.000000000000000000 ) ) ;
#2946 = EDGE_LOOP ( 'NONE', ( #908, #1428, #2646, #1729 ) ) ;
#2947 = ADVANCED_FACE ( 'NONE', ( #1460 ), #342, .T. ) ;
#2948 = CARTESIAN_POINT ( 'NONE',  ( -1.850352899752133462, 0.6048329439068910185, 2.166666666666665630 ) ) ;
#2949 = ORIENTED_EDGE ( 'NONE', *, *, #2540, .F. ) ;
#2950 = DIRECTION ( 'NONE',  ( -0.7071067811865495711, 0.000000000000000000, 0.7071067811865454633 ) ) ;
#2951 = CARTESIAN_POINT ( 'NONE',  ( 2.425000000000001155, -2.168404344971008868E-16, 2.166666666666666519 ) ) ;
#2952 = ORIENTED_EDGE ( 'NONE', *, *, #3394, .F. ) ;
#2953 = AXIS2_PLACEMENT_3D ( 'NONE', #3357, #2786, #2810 ) ;
#2954 = LINE ( 'NONE', #3009, #338 ) ;
#2955 =( LENGTH_UNIT ( ) NAMED_UNIT ( * ) SI_UNIT ( .MILLI., .METRE. ) );
#2956 = ORIENTED_EDGE ( 'NONE', *, *, #2142, .F. ) ;
#2957 = LINE ( 'NONE', #1294, #1163 ) ;
#2958 = DIRECTION ( 'NONE',  ( 0.000000000000000000, 0.000000000000000000, 1.000000000000000000 ) ) ;
#2959 = EDGE_LOOP ( 'NONE', ( #1399, #2312, #27, #925, #209, #2800 ) ) ;
#2960 = EDGE_CURVE ( 'NONE', #144, #1822, #3524, .T. ) ;
#2961 =( GEOMETRIC_REPRESENTATION_CONTEXT ( 3 ) GLOBAL_UNCERTAINTY_ASSIGNED_CONTEXT ( ( #2647 ) ) GLOBAL_UNIT_ASSIGNED_CONTEXT ( ( #3567, #3300, #3550 ) ) REPRESENTATION_CONTEXT ( 'NONE', 'WORKASPACE' ) );
#2962 = DIRECTION ( 'NONE',  ( 0.000000000000000000, 0.000000000000000000, 1.000000000000000000 ) ) ;
#2963 = PRESENTATION_LAYER_ASSIGNMENT (  '', '', ( #2445 ) ) ;
#2964 = ORIENTED_EDGE ( 'NONE', *, *, #305, .F. ) ;
#2965 = EDGE_CURVE ( 'NONE', #3470, #1991, #304, .T. ) ;
#2966 = VECTOR ( 'NONE', #513, 1000.000000000000000 ) ;
#2967 = DIRECTION ( 'NONE',  ( -0.9537169507482290420, -0.3007057995042664578, 0.000000000000000000 ) ) ;
#2968 =( NAMED_UNIT ( * ) PLANE_ANGLE_UNIT ( ) SI_UNIT ( $, .RADIAN. ) );
#2969 = CARTESIAN_POINT ( 'NONE',  ( 3.814560945907770062, 2.200000000000000622, 1.600000000000000755 ) ) ;
#2970 = CARTESIAN_POINT ( 'NONE',  ( 2.425000000000001155, 0.4236474091659229724, 2.166666666666666519 ) ) ;
#2971 = ORIENTED_EDGE ( 'NONE', *, *, #3520, .F. ) ;
#2972 = CIRCLE ( 'NONE', #1526, 0.9999999999999991118 ) ;
#2973 = DIRECTION ( 'NONE',  ( 0.000000000000000000, 0.000000000000000000, 1.000000000000000000 ) ) ;
#2974 =( GEOMETRIC_REPRESENTATION_CONTEXT ( 3 ) GLOBAL_UNCERTAINTY_ASSIGNED_CONTEXT ( ( #502 ) ) GLOBAL_UNIT_ASSIGNED_CONTEXT ( ( #1759, #2672, #3002 ) ) REPRESENTATION_CONTEXT ( 'NONE', 'WORKASPACE' ) );
#2975 = DIRECTION ( 'NONE',  ( -0.9537169507482290420, 0.3007057995042665133, 0.000000000000000000 ) ) ;
#2976 = FILL_AREA_STYLE_COLOUR ( '', #3489 ) ;
#2977 = AXIS2_PLACEMENT_3D ( 'NONE', #2756, #3336, #846 ) ;
#2978 = LINE ( 'NONE', #1343, #700 ) ;
#2979 = VERTEX_POINT ( 'NONE', #444 ) ;
#2980 = CARTESIAN_POINT ( 'NONE',  ( 1.499999999999998224, 1.316666666663074414, 2.313113276076677050 ) ) ;
#2981 = DIRECTION ( 'NONE',  ( -0.000000000000000000, -0.000000000000000000, -1.000000000000000000 ) ) ;
#2982 = STYLED_ITEM ( 'NONE', ( #1282 ), #3151 ) ;
#2983 = ORIENTED_EDGE ( 'NONE', *, *, #741, .T. ) ;
#2984 = CIRCLE ( 'NONE', #3042, 2.000000000000000000 ) ;
#2985 = CARTESIAN_POINT ( 'NONE',  ( 1.500000000000000000, 4.000000000000000000, -2.166666666666666519 ) ) ;
#2986 = AXIS2_PLACEMENT_3D ( 'NONE', #2560, #611, #845 ) ;
#2987 = ORIENTED_EDGE ( 'NONE', *, *, #3146, .F. ) ;
#2988 = DIRECTION ( 'NONE',  ( 1.000000000000000000, 0.000000000000000000, 0.000000000000000000 ) ) ;
#2989 = SURFACE_SIDE_STYLE ('',( #985 ) ) ;
#2990 = CARTESIAN_POINT ( 'NONE',  ( 0.000000000000000000, 4.000000000000000000, 2.166666666666666519 ) ) ;
#2991 = ADVANCED_FACE ( 'NONE', ( #2167 ), #3542, .T. ) ;
#2992 =( LENGTH_UNIT ( ) NAMED_UNIT ( * ) SI_UNIT ( .MILLI., .METRE. ) );
#2993 = ORIENTED_EDGE ( 'NONE', *, *, #2147, .T. ) ;
#2994 = LINE ( 'NONE', #1044, #3421 ) ;
#2995 =( LENGTH_UNIT ( ) NAMED_UNIT ( * ) SI_UNIT ( .MILLI., .METRE. ) );
#2996 = EDGE_CURVE ( 'NONE', #1111, #2121, #1586, .T. ) ;
#2997 = CARTESIAN_POINT ( 'NONE',  ( -1.166666666666663188, 3.333333333333333481, -2.500000000000000000 ) ) ;
#2998 =( NAMED_UNIT ( * ) PLANE_ANGLE_UNIT ( ) SI_UNIT ( $, .RADIAN. ) );
#2999 = VERTEX_POINT ( 'NONE', #212 ) ;
#3000 = CARTESIAN_POINT ( 'NONE',  ( 1.749999999999998002, 1.066666666666666430, 2.166666666666667407 ) ) ;
#3001 = CARTESIAN_POINT ( 'NONE',  ( 2.499999999999999112, 1.066666666666666652, -2.091666666666668117 ) ) ;
#3002 =( NAMED_UNIT ( * ) SI_UNIT ( $, .STERADIAN. ) SOLID_ANGLE_UNIT ( ) );
#3003 = DIRECTION ( 'NONE',  ( 0.000000000000000000, 0.000000000000000000, 1.000000000000000000 ) ) ;
#3004 = ORIENTED_EDGE ( 'NONE', *, *, #1714, .F. ) ;
#3005 = DIRECTION ( 'NONE',  ( -0.7071067811865454633, 0.000000000000000000, -0.7071067811865495711 ) ) ;
#3006 = DIRECTION ( 'NONE',  ( -1.000000000000000000, 0.000000000000000000, -0.000000000000000000 ) ) ;
#3007 = EDGE_LOOP ( 'NONE', ( #1037, #1702, #58, #1694, #2431, #267 ) ) ;
#3008 = EDGE_CURVE ( 'NONE', #2113, #707, #129, .T. ) ;
#3009 = CARTESIAN_POINT ( 'NONE',  ( -1.549647100247866671, 0.6048329439068910185, -2.166666666666666519 ) ) ;
#3010 = CARTESIAN_POINT ( 'NONE',  ( -2.499999999999999556, 1.066666666666666652, -2.091666666666667673 ) ) ;
#3011 =( NAMED_UNIT ( * ) PLANE_ANGLE_UNIT ( ) SI_UNIT ( $, .RADIAN. ) );
#3012 = VECTOR ( 'NONE', #2180, 1000.000000000000000 ) ;
#3013 = EDGE_CURVE ( 'NONE', #1274, #2337, #1932, .T. ) ;
#3014 = CARTESIAN_POINT ( 'NONE',  ( 1.166666666666662966, 4.000000000000000000, -2.500000000000000444 ) ) ;
#3015 = ORIENTED_EDGE ( 'NONE', *, *, #1145, .T. ) ;
#3016 = SURFACE_SIDE_STYLE ('',( #1902 ) ) ;
#3017 = CARTESIAN_POINT ( 'NONE',  ( -1.500000000000001332, 1.066666666666666874, 2.416666666666665630 ) ) ;
#3018 = FACE_OUTER_BOUND ( 'NONE', #568, .T. ) ;
#3019 = DIRECTION ( 'NONE',  ( -0.000000000000000000, -1.000000000000000000, -0.000000000000000000 ) ) ;
#3020 = ORIENTED_EDGE ( 'NONE', *, *, #2218, .F. ) ;
#3021 = UNCERTAINTY_MEASURE_WITH_UNIT (LENGTH_MEASURE( 1.000000000000000082E-05 ), #3055, 'distance_accuracy_value', 'NONE');
#3022 = LINE ( 'NONE', #1551, #232 ) ;
#3023 =( NAMED_UNIT ( * ) SI_UNIT ( $, .STERADIAN. ) SOLID_ANGLE_UNIT ( ) );
#3024 = VECTOR ( 'NONE', #1348, 1000.000000000000000 ) ;
#3025 =( NAMED_UNIT ( * ) SI_UNIT ( $, .STERADIAN. ) SOLID_ANGLE_UNIT ( ) );
#3026 = ORIENTED_EDGE ( 'NONE', *, *, #2882, .T. ) ;
#3027 = VECTOR ( 'NONE', #3031, 1000.000000000000000 ) ;
#3028 = VECTOR ( 'NONE', #86, 1000.000000000000000 ) ;
#3029 = FILL_AREA_STYLE ('',( #221 ) ) ;
#3030 = CARTESIAN_POINT ( 'NONE',  ( -1.647791502810086017, 2.628013060120417688, 1.681585198530191727 ) ) ;
#3031 = DIRECTION ( 'NONE',  ( 0.000000000000000000, 1.000000000000000000, 0.000000000000000000 ) ) ;
#3032 = AXIS2_PLACEMENT_3D ( 'NONE', #63, #1471, #1712 ) ;
#3033 = VECTOR ( 'NONE', #2315, 1000.000000000000000 ) ;
#3034 = EDGE_CURVE ( 'NONE', #3052, #2231, #1564, .T. ) ;
#3035 =( GEOMETRIC_REPRESENTATION_CONTEXT ( 3 ) GLOBAL_UNCERTAINTY_ASSIGNED_CONTEXT ( ( #2476 ) ) GLOBAL_UNIT_ASSIGNED_CONTEXT ( ( #922, #2657, #2601 ) ) REPRESENTATION_CONTEXT ( 'NONE', 'WORKASPACE' ) );
#3036 = VERTEX_POINT ( 'NONE', #230 ) ;
#3037 = PRESENTATION_STYLE_ASSIGNMENT (( #828 ) ) ;
#3038 = DIRECTION ( 'NONE',  ( 0.9537169507482288200, 0.3007057995042669574, 0.000000000000000000 ) ) ;
#3039 = LINE ( 'NONE', #3414, #595 ) ;
#3040 = AXIS2_PLACEMENT_3D ( 'NONE', #2051, #417, #2293 ) ;
#3041 = ORIENTED_EDGE ( 'NONE', *, *, #204, .T. ) ;
#3042 = AXIS2_PLACEMENT_3D ( 'NONE', #7, #1116, #2230 ) ;
#3043 = CARTESIAN_POINT ( 'NONE',  ( 1.729808314907690825, 0.3304590014145861732, 2.166666666666667407 ) ) ;
#3044 = STYLED_ITEM ( 'NONE', ( #1013 ), #3587 ) ;
#3045 = CARTESIAN_POINT ( 'NONE',  ( -2.499999999999999112, 0.4000000000000000777, 2.091666666666667673 ) ) ;
#3046 = SURFACE_STYLE_USAGE ( .BOTH. , #3117 ) ;
#3047 = CARTESIAN_POINT ( 'NONE',  ( -1.549647100247866671, 0.6048329439068910185, 2.166666666666666075 ) ) ;
#3048 = ORIENTED_EDGE ( 'NONE', *, *, #1237, .T. ) ;
#3049 = FILL_AREA_STYLE ('',( #3120 ) ) ;
#3050 = DIRECTION ( 'NONE',  ( -0.7071067811865474617, 0.000000000000000000, 0.7071067811865474617 ) ) ;
#3051 = CARTESIAN_POINT ( 'NONE',  ( -0.8999999999999999112, 0.4000000000000000777, 2.500000000000000444 ) ) ;
#3052 = VERTEX_POINT ( 'NONE', #3560 ) ;
#3053 = VERTEX_POINT ( 'NONE', #2730 ) ;
#3054 = LINE ( 'NONE', #2456, #1047 ) ;
#3055 =( LENGTH_UNIT ( ) NAMED_UNIT ( * ) SI_UNIT ( .MILLI., .METRE. ) );
#3056 = DIRECTION ( 'NONE',  ( -0.000000000000000000, -1.000000000000000000, -0.000000000000000000 ) ) ;
#3057 = EDGE_CURVE ( 'NONE', #486, #1831, #1295, .T. ) ;
#3058 = CARTESIAN_POINT ( 'NONE',  ( 1.624999999999998224, 1.066666666666666652, 2.166666666666667407 ) ) ;
#3059 = EDGE_LOOP ( 'NONE', ( #226, #407, #3326, #987 ) ) ;
#3060 = ADVANCED_FACE ( 'NONE', ( #1349 ), #2380, .T. ) ;
#3061 = CARTESIAN_POINT ( 'NONE',  ( 1.549647100247867115, 0.6048329439068912405, 2.166666666666666519 ) ) ;
#3062 = PLANE ( 'NONE',  #3187 ) ;
#3063 = CARTESIAN_POINT ( 'NONE',  ( -1.600000000000000755, 1.066666666666666652, 2.166666666666666519 ) ) ;
#3064 = FACE_OUTER_BOUND ( 'NONE', #2923, .T. ) ;
#3065 = ORIENTED_EDGE ( 'NONE', *, *, #2755, .F. ) ;
#3066 = CARTESIAN_POINT ( 'NONE',  ( -1.742588943264770984, 0.3553505455809232161, 2.166666666666667407 ) ) ;
#3067 = CARTESIAN_POINT ( 'NONE',  ( -1.681585198530192393, 2.628013060120417688, 1.600000000000000089 ) ) ;
#3068 = VERTEX_POINT ( 'NONE', #1367 ) ;
#3069 = SURFACE_STYLE_USAGE ( .BOTH. , #3126 ) ;
#3070 = ORIENTED_EDGE ( 'NONE', *, *, #3474, .T. ) ;
#3071 = CARTESIAN_POINT ( 'NONE',  ( -2.499999999999999556, 0.4000000000000000777, 2.091666666666667229 ) ) ;
#3072 = VECTOR ( 'NONE', #3585, 999.9999999999998863 ) ;
#3073 = FACE_OUTER_BOUND ( 'NONE', #2807, .T. ) ;
#3074 = STYLED_ITEM ( 'NONE', ( #3106 ), #325 ) ;
#3075 =( NAMED_UNIT ( * ) PLANE_ANGLE_UNIT ( ) SI_UNIT ( $, .RADIAN. ) );
#3076 = ORIENTED_EDGE ( 'NONE', *, *, #3230, .T. ) ;
#3077 = CARTESIAN_POINT ( 'NONE',  ( 1.749999639999966217, 0.3997000002026665499, 2.166666666666667407 ) ) ;
#3078 = CARTESIAN_POINT ( 'NONE',  ( -2.349999999999999645, 4.000000000000000000, 2.166666666666666519 ) ) ;
#3079 = SURFACE_STYLE_FILL_AREA ( #1930 ) ;
#3080 = PLANE ( 'NONE',  #2518 ) ;
#3081 = VERTEX_POINT ( 'NONE', #2865 ) ;
#3082 = EDGE_CURVE ( 'NONE', #263, #3081, #2223, .T. ) ;
#3083 = MECHANICAL_DESIGN_GEOMETRIC_PRESENTATION_REPRESENTATION (  '', ( #408 ), #2961 ) ;
#3084 = VECTOR ( 'NONE', #2713, 1000.000000000000000 ) ;
#3085 = CARTESIAN_POINT ( 'NONE',  ( -1.749999639999968437, 0.3997000002026665499, 2.166666666666667407 ) ) ;
#3086 = CARTESIAN_POINT ( 'NONE',  ( 1.549647100247866671, 0.6048329439068910185, 2.166666666666666519 ) ) ;
#3087 = VERTEX_POINT ( 'NONE', #897 ) ;
#3088 = VECTOR ( 'NONE', #3291, 1000.000000000000000 ) ;
#3089 = CARTESIAN_POINT ( 'NONE',  ( -1.625000000000000666, 1.066666666666666652, 2.166666666666667407 ) ) ;
#3090 = VECTOR ( 'NONE', #319, 1000.000000000000000 ) ;
#3091 = ORIENTED_EDGE ( 'NONE', *, *, #159, .F. ) ;
#3092 = LINE ( 'NONE', #2272, #176 ) ;
#3093 = CARTESIAN_POINT ( 'NONE',  ( 0.000000000000000000, 1.066666666666666652, 2.166666666666666519 ) ) ;
#3094 = MECHANICAL_DESIGN_GEOMETRIC_PRESENTATION_REPRESENTATION (  '', ( #2914 ), #3035 ) ;
#3095 = DIRECTION ( 'NONE',  ( 0.7071067811865454633, 0.000000000000000000, -0.7071067811865495711 ) ) ;
#3096 = STYLED_ITEM ( 'NONE', ( #3180 ), #2901 ) ;
#3097 = CYLINDRICAL_SURFACE ( 'NONE', #2631, 2.000000000000000000 ) ;
#3098 = AXIS2_PLACEMENT_3D ( 'NONE', #808, #1922, #2575 ) ;
#3099 = SURFACE_STYLE_FILL_AREA ( #2477 ) ;
#3100 = CARTESIAN_POINT ( 'NONE',  ( -1.549647100247867115, 0.6048329439068912405, -2.166666666666666519 ) ) ;
#3101 = FILL_AREA_STYLE ('',( #1150 ) ) ;
#3102 = ORIENTED_EDGE ( 'NONE', *, *, #1714, .T. ) ;
#3103 = COLOUR_RGB ( '',0.2509803921568627416, 0.2509803921568627416, 0.2509803921568627416 ) ;
#3104 = EDGE_CURVE ( 'NONE', #3205, #631, #3039, .T. ) ;
#3105 = DIRECTION ( 'NONE',  ( -0.000000000000000000, -1.000000000000000000, -0.000000000000000000 ) ) ;
#3106 = PRESENTATION_STYLE_ASSIGNMENT (( #3462 ) ) ;
#3107 = CARTESIAN_POINT ( 'NONE',  ( 1.624999999999998224, 1.066666666666666652, 2.291666666666667407 ) ) ;
#3108 = EDGE_LOOP ( 'NONE', ( #1419, #827, #1300, #613 ) ) ;
#3109 = ADVANCED_FACE ( 'NONE', ( #618 ), #3122, .T. ) ;
#3110 = DIRECTION ( 'NONE',  ( 0.000000000000000000, 1.000000000000000000, 0.000000000000000000 ) ) ;
#3111 = VERTEX_POINT ( 'NONE', #2847 ) ;
#3112 = CARTESIAN_POINT ( 'NONE',  ( -0.9000000000000000222, 0.4000000000000000777, 2.500000000000000444 ) ) ;
#3113 = DIRECTION ( 'NONE',  ( 0.000000000000000000, 1.000000000000000000, 0.000000000000000000 ) ) ;
#3114 = CARTESIAN_POINT ( 'NONE',  ( 1.600000000000000977, 2.200000000000000622, 3.814560945907770062 ) ) ;
#3115 = CARTESIAN_POINT ( 'NONE',  ( -2.499999999999999556, 2.200000000000000622, 3.814560945907770062 ) ) ;
#3116 = CARTESIAN_POINT ( 'NONE',  ( 1.555413272405329783, 0.2961602805152799278, 2.166666666666667407 ) ) ;
#3117 = SURFACE_SIDE_STYLE ('',( #3079 ) ) ;
#3118 = DIRECTION ( 'NONE',  ( -0.9537169507482290420, 0.3007057995042664578, 0.000000000000000000 ) ) ;
#3119 = ORIENTED_EDGE ( 'NONE', *, *, #1874, .F. ) ;
#3120 = FILL_AREA_STYLE_COLOUR ( '', #2552 ) ;
#3121 = CARTESIAN_POINT ( 'NONE',  ( -1.500000000000000000, 0.4000000000000000777, 2.166666666666666519 ) ) ;
#3122 = PLANE ( 'NONE',  #2696 ) ;
#3123 = ORIENTED_EDGE ( 'NONE', *, *, #2637, .F. ) ;
#3124 = ADVANCED_FACE ( 'NONE', ( #353 ), #1904, .F. ) ;
#3125 = UNCERTAINTY_MEASURE_WITH_UNIT (LENGTH_MEASURE( 1.000000000000000082E-05 ), #2892, 'distance_accuracy_value', 'NONE');
#3126 = SURFACE_SIDE_STYLE ('',( #2008 ) ) ;
#3127 = ADVANCED_FACE ( 'NONE', ( #3018 ), #3311, .F. ) ;
#3128 = CARTESIAN_POINT ( 'NONE',  ( 2.499999999999999112, 0.3999999999999994671, 2.091666666666668561 ) ) ;
#3129 =( LENGTH_UNIT ( ) NAMED_UNIT ( * ) SI_UNIT ( .MILLI., .METRE. ) );
#3130 = MECHANICAL_DESIGN_GEOMETRIC_PRESENTATION_REPRESENTATION (  '', ( #566 ), #2018 ) ;
#3131 = FILL_AREA_STYLE ('',( #1774 ) ) ;
#3132 = PRESENTATION_STYLE_ASSIGNMENT (( #367 ) ) ;
#3133 = CARTESIAN_POINT ( 'NONE',  ( -2.477128674633837235, 0.3695048995117835577, -2.114537992032829994 ) ) ;
#3134 = DIRECTION ( 'NONE',  ( 1.000000000000000000, 0.000000000000000000, -2.001604010742469762E-16 ) ) ;
#3135 = CARTESIAN_POINT ( 'NONE',  ( 1.549647100247866671, 0.6048329439068910185, 2.166666666666666519 ) ) ;
#3136 =( NAMED_UNIT ( * ) PLANE_ANGLE_UNIT ( ) SI_UNIT ( $, .RADIAN. ) );
#3137 =( NAMED_UNIT ( * ) PLANE_ANGLE_UNIT ( ) SI_UNIT ( $, .RADIAN. ) );
#3138 = ORIENTED_EDGE ( 'NONE', *, *, #2996, .F. ) ;
#3139 =( GEOMETRIC_REPRESENTATION_CONTEXT ( 3 ) GLOBAL_UNCERTAINTY_ASSIGNED_CONTEXT ( ( #934 ) ) GLOBAL_UNIT_ASSIGNED_CONTEXT ( ( #628, #1584, #1030 ) ) REPRESENTATION_CONTEXT ( 'NONE', 'WORKASPACE' ) );
#3140 = FACE_OUTER_BOUND ( 'NONE', #3108, .T. ) ;
#3141 =( NAMED_UNIT ( * ) SI_UNIT ( $, .STERADIAN. ) SOLID_ANGLE_UNIT ( ) );
#3142 = CARTESIAN_POINT ( 'NONE',  ( 1.660353644654138705, 1.191814190235174209, 2.087262071191770207 ) ) ;
#3143 = MECHANICAL_DESIGN_GEOMETRIC_PRESENTATION_REPRESENTATION (  '', ( #1852 ), #3139 ) ;
#3144 =( GEOMETRIC_REPRESENTATION_CONTEXT ( 3 ) GLOBAL_UNCERTAINTY_ASSIGNED_CONTEXT ( ( #1491 ) ) GLOBAL_UNIT_ASSIGNED_CONTEXT ( ( #887, #2222, #863 ) ) REPRESENTATION_CONTEXT ( 'NONE', 'WORKASPACE' ) );
#3145 = LINE ( 'NONE', #1959, #1882 ) ;
#3146 = EDGE_CURVE ( 'NONE', #3276, #3238, #1384, .T. ) ;
#3147 = FACE_OUTER_BOUND ( 'NONE', #2750, .T. ) ;
#3148 = DIRECTION ( 'NONE',  ( 0.000000000000000000, 0.000000000000000000, 1.000000000000000000 ) ) ;
#3149 = MECHANICAL_DESIGN_GEOMETRIC_PRESENTATION_REPRESENTATION (  '', ( #2224 ), #243 ) ;
#3150 = DIRECTION ( 'NONE',  ( -0.9537169507482290420, -0.3007057995042665133, 0.000000000000000000 ) ) ;
#3151 = ADVANCED_FACE ( 'NONE', ( #1542 ), #2918, .T. ) ;
#3152 = DIRECTION ( 'NONE',  ( 1.000000000000000000, 0.000000000000000000, 0.000000000000000000 ) ) ;
#3153 = ORIENTED_EDGE ( 'NONE', *, *, #3352, .T. ) ;
#3154 =( GEOMETRIC_REPRESENTATION_CONTEXT ( 3 ) GLOBAL_UNCERTAINTY_ASSIGNED_CONTEXT ( ( #3284 ) ) GLOBAL_UNIT_ASSIGNED_CONTEXT ( ( #943, #684, #959 ) ) REPRESENTATION_CONTEXT ( 'NONE', 'WORKASPACE' ) );
#3155 = CARTESIAN_POINT ( 'NONE',  ( -1.500010162616204790, 0.3872467324815326295, 2.166666666666667407 ) ) ;
#3156 = DIRECTION ( 'NONE',  ( 0.000000000000000000, 1.000000000000000000, 0.000000000000000000 ) ) ;
#3157 = DIRECTION ( 'NONE',  ( 0.000000000000000000, 0.000000000000000000, -1.000000000000000000 ) ) ;
#3158 = ORIENTED_EDGE ( 'NONE', *, *, #1809, .F. ) ;
#3159 = PRESENTATION_LAYER_ASSIGNMENT (  '', '', ( #539 ) ) ;
#3160 = UNCERTAINTY_MEASURE_WITH_UNIT (LENGTH_MEASURE( 1.000000000000000082E-05 ), #1179, 'distance_accuracy_value', 'NONE');
#3161 = CARTESIAN_POINT ( 'NONE',  ( -2.499999999999999112, 0.4000000000000000777, -2.091666666666667673 ) ) ;
#3162 = CARTESIAN_POINT ( 'NONE',  ( 2.350000000000000533, 3.333333333333333481, -2.166666666666666519 ) ) ;
#3163 = SURFACE_SIDE_STYLE ('',( #2046 ) ) ;
#3164 = CARTESIAN_POINT ( 'NONE',  ( 1.749999999999998446, 1.066666666666666652, 2.166666666666666075 ) ) ;
#3165 = FILL_AREA_STYLE_COLOUR ( '', #2401 ) ;
#3166 = ORIENTED_EDGE ( 'NONE', *, *, #155, .F. ) ;
#3167 = EDGE_CURVE ( 'NONE', #3548, #1716, #1554, .T. ) ;
#3168 = CARTESIAN_POINT ( 'NONE',  ( -1.681585198530192393, 1.771986939879581779, -1.600000000000000311 ) ) ;
#3169 = CARTESIAN_POINT ( 'NONE',  ( 1.166666666666662966, 3.333333333333333481, 2.500000000000000444 ) ) ;
#3170 = DIRECTION ( 'NONE',  ( -1.000000000000000000, 0.000000000000000000, -0.000000000000000000 ) ) ;
#3171 = ORIENTED_EDGE ( 'NONE', *, *, #2637, .T. ) ;
#3172 = MANIFOLD_SOLID_BREP ( 'Cut-Extrude4[1]', #2203 ) ;
#3173 = ADVANCED_FACE ( 'NONE', ( #3497 ), #658, .T. ) ;
#3174 = LINE ( 'NONE', #2915, #3203 ) ;
#3175 =( NAMED_UNIT ( * ) PLANE_ANGLE_UNIT ( ) SI_UNIT ( $, .RADIAN. ) );
#3176 = CARTESIAN_POINT ( 'NONE',  ( 2.425000000000001155, 0.3112511343022052457, -2.166666666666666519 ) ) ;
#3177 = ORIENTED_EDGE ( 'NONE', *, *, #3561, .F. ) ;
#3178 =( LENGTH_UNIT ( ) NAMED_UNIT ( * ) SI_UNIT ( .MILLI., .METRE. ) );
#3179 = DIRECTION ( 'NONE',  ( -1.000000000000000000, -0.000000000000000000, 0.000000000000000000 ) ) ;
#3180 = PRESENTATION_STYLE_ASSIGNMENT (( #2907 ) ) ;
#3181 = VERTEX_POINT ( 'NONE', #202 ) ;
#3182 =( NAMED_UNIT ( * ) SI_UNIT ( $, .STERADIAN. ) SOLID_ANGLE_UNIT ( ) );
#3183 = EDGE_CURVE ( 'NONE', #2850, #1243, #1931, .T. ) ;
#3184 = EDGE_LOOP ( 'NONE', ( #1065, #1663 ) ) ;
#3185 = AXIS2_PLACEMENT_3D ( 'NONE', #1884, #3536, #2721 ) ;
#3186 = CARTESIAN_POINT ( 'NONE',  ( -1.500000013333333104, 0.3999666666701449103, 2.166666666666667407 ) ) ;
#3187 = AXIS2_PLACEMENT_3D ( 'NONE', #3045, #3341, #1948 ) ;
#3188 = SURFACE_STYLE_USAGE ( .BOTH. , #746 ) ;
#3189 = FILL_AREA_STYLE ('',( #438 ) ) ;
#3190 = EDGE_CURVE ( 'NONE', #3528, #3205, #3267, .T. ) ;
#3191 = VERTEX_POINT ( 'NONE', #3244 ) ;
#3192 = UNCERTAINTY_MEASURE_WITH_UNIT (LENGTH_MEASURE( 1.000000000000000082E-05 ), #1897, 'distance_accuracy_value', 'NONE');
#3193 = CARTESIAN_POINT ( 'NONE',  ( 2.166666666666665630, 3.333333333333333037, 1.931945647988578596 ) ) ;
#3194 = CARTESIAN_POINT ( 'NONE',  ( -2.499999999999999556, 0.4000000000000000777, 2.166666666666665630 ) ) ;
#3195 = CARTESIAN_POINT ( 'NONE',  ( 2.166666666666665186, 3.333333333333333037, -1.931945647988577930 ) ) ;
#3196 = AXIS2_PLACEMENT_3D ( 'NONE', #769, #3305, #2744 ) ;
#3197 = AXIS2_PLACEMENT_3D ( 'NONE', #1410, #3356, #2279 ) ;
#3198 = MECHANICAL_DESIGN_GEOMETRIC_PRESENTATION_REPRESENTATION (  '', ( #6 ), #3144 ) ;
#3199 = FACE_OUTER_BOUND ( 'NONE', #599, .T. ) ;
#3200 = CARTESIAN_POINT ( 'NONE',  ( -1.500000000000000000, 0.5891792733273858440, -2.166666666666666519 ) ) ;
#3201 = ORIENTED_EDGE ( 'NONE', *, *, #1523, .T. ) ;
#3202 = CIRCLE ( 'NONE', #873, 0.1250000000000011935 ) ;
#3203 = VECTOR ( 'NONE', #673, 1000.000000000000000 ) ;
#3204 = CARTESIAN_POINT ( 'NONE',  ( -1.699999999999999956, 0.9999999999999988898, -2.166666666666666075 ) ) ;
#3205 = VERTEX_POINT ( 'NONE', #780 ) ;
#3206 = FACE_OUTER_BOUND ( 'NONE', #8, .T. ) ;
#3207 = CARTESIAN_POINT ( 'NONE',  ( 0.9000000000000003553, 0.4000000000000000777, 0.000000000000000000 ) ) ;
#3208 = FACE_OUTER_BOUND ( 'NONE', #1682, .T. ) ;
#3209 =( NAMED_UNIT ( * ) PLANE_ANGLE_UNIT ( ) SI_UNIT ( $, .RADIAN. ) );
#3210 = AXIS2_PLACEMENT_3D ( 'NONE', #519, #2962, #3512 ) ;
#3211 = VERTEX_POINT ( 'NONE', #490 ) ;
#3212 = EDGE_CURVE ( 'NONE', #1562, #1609, #506, .T. ) ;
#3213 = COLOUR_RGB ( '',0.8980392156862745390, 0.8980392156862745390, 0.8980392156862745390 ) ;
#3214 = CARTESIAN_POINT ( 'NONE',  ( -1.600000000000000755, 1.066666666666666652, 2.166666666666666519 ) ) ;
#3215 = CARTESIAN_POINT ( 'NONE',  ( 1.931945647988579928, 1.066666666666666208, -2.166666666666665186 ) ) ;
#3216 = CARTESIAN_POINT ( 'NONE',  ( -1.510633973879843328, 1.126856042369456468, 2.126612295024184363 ) ) ;
#3217 = EDGE_CURVE ( 'NONE', #1967, #3087, #2479, .T. ) ;
#3218 = ORIENTED_EDGE ( 'NONE', *, *, #2755, .T. ) ;
#3219 = CARTESIAN_POINT ( 'NONE',  ( 2.425000000000001155, 4.000000000000000000, 2.166666666666666519 ) ) ;
#3220 = DIRECTION ( 'NONE',  ( 0.000000000000000000, 1.000000000000000000, 0.000000000000000000 ) ) ;
#3221 = VERTEX_POINT ( 'NONE', #2740 ) ;
#3222 = DIRECTION ( 'NONE',  ( 0.7071067811865512365, -0.000000000000000000, 0.7071067811865439090 ) ) ;
#3223 = VERTEX_POINT ( 'NONE', #1360 ) ;
#3224 = LINE ( 'NONE', #728, #220 ) ;
#3225 = SURFACE_STYLE_FILL_AREA ( #2370 ) ;
#3226 = ORIENTED_EDGE ( 'NONE', *, *, #624, .F. ) ;
#3227 = CARTESIAN_POINT ( 'NONE',  ( 1.749999999999998002, 0.4000000000000000777, 2.166666666666667407 ) ) ;
#3228 = CARTESIAN_POINT ( 'NONE',  ( 1.681585198530191727, 2.628013060120417244, -1.647791502810084463 ) ) ;
#3229 = CARTESIAN_POINT ( 'NONE',  ( -1.661389250879105273, 1.191516998128457461, 2.087435569873223429 ) ) ;
#3230 = EDGE_CURVE ( 'NONE', #1911, #1437, #1625, .T. ) ;
#3231 =( BOUNDED_CURVE ( )  B_SPLINE_CURVE ( 3, ( #1025, #531, #3586, #1651 ),
 .UNSPECIFIED., .F., .F. ) 
 B_SPLINE_CURVE_WITH_KNOTS ( ( 4, 4 ),
 ( 1.008260082251036582, 1.369438406004566788 ),
 .UNSPECIFIED. ) 
 CURVE ( )  GEOMETRIC_REPRESENTATION_ITEM ( )  RATIONAL_B_SPLINE_CURVE ( ( 1.000000000000000000, 0.9891586964286105399, 0.9891586964286105399, 1.000000000000000000 ) ) 
 REPRESENTATION_ITEM ( '' )  );
#3232 = DIRECTION ( 'NONE',  ( 0.000000000000000000, 0.000000000000000000, 1.000000000000000000 ) ) ;
#3233 = EDGE_LOOP ( 'NONE', ( #1365, #1034 ) ) ;
#3234 = PLANE ( 'NONE',  #291 ) ;
#3235 = LINE ( 'NONE', #2186, #3024 ) ;
#3236 = CARTESIAN_POINT ( 'NONE',  ( -1.600000000000000755, 3.333333333333332593, 1.600000000000000755 ) ) ;
#3237 = ADVANCED_FACE ( 'NONE', ( #3533 ), #218, .T. ) ;
#3238 = VERTEX_POINT ( 'NONE', #2430 ) ;
#3239 = CARTESIAN_POINT ( 'NONE',  ( -1.699999999999999956, 0.1279744685327766363, -2.166666666666666519 ) ) ;
#3240 = VERTEX_POINT ( 'NONE', #3047 ) ;
#3241 = DIRECTION ( 'NONE',  ( -0.3007057995042664578, 0.9537169507482290420, 0.000000000000000000 ) ) ;
#3242 = SURFACE_SIDE_STYLE ('',( #1373 ) ) ;
#3243 = VECTOR ( 'NONE', #3050, 1000.000000000000114 ) ;
#3244 = CARTESIAN_POINT ( 'NONE',  ( -2.499999999999999556, 0.3999999999999994671, -2.091666666666667673 ) ) ;
#3245 = ORIENTED_EDGE ( 'NONE', *, *, #2481, .F. ) ;
#3246 = PRESENTATION_LAYER_ASSIGNMENT (  '', '', ( #3074 ) ) ;
#3247 = CARTESIAN_POINT ( 'NONE',  ( 0.9000000000000001332, 0.4000000000000000777, -2.500000000000000444 ) ) ;
#3248 = PRESENTATION_STYLE_ASSIGNMENT (( #802 ) ) ;
#3249 = CARTESIAN_POINT ( 'NONE',  ( -0.9000000000000001332, 0.4000000000000000777, -4.218822833548887985 ) ) ;
#3250 = ORIENTED_EDGE ( 'NONE', *, *, #2169, .T. ) ;
#3251 = CARTESIAN_POINT ( 'NONE',  ( 2.166666666666666075, 3.333333333333333037, -1.600000000000000311 ) ) ;
#3252 = LINE ( 'NONE', #757, #988 ) ;
#3253 = DIRECTION ( 'NONE',  ( 0.7071067811865439090, -0.000000000000000000, 0.7071067811865512365 ) ) ;
#3254 = ORIENTED_EDGE ( 'NONE', *, *, #1802, .T. ) ;
#3255 = AXIS2_PLACEMENT_3D ( 'NONE', #1317, #793, #2988 ) ;
#3256 = CIRCLE ( 'NONE', #2557, 0.1249999999999998890 ) ;
#3257 = ADVANCED_FACE ( 'NONE', ( #3552 ), #1374, .T. ) ;
#3258 = DIRECTION ( 'NONE',  ( 0.000000000000000000, 0.000000000000000000, 1.000000000000000000 ) ) ;
#3259 = VECTOR ( 'NONE', #2764, 1000.000000000000000 ) ;
#3260 = VECTOR ( 'NONE', #3113, 1000.000000000000000 ) ;
#3261 = ORIENTED_EDGE ( 'NONE', *, *, #741, .F. ) ;
#3262 = EDGE_CURVE ( 'NONE', #1850, #2337, #3302, .T. ) ;
#3263 = STYLED_ITEM ( 'NONE', ( #992 ), #865 ) ;
#3264 = FACE_OUTER_BOUND ( 'NONE', #3329, .T. ) ;
#3265 = LINE ( 'NONE', #1540, #340 ) ;
#3266 = LINE ( 'NONE', #2990, #588 ) ;
#3267 = LINE ( 'NONE', #1910, #311 ) ;
#3268 = VERTEX_POINT ( 'NONE', #2776 ) ;
#3269 = AXIS2_PLACEMENT_3D ( 'NONE', #2000, #2229, #1431 ) ;
#3270 = CARTESIAN_POINT ( 'NONE',  ( -1.750000000000000222, 1.066666666666666652, 2.166666666666667407 ) ) ;
#3271 = VECTOR ( 'NONE', #3563, 1000.000000000000000 ) ;
#3272 = CARTESIAN_POINT ( 'NONE',  ( 1.166666666666662966, 0.4840796770343924194, -2.500000000000000444 ) ) ;
#3273 =( LENGTH_UNIT ( ) NAMED_UNIT ( * ) SI_UNIT ( .MILLI., .METRE. ) );
#3274 = VECTOR ( 'NONE', #1618, 1000.000000000000000 ) ;
#3275 = DIRECTION ( 'NONE',  ( 1.000000000000000000, 0.000000000000000000, 0.000000000000000000 ) ) ;
#3276 = VERTEX_POINT ( 'NONE', #2413 ) ;
#3277 = DIRECTION ( 'NONE',  ( -0.7071067811865512365, 0.000000000000000000, 0.7071067811865439090 ) ) ;
#3278 = CARTESIAN_POINT ( 'NONE',  ( -1.500000000000001554, 1.316666666666667318, 2.313113276073389901 ) ) ;
#3279 = VECTOR ( 'NONE', #3569, 1000.000000000000000 ) ;
#3280 = SURFACE_STYLE_USAGE ( .BOTH. , #1054 ) ;
#3281 = CARTESIAN_POINT ( 'NONE',  ( 1.850352899752133462, 0.6048329439068911295, 2.166666666666666075 ) ) ;
#3282 = ORIENTED_EDGE ( 'NONE', *, *, #1809, .T. ) ;
#3283 = EDGE_CURVE ( 'NONE', #1722, #2288, #1180, .T. ) ;
#3284 = UNCERTAINTY_MEASURE_WITH_UNIT (LENGTH_MEASURE( 1.000000000000000082E-05 ), #943, 'distance_accuracy_value', 'NONE');
#3285 = FACE_OUTER_BOUND ( 'NONE', #681, .T. ) ;
#3286 = FACE_OUTER_BOUND ( 'NONE', #2683, .T. ) ;
#3287 = CARTESIAN_POINT ( 'NONE',  ( -1.500000000000000000, 4.000000000000000000, 2.166666666666666519 ) ) ;
#3288 = VERTEX_POINT ( 'NONE', #3287 ) ;
#3289 = EDGE_CURVE ( 'NONE', #2237, #495, #3343, .T. ) ;
#3290 = DIRECTION ( 'NONE',  ( 1.000000000000000000, 0.000000000000000000, 0.000000000000000000 ) ) ;
#3291 = DIRECTION ( 'NONE',  ( -0.7071067811865510144, 0.000000000000000000, -0.7071067811865441310 ) ) ;
#3292 = CARTESIAN_POINT ( 'NONE',  ( -1.699999999999999956, 0.9999999999999988898, 2.166666666666665630 ) ) ;
#3293 = ORIENTED_EDGE ( 'NONE', *, *, #512, .T. ) ;
#3294 = DIRECTION ( 'NONE',  ( -1.000000000000000000, -0.000000000000000000, -0.000000000000000000 ) ) ;
#3295 = DIRECTION ( 'NONE',  ( -0.000000000000000000, -0.000000000000000000, -1.000000000000000000 ) ) ;
#3296 = SURFACE_SIDE_STYLE ('',( #3332 ) ) ;
#3297 = LINE ( 'NONE', #1606, #468 ) ;
#3298 = ORIENTED_EDGE ( 'NONE', *, *, #387, .F. ) ;
#3299 = EDGE_CURVE ( 'NONE', #2149, #1967, #893, .T. ) ;
#3300 =( NAMED_UNIT ( * ) PLANE_ANGLE_UNIT ( ) SI_UNIT ( $, .RADIAN. ) );
#3301 = DIRECTION ( 'NONE',  ( 0.000000000000000000, 1.000000000000000000, 0.000000000000000000 ) ) ;
#3302 = LINE ( 'NONE', #797, #2926 ) ;
#3303 = ORIENTED_EDGE ( 'NONE', *, *, #3167, .F. ) ;
#3304 = ADVANCED_FACE ( 'NONE', ( #3064 ), #3080, .T. ) ;
#3305 = DIRECTION ( 'NONE',  ( -0.7071067811865454633, 0.000000000000000000, -0.7071067811865495711 ) ) ;
#3306 = CARTESIAN_POINT ( 'NONE',  ( -2.166666666666665630, 3.333333333333333037, 1.600000000000000089 ) ) ;
#3307 = PRESENTATION_LAYER_ASSIGNMENT (  '', '', ( #2544 ) ) ;
#3308 = FILL_AREA_STYLE_COLOUR ( '', #2743 ) ;
#3309 = ORIENTED_EDGE ( 'NONE', *, *, #651, .T. ) ;
#3310 = CARTESIAN_POINT ( 'NONE',  ( -1.549647100247866671, 0.6048329439068910185, 2.500000000000000444 ) ) ;
#3311 = CYLINDRICAL_SURFACE ( 'NONE', #3098, 2.000000000000000000 ) ;
#3312 =( LENGTH_UNIT ( ) NAMED_UNIT ( * ) SI_UNIT ( .MILLI., .METRE. ) );
#3313 = ORIENTED_EDGE ( 'NONE', *, *, #2147, .F. ) ;
#3314 = UNCERTAINTY_MEASURE_WITH_UNIT (LENGTH_MEASURE( 1.000000000000000082E-05 ), #2458, 'distance_accuracy_value', 'NONE');
#3315 = PRESENTATION_STYLE_ASSIGNMENT (( #1062 ) ) ;
#3316 = FILL_AREA_STYLE_COLOUR ( '', #1925 ) ;
#3317 = COLOUR_RGB ( '',0.7294117647058823151, 0.3568627450980392246, 0.02352941176470588203 ) ;
#3318 = DIRECTION ( 'NONE',  ( -0.6901619708141994991, 0.2176072335280440917, 0.6901619708141931708 ) ) ;
#3319 = VERTEX_POINT ( 'NONE', #2281 ) ;
#3320 = PRESENTATION_LAYER_ASSIGNMENT (  '', '', ( #1289 ) ) ;
#3321 = AXIS2_PLACEMENT_3D ( 'NONE', #1864, #534, #1653 ) ;
#3322 = CARTESIAN_POINT ( 'NONE',  ( -1.749997506642650524, 0.3991666663573263385, 2.166666666666667407 ) ) ;
#3323 = DIRECTION ( 'NONE',  ( -0.7071067811865439090, 0.000000000000000000, 0.7071067811865512365 ) ) ;
#3324 = LINE ( 'NONE', #823, #412 ) ;
#3325 = AXIS2_PLACEMENT_3D ( 'NONE', #3107, #44, #840 ) ;
#3326 = ORIENTED_EDGE ( 'NONE', *, *, #537, .T. ) ;
#3327 = EDGE_CURVE ( 'NONE', #1454, #2664, #2263, .T. ) ;
#3328 = VECTOR ( 'NONE', #3019, 1000.000000000000000 ) ;
#3329 = EDGE_LOOP ( 'NONE', ( #3583, #748, #466, #582 ) ) ;
#3330 = FILL_AREA_STYLE ('',( #1327 ) ) ;
#3331 = SURFACE_SIDE_STYLE ('',( #1127 ) ) ;
#3332 = SURFACE_STYLE_FILL_AREA ( #2201 ) ;
#3333 = AXIS2_PLACEMENT_3D ( 'NONE', #327, #309, #1945 ) ;
#3334 = ADVANCED_FACE ( 'NONE', ( #56 ), #629, .F. ) ;
#3335 =( GEOMETRIC_REPRESENTATION_CONTEXT ( 3 ) GLOBAL_UNCERTAINTY_ASSIGNED_CONTEXT ( ( #1357 ) ) GLOBAL_UNIT_ASSIGNED_CONTEXT ( ( #2488, #375, #1728 ) ) REPRESENTATION_CONTEXT ( 'NONE', 'WORKASPACE' ) );
#3336 = DIRECTION ( 'NONE',  ( -1.355252715606880049E-16, 0.000000000000000000, 1.000000000000000000 ) ) ;
#3337 = B_SPLINE_CURVE_WITH_KNOTS ( 'NONE', 3,
 ( #1752, #1228, #2938, #1557 ),
 .UNSPECIFIED., .F., .F.,
 ( 4, 4 ),
 ( 0.000000000000000000, 1.000000000000000000 ),
 .UNSPECIFIED. ) ;
#3338 = ORIENTED_EDGE ( 'NONE', *, *, #2960, .F. ) ;
#3339 = AXIS2_PLACEMENT_3D ( 'NONE', #2704, #818, #3006 ) ;
#3340 = DIRECTION ( 'NONE',  ( -0.000000000000000000, 0.000000000000000000, -1.000000000000000000 ) ) ;
#3341 = DIRECTION ( 'NONE',  ( -0.7071067811865454633, 0.000000000000000000, 0.7071067811865495711 ) ) ;
#3342 = CARTESIAN_POINT ( 'NONE',  ( -2.499999999999999556, 0.3999999999999998557, 2.091666666666667673 ) ) ;
#3343 = LINE ( 'NONE', #837, #308 ) ;
#3344 = VERTEX_POINT ( 'NONE', #2547 ) ;
#3345 = CARTESIAN_POINT ( 'NONE',  ( -1.749999986666668006, 0.3999666666702222373, 2.166666666666667407 ) ) ;
#3346 = ORIENTED_EDGE ( 'NONE', *, *, #2944, .F. ) ;
#3347 = ORIENTED_EDGE ( 'NONE', *, *, #651, .F. ) ;
#3348 = CARTESIAN_POINT ( 'NONE',  ( -1.699999999999999956, 0.1279744685327766363, 2.166666666666666519 ) ) ;
#3349 = EDGE_CURVE ( 'NONE', #3516, #1264, #2531, .T. ) ;
#3350 = CARTESIAN_POINT ( 'NONE',  ( 0.000000000000000000, 1.066666666666666652, 0.000000000000000000 ) ) ;
#3351 = PLANE ( 'NONE',  #1760 ) ;
#3352 = EDGE_CURVE ( 'NONE', #1079, #1375, #1814, .T. ) ;
#3353 = CARTESIAN_POINT ( 'NONE',  ( 0.000000000000000000, 1.066666666666666652, 2.500000000000000444 ) ) ;
#3354 = ORIENTED_EDGE ( 'NONE', *, *, #1944, .T. ) ;
#3355 =( BOUNDED_CURVE ( )  B_SPLINE_CURVE ( 3, ( #211, #195, #1328, #1053 ),
 .UNSPECIFIED., .F., .F. ) 
 B_SPLINE_CURVE_WITH_KNOTS ( ( 4, 4 ),
 ( 4.913746901175021442, 5.274925224928550982 ),
 .UNSPECIFIED. ) 
 CURVE ( )  GEOMETRIC_REPRESENTATION_ITEM ( )  RATIONAL_B_SPLINE_CURVE ( ( 1.000000000000000000, 0.9891586964286105399, 0.9891586964286105399, 1.000000000000000000 ) ) 
 REPRESENTATION_ITEM ( '' )  );
#3356 = DIRECTION ( 'NONE',  ( 1.000000000000000000, 0.000000000000000000, 0.000000000000000000 ) ) ;
#3357 = CARTESIAN_POINT ( 'NONE',  ( -2.425000000000001155, -2.168404344971008868E-16, 2.166666666666666075 ) ) ;
#3358 = DIRECTION ( 'NONE',  ( 0.000000000000000000, -1.000000000000000000, 0.000000000000000000 ) ) ;
#3359 = ORIENTED_EDGE ( 'NONE', *, *, #3034, .T. ) ;
#3360 = CARTESIAN_POINT ( 'NONE',  ( -1.700881684347834044, 0.2996869732358144467, 2.166666666666667407 ) ) ;
#3361 = CARTESIAN_POINT ( 'NONE',  ( 1.850352899752133462, 0.6048329439068910185, 2.166666666666666519 ) ) ;
#3362 = DIRECTION ( 'NONE',  ( -0.000000000000000000, 0.000000000000000000, 1.000000000000000000 ) ) ;
#3363 = EDGE_LOOP ( 'NONE', ( #2178, #1433, #1316 ) ) ;
#3364 = CARTESIAN_POINT ( 'NONE',  ( 1.166666666666662744, 1.066666666666666652, 2.500000000000000444 ) ) ;
#3365 = EDGE_LOOP ( 'NONE', ( #755, #203, #459, #1386 ) ) ;
#3366 = FILL_AREA_STYLE_COLOUR ( '', #3544 ) ;
#3367 = AXIS2_PLACEMENT_3D ( 'NONE', #643, #1250, #2357 ) ;
#3368 = COLOUR_RGB ( '',0.7294117647058823151, 0.3568627450980392246, 0.02352941176470588203 ) ;
#3369 = LINE ( 'NONE', #3353, #2043 ) ;
#3370 = ORIENTED_EDGE ( 'NONE', *, *, #2703, .T. ) ;
#3371 = EDGE_CURVE ( 'NONE', #3191, #2127, #2690, .T. ) ;
#3372 = DIRECTION ( 'NONE',  ( 1.000000000000000000, 0.000000000000000000, -0.000000000000000000 ) ) ;
#3373 = SURFACE_STYLE_FILL_AREA ( #2260 ) ;
#3374 = DIRECTION ( 'NONE',  ( -0.7071067811865439090, 0.000000000000000000, 0.7071067811865512365 ) ) ;
#3375 = CARTESIAN_POINT ( 'NONE',  ( 1.500000000000000000, -2.168404344971008868E-16, 2.166666666666666519 ) ) ;
#3376 = CIRCLE ( 'NONE', #1790, 0.5666666666666649865 ) ;
#3377 = ORIENTED_EDGE ( 'NONE', *, *, #1237, .F. ) ;
#3378 = ADVANCED_FACE ( 'NONE', ( #316 ), #40, .T. ) ;
#3379 = AXIS2_PLACEMENT_3D ( 'NONE', #82, #983, #965 ) ;
#3380 = MECHANICAL_DESIGN_GEOMETRIC_PRESENTATION_REPRESENTATION (  '', ( #3487 ), #1227 ) ;
#3381 = CARTESIAN_POINT ( 'NONE',  ( -2.499999999999999112, 1.066666666666666652, 0.000000000000000000 ) ) ;
#3382 = FILL_AREA_STYLE_COLOUR ( '', #701 ) ;
#3383 = ORIENTED_EDGE ( 'NONE', *, *, #2323, .F. ) ;
#3384 = VECTOR ( 'NONE', #1914, 1000.000000000000114 ) ;
#3385 = CIRCLE ( 'NONE', #3321, 0.1249999999999998890 ) ;
#3386 = DIRECTION ( 'NONE',  ( 1.000000000000000000, 0.000000000000000000, 0.000000000000000000 ) ) ;
#3387 = ORIENTED_EDGE ( 'NONE', *, *, #2344, .T. ) ;
#3388 = DIRECTION ( 'NONE',  ( -0.000000000000000000, -0.000000000000000000, -1.000000000000000000 ) ) ;
#3389 = AXIS2_PLACEMENT_3D ( 'NONE', #2265, #3399, #616 ) ;
#3390 = DIRECTION ( 'NONE',  ( 1.000000000000000000, 0.000000000000000000, -0.000000000000000000 ) ) ;
#3391 = CARTESIAN_POINT ( 'NONE',  ( -1.600000000000000755, 1.066666666666666652, -2.166666666666666519 ) ) ;
#3392 = PRESENTATION_LAYER_ASSIGNMENT (  '', '', ( #2336 ) ) ;
#3393 = CARTESIAN_POINT ( 'NONE',  ( 2.499999999999999112, 1.066666666666666652, 0.000000000000000000 ) ) ;
#3394 = EDGE_CURVE ( 'NONE', #1437, #1667, #1986, .T. ) ;
#3395 = CARTESIAN_POINT ( 'NONE',  ( -1.600000000000000755, 1.066666666666666874, -1.600000000000000311 ) ) ;
#3396 = CIRCLE ( 'NONE', #254, 0.9999999999999993339 ) ;
#3397 = ORIENTED_EDGE ( 'NONE', *, *, #2854, .T. ) ;
#3398 = CIRCLE ( 'NONE', #2347, 0.1249999999999998890 ) ;
#3399 = DIRECTION ( 'NONE',  ( -1.858632295689442265E-16, 0.000000000000000000, -1.000000000000000000 ) ) ;
#3400 = CARTESIAN_POINT ( 'NONE',  ( -1.500000000000000000, 0.5891792733273856220, 2.166666666666666519 ) ) ;
#3401 = EDGE_CURVE ( 'NONE', #1991, #1562, #2984, .T. ) ;
#3402 = DIRECTION ( 'NONE',  ( 1.000000000000000000, 0.000000000000000000, -0.000000000000000000 ) ) ;
#3403 = ORIENTED_EDGE ( 'NONE', *, *, #2392, .F. ) ;
#3404 = CARTESIAN_POINT ( 'NONE',  ( 1.549647100247866671, 0.6048329439068910185, 2.500000000000000444 ) ) ;
#3405 = DIRECTION ( 'NONE',  ( 0.000000000000000000, 0.000000000000000000, 1.000000000000000000 ) ) ;
#3406 =( NAMED_UNIT ( * ) SI_UNIT ( $, .STERADIAN. ) SOLID_ANGLE_UNIT ( ) );
#3407 = CARTESIAN_POINT ( 'NONE',  ( -1.931945647988579040, 1.066666666666666874, -2.166666666666665186 ) ) ;
#3408 = LINE ( 'NONE', #669, #302 ) ;
#3409 = SURFACE_SIDE_STYLE ('',( #1724 ) ) ;
#3410 = ORIENTED_EDGE ( 'NONE', *, *, #605, .F. ) ;
#3411 = LINE ( 'NONE', #2588, #809 ) ;
#3412 = CARTESIAN_POINT ( 'NONE',  ( -1.750000000000000666, 0.4000000000000001332, 2.166666666666667407 ) ) ;
#3413 = DIRECTION ( 'NONE',  ( 0.9537169507482290420, 0.3007057995042665133, -0.000000000000000000 ) ) ;
#3414 = CARTESIAN_POINT ( 'NONE',  ( 2.499999999999999556, 0.4000000000000000777, -2.166666666666666519 ) ) ;
#3415 = ORIENTED_EDGE ( 'NONE', *, *, #3217, .F. ) ;
#3416 = ADVANCED_FACE ( 'NONE', ( #2069 ), #2625, .T. ) ;
#3417 = UNCERTAINTY_MEASURE_WITH_UNIT (LENGTH_MEASURE( 1.000000000000000082E-05 ), #1412, 'distance_accuracy_value', 'NONE');
#3418 = CARTESIAN_POINT ( 'NONE',  ( 1.166666666666662966, 0.4000000000000000777, -2.500000000000000444 ) ) ;
#3419 = DIRECTION ( 'NONE',  ( 0.000000000000000000, 0.000000000000000000, 1.000000000000000000 ) ) ;
#3420 = DIRECTION ( 'NONE',  ( -0.000000000000000000, 1.000000000000000000, 0.000000000000000000 ) ) ;
#3421 = VECTOR ( 'NONE', #222, 1000.000000000000000 ) ;
#3422 = MECHANICAL_DESIGN_GEOMETRIC_PRESENTATION_REPRESENTATION (  '', ( #917 ), #2262 ) ;
#3423 = DIRECTION ( 'NONE',  ( 0.7071067811865512365, 0.000000000000000000, -0.7071067811865439090 ) ) ;
#3424 = DIRECTION ( 'NONE',  ( 1.000000000000000000, 0.000000000000000000, -0.000000000000000000 ) ) ;
#3425 = ORIENTED_EDGE ( 'NONE', *, *, #833, .T. ) ;
#3426 = LINE ( 'NONE', #928, #924 ) ;
#3427 = CARTESIAN_POINT ( 'NONE',  ( 1.500000000000000000, 3.333333333333333481, -2.166666666666666519 ) ) ;
#3428 = DIRECTION ( 'NONE',  ( 1.000000000000000000, 0.000000000000000000, 4.688441826964341340E-16 ) ) ;
#3429 = ORIENTED_EDGE ( 'NONE', *, *, #2464, .F. ) ;
#3430 = AXIS2_PLACEMENT_3D ( 'NONE', #1907, #239, #1570 ) ;
#3431 = SURFACE_STYLE_FILL_AREA ( #2320 ) ;
#3432 = ORIENTED_EDGE ( 'NONE', *, *, #1631, .F. ) ;
#3433 = CARTESIAN_POINT ( 'NONE',  ( 1.739366026120155784, 1.126856042369456690, 2.126612295024184363 ) ) ;
#3434 = AXIS2_PLACEMENT_3D ( 'NONE', #2025, #3419, #843 ) ;
#3435 = STYLED_ITEM ( 'NONE', ( #288 ), #844 ) ;
#3436 = EDGE_CURVE ( 'NONE', #2386, #1946, #3396, .T. ) ;
#3437 = APPLICATION_PROTOCOL_DEFINITION ( 'draft international standard', 'automotive_design', 1998, #1083 ) ;
#3438 = FACE_OUTER_BOUND ( 'NONE', #1847, .T. ) ;
#3439 = SURFACE_STYLE_FILL_AREA ( #2067 ) ;
#3440 = EDGE_CURVE ( 'NONE', #2127, #3181, #368, .T. ) ;
#3441 = CIRCLE ( 'NONE', #1643, 2.000000000000000000 ) ;
#3442 = CARTESIAN_POINT ( 'NONE',  ( 1.500000013333332882, 0.3999333333322897532, 2.166666666666667407 ) ) ;
#3443 = FILL_AREA_STYLE_COLOUR ( '', #1424 ) ;
#3444 = ORIENTED_EDGE ( 'NONE', *, *, #3479, .F. ) ;
#3445 = STYLED_ITEM ( 'NONE', ( #1572 ), #3172 ) ;
#3446 = CARTESIAN_POINT ( 'NONE',  ( -1.635529696856115711, 0.2754442876295178921, 2.166666666666667407 ) ) ;
#3447 = AXIS2_PLACEMENT_3D ( 'NONE', #712, #2935, #113 ) ;
#3448 = CARTESIAN_POINT ( 'NONE',  ( -3.814560945907769174, 2.200000000000000622, -1.600000000000000977 ) ) ;
#3449 = SURFACE_STYLE_USAGE ( .BOTH. , #691 ) ;
#3450 = SURFACE_SIDE_STYLE ('',( #967 ) ) ;
#3451 = VERTEX_POINT ( 'NONE', #2349 ) ;
#3452 = STYLED_ITEM ( 'NONE', ( #401 ), #3416 ) ;
#3453 = UNCERTAINTY_MEASURE_WITH_UNIT (LENGTH_MEASURE( 1.000000000000000082E-05 ), #2653, 'distance_accuracy_value', 'NONE');
#3454 = ORIENTED_EDGE ( 'NONE', *, *, #1122, .F. ) ;
#3455 =( GEOMETRIC_REPRESENTATION_CONTEXT ( 3 ) GLOBAL_UNCERTAINTY_ASSIGNED_CONTEXT ( ( #3125 ) ) GLOBAL_UNIT_ASSIGNED_CONTEXT ( ( #2892, #706, #2876 ) ) REPRESENTATION_CONTEXT ( 'NONE', 'WORKASPACE' ) );
#3456 = ORIENTED_EDGE ( 'NONE', *, *, #2496, .T. ) ;
#3457 = ADVANCED_FACE ( 'NONE', ( #2036 ), #109, .T. ) ;
#3458 = CARTESIAN_POINT ( 'NONE',  ( 2.425000000000001155, 4.000000000000000000, -2.166666666666666519 ) ) ;
#3459 = DIRECTION ( 'NONE',  ( -0.000000000000000000, -0.000000000000000000, -1.000000000000000000 ) ) ;
#3460 = ORIENTED_EDGE ( 'NONE', *, *, #1329, .F. ) ;
#3461 = CARTESIAN_POINT ( 'NONE',  ( 1.699999999999999956, 0.1279744685327766363, -2.166666666666666519 ) ) ;
#3462 = SURFACE_STYLE_USAGE ( .BOTH. , #62 ) ;
#3463 = CARTESIAN_POINT ( 'NONE',  ( -2.499999999999999112, 0.4000000000000001887, 2.091666666666667673 ) ) ;
#3464 = VERTEX_POINT ( 'NONE', #962 ) ;
#3465 = CARTESIAN_POINT ( 'NONE',  ( 1.600000000000000755, 2.628013060120417688, 1.681585198530192393 ) ) ;
#3466 = LINE ( 'NONE', #2078, #106 ) ;
#3467 = FILL_AREA_STYLE ('',( #1252 ) ) ;
#3468 = LINE ( 'NONE', #976, #233 ) ;
#3469 = SURFACE_STYLE_FILL_AREA ( #666 ) ;
#3470 = VERTEX_POINT ( 'NONE', #1737 ) ;
#3471 = SURFACE_STYLE_USAGE ( .BOTH. , #2348 ) ;
#3472 = FILL_AREA_STYLE_COLOUR ( '', #2757 ) ;
#3473 = EDGE_LOOP ( 'NONE', ( #116, #2761, #1789, #1941 ) ) ;
#3474 = EDGE_CURVE ( 'NONE', #1095, #819, #3398, .T. ) ;
#3475 = CARTESIAN_POINT ( 'NONE',  ( -1.543791137379572298, 0.3039486908472723847, 2.166666666666667407 ) ) ;
#3476 = MECHANICAL_DESIGN_GEOMETRIC_PRESENTATION_REPRESENTATION (  '', ( #3074 ), #1511 ) ;
#3477 = PRESENTATION_STYLE_ASSIGNMENT (( #3188 ) ) ;
#3478 = ORIENTED_EDGE ( 'NONE', *, *, #305, .T. ) ;
#3479 = EDGE_CURVE ( 'NONE', #1609, #707, #1938, .T. ) ;
#3480 = UNCERTAINTY_MEASURE_WITH_UNIT (LENGTH_MEASURE( 1.000000000000000082E-05 ), #1304, 'distance_accuracy_value', 'NONE');
#3481 = LINE ( 'NONE', #1266, #984 ) ;
#3482 = CARTESIAN_POINT ( 'NONE',  ( 3.814560945907770062, 2.200000000000000622, -1.600000000000000311 ) ) ;
#3483 = SURFACE_STYLE_FILL_AREA ( #3467 ) ;
#3484 = COLOUR_RGB ( '',0.2509803921568627416, 0.2509803921568627416, 0.2509803921568627416 ) ;
#3485 = SURFACE_STYLE_FILL_AREA ( #2378 ) ;
#3486 = MECHANICAL_DESIGN_GEOMETRIC_PRESENTATION_REPRESENTATION (  '', ( #2088 ), #2447 ) ;
#3487 = STYLED_ITEM ( 'NONE', ( #1772 ), #852 ) ;
#3488 = VERTEX_POINT ( 'NONE', #326 ) ;
#3489 = COLOUR_RGB ( '',0.7294117647058823151, 0.3568627450980392246, 0.02352941176470588203 ) ;
#3490 = CYLINDRICAL_SURFACE ( 'NONE', #645, 0.4999999999999997780 ) ;
#3491 = AXIS2_PLACEMENT_3D ( 'NONE', #2195, #1883, #3290 ) ;
#3492 = EDGE_LOOP ( 'NONE', ( #323, #3138, #2848, #3261 ) ) ;
#3493 = EDGE_CURVE ( 'NONE', #3036, #3052, #2701, .T. ) ;
#3494 = DIRECTION ( 'NONE',  ( 1.000000000000000000, 0.000000000000000000, 0.000000000000000000 ) ) ;
#3495 = FACE_OUTER_BOUND ( 'NONE', #1205, .T. ) ;
#3496 =( NAMED_UNIT ( * ) SI_UNIT ( $, .STERADIAN. ) SOLID_ANGLE_UNIT ( ) );
#3497 = FACE_OUTER_BOUND ( 'NONE', #768, .T. ) ;
#3498 = COLOUR_RGB ( '',0.2509803921568627416, 0.2509803921568627416, 0.2509803921568627416 ) ;
#3499 = ORIENTED_EDGE ( 'NONE', *, *, #1969, .F. ) ;
#3500 = PRESENTATION_LAYER_ASSIGNMENT (  '', '', ( #1811 ) ) ;
#3501 = ADVANCED_FACE ( 'NONE', ( #73 ), #51, .T. ) ;
#3502 = LINE ( 'NONE', #2024, #3549 ) ;
#3503 = DIRECTION ( 'NONE',  ( -0.000000000000000000, -0.000000000000000000, 1.000000000000000000 ) ) ;
#3504 = CARTESIAN_POINT ( 'NONE',  ( 2.166666666666666075, 1.066666666666666208, -1.600000000000000089 ) ) ;
#3505 = CARTESIAN_POINT ( 'NONE',  ( -1.500000000000000000, 1.066666666666667096, 2.166666666666666963 ) ) ;
#3506 =( GEOMETRIC_REPRESENTATION_CONTEXT ( 3 ) GLOBAL_UNCERTAINTY_ASSIGNED_CONTEXT ( ( #679 ) ) GLOBAL_UNIT_ASSIGNED_CONTEXT ( ( #1169, #1184, #1134 ) ) REPRESENTATION_CONTEXT ( 'NONE', 'WORKASPACE' ) );
#3507 =( NAMED_UNIT ( * ) SI_UNIT ( $, .STERADIAN. ) SOLID_ANGLE_UNIT ( ) );
#3508 = CARTESIAN_POINT ( 'NONE',  ( -1.600000000000000977, 3.333333333333333037, -2.166666666666664742 ) ) ;
#3509 =( LENGTH_UNIT ( ) NAMED_UNIT ( * ) SI_UNIT ( .MILLI., .METRE. ) );
#3510 = DIRECTION ( 'NONE',  ( -0.9537169507482290420, 0.3007057995042664578, 0.000000000000000000 ) ) ;
#3511 = ORIENTED_EDGE ( 'NONE', *, *, #191, .T. ) ;
#3512 = DIRECTION ( 'NONE',  ( 1.000000000000000000, 0.000000000000000000, 0.000000000000000000 ) ) ;
#3513 = ORIENTED_EDGE ( 'NONE', *, *, #414, .F. ) ;
#3514 = CARTESIAN_POINT ( 'NONE',  ( 1.549647100247867115, 0.6048329439068912405, -2.166666666666666519 ) ) ;
#3515 = LINE ( 'NONE', #1039, #508 ) ;
#3516 = VERTEX_POINT ( 'NONE', #1720 ) ;
#3517 = CARTESIAN_POINT ( 'NONE',  ( 1.749999999999998002, 0.4000000000000001332, 2.166666666666667407 ) ) ;
#3518 = DIRECTION ( 'NONE',  ( -1.858632295689442265E-16, 0.000000000000000000, -1.000000000000000000 ) ) ;
#3519 = SURFACE_STYLE_USAGE ( .BOTH. , #2419 ) ;
#3520 = EDGE_CURVE ( 'NONE', #1375, #384, #1688, .T. ) ;
#3521 = SURFACE_SIDE_STYLE ('',( #1582 ) ) ;
#3522 = ORIENTED_EDGE ( 'NONE', *, *, #2475, .T. ) ;
#3523 =( NAMED_UNIT ( * ) SI_UNIT ( $, .STERADIAN. ) SOLID_ANGLE_UNIT ( ) );
#3524 = LINE ( 'NONE', #2145, #1870 ) ;
#3525 = ORIENTED_EDGE ( 'NONE', *, *, #3565, .T. ) ;
#3526 = EDGE_CURVE ( 'NONE', #2580, #2360, #1478, .T. ) ;
#3527 = CARTESIAN_POINT ( 'NONE',  ( 3.814560945907769618, 2.200000000000000622, 1.599999999999998757 ) ) ;
#3528 = VERTEX_POINT ( 'NONE', #2584 ) ;
#3529 = CARTESIAN_POINT ( 'NONE',  ( 2.499999999999999556, 0.4000000000000000777, -2.091666666666667673 ) ) ;
#3530 = CYLINDRICAL_SURFACE ( 'NONE', #1730, 0.1249999999999998890 ) ;
#3531 = CARTESIAN_POINT ( 'NONE',  ( 1.166666666666662744, 0.1540948306367008469, -2.500000000000000444 ) ) ;
#3532 = COLOUR_RGB ( '',0.2509803921568627416, 0.2509803921568627416, 0.2509803921568627416 ) ;
#3533 = FACE_OUTER_BOUND ( 'NONE', #1603, .T. ) ;
#3534 = VERTEX_POINT ( 'NONE', #89 ) ;
#3535 = DIRECTION ( 'NONE',  ( 1.000000000000000000, 0.000000000000000000, 4.688441826964341340E-16 ) ) ;
#3536 = DIRECTION ( 'NONE',  ( -1.000000000000000000, -0.000000000000000000, -0.000000000000000000 ) ) ;
#3537 = SURFACE_STYLE_USAGE ( .BOTH. , #1322 ) ;
#3538 = ORIENTED_EDGE ( 'NONE', *, *, #2965, .T. ) ;
#3539 = CARTESIAN_POINT ( 'NONE',  ( 1.749999999999998002, 1.316666666666666430, 2.166666666672798947 ) ) ;
#3540 = EDGE_CURVE ( 'NONE', #3553, #2642, #919, .T. ) ;
#3541 = CARTESIAN_POINT ( 'NONE',  ( -1.500000000000000444, 1.066666666666666652, 2.166666666666667407 ) ) ;
#3542 = PLANE ( 'NONE',  #1698 ) ;
#3543 = VECTOR ( 'NONE', #2199, 1000.000000000000000 ) ;
#3544 = COLOUR_RGB ( '',0.2509803921568627416, 0.2509803921568627416, 0.2509803921568627416 ) ;
#3545 = EDGE_CURVE ( 'NONE', #3221, #3211, #3145, .T. ) ;
#3546 = DIRECTION ( 'NONE',  ( 1.000000000000000000, 0.000000000000000000, 0.000000000000000000 ) ) ;
#3547 = STYLED_ITEM ( 'NONE', ( #1363 ), #980 ) ;
#3548 = VERTEX_POINT ( 'NONE', #2804 ) ;
#3549 = VECTOR ( 'NONE', #391, 1000.000000000000000 ) ;
#3550 =( NAMED_UNIT ( * ) SI_UNIT ( $, .STERADIAN. ) SOLID_ANGLE_UNIT ( ) );
#3551 = CARTESIAN_POINT ( 'NONE',  ( -1.625000000000000666, 1.066666666666666652, 2.166666666666667407 ) ) ;
#3552 = FACE_OUTER_BOUND ( 'NONE', #2109, .T. ) ;
#3553 = VERTEX_POINT ( 'NONE', #2872 ) ;
#3554 = CARTESIAN_POINT ( 'NONE',  ( 1.499999999999998446, 0.4000000000000000777, 2.166666666666667407 ) ) ;
#3555 = ADVANCED_BREP_SHAPE_REPRESENTATION ( 'BWVS00505040100M00', ( #2064, #852, #1998, #1971, #865, #3172, #785, #3562 ), #134 ) ;
#3556 = FILL_AREA_STYLE_COLOUR ( '', #217 ) ;
#3557 = MECHANICAL_DESIGN_GEOMETRIC_PRESENTATION_REPRESENTATION (  '', ( #2982 ), #423 ) ;
#3558 = ORIENTED_EDGE ( 'NONE', *, *, #803, .F. ) ;
#3559 = CARTESIAN_POINT ( 'NONE',  ( -2.350000000000000533, 3.333333333333333481, -2.166666666666666519 ) ) ;
#3560 = CARTESIAN_POINT ( 'NONE',  ( 1.600000000000000533, 2.200000000000000622, -1.814560945907769396 ) ) ;
#3561 = EDGE_CURVE ( 'NONE', #730, #3221, #1194, .T. ) ;
#3562 = AXIS2_PLACEMENT_3D ( 'NONE', #1270, #3232, #974 ) ;
#3563 = DIRECTION ( 'NONE',  ( 0.000000000000000000, 0.000000000000000000, -1.000000000000000000 ) ) ;
#3564 = VERTEX_POINT ( 'NONE', #3128 ) ;
#3565 = EDGE_CURVE ( 'NONE', #841, #1750, #2310, .T. ) ;
#3566 = UNCERTAINTY_MEASURE_WITH_UNIT (LENGTH_MEASURE( 1.000000000000000082E-05 ), #2021, 'distance_accuracy_value', 'NONE');
#3567 =( LENGTH_UNIT ( ) NAMED_UNIT ( * ) SI_UNIT ( .MILLI., .METRE. ) );
#3568 = SURFACE_STYLE_USAGE ( .BOTH. , #3580 ) ;
#3569 = DIRECTION ( 'NONE',  ( -1.000000000000000000, -0.000000000000000000, 0.000000000000000000 ) ) ;
#3570 = ORIENTED_EDGE ( 'NONE', *, *, #3526, .F. ) ;
#3571 = CARTESIAN_POINT ( 'NONE',  ( 1.500000000000000000, 0.4000000000000000777, 2.166666666666666519 ) ) ;
#3572 = DIRECTION ( 'NONE',  ( 0.000000000000000000, -0.000000000000000000, -1.000000000000000000 ) ) ;
#3573 = DIRECTION ( 'NONE',  ( -0.7071067811865512365, 0.000000000000000000, -0.7071067811865439090 ) ) ;
#3574 = ORIENTED_EDGE ( 'NONE', *, *, #3104, .T. ) ;
#3575 = CARTESIAN_POINT ( 'NONE',  ( -1.750000000000000666, 1.066666666666666652, 2.166666666666667407 ) ) ;
#3576 = FILL_AREA_STYLE_COLOUR ( '', #2805 ) ;
#3577 = EDGE_LOOP ( 'NONE', ( #2156, #798, #317, #956, #3298, #713 ) ) ;
#3578 = DIRECTION ( 'NONE',  ( 0.000000000000000000, 0.000000000000000000, -1.000000000000000000 ) ) ;
#3579 = FILL_AREA_STYLE_COLOUR ( '', #1212 ) ;
#3580 = SURFACE_SIDE_STYLE ('',( #1063 ) ) ;
#3581 = ADVANCED_FACE ( 'NONE', ( #3073 ), #3351, .T. ) ;
#3582 = SURFACE_SIDE_STYLE ('',( #1078 ) ) ;
#3583 = ORIENTED_EDGE ( 'NONE', *, *, #1188, .T. ) ;
#3584 = LINE ( 'NONE', #855, #238 ) ;
#3585 = DIRECTION ( 'NONE',  ( 0.9537169507482290420, -0.3007057995042665688, 0.000000000000000000 ) ) ;
#3586 = CARTESIAN_POINT ( 'NONE',  ( -1.381393926853235588, 0.04441446618712781291, 2.285272739813430487 ) ) ;
#3587 = ADVANCED_FACE ( 'NONE', ( #2822 ), #2942, .F. ) ;
#3588 = EDGE_LOOP ( 'NONE', ( #303, #2952, #41, #2964, #592, #1961 ) ) ;
#3589 = CARTESIAN_POINT ( 'NONE',  ( 1.749999999999998446, 1.066666666666666652, 2.166666666666666075 ) ) ;
#3590 = ORIENTED_EDGE ( 'NONE', *, *, #2772, .T. ) ;
#3591 = LINE ( 'NONE', #1383, #3543 ) ;
#3592 = DIRECTION ( 'NONE',  ( -0.7071067811865439090, 0.000000000000000000, -0.7071067811865512365 ) ) ;
#3593 = PLANE ( 'NONE',  #3040 ) ;
ENDSEC;
END-ISO-10303-21;
