ISO-10303-21;
HEADER;
FILE_DESCRIPTION (( 'STEP AP203' ),
    '1' );
FILE_NAME ('SDCL1V4020-R.STEP',
    '2021-04-20T05:48:54',
    ( '' ),
    ( '' ),
    'SwSTEP 2.0',
    'SolidWorks 2017',
    '' );
FILE_SCHEMA (( 'CONFIG_CONTROL_DESIGN' ));
ENDSEC;

DATA;
#1 = AXIS2_PLACEMENT_3D ( 'NONE', #3085, #170, #2176 ) ;
#2 = VERTEX_POINT ( 'NONE', #1457 ) ;
#3 = CARTESIAN_POINT ( 'NONE',  ( 1.273822341954230500, -0.9915760635389756500, 0.7447279488568231400 ) ) ;
#4 = EDGE_CURVE ( 'NONE', #3527, #2, #3980, .T. ) ;
#5 = EDGE_LOOP ( 'NONE', ( #3390, #3790, #4379, #5383 ) ) ;
#6 = ADVANCED_FACE ( 'NONE', ( #3154 ), #1487, .T. ) ;
#7 = LINE ( 'NONE', #3237, #3207 ) ;
#8 = EDGE_CURVE ( 'NONE', #5039, #3327, #4296, .T. ) ;
#9 = CARTESIAN_POINT ( 'NONE',  ( 1.256492185666029600, 1.850461685241533400, 0.1698542272054833500 ) ) ;
#10 = CARTESIAN_POINT ( 'NONE',  ( -1.557106781186549500, -1.749999999999998400, 0.0000000000000000000 ) ) ;
#11 = DIRECTION ( 'NONE',  ( 0.0000000000000000000, 0.0000000000000000000, 1.000000000000000000 ) ) ;
#12 = EDGE_CURVE ( 'NONE', #3464, #2311, #4134, .T. ) ;
#13 = CARTESIAN_POINT ( 'NONE',  ( -2.023844055306274300E-016, -1.011922027653137100E-016, 0.9300000000000000500 ) ) ;
#14 = CARTESIAN_POINT ( 'NONE',  ( -1.850000000000000100, -1.208578643762689800, 1.320000000000000100 ) ) ;
#15 = CARTESIAN_POINT ( 'NONE',  ( -1.435433069539317400, -1.887958567926494100, 0.1213625121987677200 ) ) ;
#16 = CARTESIAN_POINT ( 'NONE',  ( -1.557106781186549300, 1.749999999999998400, -0.02000000000000000000 ) ) ;
#17 = CARTESIAN_POINT ( 'NONE',  ( 1.349374824231995000, -1.785850996757099500, 0.7532129447176908500 ) ) ;
#18 = CARTESIAN_POINT ( 'NONE',  ( -1.174496687418653300, -0.9465073939141907000, 0.9093598291855341500 ) ) ;
#19 = DIRECTION ( 'NONE',  ( 0.0000000000000000000, -0.0000000000000000000, -1.000000000000000000 ) ) ;
#20 = ORIENTED_EDGE ( 'NONE', *, *, #1241, .T. ) ;
#21 = EDGE_LOOP ( 'NONE', ( #2876, #5215, #4882, #1213 ) ) ;
#22 = CARTESIAN_POINT ( 'NONE',  ( 1.362206523789698500, -1.861964105807488500, 0.7321281450346998100 ) ) ;
#23 = CARTESIAN_POINT ( 'NONE',  ( 1.058578643762690500, -2.000000000000000400, 1.800000000000000000 ) ) ;
#24 = CARTESIAN_POINT ( 'NONE',  ( 1.557106781186549300, 1.749999999999998400, 0.1000000000000000100 ) ) ;
#25 = CARTESIAN_POINT ( 'NONE',  ( -4.047688110612548600E-016, -2.023844055306274300E-016, 1.210000000000000200 ) ) ;
#26 = DIRECTION ( 'NONE',  ( -0.0000000000000000000, 0.0000000000000000000, -1.000000000000000000 ) ) ;
#27 = LINE ( 'NONE', #3407, #1176 ) ;
#28 = VERTEX_POINT ( 'NONE', #3908 ) ;
#29 = ORIENTED_EDGE ( 'NONE', *, *, #4, .T. ) ;
#30 = AXIS2_PLACEMENT_3D ( 'NONE', #2921, #954, #4487 ) ;
#31 = DIRECTION ( 'NONE',  ( -0.0000000000000000000, -0.0000000000000000000, -1.000000000000000000 ) ) ;
#32 = CARTESIAN_POINT ( 'NONE',  ( -1.011922027653137100E-016, -5.059610138265685700E-017, 0.7900000000000000400 ) ) ;
#33 = ORIENTED_EDGE ( 'NONE', *, *, #1367, .T. ) ;
#34 = EDGE_CURVE ( 'NONE', #1452, #6160, #1733, .T. ) ;
#35 = CARTESIAN_POINT ( 'NONE',  ( -1.464685523016919300, -1.932280669817684200, 0.1859245259168184300 ) ) ;
#36 = DIRECTION ( 'NONE',  ( 0.0000000000000000000, 0.0000000000000000000, 1.000000000000000000 ) ) ;
#37 = ADVANCED_FACE ( 'NONE', ( #116 ), #587, .F. ) ;
#38 = CARTESIAN_POINT ( 'NONE',  ( -1.850000000000000100, -1.208578643762689800, 1.699999999999999700 ) ) ;
#39 = DIRECTION ( 'NONE',  ( -0.0000000000000000000, -0.0000000000000000000, -1.000000000000000000 ) ) ;
#40 = CARTESIAN_POINT ( 'NONE',  ( -1.567149750153709700, -1.997996953930663900, 0.1003316097959663200 ) ) ;
#41 = ORIENTED_EDGE ( 'NONE', *, *, #5066, .F. ) ;
#42 = B_SPLINE_CURVE_WITH_KNOTS ( 'NONE', 3,
 ( #592, #3976, #4514, #1179, #1717, #5536, #723, #666, #5521, #6059 ),
 .UNSPECIFIED., .F., .F.,
 ( 4, 3, 3, 4 ),
 ( 0.0006167044498205722100, 0.0006203433764494592600, 0.0006543598560945340000, 0.0006813387129380457000 ),
 .UNSPECIFIED. ) ;
#43 = EDGE_CURVE ( 'NONE', #517, #1238, #1878, .T. ) ;
#44 = CARTESIAN_POINT ( 'NONE',  ( 1.424821687161636400, -1.816342559747710300, 0.6530167176844566800 ) ) ;
#45 = CARTESIAN_POINT ( 'NONE',  ( 1.268073755363360800, 1.841747655168696400, 0.1754505496284558800 ) ) ;
#46 = CARTESIAN_POINT ( 'NONE',  ( -1.125000000000000400, -1.011922027653137100E-016, 0.9300000000000000500 ) ) ;
#47 = AXIS2_PLACEMENT_3D ( 'NONE', #1996, #3948, #3457 ) ;
#48 = ORIENTED_EDGE ( 'NONE', *, *, #510, .T. ) ;
#49 =( BOUNDED_CURVE ( )  B_SPLINE_CURVE ( 3, ( #2040, #4905, #4423, #54 ),
 .UNSPECIFIED., .F., .F. ) 
 B_SPLINE_CURVE_WITH_KNOTS ( ( 4, 4 ),
 ( 5.387717296373105900, 5.497787143782138800 ),
 .UNSPECIFIED. ) 
 CURVE ( )  GEOMETRIC_REPRESENTATION_ITEM ( )  RATIONAL_B_SPLINE_CURVE ( ( 1.000000000000000000, 0.9989906405287991600, 0.9989906405287991600, 1.000000000000000000 ) ) 
 REPRESENTATION_ITEM ( '' )  );
#50 = CARTESIAN_POINT ( 'NONE',  ( 1.299061727816396700, -1.939033961243860700, 0.1276369828655536100 ) ) ;
#51 = EDGE_CURVE ( 'NONE', #2659, #278, #406, .T. ) ;
#52 = CARTESIAN_POINT ( 'NONE',  ( 1.750000000000000700, 0.0000000000000000000, 1.800000000000000000 ) ) ;
#53 = FACE_OUTER_BOUND ( 'NONE', #3526, .T. ) ;
#54 = CARTESIAN_POINT ( 'NONE',  ( -1.203553390593275400, 1.896446609406725200, 0.1357022603955296600 ) ) ;
#55 = VECTOR ( 'NONE', #647, 1000.000000000000000 ) ;
#56 = CARTESIAN_POINT ( 'NONE',  ( -1.750000000000000200, 1.208578643762690000, 1.800000000000000000 ) ) ;
#57 = CALENDAR_DATE ( 2021, 20, 4 ) ;
#58 = CARTESIAN_POINT ( 'NONE',  ( 1.557106781186549300, 2.249999999999998700, 0.09999999999999982500 ) ) ;
#59 = VERTEX_POINT ( 'NONE', #2630 ) ;
#60 = CYLINDRICAL_SURFACE ( 'NONE', #2652, 0.1000000000000000500 ) ;
#61 = TOROIDAL_SURFACE ( 'NONE', #6229, 0.9750000000000000900, 0.06999999999999996500 ) ;
#62 = CARTESIAN_POINT ( 'NONE',  ( -1.085454753969160400, 1.999999999999999600, 0.05696983597948898600 ) ) ;
#63 = CARTESIAN_POINT ( 'NONE',  ( 0.5500000000002437400, 2.549999999999757800, -0.2999999999996260700 ) ) ;
#64 = EDGE_LOOP ( 'NONE', ( #4084, #5702, #2070, #638 ) ) ;
#65 = AXIS2_PLACEMENT_3D ( 'NONE', #3236, #5171, #2790 ) ;
#66 = VECTOR ( 'NONE', #5920, 1000.000000000000100 ) ;
#67 = CARTESIAN_POINT ( 'NONE',  ( 1.444797538228675300, -1.964878501130312700, 0.5632429910196049500 ) ) ;
#68 = CIRCLE ( 'NONE', #5819, 0.4999999999999995600 ) ;
#69 = B_SPLINE_CURVE_WITH_KNOTS ( 'NONE', 3,
 ( #4450, #5436, #4890, #3006, #3890, #1950, #5337, #605, #3028, #3524, #4953, #2588, #4492, #5939, #2060, #5458 ),
 .UNSPECIFIED., .F., .F.,
 ( 4, 2, 2, 2, 2, 2, 2, 4 ),
 ( 0.0000000000000000000, 1.914533823637064100E-005, 3.829067647274128200E-005, 7.658135294548234700E-005, 0.0001531627058909644500, 0.0002297440588364465500, 0.0002680347353091877300, 0.0003063254117819288500 ),
 .UNSPECIFIED. ) ;
#70 = CARTESIAN_POINT ( 'NONE',  ( -1.557106781186549300, -2.249999999999998700, -2.699999999999999700 ) ) ;
#71 = ORIENTED_EDGE ( 'NONE', *, *, #5896, .F. ) ;
#72 = CARTESIAN_POINT ( 'NONE',  ( 1.330539682362151600, -1.264446932360758600, 0.7050035173419534300 ) ) ;
#73 = VERTEX_POINT ( 'NONE', #5015 ) ;
#74 = DIRECTION ( 'NONE',  ( 1.000000000000000000, 0.0000000000000000000, 0.0000000000000000000 ) ) ;
#75 = DIRECTION ( 'NONE',  ( -0.7071067811865469100, -0.7071067811865482400, 0.0000000000000000000 ) ) ;
#76 = ORIENTED_EDGE ( 'NONE', *, *, #2955, .F. ) ;
#77 = ADVANCED_FACE ( 'NONE', ( #2866 ), #1099, .T. ) ;
#78 = VECTOR ( 'NONE', #3725, 1000.000000000000000 ) ;
#79 = CARTESIAN_POINT ( 'NONE',  ( 1.413761810446819900, -1.815021680273198900, -0.06747501777605349700 ) ) ;
#80 = CARTESIAN_POINT ( 'NONE',  ( -1.300000000000000300, 1.821168910795995200, 0.1798149574845336900 ) ) ;
#81 = ADVANCED_FACE ( 'NONE', ( #6116 ), #133, .F. ) ;
#82 = ORIENTED_EDGE ( 'NONE', *, *, #2656, .T. ) ;
#83 = CARTESIAN_POINT ( 'NONE',  ( -1.203553390593275400, -1.896446609406725200, 0.0000000000000000000 ) ) ;
#84 = CARTESIAN_POINT ( 'NONE',  ( -1.058578643762691200, -1.900000000000001000, 1.800000000000000000 ) ) ;
#85 = ORIENTED_EDGE ( 'NONE', *, *, #5191, .F. ) ;
#86 = VERTEX_POINT ( 'NONE', #3067 ) ;
#87 = DIRECTION ( 'NONE',  ( 0.7071067811865469100, -0.7071067811865482400, 0.0000000000000000000 ) ) ;
#88 = VECTOR ( 'NONE', #6230, 1000.000000000000000 ) ;
#89 = EDGE_LOOP ( 'NONE', ( #943, #5565, #1667, #4420, #1192, #3595, #1818, #3266 ) ) ;
#90 = ORIENTED_EDGE ( 'NONE', *, *, #4606, .T. ) ;
#91 = DIRECTION ( 'NONE',  ( -1.000000000000000000, 0.0000000000000000000, 0.0000000000000000000 ) ) ;
#92 = ORIENTED_EDGE ( 'NONE', *, *, #5927, .F. ) ;
#93 = CIRCLE ( 'NONE', #3210, 0.9050000000000001400 ) ;
#94 = VERTEX_POINT ( 'NONE', #4972 ) ;
#95 = CARTESIAN_POINT ( 'NONE',  ( -1.205000000000000500, -2.023844055306274300E-016, 1.210000000000000200 ) ) ;
#96 = CARTESIAN_POINT ( 'NONE',  ( -1.265543893771830200, -1.917975771667700400, 0.6890504825875879400 ) ) ;
#97 = ORIENTED_EDGE ( 'NONE', *, *, #3082, .F. ) ;
#98 = DIRECTION ( 'NONE',  ( 0.0000000000000000000, 0.0000000000000000000, -1.000000000000000000 ) ) ;
#99 = AXIS2_PLACEMENT_3D ( 'NONE', #500, #3891, #1482 ) ;
#100 = CARTESIAN_POINT ( 'NONE',  ( 1.363513390820249200, -1.448901048223661300, 0.7016167948091135400 ) ) ;
#101 = EDGE_CURVE ( 'NONE', #477, #3769, #2745, .T. ) ;
#102 = DIRECTION ( 'NONE',  ( -0.5553795402051526800, 0.8315969975423872500, 0.0000000000000000000 ) ) ;
#103 = EDGE_LOOP ( 'NONE', ( #1976, #29, #770, #921 ) ) ;
#104 = CARTESIAN_POINT ( 'NONE',  ( -1.300000000000000000, -1.821168910795995200, 0.1798149574845336900 ) ) ;
#105 = LINE ( 'NONE', #1002, #2168 ) ;
#106 = CARTESIAN_POINT ( 'NONE',  ( 1.302832396748178100, -1.955101034237787000, 0.5602808843468616300 ) ) ;
#107 = ORIENTED_EDGE ( 'NONE', *, *, #4933, .F. ) ;
#108 = EDGE_CURVE ( 'NONE', #4965, #5741, #4976, .T. ) ;
#109 = CARTESIAN_POINT ( 'NONE',  ( -1.557106781186549500, 1.749999999999998700, 0.09999999999999982500 ) ) ;
#110 = PRODUCT_DEFINITION ( 'UNKNOWN', '', #1872, #5868 ) ;
#111 = VECTOR ( 'NONE', #4177, 1000.000000000000000 ) ;
#112 = CARTESIAN_POINT ( 'NONE',  ( -1.346648425248751400, -1.999906843597784700, 0.1137671621449871500 ) ) ;
#113 = ADVANCED_FACE ( 'NONE', ( #2722 ), #4750, .T. ) ;
#114 = DIRECTION ( 'NONE',  ( 0.0000000000000000000, 0.0000000000000000000, 1.000000000000000000 ) ) ;
#115 = VECTOR ( 'NONE', #1734, 1000.000000000000000 ) ;
#116 = FACE_OUTER_BOUND ( 'NONE', #2225, .T. ) ;
#117 = DIRECTION ( 'NONE',  ( 0.0000000000000000000, -0.7071067811865444600, -0.7071067811865505700 ) ) ;
#118 = CARTESIAN_POINT ( 'NONE',  ( 1.450000000000012800, 1.761606575163157300, 0.09999999999999982500 ) ) ;
#119 = CARTESIAN_POINT ( 'NONE',  ( 1.371874427162005100, -1.918434403889401700, 0.7103266157348288000 ) ) ;
#120 = DIRECTION ( 'NONE',  ( 9.457712391025553900E-015, 1.459596332686885800E-014, -1.000000000000000000 ) ) ;
#121 = ORIENTED_EDGE ( 'NONE', *, *, #1984, .F. ) ;
#122 = CARTESIAN_POINT ( 'NONE',  ( 1.334818974438357200, -2.091397985222282600, 0.1420787983501207400 ) ) ;
#123 = DIRECTION ( 'NONE',  ( -0.0000000000000000000, -0.0000000000000000000, -1.000000000000000000 ) ) ;
#124 = FACE_OUTER_BOUND ( 'NONE', #3431, .T. ) ;
#125 = DIRECTION ( 'NONE',  ( 0.0000000000000000000, 1.000000000000000000, 0.0000000000000000000 ) ) ;
#126 = ORIENTED_EDGE ( 'NONE', *, *, #2575, .F. ) ;
#127 = AXIS2_PLACEMENT_3D ( 'NONE', #329, #3714, #4659 ) ;
#128 = VERTEX_POINT ( 'NONE', #3558 ) ;
#129 = DIRECTION ( 'NONE',  ( 0.0000000000000000000, 0.0000000000000000000, -1.000000000000000000 ) ) ;
#130 = EDGE_CURVE ( 'NONE', #3464, #867, #3746, .T. ) ;
#131 = CARTESIAN_POINT ( 'NONE',  ( 1.058578643762690500, -1.900000000000000400, 1.800000000000000000 ) ) ;
#132 = CARTESIAN_POINT ( 'NONE',  ( -1.227228388700322800, -1.862460158998119300, 0.09093648489344342800 ) ) ;
#133 = PLANE ( 'NONE',  #1949 ) ;
#134 = VERTEX_POINT ( 'NONE', #679 ) ;
#135 = VECTOR ( 'NONE', #4548, 1000.000000000000000 ) ;
#136 = EDGE_CURVE ( 'NONE', #1061, #5947, #2174, .T. ) ;
#137 =( BOUNDED_CURVE ( )  B_SPLINE_CURVE ( 3, ( #6153, #262, #4158, #4783 ),
 .UNSPECIFIED., .F., .T. ) 
 B_SPLINE_CURVE_WITH_KNOTS ( ( 4, 4 ),
 ( 0.7853981633974469500, 1.570796326794894300 ),
 .UNSPECIFIED. ) 
 CURVE ( )  GEOMETRIC_REPRESENTATION_ITEM ( )  RATIONAL_B_SPLINE_CURVE ( ( 1.000000000000000000, 0.9492530216741912300, 0.9492530216741912300, 1.000000000000000000 ) ) 
 REPRESENTATION_ITEM ( '' )  );
#138 = CARTESIAN_POINT ( 'NONE',  ( 1.305097198816177300, -1.962556304597246900, 0.5918252070174505600 ) ) ;
#139 = APPROVAL_DATE_TIME ( #5159, #197 ) ;
#140 = CARTESIAN_POINT ( 'NONE',  ( 1.230204462991041800, 1.871223347428891100, 0.1534696419940326500 ) ) ;
#141 = CARTESIAN_POINT ( 'NONE',  ( 1.136958578522025300, -1.002485328426517800, 0.7037751955729324400 ) ) ;
#142 = ADVANCED_FACE ( 'NONE', ( #2323 ), #4590, .T. ) ;
#143 = CARTESIAN_POINT ( 'NONE',  ( -1.323694266692774200, 1.807825149881074200, 0.1769673209446764900 ) ) ;
#144 = EDGE_CURVE ( 'NONE', #807, #953, #3465, .T. ) ;
#145 = FACE_OUTER_BOUND ( 'NONE', #1303, .T. ) ;
#146 = VECTOR ( 'NONE', #2796, 999.9999999999998900 ) ;
#147 = DIRECTION ( 'NONE',  ( -1.000000000000000000, 0.0000000000000000000, 0.0000000000000000000 ) ) ;
#148 = VERTEX_POINT ( 'NONE', #2083 ) ;
#149 = DIRECTION ( 'NONE',  ( 1.000000000000000000, 3.693158315293192400E-016, 0.0000000000000000000 ) ) ;
#150 = ORIENTED_EDGE ( 'NONE', *, *, #3305, .F. ) ;
#151 = CARTESIAN_POINT ( 'NONE',  ( -0.9750000000000003100, -1.011922027653137100E-016, 0.9300000000000000500 ) ) ;
#152 = CIRCLE ( 'NONE', #203, 0.9050000000000001400 ) ;
#153 = FACE_OUTER_BOUND ( 'NONE', #5825, .T. ) ;
#154 = DIRECTION ( 'NONE',  ( 0.0000000000000000000, 0.0000000000000000000, 1.000000000000000000 ) ) ;
#155 = CARTESIAN_POINT ( 'NONE',  ( 2.000000000000000000, 1.999999999999999600, 1.800000000000000000 ) ) ;
#156 = VERTEX_POINT ( 'NONE', #5456 ) ;
#157 = ORIENTED_EDGE ( 'NONE', *, *, #1706, .F. ) ;
#158 = PERSON ( 'UNSPECIFIED', 'UNSPECIFIED', 'UNSPECIFIED', ('UNSPECIFIED'), ('UNSPECIFIED'), ('UNSPECIFIED') ) ;
#159 = CYLINDRICAL_SURFACE ( 'NONE', #4692, 0.1000000000000000200 ) ;
#160 = ORIENTED_EDGE ( 'NONE', *, *, #3488, .T. ) ;
#161 = CARTESIAN_POINT ( 'NONE',  ( 1.306074963723161900, -1.968524659881149900, 0.5648022683477579300 ) ) ;
#162 = CARTESIAN_POINT ( 'NONE',  ( -0.9000000000000000200, 1.102182119232617500E-016, 0.6000000000000000900 ) ) ;
#163 = ORIENTED_EDGE ( 'NONE', *, *, #1972, .F. ) ;
#164 = LINE ( 'NONE', #4125, #4428 ) ;
#165 = DIRECTION ( 'NONE',  ( 0.7071067811865516800, 0.7071067811865434600, 0.0000000000000000000 ) ) ;
#166 = CARTESIAN_POINT ( 'NONE',  ( -3.035766082959411400E-016, -1.517883041479705700E-016, 1.070000000000000100 ) ) ;
#167 = CARTESIAN_POINT ( 'NONE',  ( 0.9950380983217025400, -0.3405624403870352000, 0.6722755728265281700 ) ) ;
#168 = CARTESIAN_POINT ( 'NONE',  ( -1.214622497726739900, -0.4286024492344892000, 0.7785882319737785800 ) ) ;
#169 = ORIENTED_EDGE ( 'NONE', *, *, #505, .T. ) ;
#170 = DIRECTION ( 'NONE',  ( -0.0000000000000000000, -0.0000000000000000000, -1.000000000000000000 ) ) ;
#171 = DIRECTION ( 'NONE',  ( 1.000000000000000000, 0.0000000000000000000, 0.0000000000000000000 ) ) ;
#172 = VERTEX_POINT ( 'NONE', #657 ) ;
#173 = CARTESIAN_POINT ( 'NONE',  ( -1.353953762612646300, -1.778795973155167900, 0.09417428574362254900 ) ) ;
#174 = ADVANCED_FACE ( 'NONE', ( #2029 ), #2133, .F. ) ;
#175 = ORIENTED_EDGE ( 'NONE', *, *, #2227, .T. ) ;
#176 = FACE_OUTER_BOUND ( 'NONE', #21, .T. ) ;
#177 = EDGE_CURVE ( 'NONE', #4965, #470, #504, .T. ) ;
#178 = DIRECTION ( 'NONE',  ( 0.0000000000000000000, 0.0000000000000000000, -1.000000000000000000 ) ) ;
#179 = CARTESIAN_POINT ( 'NONE',  ( 1.300000000000000000, -1.821168910795995200, 0.1798149574845394600 ) ) ;
#180 = CARTESIAN_POINT ( 'NONE',  ( -3.621758651230625200, 1.810879325615314000, 0.7905328344508527600 ) ) ;
#181 = ORIENTED_EDGE ( 'NONE', *, *, #3873, .T. ) ;
#182 = AXIS2_PLACEMENT_3D ( 'NONE', #4594, #3658, #4077 ) ;
#183 = CLOSED_SHELL ( 'NONE', ( #2124, #870, #6245, #5080 ) ) ;
#184 = CARTESIAN_POINT ( 'NONE',  ( 1.306031054517195800, -1.968730729336236600, 0.5602808843468616300 ) ) ;
#185 = EDGE_CURVE ( 'NONE', #1945, #1804, #863, .T. ) ;
#186 = DIRECTION ( 'NONE',  ( -1.000000000000000000, 0.0000000000000000000, 0.0000000000000000000 ) ) ;
#187 = DIRECTION ( 'NONE',  ( -0.7071067811865469100, 0.7071067811865482400, 0.0000000000000000000 ) ) ;
#188 = DIRECTION ( 'NONE',  ( 0.5547001962250537300, 0.0000000000000000000, -0.8320502943379607400 ) ) ;
#189 = LINE ( 'NONE', #5064, #5204 ) ;
#190 = ORIENTED_EDGE ( 'NONE', *, *, #2521, .F. ) ;
#191 = CARTESIAN_POINT ( 'NONE',  ( -1.326078158810981600, -1.617827847813287500, 0.7144867514129882300 ) ) ;
#192 = DIRECTION ( 'NONE',  ( -1.000000000000000000, 0.0000000000000000000, 0.0000000000000000000 ) ) ;
#193 = AXIS2_PLACEMENT_3D ( 'NONE', #1359, #2289, #2342 ) ;
#194 = CARTESIAN_POINT ( 'NONE',  ( -1.300000000000000000, -2.000000000000000400, 0.07981495748453368300 ) ) ;
#195 = CIRCLE ( 'NONE', #1047, 0.06999999999999996500 ) ;
#196 = EDGE_LOOP ( 'NONE', ( #2826, #799, #2312, #2272 ) ) ;
#198 = VERTEX_POINT ( 'NONE', #3133 ) ;
#197 = APPROVAL ( #2925, 'UNSPECIFIED' ) ;
#199 = DIRECTION ( 'NONE',  ( -0.0000000000000000000, 1.000000000000000000, -0.0000000000000000000 ) ) ;
#200 = CARTESIAN_POINT ( 'NONE',  ( 1.750000000000000700, 1.208578643762690000, 1.800000000000000000 ) ) ;
#201 = DIRECTION ( 'NONE',  ( 0.0000000000000000000, 1.000000000000000000, 0.0000000000000000000 ) ) ;
#202 = ORIENTED_EDGE ( 'NONE', *, *, #5012, .T. ) ;
#203 = AXIS2_PLACEMENT_3D ( 'NONE', #2250, #4173, #4197 ) ;
#204 = CARTESIAN_POINT ( 'NONE',  ( 1.250417871648259900, -1.629244618251790800, 0.6928390878359053100 ) ) ;
#205 = ORIENTED_EDGE ( 'NONE', *, *, #4118, .F. ) ;
#206 = ADVANCED_FACE ( 'NONE', ( #1172 ), #6034, .T. ) ;
#207 = ORIENTED_EDGE ( 'NONE', *, *, #3701, .F. ) ;
#208 = CARTESIAN_POINT ( 'NONE',  ( 1.244529980377501400, -2.000000000000000400, 0.1630199869183413000 ) ) ;
#209 = CARTESIAN_POINT ( 'NONE',  ( -1.345992166213187500, -1.830309144499059100, 0.6124710532889025000 ) ) ;
#210 = AXIS2_PLACEMENT_3D ( 'NONE', #4462, #4152, #1776 ) ;
#211 = DIRECTION ( 'NONE',  ( 0.0000000000000000000, 0.0000000000000000000, -1.000000000000000000 ) ) ;
#212 = ORIENTED_EDGE ( 'NONE', *, *, #1814, .T. ) ;
#213 = EDGE_CURVE ( 'NONE', #6070, #546, #6177, .T. ) ;
#214 = CARTESIAN_POINT ( 'NONE',  ( -1.391841420832707500, -1.858846017151285500, 0.2520362270084427500 ) ) ;
#215 = DIRECTION ( 'NONE',  ( -1.000000000000000000, 0.0000000000000000000, 0.0000000000000000000 ) ) ;
#216 = VECTOR ( 'NONE', #5019, 1000.000000000000000 ) ;
#217 = EDGE_CURVE ( 'NONE', #2610, #4409, #1016, .T. ) ;
#218 = CIRCLE ( 'NONE', #5199, 0.5000000000000000000 ) ;
#219 = LOCAL_TIME ( 13, 48, 54.00000000000000000, #373 ) ;
#220 = DIRECTION ( 'NONE',  ( 0.0000000000000000000, 0.0000000000000000000, 1.000000000000000000 ) ) ;
#221 = CARTESIAN_POINT ( 'NONE',  ( -3.665566706251935700, 1.832783353125969200, 1.319999999999999400 ) ) ;
#222 = ORIENTED_EDGE ( 'NONE', *, *, #5767, .F. ) ;
#223 = EDGE_CURVE ( 'NONE', #5240, #324, #4399, .T. ) ;
#224 = CARTESIAN_POINT ( 'NONE',  ( -3.035766082959411400E-016, -1.517883041479705700E-016, 1.070000000000000100 ) ) ;
#225 = CARTESIAN_POINT ( 'NONE',  ( 1.244529980377504500, -2.000000000000000400, 0.1630199869183367500 ) ) ;
#226 = VECTOR ( 'NONE', #2813, 1000.000000000000000 ) ;
#227 = VECTOR ( 'NONE', #3467, 1000.000000000000000 ) ;
#228 = DIRECTION ( 'NONE',  ( 0.0000000000000000000, 1.000000000000000000, 0.0000000000000000000 ) ) ;
#229 = EDGE_CURVE ( 'NONE', #4525, #1350, #6283, .T. ) ;
#230 = CARTESIAN_POINT ( 'NONE',  ( -1.386932387388198000, -2.048704249473618100, 0.5425692145625740100 ) ) ;
#231 = ORIENTED_EDGE ( 'NONE', *, *, #4780, .T. ) ;
#232 = LINE ( 'NONE', #2797, #1698 ) ;
#233 = CYLINDRICAL_SURFACE ( 'NONE', #99, 0.1000000000000000500 ) ;
#234 = ORIENTED_EDGE ( 'NONE', *, *, #1696, .F. ) ;
#235 = ORIENTED_EDGE ( 'NONE', *, *, #1829, .F. ) ;
#236 = DIRECTION ( 'NONE',  ( -0.0000000000000000000, -0.0000000000000000000, -1.000000000000000000 ) ) ;
#237 = ORIENTED_EDGE ( 'NONE', *, *, #2313, .F. ) ;
#238 = LINE ( 'NONE', #1841, #3134 ) ;
#239 = VERTEX_POINT ( 'NONE', #4652 ) ;
#240 = DIRECTION ( 'NONE',  ( -1.224646799147353200E-016, 1.000000000000000000, 0.0000000000000000000 ) ) ;
#241 = ORIENTED_EDGE ( 'NONE', *, *, #4535, .F. ) ;
#242 = DIRECTION ( 'NONE',  ( 0.0000000000000000000, 0.0000000000000000000, 1.000000000000000000 ) ) ;
#243 = VERTEX_POINT ( 'NONE', #4135 ) ;
#244 = CARTESIAN_POINT ( 'NONE',  ( -1.899999999999999900, -1.749999999999998900, -2.699999999999999700 ) ) ;
#245 = CIRCLE ( 'NONE', #1013, 0.06999999999999992300 ) ;
#246 = DIRECTION ( 'NONE',  ( -1.000000000000000000, -1.224646799147354200E-016, 0.0000000000000000000 ) ) ;
#247 = CARTESIAN_POINT ( 'NONE',  ( 1.000000000000000000, 0.0000000000000000000, 0.0000000000000000000 ) ) ;
#248 = ORIENTED_EDGE ( 'NONE', *, *, #5184, .T. ) ;
#249 = DIRECTION ( 'NONE',  ( -0.5547001962252607900, 0.0000000000000000000, -0.8320502943378226300 ) ) ;
#250 = ORIENTED_EDGE ( 'NONE', *, *, #6077, .F. ) ;
#251 = ORIENTED_EDGE ( 'NONE', *, *, #4941, .T. ) ;
#252 = DIRECTION ( 'NONE',  ( -0.0000000000000000000, -0.0000000000000000000, -1.000000000000000000 ) ) ;
#253 = CARTESIAN_POINT ( 'NONE',  ( 0.9643750532776352900, -0.1905651308501266300, 0.7055846507358265500 ) ) ;
#254 = EDGE_CURVE ( 'NONE', #5741, #2660, #5176, .T. ) ;
#255 = ORIENTED_EDGE ( 'NONE', *, *, #5267, .F. ) ;
#256 = CIRCLE ( 'NONE', #946, 0.06999999999999996500 ) ;
#257 = ORIENTED_EDGE ( 'NONE', *, *, #5023, .F. ) ;
#258 =( BOUNDED_CURVE ( )  B_SPLINE_CURVE ( 3, ( #6258, #2441, #3345, #1932 ),
 .UNSPECIFIED., .F., .F. ) 
 B_SPLINE_CURVE_WITH_KNOTS ( ( 4, 4 ),
 ( 0.7853981633974473900, 0.8954680108065532500 ),
 .UNSPECIFIED. ) 
 CURVE ( )  GEOMETRIC_REPRESENTATION_ITEM ( )  RATIONAL_B_SPLINE_CURVE ( ( 1.000000000000000000, 0.9989906405287977100, 0.9989906405287977100, 1.000000000000000000 ) ) 
 REPRESENTATION_ITEM ( '' )  );
#259 = CARTESIAN_POINT ( 'NONE',  ( -1.899999999999999900, -1.649999999999998600, -0.02000000000000000000 ) ) ;
#260 = CARTESIAN_POINT ( 'NONE',  ( 1.557106781186549300, -1.749999999999998700, 0.6000000000000003100 ) ) ;
#261 = CARTESIAN_POINT ( 'NONE',  ( 1.129289321881345300, -1.970710678118655000, 1.319999999999999600 ) ) ;
#262 = CARTESIAN_POINT ( 'NONE',  ( 1.110285042102435100, 1.989714957897565700, 0.07352336140166448900 ) ) ;
#263 = LINE ( 'NONE', #6079, #3301 ) ;
#264 = EDGE_CURVE ( 'NONE', #2390, #2339, #3931, .T. ) ;
#265 = DIRECTION ( 'NONE',  ( -0.9735496498892578500, -0.2284755549298507500, -3.872150616019669200E-016 ) ) ;
#266 = CARTESIAN_POINT ( 'NONE',  ( 1.289446319169101000, -1.834842661567521500, 0.7021954176579864300 ) ) ;
#267 = VECTOR ( 'NONE', #4696, 1000.000000000000000 ) ;
#268 = CARTESIAN_POINT ( 'NONE',  ( 1.302830242661224800, -1.955086403793034200, 0.5619304884552794900 ) ) ;
#269 = EDGE_CURVE ( 'NONE', #1902, #3520, #218, .T. ) ;
#270 = ORIENTED_EDGE ( 'NONE', *, *, #1274, .T. ) ;
#271 = CARTESIAN_POINT ( 'NONE',  ( -1.355808955202558700, -1.990492459645651500, 0.5425692145625740100 ) ) ;
#272 = DIRECTION ( 'NONE',  ( -0.0000000000000000000, -0.0000000000000000000, 1.000000000000000000 ) ) ;
#273 = CARTESIAN_POINT ( 'NONE',  ( 1.293365352002267700, -1.882518973924661100, 0.5953679439095520600 ) ) ;
#274 = CARTESIAN_POINT ( 'NONE',  ( 2.422538534305150700E-016, 1.978152832303824700, 0.6000000000000003100 ) ) ;
#275 = CARTESIAN_POINT ( 'NONE',  ( 1.557106781186549500, 1.749999999999998700, 0.6000000000000003100 ) ) ;
#276 = CARTESIAN_POINT ( 'NONE',  ( -1.322454819323493700, -0.4146873628067433400, 0.8667843814858894300 ) ) ;
#277 = DIRECTION ( 'NONE',  ( -1.224646799147353200E-016, 1.000000000000000000, 0.0000000000000000000 ) ) ;
#278 = VERTEX_POINT ( 'NONE', #711 ) ;
#279 = CARTESIAN_POINT ( 'NONE',  ( 1.258351437752427000, -1.765564687251568500, 0.06977255347966870900 ) ) ;
#280 = CARTESIAN_POINT ( 'NONE',  ( 1.125000000000000000, 3.658056213876353100E-017, 0.9300000000000000500 ) ) ;
#281 = DIRECTION ( 'NONE',  ( -1.000000000000000000, 0.0000000000000000000, 0.0000000000000000000 ) ) ;
#282 = CARTESIAN_POINT ( 'NONE',  ( 1.311492962020298900, 1.814278275891647600, 0.1798149574845394600 ) ) ;
#283 = VERTEX_POINT ( 'NONE', #745 ) ;
#284 = DIRECTION ( 'NONE',  ( -0.0000000000000000000, -0.0000000000000000000, 1.000000000000000000 ) ) ;
#285 = AXIS2_PLACEMENT_3D ( 'NONE', #928, #3851, #3017 ) ;
#286 = VERTEX_POINT ( 'NONE', #1761 ) ;
#287 = CARTESIAN_POINT ( 'NONE',  ( 1.248952953232126400, -1.856206486454487400, 0.1659686354894532900 ) ) ;
#288 = DIRECTION ( 'NONE',  ( -1.000000000000000000, 0.0000000000000000000, 0.0000000000000000000 ) ) ;
#289 = CARTESIAN_POINT ( 'NONE',  ( 1.065133936563357200, -0.6228831100975683600, 0.6466753580628184000 ) ) ;
#290 = CARTESIAN_POINT ( 'NONE',  ( -1.370583289059233800, -0.9282153258325106500, 0.8889620089607140900 ) ) ;
#291 = AXIS2_PLACEMENT_3D ( 'NONE', #997, #5873, #5934 ) ;
#292 = CARTESIAN_POINT ( 'NONE',  ( 1.299061727816396700, -1.939033961243860700, 0.1276369828655536100 ) ) ;
#293 = CARTESIAN_POINT ( 'NONE',  ( -1.820710678118654800, 1.279289321881344400, 1.699999999999999700 ) ) ;
#294 = CARTESIAN_POINT ( 'NONE',  ( -1.372616850124901200, -2.006840104277551400, -0.02474555439098327300 ) ) ;
#295 = DIRECTION ( 'NONE',  ( 0.0000000000000000000, 0.0000000000000000000, -1.000000000000000000 ) ) ;
#296 = LINE ( 'NONE', #83, #5313 ) ;
#297 = ADVANCED_FACE ( 'NONE', ( #2818 ), #3614, .F. ) ;
#298 = CYLINDRICAL_SURFACE ( 'NONE', #875, 0.06999999999999996500 ) ;
#299 = EDGE_LOOP ( 'NONE', ( #5140, #5562, #5818, #3517, #3958, #5908, #6026, #4168 ) ) ;
#300 = LINE ( 'NONE', #2942, #4862 ) ;
#301 = EDGE_CURVE ( 'NONE', #2453, #486, #4480, .T. ) ;
#302 = PLANE ( 'NONE',  #1711 ) ;
#303 = ORIENTED_EDGE ( 'NONE', *, *, #4398, .T. ) ;
#304 = DIRECTION ( 'NONE',  ( -0.8320502943378226300, 0.0000000000000000000, 0.5547001962252607900 ) ) ;
#305 = VECTOR ( 'NONE', #74, 1000.000000000000000 ) ;
#306 = CARTESIAN_POINT ( 'NONE',  ( -3.698563651865939900, 1.749999999999999600, -2.699999999999999700 ) ) ;
#307 = LINE ( 'NONE', #6144, #840 ) ;
#308 = ORIENTED_EDGE ( 'NONE', *, *, #2078, .F. ) ;
#309 = EDGE_LOOP ( 'NONE', ( #984, #4785, #1382, #5164, #454 ) ) ;
#310 = LINE ( 'NONE', #1614, #4024 ) ;
#311 = CARTESIAN_POINT ( 'NONE',  ( 1.302830242661224800, -1.955086403793034200, 0.5619304884552794900 ) ) ;
#312 = CARTESIAN_POINT ( 'NONE',  ( 0.0000000000000000000, 0.0000000000000000000, 1.320000000000000100 ) ) ;
#313 = CYLINDRICAL_SURFACE ( 'NONE', #550, 0.1000000000000000500 ) ;
#314 = DIRECTION ( 'NONE',  ( 0.7071067811865469100, 0.7071067811865482400, 0.0000000000000000000 ) ) ;
#315 = CARTESIAN_POINT ( 'NONE',  ( -1.347788780503495400, -1.849478914116112800, 0.5829650955245124800 ) ) ;
#316 = DIRECTION ( 'NONE',  ( 0.0000000000000000000, 0.0000000000000000000, -1.000000000000000000 ) ) ;
#317 = ORIENTED_EDGE ( 'NONE', *, *, #351, .F. ) ;
#318 = CARTESIAN_POINT ( 'NONE',  ( -1.058578643762690700, -2.000000000000000400, 0.03905242917518359600 ) ) ;
#319 = TOROIDAL_SURFACE ( 'NONE', #3879, 0.9750000000000000900, 0.06999999999999996500 ) ;
#320 = CARTESIAN_POINT ( 'NONE',  ( 1.063090605681652500, -0.6304183641907329400, 0.6751821512335102200 ) ) ;
#321 = CIRCLE ( 'NONE', #2367, 0.1000000000000000500 ) ;
#322 = CARTESIAN_POINT ( 'NONE',  ( 0.9000000000000000200, 0.0000000000000000000, 1.320000000000000100 ) ) ;
#323 = CARTESIAN_POINT ( 'NONE',  ( -1.449589183536988100, -1.907210801709588100, 0.1369347009019311100 ) ) ;
#324 = VERTEX_POINT ( 'NONE', #261 ) ;
#325 = ORIENTED_EDGE ( 'NONE', *, *, #5634, .F. ) ;
#326 = PLANE ( 'NONE',  #5306 ) ;
#327 = ORIENTED_EDGE ( 'NONE', *, *, #4747, .T. ) ;
#328 = CARTESIAN_POINT ( 'NONE',  ( -1.390800333077883100, -0.9254953400733418900, 1.086046581424683600 ) ) ;
#329 = CARTESIAN_POINT ( 'NONE',  ( -3.035766082959411400E-016, -1.517883041479705700E-016, 1.070000000000000100 ) ) ;
#330 = ORIENTED_EDGE ( 'NONE', *, *, #4649, .T. ) ;
#331 = LINE ( 'NONE', #781, #4883 ) ;
#332 = B_SPLINE_CURVE_WITH_KNOTS ( 'NONE', 3,
 ( #4201, #6192, #5686, #2863, #3250, #1820, #3295, #2805, #1340, #5272, #2293, #4724, #364, #4745, #3797, #3710, #395, #3750, #3773, #885, #5674, #3231 ),
 .UNSPECIFIED., .F., .F.,
 ( 4, 1, 1, 1, 1, 1, 1, 1, 1, 1, 1, 1, 1, 1, 1, 1, 1, 1, 1, 4 ),
 ( 0.0000000000000000000, 0.1868828167594381600, 0.3737656335188763200, 0.4672070418985954700, 0.5606484502783145600, 0.6073691544681740800, 0.6540898586580337100, 0.6774502107529634100, 0.7008105628478932300, 0.7241709149428229300, 0.7358510909902877800, 0.7416911790140203700, 0.7446112230258865600, 0.7460712450318196500, 0.7468012560347862000, 0.7471662615362695300, 0.7473487642870111400, 0.7474400156623819400, 0.7474856413500673400, 0.7475312670377526300 ),
 .UNSPECIFIED. ) ;
#333 = CARTESIAN_POINT ( 'NONE',  ( 1.296442328131356800, -1.911712733793022900, 0.5720437303620404800 ) ) ;
#334 = CARTESIAN_POINT ( 'NONE',  ( -1.355470019622523300, -2.000000000000000400, 0.1630199869183177300 ) ) ;
#335 = CARTESIAN_POINT ( 'NONE',  ( 1.300000000000000300, 1.821168910795995200, 0.1798149574845394600 ) ) ;
#336 = LINE ( 'NONE', #4203, #5585 ) ;
#337 = CARTESIAN_POINT ( 'NONE',  ( -1.011922027653137100E-016, -5.059610138265685700E-017, 0.7900000000000000400 ) ) ;
#338 = CARTESIAN_POINT ( 'NONE',  ( 1.129289321881346500, 1.970710678118654300, -2.699999999999999700 ) ) ;
#339 = DIRECTION ( 'NONE',  ( -1.000000000000000000, -1.224646799147353200E-016, 0.0000000000000000000 ) ) ;
#340 = DIRECTION ( 'NONE',  ( -1.000000000000000000, 0.0000000000000000000, 0.0000000000000000000 ) ) ;
#341 = EDGE_LOOP ( 'NONE', ( #5443, #2146 ) ) ;
#342 = EDGE_CURVE ( 'NONE', #4957, #1106, #3342, .T. ) ;
#343 = DIRECTION ( 'NONE',  ( -1.000000000000000000, 0.0000000000000000000, 0.0000000000000000000 ) ) ;
#344 = VECTOR ( 'NONE', #5353, 1000.000000000000000 ) ;
#345 = EDGE_CURVE ( 'NONE', #283, #2711, #452, .T. ) ;
#346 = CARTESIAN_POINT ( 'NONE',  ( -2.000000000000000000, -1.649999999999998600, 0.6000000000000000900 ) ) ;
#347 = CARTESIAN_POINT ( 'NONE',  ( -1.599999999999999900, -2.000000000000000400, -1.574324983095939200E-017 ) ) ;
#348 = ORIENTED_EDGE ( 'NONE', *, *, #1613, .T. ) ;
#349 = VERTEX_POINT ( 'NONE', #4157 ) ;
#350 = CYLINDRICAL_SURFACE ( 'NONE', #1933, 0.1000000000000000200 ) ;
#351 = EDGE_CURVE ( 'NONE', #3769, #3238, #5541, .T. ) ;
#352 = CARTESIAN_POINT ( 'NONE',  ( 1.072997286096285100, -0.4896537426209385300, 0.7448139840345683300 ) ) ;
#353 = ORIENTED_EDGE ( 'NONE', *, *, #2806, .T. ) ;
#354 = EDGE_LOOP ( 'NONE', ( #181, #386, #4185, #3439 ) ) ;
#355 = CARTESIAN_POINT ( 'NONE',  ( 1.299633738979160100, -1.941471339139337900, 0.5602808843468617400 ) ) ;
#356 = CARTESIAN_POINT ( 'NONE',  ( 1.129289321881346500, 1.970710678118654300, 1.319999999999999600 ) ) ;
#357 = CARTESIAN_POINT ( 'NONE',  ( -1.205000000000000300, -1.011922027653137100E-016, 0.9300000000000000500 ) ) ;
#358 = CARTESIAN_POINT ( 'NONE',  ( 1.302830242661224800, -1.955086403793034200, 0.5619304884552794900 ) ) ;
#359 = CARTESIAN_POINT ( 'NONE',  ( -1.899999999999999900, 1.649999999999998800, -0.02000000000000000000 ) ) ;
#360 = ORIENTED_EDGE ( 'NONE', *, *, #4161, .F. ) ;
#361 = CARTESIAN_POINT ( 'NONE',  ( 1.750000000000000000, -1.208578643762689800, 1.319999999999999600 ) ) ;
#362 = CARTESIAN_POINT ( 'NONE',  ( 1.284170826029907600, -1.875582830880177400, 0.08366854218829025700 ) ) ;
#363 = CARTESIAN_POINT ( 'NONE',  ( 2.000000000000000000, 1.649999999999998800, 0.6000000000000000900 ) ) ;
#364 = CARTESIAN_POINT ( 'NONE',  ( 1.437082856527979400, -1.909047178778502800, 0.5993367137425395000 ) ) ;
#365 = CARTESIAN_POINT ( 'NONE',  ( -1.460226166453616500, -1.884699595560741700, 0.6746856099885394400 ) ) ;
#366 = AXIS2_PLACEMENT_3D ( 'NONE', #5589, #2198, #1649 ) ;
#367 = CIRCLE ( 'NONE', #5588, 0.1000000000000000500 ) ;
#368 = EDGE_LOOP ( 'NONE', ( #2439, #6234, #2900, #2407 ) ) ;
#369 = FACE_OUTER_BOUND ( 'NONE', #6294, .T. ) ;
#370 = CARTESIAN_POINT ( 'NONE',  ( 1.258405654990609500, -1.849029131719923700, 0.1707540055510323200 ) ) ;
#371 = EDGE_CURVE ( 'NONE', #4198, #998, #372, .T. ) ;
#372 = LINE ( 'NONE', #3771, #2062 ) ;
#373 = COORDINATED_UNIVERSAL_TIME_OFFSET ( 8, 0, .AHEAD. ) ;
#374 = B_SPLINE_CURVE_WITH_KNOTS ( 'NONE', 3,
 ( #1320, #4222, #4699, #1394, #805, #5210, #2784, #6172, #4266, #4786 ),
 .UNSPECIFIED., .F., .F.,
 ( 4, 3, 3, 4 ),
 ( 0.0006136797580215113400, 0.0006301906219737938500, 0.0006767694679904155400, 0.0006835603845077392800 ),
 .UNSPECIFIED. ) ;
#375 = CARTESIAN_POINT ( 'NONE',  ( 1.424238574069318900, -1.867784089423178800, 0.5839388374787507500 ) ) ;
#376 = CARTESIAN_POINT ( 'NONE',  ( 1.058578643762690500, -2.000000000000000400, -0.02000000000000000000 ) ) ;
#377 = DIRECTION ( 'NONE',  ( -1.000000000000000000, 0.0000000000000000000, 0.0000000000000000000 ) ) ;
#378 = VERTEX_POINT ( 'NONE', #2306 ) ;
#379 = CARTESIAN_POINT ( 'NONE',  ( -1.011922027653137100E-016, -5.059610138265685700E-017, 0.7900000000000000400 ) ) ;
#380 = CIRCLE ( 'NONE', #4145, 1.345000000000000000 ) ;
#381 = CARTESIAN_POINT ( 'NONE',  ( 0.9950380983217025400, -0.3405624403870352000, 0.6722755728265281700 ) ) ;
#382 = CIRCLE ( 'NONE', #1092, 1.044999999999999900 ) ;
#383 = DIRECTION ( 'NONE',  ( 0.0000000000000000000, 0.0000000000000000000, -1.000000000000000000 ) ) ;
#384 = CIRCLE ( 'NONE', #2047, 0.9050000000000001400 ) ;
#385 = VERTEX_POINT ( 'NONE', #1863 ) ;
#386 = ORIENTED_EDGE ( 'NONE', *, *, #3070, .T. ) ;
#387 = EDGE_CURVE ( 'NONE', #1945, #2091, #2471, .T. ) ;
#388 = CARTESIAN_POINT ( 'NONE',  ( 1.393565863310391100, -1.728965396178026000, 0.2096923555590876600 ) ) ;
#389 = DIRECTION ( 'NONE',  ( -0.0000000000000000000, -0.0000000000000000000, -1.000000000000000000 ) ) ;
#390 = VERTEX_POINT ( 'NONE', #3747 ) ;
#391 = ORIENTED_EDGE ( 'NONE', *, *, #3073, .F. ) ;
#392 = LINE ( 'NONE', #338, #3720 ) ;
#393 = AXIS2_PLACEMENT_3D ( 'NONE', #4690, #2219, #2778 ) ;
#394 = CIRCLE ( 'NONE', #4199, 0.9050000000000001400 ) ;
#395 = CARTESIAN_POINT ( 'NONE',  ( 1.439048443991883400, -1.922565220761475200, 0.5685969142089624100 ) ) ;
#396 = EDGE_CURVE ( 'NONE', #2825, #5404, #1826, .T. ) ;
#397 = ORIENTED_EDGE ( 'NONE', *, *, #4503, .F. ) ;
#398 = ORIENTED_EDGE ( 'NONE', *, *, #4703, .F. ) ;
#399 = VECTOR ( 'NONE', #1727, 1000.000000000000000 ) ;
#400 = ORIENTED_EDGE ( 'NONE', *, *, #5453, .T. ) ;
#401 = CARTESIAN_POINT ( 'NONE',  ( 1.129289321881345100, -1.970710678118655000, -0.02000000000000000000 ) ) ;
#402 = CARTESIAN_POINT ( 'NONE',  ( 1.195000000000000100, 9.574919111545186000E-017, 0.7900000000000000400 ) ) ;
#403 = CARTESIAN_POINT ( 'NONE',  ( 1.353414334159819700, -1.854855868408549700, 0.5525863350939286300 ) ) ;
#404 = LINE ( 'NONE', #3337, #555 ) ;
#405 = CARTESIAN_POINT ( 'NONE',  ( 3.621758651230626100, -1.810879325615313300, 0.7905328344508527600 ) ) ;
#406 =( BOUNDED_CURVE ( )  B_SPLINE_CURVE ( 3, ( #5335, #2437, #4380, #3406 ),
 .UNSPECIFIED., .F., .T. ) 
 B_SPLINE_CURVE_WITH_KNOTS ( ( 4, 4 ),
 ( 0.7853981633974477200, 0.8954680108064795300 ),
 .UNSPECIFIED. ) 
 CURVE ( )  GEOMETRIC_REPRESENTATION_ITEM ( )  RATIONAL_B_SPLINE_CURVE ( ( 1.000000000000000000, 0.9989906405287991600, 0.9989906405287991600, 1.000000000000000000 ) ) 
 REPRESENTATION_ITEM ( '' )  );
#407 = ORIENTED_EDGE ( 'NONE', *, *, #4293, .T. ) ;
#408 = AXIS2_PLACEMENT_3D ( 'NONE', #3289, #383, #2338 ) ;
#409 = CARTESIAN_POINT ( 'NONE',  ( 1.222613021990302200, -1.447827816089781900, 0.6623059907407271600 ) ) ;
#410 = CARTESIAN_POINT ( 'NONE',  ( 3.698563651865939900, -1.749999999999999600, -2.699999999999999700 ) ) ;
#411 = ADVANCED_FACE ( 'NONE', ( #1125 ), #5995, .T. ) ;
#412 = VECTOR ( 'NONE', #6057, 1000.000000000000000 ) ;
#413 = CARTESIAN_POINT ( 'NONE',  ( 1.273300685547894800, -1.829264433869340700, 0.2204502453053511200 ) ) ;
#414 = DIRECTION ( 'NONE',  ( -1.000000000000000000, 0.0000000000000000000, 0.0000000000000000000 ) ) ;
#415 = CARTESIAN_POINT ( 'NONE',  ( -1.348935829415945500, -1.795339860339768800, 0.1673761137235237900 ) ) ;
#416 = CARTESIAN_POINT ( 'NONE',  ( -1.244529980377476500, -1.859749127360403900, 0.1630199869183177300 ) ) ;
#417 = ORIENTED_EDGE ( 'NONE', *, *, #3701, .T. ) ;
#418 = ORIENTED_EDGE ( 'NONE', *, *, #1534, .F. ) ;
#419 = DIRECTION ( 'NONE',  ( -0.7071067811865469100, 0.7071067811865482400, 0.0000000000000000000 ) ) ;
#420 = TOROIDAL_SURFACE ( 'NONE', #3479, 1.125000000000000200, 0.06999999999999996500 ) ;
#421 = DIRECTION ( 'NONE',  ( -1.000000000000000000, -1.224646799147353200E-016, 0.0000000000000000000 ) ) ;
#422 = FACE_OUTER_BOUND ( 'NONE', #5866, .T. ) ;
#423 = CARTESIAN_POINT ( 'NONE',  ( -1.129289321881345600, -1.970710678118655000, 1.319999999999999600 ) ) ;
#424 = AXIS2_PLACEMENT_3D ( 'NONE', #2865, #4767, #1432 ) ;
#425 = CARTESIAN_POINT ( 'NONE',  ( 1.424963359843718100, -1.875573819057232000, 0.5771062946593574800 ) ) ;
#426 = ORIENTED_EDGE ( 'NONE', *, *, #583, .T. ) ;
#427 = ORIENTED_EDGE ( 'NONE', *, *, #2537, .T. ) ;
#428 = CARTESIAN_POINT ( 'NONE',  ( 1.065133936563357200, -0.6228831100975683600, 0.6466753580628184000 ) ) ;
#429 = CARTESIAN_POINT ( 'NONE',  ( 1.129289321881345300, -1.970710678118655000, -2.699999999999999700 ) ) ;
#430 = PLANE ( 'NONE',  #5009 ) ;
#431 = AXIS2_PLACEMENT_3D ( 'NONE', #155, #4569, #3562 ) ;
#432 = DIRECTION ( 'NONE',  ( -1.000000000000000000, 0.0000000000000000000, 0.0000000000000000000 ) ) ;
#433 = EDGE_CURVE ( 'NONE', #5341, #6302, #1973, .T. ) ;
#434 = ORIENTED_EDGE ( 'NONE', *, *, #1898, .F. ) ;
#435 = CARTESIAN_POINT ( 'NONE',  ( -1.400446358469909800, -1.246852533465748300, 0.8726690787797839500 ) ) ;
#436 = VECTOR ( 'NONE', #6029, 1000.000000000000000 ) ;
#437 = PLANE ( 'NONE',  #4237 ) ;
#438 = DIRECTION ( 'NONE',  ( 0.0000000000000000000, -0.0000000000000000000, -1.000000000000000000 ) ) ;
#439 = ORIENTED_EDGE ( 'NONE', *, *, #4853, .T. ) ;
#440 = ORIENTED_EDGE ( 'NONE', *, *, #5223, .T. ) ;
#441 = ADVANCED_FACE ( 'NONE', ( #1439 ), #2273, .T. ) ;
#442 = EDGE_CURVE ( 'NONE', #5887, #6021, #1331, .T. ) ;
#443 = CARTESIAN_POINT ( 'NONE',  ( -1.750000000000000000, 1.208578643762689800, 1.699999999999999700 ) ) ;
#444 = ORIENTED_EDGE ( 'NONE', *, *, #4042, .F. ) ;
#445 = CARTESIAN_POINT ( 'NONE',  ( 1.318968481574607200, -1.237745203664278000, 0.6629626491466036300 ) ) ;
#446 = CARTESIAN_POINT ( 'NONE',  ( 1.350177475147465100, -1.825938121508250600, 0.5665996499927308200 ) ) ;
#447 = DIRECTION ( 'NONE',  ( -0.0000000000000000000, -0.0000000000000000000, -1.000000000000000000 ) ) ;
#448 = CARTESIAN_POINT ( 'NONE',  ( 1.316231855624758500, -1.994678580112240200, 0.5685482689287388900 ) ) ;
#449 = CARTESIAN_POINT ( 'NONE',  ( -1.457582277139964200, -1.856489450896625400, 0.7002271286508383600 ) ) ;
#450 = CYLINDRICAL_SURFACE ( 'NONE', #718, 0.1000000000000000500 ) ;
#451 = CARTESIAN_POINT ( 'NONE',  ( 1.820710678118654800, -1.279289321881344400, 1.800000000000000000 ) ) ;
#452 = CIRCLE ( 'NONE', #5640, 0.9050000000000001400 ) ;
#453 = LINE ( 'NONE', #1598, #4626 ) ;
#454 = ORIENTED_EDGE ( 'NONE', *, *, #1821, .T. ) ;
#455 = CARTESIAN_POINT ( 'NONE',  ( 1.750000000000000000, 1.208578643762690000, 1.699999999999999700 ) ) ;
#456 = CARTESIAN_POINT ( 'NONE',  ( 1.298344449622994800, -1.925872395786828500, 0.6169312492907798000 ) ) ;
#457 = EDGE_CURVE ( 'NONE', #5211, #1107, #3568, .T. ) ;
#458 = CARTESIAN_POINT ( 'NONE',  ( 1.388819894105042300, -1.596232054442273200, 0.6911574711907895200 ) ) ;
#459 = VECTOR ( 'NONE', #5806, 1000.000000000000000 ) ;
#460 = DIRECTION ( 'NONE',  ( -1.224646799147353200E-016, 1.000000000000000000, 0.0000000000000000000 ) ) ;
#461 = ORIENTED_EDGE ( 'NONE', *, *, #1869, .F. ) ;
#462 = CARTESIAN_POINT ( 'NONE',  ( 1.390989226516754900, -1.650737285618545400, 0.6432588883243084400 ) ) ;
#463 = ORIENTED_EDGE ( 'NONE', *, *, #1571, .F. ) ;
#464 = DIRECTION ( 'NONE',  ( 0.0000000000000000000, 0.0000000000000000000, 1.000000000000000000 ) ) ;
#465 = CARTESIAN_POINT ( 'NONE',  ( -1.417516172017255300, -1.768730418521640400, 0.1216558853218297200 ) ) ;
#466 = ADVANCED_FACE ( 'NONE', ( #754 ), #2783, .F. ) ;
#467 = CIRCLE ( 'NONE', #3265, 0.1000000000000000500 ) ;
#468 = DIRECTION ( 'NONE',  ( -0.7071067811865482400, -0.7071067811865469100, 0.0000000000000000000 ) ) ;
#469 = EDGE_CURVE ( 'NONE', #4538, #1474, #4706, .T. ) ;
#470 = VERTEX_POINT ( 'NONE', #3726 ) ;
#471 = ORIENTED_EDGE ( 'NONE', *, *, #442, .F. ) ;
#472 = DIRECTION ( 'NONE',  ( -1.000000000000000000, 0.0000000000000000000, 0.0000000000000000000 ) ) ;
#473 = EDGE_LOOP ( 'NONE', ( #2345, #3081 ) ) ;
#474 = LINE ( 'NONE', #4060, #5800 ) ;
#475 = CARTESIAN_POINT ( 'NONE',  ( 1.000000000000000000, 1.999999999999999600, 0.0000000000000000000 ) ) ;
#476 = EDGE_CURVE ( 'NONE', #1798, #2726, #1513, .T. ) ;
#477 = VERTEX_POINT ( 'NONE', #5761 ) ;
#478 = ORIENTED_EDGE ( 'NONE', *, *, #6037, .F. ) ;
#479 = EDGE_LOOP ( 'NONE', ( #1057, #5583, #5185, #5544 ) ) ;
#480 = CARTESIAN_POINT ( 'NONE',  ( 1.444742883487223100, -1.964503453462037400, 0.5683434176369730500 ) ) ;
#481 = LINE ( 'NONE', #4891, #6023 ) ;
#482 = AXIS2_PLACEMENT_3D ( 'NONE', #4037, #1073, #1046 ) ;
#483 = CARTESIAN_POINT ( 'NONE',  ( 1.296628439471265000, -1.913167670049884100, 0.5699538311132833500 ) ) ;
#484 = CARTESIAN_POINT ( 'NONE',  ( 1.256492185666029600, 1.850461685241533400, 0.1698542272054833500 ) ) ;
#485 = CARTESIAN_POINT ( 'NONE',  ( 0.0000000000000000000, 0.0000000000000000000, 0.6000000000000000900 ) ) ;
#486 = VERTEX_POINT ( 'NONE', #966 ) ;
#487 = DIRECTION ( 'NONE',  ( -0.0000000000000000000, 0.7071067811865505700, 0.7071067811865444600 ) ) ;
#488 = VECTOR ( 'NONE', #4788, 999.9999999999998900 ) ;
#489 = CARTESIAN_POINT ( 'NONE',  ( -1.011922027653137100E-016, -5.059610138265685700E-017, 0.7900000000000000400 ) ) ;
#490 = AXIS2_PLACEMENT_3D ( 'NONE', #25, #447, #990 ) ;
#491 = DIRECTION ( 'NONE',  ( -0.0000000000000000000, -0.0000000000000000000, -1.000000000000000000 ) ) ;
#492 = ORIENTED_EDGE ( 'NONE', *, *, #5256, .T. ) ;
#494 = ORIENTED_EDGE ( 'NONE', *, *, #3734, .F. ) ;
#493 = DIRECTION ( 'NONE',  ( -0.0000000000000000000, -0.0000000000000000000, -1.000000000000000000 ) ) ;
#495 = ADVANCED_FACE ( 'NONE', ( #4005 ), #4855, .T. ) ;
#496 = DIRECTION ( 'NONE',  ( 1.000000000000000000, 1.264769453577744300E-015, 0.0000000000000000000 ) ) ;
#497 = CARTESIAN_POINT ( 'NONE',  ( -1.355470019625603500, -1.792460257040345200, 0.1630199869215774900 ) ) ;
#498 = ADVANCED_FACE ( 'NONE', ( #5620 ), #4083, .T. ) ;
#499 = ORIENTED_EDGE ( 'NONE', *, *, #1713, .T. ) ;
#500 = CARTESIAN_POINT ( 'NONE',  ( -1.899999999999999900, 1.649999999999998800, 1.800000000000000000 ) ) ;
#501 = ORIENTED_EDGE ( 'NONE', *, *, #2952, .F. ) ;
#502 = DIRECTION ( 'NONE',  ( -0.0000000000000000000, -0.0000000000000000000, -1.000000000000000000 ) ) ;
#503 = DIRECTION ( 'NONE',  ( 2.628368902995164500E-016, -1.000000000000000000, -0.0000000000000000000 ) ) ;
#504 = B_SPLINE_CURVE_WITH_KNOTS ( 'NONE', 3,
 ( #4050, #3985, #2587, #2604, #635, #2224, #6049 ),
 .UNSPECIFIED., .F., .F.,
 ( 4, 3, 4 ),
 ( 0.0000000000000000000, 5.087614663702070100E-005, 6.989955223065186200E-005 ),
 .UNSPECIFIED. ) ;
#505 = EDGE_CURVE ( 'NONE', #2918, #2700, #2950, .T. ) ;
#506 = CARTESIAN_POINT ( 'NONE',  ( 1.441166075710611500, -1.922419676300818800, 0.5648160196691977000 ) ) ;
#507 = CARTESIAN_POINT ( 'NONE',  ( -1.085454753969160400, 1.999999999999999600, 0.05696983597948898600 ) ) ;
#508 = VERTEX_POINT ( 'NONE', #6227 ) ;
#509 = CARTESIAN_POINT ( 'NONE',  ( 1.350000000000001400, 1.749999999999998700, 0.6000000000000003100 ) ) ;
#510 = EDGE_CURVE ( 'NONE', #1250, #4014, #5855, .T. ) ;
#511 = DIRECTION ( 'NONE',  ( 1.000000000000000000, 0.0000000000000000000, 0.0000000000000000000 ) ) ;
#512 = CARTESIAN_POINT ( 'NONE',  ( 1.000000000000000000, -2.000000000000000400, -0.02000000000000000000 ) ) ;
#513 = CARTESIAN_POINT ( 'NONE',  ( -1.058578643762691200, 1.999999999999999600, 1.800000000000000000 ) ) ;
#514 = ORIENTED_EDGE ( 'NONE', *, *, #223, .F. ) ;
#515 = CARTESIAN_POINT ( 'NONE',  ( -1.244529980377476500, 1.859749127360403400, 0.1630199869183177300 ) ) ;
#516 = CARTESIAN_POINT ( 'NONE',  ( -1.234126768851189400, -0.4182772182941992800, 0.9753443577079818900 ) ) ;
#517 = VERTEX_POINT ( 'NONE', #2458 ) ;
#518 = AXIS2_PLACEMENT_3D ( 'NONE', #4845, #564, #3945 ) ;
#519 = DIRECTION ( 'NONE',  ( 0.0000000000000000000, 0.0000000000000000000, -1.000000000000000000 ) ) ;
#520 = PLANE ( 'NONE',  #47 ) ;
#521 = CARTESIAN_POINT ( 'NONE',  ( 1.371874427162005100, -1.918434403889401700, 0.7103266157348288000 ) ) ;
#522 = CIRCLE ( 'NONE', #3696, 1.055000000000000200 ) ;
#523 = B_SPLINE_CURVE_WITH_KNOTS ( 'NONE', 3,
 ( #4498, #1113, #3566, #2995 ),
 .UNSPECIFIED., .F., .F.,
 ( 4, 4 ),
 ( 0.9521014041758572000, 1.000000000000000000 ),
 .UNSPECIFIED. ) ;
#524 = LINE ( 'NONE', #1653, #1201 ) ;
#525 = CARTESIAN_POINT ( 'NONE',  ( 1.405823054990303200, -1.729467208960165300, 0.7170608060907423000 ) ) ;
#526 = CIRCLE ( 'NONE', #5087, 0.07000000000000004800 ) ;
#527 = DIRECTION ( 'NONE',  ( 0.0000000000000000000, 0.0000000000000000000, 1.000000000000000000 ) ) ;
#528 = APPROVAL_DATE_TIME ( #3413, #5126 ) ;
#529 = DIRECTION ( 'NONE',  ( -0.6396021490668839500, -0.6396021490668851700, -0.4264014327110612300 ) ) ;
#530 = ADVANCED_FACE ( 'NONE', ( #5007 ), #3038, .T. ) ;
#531 = AXIS2_PLACEMENT_3D ( 'NONE', #2735, #6115, #1270 ) ;
#532 = ORIENTED_EDGE ( 'NONE', *, *, #5807, .T. ) ;
#533 = LINE ( 'NONE', #3069, #4812 ) ;
#534 = CARTESIAN_POINT ( 'NONE',  ( -2.000000000000000000, -2.000000000000000400, 1.800000000000000000 ) ) ;
#535 = DIRECTION ( 'NONE',  ( 1.264769453577744300E-015, -1.000000000000000000, 0.0000000000000000000 ) ) ;
#536 = CARTESIAN_POINT ( 'NONE',  ( -2.000000000000000000, -1.649999999999998600, 0.1000000000000000100 ) ) ;
#537 = CIRCLE ( 'NONE', #802, 0.07000000000000004800 ) ;
#538 = VERTEX_POINT ( 'NONE', #5311 ) ;
#539 = DIRECTION ( 'NONE',  ( -0.7071067811865482400, 0.7071067811865469100, 0.0000000000000000000 ) ) ;
#540 = DIRECTION ( 'NONE',  ( -0.0000000000000000000, -0.0000000000000000000, -1.000000000000000000 ) ) ;
#541 = AXIS2_PLACEMENT_3D ( 'NONE', #3178, #5626, #3078 ) ;
#542 = CYLINDRICAL_SURFACE ( 'NONE', #4512, 0.5000000000000000000 ) ;
#543 = CIRCLE ( 'NONE', #2032, 1.044999999999999900 ) ;
#544 = CARTESIAN_POINT ( 'NONE',  ( 0.0000000000000000000, 0.0000000000000000000, 1.319999999999999600 ) ) ;
#545 = ORIENTED_EDGE ( 'NONE', *, *, #1103, .F. ) ;
#546 = VERTEX_POINT ( 'NONE', #949 ) ;
#547 = CARTESIAN_POINT ( 'NONE',  ( -1.464685523016919300, -1.932280669817684200, 0.2114833302046589300 ) ) ;
#548 = VERTEX_POINT ( 'NONE', #1961 ) ;
#549 = CIRCLE ( 'NONE', #658, 0.06999999999999996500 ) ;
#550 = AXIS2_PLACEMENT_3D ( 'NONE', #2481, #994, #5377 ) ;
#551 = CARTESIAN_POINT ( 'NONE',  ( 1.133103179647422000, -0.3073620590665823200, 0.6705234714849034300 ) ) ;
#552 = EDGE_CURVE ( 'NONE', #4993, #1110, #2290, .T. ) ;
#553 = VERTEX_POINT ( 'NONE', #1901 ) ;
#554 = DIRECTION ( 'NONE',  ( -0.0000000000000000000, -0.0000000000000000000, -1.000000000000000000 ) ) ;
#555 = VECTOR ( 'NONE', #4309, 1000.000000000000000 ) ;
#556 = EDGE_CURVE ( 'NONE', #4744, #1850, #2128, .T. ) ;
#557 = DIRECTION ( 'NONE',  ( 0.0000000000000000000, 0.0000000000000000000, -1.000000000000000000 ) ) ;
#558 = DIRECTION ( 'NONE',  ( -0.7071067811865505700, 0.0000000000000000000, -0.7071067811865444600 ) ) ;
#559 = VECTOR ( 'NONE', #4351, 1000.000000000000000 ) ;
#560 = EDGE_CURVE ( 'NONE', #1694, #909, #5652, .T. ) ;
#561 = CARTESIAN_POINT ( 'NONE',  ( 1.300000000000000000, -2.000000000000000400, 0.07981495748453368300 ) ) ;
#562 = DIRECTION ( 'NONE',  ( 0.0000000000000000000, -1.000000000000000000, 0.0000000000000000000 ) ) ;
#563 = CC_DESIGN_APPROVAL ( #197, ( #1872 ) ) ;
#564 = DIRECTION ( 'NONE',  ( -0.0000000000000000000, -0.0000000000000000000, -1.000000000000000000 ) ) ;
#565 = ADVANCED_FACE ( 'NONE', ( #5846 ), #1762, .T. ) ;
#566 = ORIENTED_EDGE ( 'NONE', *, *, #3029, .T. ) ;
#567 = CIRCLE ( 'NONE', #3983, 0.06999999999999996500 ) ;
#568 = CARTESIAN_POINT ( 'NONE',  ( -3.035766082959411400E-016, -1.517883041479705700E-016, 1.070000000000000100 ) ) ;
#569 = CARTESIAN_POINT ( 'NONE',  ( 1.390178889717219800, -2.020881809246248400, 0.5606037498499643100 ) ) ;
#570 = CARTESIAN_POINT ( 'NONE',  ( 1.058578643762691400, 1.899999999999999500, -2.699999999999999700 ) ) ;
#571 = CARTESIAN_POINT ( 'NONE',  ( -1.362265670862358200, -1.785511823833646300, 0.8742194226418226200 ) ) ;
#572 = LINE ( 'NONE', #1193, #5005 ) ;
#573 = ORIENTED_EDGE ( 'NONE', *, *, #659, .F. ) ;
#574 = VERTEX_POINT ( 'NONE', #2432 ) ;
#575 = CARTESIAN_POINT ( 'NONE',  ( 1.438869856232356300, -1.908586048098206000, 0.6001231588048582300 ) ) ;
#576 = CARTESIAN_POINT ( 'NONE',  ( -1.058578643762690700, -1.900000000000000400, 1.319999999999999600 ) ) ;
#577 = CARTESIAN_POINT ( 'NONE',  ( 1.417516172016847700, -1.768730418521728700, 0.1216558853221119300 ) ) ;
#578 = DIRECTION ( 'NONE',  ( 1.000000000000000000, 1.264769453577744300E-015, 0.0000000000000000000 ) ) ;
#579 = CARTESIAN_POINT ( 'NONE',  ( -1.355470019625603500, -1.792460257040345200, 0.1630199869215774900 ) ) ;
#580 = EDGE_LOOP ( 'NONE', ( #917, #2229, #3224, #1171 ) ) ;
#581 = CARTESIAN_POINT ( 'NONE',  ( 0.0000000000000000000, -1.832783353125968500, 1.319999999999999800 ) ) ;
#582 = DIRECTION ( 'NONE',  ( -0.0000000000000000000, -0.0000000000000000000, 1.000000000000000000 ) ) ;
#583 = EDGE_CURVE ( 'NONE', #4206, #2255, #3255, .T. ) ;
#584 = CARTESIAN_POINT ( 'NONE',  ( 1.557106781186549300, -2.249999999999998700, 0.1000000000000000100 ) ) ;
#585 = DIRECTION ( 'NONE',  ( 0.0000000000000000000, 0.0000000000000000000, -1.000000000000000000 ) ) ;
#586 = ORIENTED_EDGE ( 'NONE', *, *, #1187, .T. ) ;
#587 = PLANE ( 'NONE',  #4336 ) ;
#588 = ORIENTED_EDGE ( 'NONE', *, *, #654, .T. ) ;
#589 = ORIENTED_EDGE ( 'NONE', *, *, #1670, .T. ) ;
#590 = EDGE_CURVE ( 'NONE', #845, #2317, #1682, .T. ) ;
#591 = CARTESIAN_POINT ( 'NONE',  ( 1.427218982682533700, -1.860049838691349800, 0.6824711347584450100 ) ) ;
#592 = CARTESIAN_POINT ( 'NONE',  ( 1.355470019622533300, -1.792460257042104000, 0.1630199869183182000 ) ) ;
#593 = ADVANCED_FACE ( 'NONE', ( #819 ), #929, .F. ) ;
#594 = CARTESIAN_POINT ( 'NONE',  ( 1.044999999999999700, -2.381271363707216700E-017, 1.070000000000000100 ) ) ;
#595 = AXIS2_PLACEMENT_3D ( 'NONE', #4191, #1832, #5218 ) ;
#596 = ORIENTED_EDGE ( 'NONE', *, *, #5673, .F. ) ;
#597 = ADVANCED_FACE ( 'NONE', ( #1604 ), #3919, .F. ) ;
#598 = EDGE_CURVE ( 'NONE', #3968, #28, #5776, .T. ) ;
#599 = CARTESIAN_POINT ( 'NONE',  ( -1.750000000000000000, 1.208578643762689800, 1.319999999999999600 ) ) ;
#600 = CIRCLE ( 'NONE', #3749, 0.1000000000000000500 ) ;
#601 = PLANE ( 'NONE',  #2065 ) ;
#602 = CARTESIAN_POINT ( 'NONE',  ( -0.9000000000000000200, 1.102182119232617500E-016, 0.6000000000000000900 ) ) ;
#603 = ORIENTED_EDGE ( 'NONE', *, *, #1706, .T. ) ;
#604 = DIRECTION ( 'NONE',  ( -0.0000000000000000000, -0.0000000000000000000, -1.000000000000000000 ) ) ;
#605 = CARTESIAN_POINT ( 'NONE',  ( 1.034819123317791000, -0.3114486665243978400, 0.7360246181675832400 ) ) ;
#606 = CARTESIAN_POINT ( 'NONE',  ( 1.300713685312848900, -1.941196673231943400, 0.6011100325224259000 ) ) ;
#607 = ORIENTED_EDGE ( 'NONE', *, *, #977, .T. ) ;
#608 = CARTESIAN_POINT ( 'NONE',  ( 1.315928420342123800, -1.992611839077489000, 0.5820646238724631600 ) ) ;
#609 = LINE ( 'NONE', #602, #3269 ) ;
#610 = VECTOR ( 'NONE', #5573, 1000.000000000000000 ) ;
#611 = AXIS2_PLACEMENT_3D ( 'NONE', #2557, #4989, #1116 ) ;
#612 = CARTESIAN_POINT ( 'NONE',  ( -1.341950324171400100, -1.798590340901979000, 0.1709066054001202000 ) ) ;
#613 = DIRECTION ( 'NONE',  ( -1.224646799147353200E-016, 1.000000000000000000, 0.0000000000000000000 ) ) ;
#614 = ORIENTED_EDGE ( 'NONE', *, *, #3715, .F. ) ;
#615 = ORIENTED_EDGE ( 'NONE', *, *, #6149, .F. ) ;
#616 = FACE_OUTER_BOUND ( 'NONE', #5419, .T. ) ;
#617 = EDGE_LOOP ( 'NONE', ( #1965, #2699, #4431, #4678, #851, #2218 ) ) ;
#618 = ORIENTED_EDGE ( 'NONE', *, *, #2068, .T. ) ;
#619 = CARTESIAN_POINT ( 'NONE',  ( -2.000000000000000000, 1.649999999999998800, 0.1000000000000000100 ) ) ;
#620 = CARTESIAN_POINT ( 'NONE',  ( -1.276257111482010900, -1.912690670990145200, 0.09013925633579991700 ) ) ;
#621 = AXIS2_PLACEMENT_3D ( 'NONE', #6011, #4048, #5037 ) ;
#622 = DIRECTION ( 'NONE',  ( -0.0000000000000000000, -0.0000000000000000000, -1.000000000000000000 ) ) ;
#623 = ADVANCED_FACE ( 'NONE', ( #145 ), #5684, .T. ) ;
#624 = ORIENTED_EDGE ( 'NONE', *, *, #254, .F. ) ;
#625 = DIRECTION ( 'NONE',  ( -0.7071067811865469100, -0.7071067811865482400, 0.0000000000000000000 ) ) ;
#626 = ORIENTED_EDGE ( 'NONE', *, *, #4033, .T. ) ;
#627 = CARTESIAN_POINT ( 'NONE',  ( 1.389395245552792300, -2.015844219521625300, 0.5962724781805317500 ) ) ;
#628 = EDGE_CURVE ( 'NONE', #2700, #705, #526, .T. ) ;
#629 = ORIENTED_EDGE ( 'NONE', *, *, #790, .F. ) ;
#630 = DIRECTION ( 'NONE',  ( 1.000000000000000000, 0.0000000000000000000, 0.0000000000000000000 ) ) ;
#631 = CARTESIAN_POINT ( 'NONE',  ( 1.225156994636607900, -1.481954767431138900, 0.7032777803608492000 ) ) ;
#632 = CARTESIAN_POINT ( 'NONE',  ( 1.284170826029907600, -1.875582830880177400, 0.08366854218829025700 ) ) ;
#633 = AXIS2_PLACEMENT_3D ( 'NONE', #1120, #3575, #2119 ) ;
#634 = CARTESIAN_POINT ( 'NONE',  ( -1.386932387388198000, -2.048704249473618100, 0.1803519583435947700 ) ) ;
#635 = CARTESIAN_POINT ( 'NONE',  ( 1.253596122045569100, -1.852611967832986700, 0.1685541873551815200 ) ) ;
#636 = VECTOR ( 'NONE', #165, 1000.000000000000000 ) ;
#637 = ORIENTED_EDGE ( 'NONE', *, *, #5760, .T. ) ;
#638 = ORIENTED_EDGE ( 'NONE', *, *, #3395, .T. ) ;
#639 = PLANE ( 'NONE',  #2302 ) ;
#640 = PLANE ( 'NONE',  #4681 ) ;
#641 = AXIS2_PLACEMENT_3D ( 'NONE', #5468, #36, #2540 ) ;
#642 = CARTESIAN_POINT ( 'NONE',  ( 1.306074763387284000, -1.968645570277957500, 0.5627223271026669000 ) ) ;
#643 = ORIENTED_EDGE ( 'NONE', *, *, #1025, .F. ) ;
#644 = ORIENTED_EDGE ( 'NONE', *, *, #2725, .T. ) ;
#645 = ADVANCED_FACE ( 'NONE', ( #4547 ), #3859, .F. ) ;
#646 = CARTESIAN_POINT ( 'NONE',  ( -1.425808955202558800, -1.990492459645651500, 0.5425692145625740100 ) ) ;
#647 = DIRECTION ( 'NONE',  ( -0.0000000000000000000, 1.000000000000000000, -0.0000000000000000000 ) ) ;
#648 = DIRECTION ( 'NONE',  ( -1.000000000000000000, -1.224646799147353200E-016, 0.0000000000000000000 ) ) ;
#649 = ORIENTED_EDGE ( 'NONE', *, *, #905, .T. ) ;
#650 = AXIS2_PLACEMENT_3D ( 'NONE', #4895, #220, #2102 ) ;
#651 = EDGE_LOOP ( 'NONE', ( #643, #2788, #6206, #4872 ) ) ;
#652 = DIRECTION ( 'NONE',  ( -0.0000000000000000000, -0.0000000000000000000, -1.000000000000000000 ) ) ;
#653 = DIRECTION ( 'NONE',  ( -1.000000000000000000, 0.0000000000000000000, 0.0000000000000000000 ) ) ;
#654 = EDGE_CURVE ( 'NONE', #1660, #6291, #1278, .T. ) ;
#655 = CARTESIAN_POINT ( 'NONE',  ( -1.296211215320598900, -1.740201073890531600, 0.2305544888524485300 ) ) ;
#656 = VERTEX_POINT ( 'NONE', #5867 ) ;
#657 = CARTESIAN_POINT ( 'NONE',  ( -1.203553390593275400, -1.896446609406725200, 0.6000000000000003100 ) ) ;
#658 = AXIS2_PLACEMENT_3D ( 'NONE', #1236, #5600, #2228 ) ;
#659 = EDGE_CURVE ( 'NONE', #2659, #3935, #296, .T. ) ;
#660 = CARTESIAN_POINT ( 'NONE',  ( -4.047688110612548600E-016, -2.023844055306274300E-016, 1.210000000000000200 ) ) ;
#661 = CARTESIAN_POINT ( 'NONE',  ( -1.355470019625603500, -1.792460257040345200, 0.1630199869215774900 ) ) ;
#662 = ORIENTED_EDGE ( 'NONE', *, *, #942, .F. ) ;
#663 = EDGE_CURVE ( 'NONE', #3935, #1300, #671, .T. ) ;
#664 = CARTESIAN_POINT ( 'NONE',  ( 1.390174152102960000, -2.020770423134048900, 0.5644881511685615500 ) ) ;
#665 = MANIFOLD_SOLID_BREP ( 'LPattern6[3]', #4811 ) ;
#666 = CARTESIAN_POINT ( 'NONE',  ( 1.315815485128941600, -1.811984152175000900, 0.1788888588768414200 ) ) ;
#667 = DIRECTION ( 'NONE',  ( -0.7071067811865444600, 0.0000000000000000000, 0.7071067811865505700 ) ) ;
#668 = EDGE_CURVE ( 'NONE', #3667, #2626, #3257, .T. ) ;
#669 = CARTESIAN_POINT ( 'NONE',  ( -1.344388160246973600, -1.813194494458612500, 0.6294511287713430200 ) ) ;
#670 = CARTESIAN_POINT ( 'NONE',  ( 1.750000000000000000, 1.208578643762690000, 0.6000000000000000900 ) ) ;
#671 = CIRCLE ( 'NONE', #1427, 0.5000000000000000000 ) ;
#672 = VECTOR ( 'NONE', #4405, 1000.000000000000000 ) ;
#673 = CARTESIAN_POINT ( 'NONE',  ( -3.035766082959411400E-016, -1.517883041479705700E-016, 1.070000000000000100 ) ) ;
#674 = ORIENTED_EDGE ( 'NONE', *, *, #864, .F. ) ;
#675 = VECTOR ( 'NONE', #4396, 999.9999999999998900 ) ;
#676 = DIRECTION ( 'NONE',  ( -1.000000000000000000, 0.0000000000000000000, 0.0000000000000000000 ) ) ;
#677 = DIRECTION ( 'NONE',  ( -1.000000000000000000, 0.0000000000000000000, 0.0000000000000000000 ) ) ;
#678 = DIRECTION ( 'NONE',  ( 0.8320502943379608500, 0.0000000000000000000, -0.5547001962250534000 ) ) ;
#679 = CARTESIAN_POINT ( 'NONE',  ( -1.195000000000000300, -1.517883041479705700E-016, 1.070000000000000100 ) ) ;
#680 = FACE_OUTER_BOUND ( 'NONE', #1076, .T. ) ;
#681 = ADVANCED_FACE ( 'NONE', ( #4241 ), #2957, .F. ) ;
#682 = LINE ( 'NONE', #4439, #459 ) ;
#683 = DIRECTION ( 'NONE',  ( -0.0000000000000000000, -0.0000000000000000000, 1.000000000000000000 ) ) ;
#684 = ORIENTED_EDGE ( 'NONE', *, *, #3962, .T. ) ;
#685 = CARTESIAN_POINT ( 'NONE',  ( 0.9049999999999999200, 9.638332557521765900E-018, 0.9300000000000000500 ) ) ;
#686 = ORIENTED_EDGE ( 'NONE', *, *, #457, .T. ) ;
#687 = LINE ( 'NONE', #5764, #3122 ) ;
#688 = DIRECTION ( 'NONE',  ( 1.000000000000000000, 0.0000000000000000000, 0.0000000000000000000 ) ) ;
#689 = CARTESIAN_POINT ( 'NONE',  ( 1.417516172017268200, 1.768730418521636400, 0.1216558853218314800 ) ) ;
#690 = VERTEX_POINT ( 'NONE', #4942 ) ;
#691 = FACE_OUTER_BOUND ( 'NONE', #1999, .T. ) ;
#692 = CIRCLE ( 'NONE', #2344, 0.06999999999999996500 ) ;
#693 = DIRECTION ( 'NONE',  ( -0.0000000000000000000, -0.0000000000000000000, -1.000000000000000000 ) ) ;
#694 = ORIENTED_EDGE ( 'NONE', *, *, #5274, .T. ) ;
#695 = DIRECTION ( 'NONE',  ( -0.0000000000000000000, -0.0000000000000000000, -1.000000000000000000 ) ) ;
#696 = VERTEX_POINT ( 'NONE', #3963 ) ;
#697 = ORIENTED_EDGE ( 'NONE', *, *, #3315, .T. ) ;
#698 = ORIENTED_EDGE ( 'NONE', *, *, #783, .F. ) ;
#699 = AXIS2_PLACEMENT_3D ( 'NONE', #1078, #3489, #3059 ) ;
#700 = FACE_OUTER_BOUND ( 'NONE', #2239, .T. ) ;
#701 = CARTESIAN_POINT ( 'NONE',  ( -1.300000000000000000, -2.000000000000000400, 0.07981495748453368300 ) ) ;
#702 = ORIENTED_EDGE ( 'NONE', *, *, #1486, .F. ) ;
#703 = EDGE_CURVE ( 'NONE', #2660, #2717, #4452, .T. ) ;
#704 = EDGE_LOOP ( 'NONE', ( #809, #330, #434, #4333, #1584, #4673, #398, #4071 ) ) ;
#705 = VERTEX_POINT ( 'NONE', #4464 ) ;
#706 = FACE_OUTER_BOUND ( 'NONE', #730, .T. ) ;
#707 = DIRECTION ( 'NONE',  ( 0.0000000000000000000, 0.0000000000000000000, -1.000000000000000000 ) ) ;
#708 = CARTESIAN_POINT ( 'NONE',  ( -1.425808955202558800, -1.990492459645651500, 0.5425692145625744500 ) ) ;
#709 = CLOSED_SHELL ( 'NONE', ( #77, #5917, #5407, #3615, #1906, #3397, #5065, #1426, #3896, #5049, #4770, #3195, #2772, #597, #206, #2923, #2257, #4597, #6060, #3047 ) ) ;
#710 = CARTESIAN_POINT ( 'NONE',  ( -0.9750000000000000900, 0.0000000000000000000, 0.6500000000000000200 ) ) ;
#711 = CARTESIAN_POINT ( 'NONE',  ( -1.244529980377476500, -1.859749127360403900, 0.1630199869183177300 ) ) ;
#712 = ORIENTED_EDGE ( 'NONE', *, *, #4579, .T. ) ;
#713 = CARTESIAN_POINT ( 'NONE',  ( -1.129289321881346200, 1.970710678118654300, 0.08619288125426587100 ) ) ;
#714 = LINE ( 'NONE', #3846, #2016 ) ;
#715 = EDGE_CURVE ( 'NONE', #2705, #5014, #3707, .T. ) ;
#716 = CARTESIAN_POINT ( 'NONE',  ( 1.315815485128941600, -1.811984152175000900, 0.1788888588768414200 ) ) ;
#717 = CARTESIAN_POINT ( 'NONE',  ( -3.665566706251937000, -1.832783353125967900, 1.319999999999999400 ) ) ;
#718 = AXIS2_PLACEMENT_3D ( 'NONE', #570, #3051, #1554 ) ;
#719 = CARTESIAN_POINT ( 'NONE',  ( 1.750000000000000700, -1.208578643762689800, 1.800000000000000000 ) ) ;
#720 = LINE ( 'NONE', #1986, #1567 ) ;
#721 = EDGE_CURVE ( 'NONE', #926, #6041, #2351, .T. ) ;
#722 = CARTESIAN_POINT ( 'NONE',  ( -1.129289321881346200, 1.970710678118654300, 1.699999999999999700 ) ) ;
#723 = CARTESIAN_POINT ( 'NONE',  ( 1.323694266692776000, -1.807825149881073100, 0.1769673209446819800 ) ) ;
#724 = CYLINDRICAL_SURFACE ( 'NONE', #650, 0.1000000000000000500 ) ;
#725 = ORIENTED_EDGE ( 'NONE', *, *, #264, .F. ) ;
#726 = CARTESIAN_POINT ( 'NONE',  ( -1.503355967044132300, -2.126457385102340500, 0.6068643896102153800 ) ) ;
#727 = CARTESIAN_POINT ( 'NONE',  ( -1.750000000000000700, 1.208578643762689800, 1.800000000000000000 ) ) ;
#728 = FACE_OUTER_BOUND ( 'NONE', #4334, .T. ) ;
#729 = CARTESIAN_POINT ( 'NONE',  ( -1.045000000000000400, -2.023844055306274300E-016, 1.210000000000000200 ) ) ;
#730 = EDGE_LOOP ( 'NONE', ( #5370, #169, #325, #5061, #3992 ) ) ;
#731 = DIRECTION ( 'NONE',  ( 0.0000000000000000000, 1.000000000000000000, 0.0000000000000000000 ) ) ;
#732 = CARTESIAN_POINT ( 'NONE',  ( -2.000000000000000000, 1.999999999999999600, 1.800000000000000000 ) ) ;
#733 = ORIENTED_EDGE ( 'NONE', *, *, #4368, .F. ) ;
#734 = DIRECTION ( 'NONE',  ( 0.0000000000000000000, 0.0000000000000000000, -1.000000000000000000 ) ) ;
#735 = DIRECTION ( 'NONE',  ( -1.000000000000000000, 0.0000000000000000000, 0.0000000000000000000 ) ) ;
#736 = EDGE_LOOP ( 'NONE', ( #2001, #3088, #4332, #2050, #2164 ) ) ;
#737 = DIRECTION ( 'NONE',  ( -1.000000000000000000, 0.0000000000000000000, 0.0000000000000000000 ) ) ;
#738 = CARTESIAN_POINT ( 'NONE',  ( 0.9605245163428843800, -0.1931341934097619300, 0.6776817246727986400 ) ) ;
#739 = CARTESIAN_POINT ( 'NONE',  ( -1.436204301786711200, -1.628387701618748900, 0.8003998367167447500 ) ) ;
#740 = AXIS2_PLACEMENT_3D ( 'NONE', #4832, #1342, #1930 ) ;
#741 = CARTESIAN_POINT ( 'NONE',  ( 1.277464859462344600, -1.847008257963373300, -0.06747501777605219300 ) ) ;
#742 = EDGE_LOOP ( 'NONE', ( #3905, #4837, #3801, #1292 ) ) ;
#743 = DIRECTION ( 'NONE',  ( -1.000000000000000000, 0.0000000000000000000, 0.0000000000000000000 ) ) ;
#744 = DIRECTION ( 'NONE',  ( -0.7071067811865469100, -0.7071067811865482400, 0.0000000000000000000 ) ) ;
#745 = CARTESIAN_POINT ( 'NONE',  ( 0.9049999999999998000, -4.095776882513508700E-017, 1.070000000000000100 ) ) ;
#746 = AXIS2_PLACEMENT_3D ( 'NONE', #4827, #2919, #2414 ) ;
#747 = CARTESIAN_POINT ( 'NONE',  ( -1.283602821820478700, -1.957802027987063400, 0.2365937342041417900 ) ) ;
#748 = EDGE_CURVE ( 'NONE', #59, #1546, #4923, .T. ) ;
#749 = PERSON_AND_ORGANIZATION ( #158, #6139 ) ;
#750 = ORIENTED_EDGE ( 'NONE', *, *, #5767, .T. ) ;
#751 = LINE ( 'NONE', #1273, #3482 ) ;
#752 = CARTESIAN_POINT ( 'NONE',  ( 0.0000000000000000000, 0.0000000000000000000, 0.6500000000000000200 ) ) ;
#753 = DIRECTION ( 'NONE',  ( -1.000000000000000000, -1.224646799147353200E-016, 0.0000000000000000000 ) ) ;
#754 = FACE_OUTER_BOUND ( 'NONE', #3549, .T. ) ;
#755 = FACE_OUTER_BOUND ( 'NONE', #5670, .T. ) ;
#756 = CARTESIAN_POINT ( 'NONE',  ( 1.299555015412732700, -1.941480319307197000, 0.5626198466876954900 ) ) ;
#757 = ORIENTED_EDGE ( 'NONE', *, *, #3305, .T. ) ;
#758 = CARTESIAN_POINT ( 'NONE',  ( -1.570776394032954900, -1.899784407334637900, 0.7710031285303339300 ) ) ;
#759 = VECTOR ( 'NONE', #2506, 1000.000000000000000 ) ;
#760 = ORIENTED_EDGE ( 'NONE', *, *, #5355, .T. ) ;
#761 = CARTESIAN_POINT ( 'NONE',  ( -1.129289321881345600, -1.970710678118655000, -2.699999999999999700 ) ) ;
#762 = VECTOR ( 'NONE', #4111, 1000.000000000000000 ) ;
#763 = DIRECTION ( 'NONE',  ( -1.224646799147353200E-016, 1.000000000000000000, 0.0000000000000000000 ) ) ;
#764 = CARTESIAN_POINT ( 'NONE',  ( -1.581109102672853700, -2.010033805446405500, 0.1706767411635521600 ) ) ;
#765 = LINE ( 'NONE', #6137, #3516 ) ;
#766 = AXIS2_PLACEMENT_3D ( 'NONE', #1594, #2081, #4400 ) ;
#767 = DIRECTION ( 'NONE',  ( -1.000000000000000000, -1.224646799147354200E-016, 0.0000000000000000000 ) ) ;
#768 = ORIENTED_EDGE ( 'NONE', *, *, #2908, .F. ) ;
#769 = FACE_OUTER_BOUND ( 'NONE', #2834, .T. ) ;
#770 = ORIENTED_EDGE ( 'NONE', *, *, #2654, .T. ) ;
#771 = CIRCLE ( 'NONE', #2897, 0.07000000000000004800 ) ;
#772 = ORIENTED_EDGE ( 'NONE', *, *, #1187, .F. ) ;
#773 = CARTESIAN_POINT ( 'NONE',  ( 1.090993796778438000, -0.4548734217739697200, 0.7492906143114054200 ) ) ;
#774 = ORIENTED_EDGE ( 'NONE', *, *, #4361, .T. ) ;
#775 = ADVANCED_FACE ( 'NONE', ( #2205 ), #3779, .F. ) ;
#776 = AXIS2_PLACEMENT_3D ( 'NONE', #1484, #502, #4385 ) ;
#777 = ORIENTED_EDGE ( 'NONE', *, *, #1898, .T. ) ;
#778 = CARTESIAN_POINT ( 'NONE',  ( 1.299568088501803700, -1.941407704203876900, 0.5641271489672825500 ) ) ;
#779 = VECTOR ( 'NONE', #5584, 1000.000000000000000 ) ;
#780 = DIRECTION ( 'NONE',  ( 0.0000000000000000000, 0.0000000000000000000, -1.000000000000000000 ) ) ;
#781 = CARTESIAN_POINT ( 'NONE',  ( -1.557106781186549500, -1.749999999999998400, -0.02000000000000000000 ) ) ;
#782 = CARTESIAN_POINT ( 'NONE',  ( -1.204529373929376100, -1.266954406105182700, 0.8930842162563383800 ) ) ;
#783 = EDGE_CURVE ( 'NONE', #3200, #6070, #3634, .T. ) ;
#784 = CARTESIAN_POINT ( 'NONE',  ( 1.192253751590982100, -1.297539750792267500, 0.7067793632369967500 ) ) ;
#785 = ORIENTED_EDGE ( 'NONE', *, *, #3398, .F. ) ;
#786 = CARTESIAN_POINT ( 'NONE',  ( 1.350000000000001400, 1.749999999999998700, -2.699999999999999700 ) ) ;
#787 = DIRECTION ( 'NONE',  ( -1.000000000000000000, 0.0000000000000000000, 0.0000000000000000000 ) ) ;
#788 = CARTESIAN_POINT ( 'NONE',  ( 1.085454753969160800, 1.999999999999999600, 0.05696983597948910400 ) ) ;
#789 = ORIENTED_EDGE ( 'NONE', *, *, #3918, .T. ) ;
#790 = EDGE_CURVE ( 'NONE', #5360, #5011, #1360, .T. ) ;
#791 = CARTESIAN_POINT ( 'NONE',  ( 0.9749999999999998700, 1.821086015155323600E-017, 0.9300000000000000500 ) ) ;
#792 = CARTESIAN_POINT ( 'NONE',  ( -1.270508807732263700, -1.970951113844897200, 0.1955997430968619600 ) ) ;
#793 = EDGE_CURVE ( 'NONE', #3311, #6292, #6062, .T. ) ;
#794 = ORIENTED_EDGE ( 'NONE', *, *, #5399, .F. ) ;
#795 = DIRECTION ( 'NONE',  ( -3.693158315293192400E-016, -1.000000000000000000, 0.0000000000000000000 ) ) ;
#796 = CARTESIAN_POINT ( 'NONE',  ( 0.9749999999999996400, -8.298134261376047200E-017, 1.210000000000000200 ) ) ;
#797 = CARTESIAN_POINT ( 'NONE',  ( 1.300713685312848900, -1.941196673231943400, 0.6011100325224259000 ) ) ;
#798 = CARTESIAN_POINT ( 'NONE',  ( -1.234126768851189400, -0.4182772182941994500, 0.9753443577079817800 ) ) ;
#799 = ORIENTED_EDGE ( 'NONE', *, *, #2237, .T. ) ;
#800 = ORIENTED_EDGE ( 'NONE', *, *, #4688, .F. ) ;
#801 = CARTESIAN_POINT ( 'NONE',  ( -1.557106781186549500, -1.749999999999998900, 0.1000000000000000100 ) ) ;
#802 = AXIS2_PLACEMENT_3D ( 'NONE', #1440, #120, #4984 ) ;
#803 = ADVANCED_FACE ( 'NONE', ( #5084 ), #4782, .T. ) ;
#804 = CARTESIAN_POINT ( 'NONE',  ( 1.348935829415953000, 1.795339860339765000, 0.1673761137235264500 ) ) ;
#805 = CARTESIAN_POINT ( 'NONE',  ( -1.268073755363364800, -1.841747655168693500, 0.1754505496284511400 ) ) ;
#806 = DIRECTION ( 'NONE',  ( 0.0000000000000000000, 0.0000000000000000000, 1.000000000000000000 ) ) ;
#807 = VERTEX_POINT ( 'NONE', #1652 ) ;
#808 = AXIS2_PLACEMENT_3D ( 'NONE', #534, #5373, #1512 ) ;
#809 = ORIENTED_EDGE ( 'NONE', *, *, #1324, .F. ) ;
#810 = CARTESIAN_POINT ( 'NONE',  ( 1.089191717382249600, -0.2426916000752156700, 0.7205089704260639900 ) ) ;
#811 = DIRECTION ( 'NONE',  ( -1.224646799147353200E-016, 1.000000000000000000, 0.0000000000000000000 ) ) ;
#812 = CARTESIAN_POINT ( 'NONE',  ( 1.298620019754372000, -1.934705881437414700, 0.5865555561163234800 ) ) ;
#813 = CARTESIAN_POINT ( 'NONE',  ( 3.621758651230626600, 1.810879325615313100, 0.7905328344508527600 ) ) ;
#814 = DIRECTION ( 'NONE',  ( 1.000000000000000000, -6.323847267888725300E-016, 0.0000000000000000000 ) ) ;
#815 = LINE ( 'NONE', #513, #5844 ) ;
#816 = EDGE_CURVE ( 'NONE', #5053, #5211, #1044, .T. ) ;
#817 = DIRECTION ( 'NONE',  ( -0.0000000000000000000, -0.0000000000000000000, 1.000000000000000000 ) ) ;
#818 = CARTESIAN_POINT ( 'NONE',  ( -1.323452648163292400, -1.807769975698928700, 0.1777822959910330700 ) ) ;
#819 = FACE_OUTER_BOUND ( 'NONE', #6194, .T. ) ;
#820 = CIRCLE ( 'NONE', #5201, 1.832783353125968500 ) ;
#821 = ADVANCED_FACE ( 'NONE', ( #1204 ), #6204, .T. ) ;
#822 = AXIS2_PLACEMENT_3D ( 'NONE', #1522, #5878, #5361 ) ;
#823 = ORIENTED_EDGE ( 'NONE', *, *, #5031, .F. ) ;
#824 = DIRECTION ( 'NONE',  ( -0.0000000000000000000, -0.0000000000000000000, -1.000000000000000000 ) ) ;
#825 = EDGE_CURVE ( 'NONE', #4384, #3084, #1525, .T. ) ;
#826 = ADVANCED_FACE ( 'NONE', ( #5093 ), #4995, .T. ) ;
#827 = CIRCLE ( 'NONE', #1174, 1.044999999999999900 ) ;
#828 = FACE_OUTER_BOUND ( 'NONE', #742, .T. ) ;
#829 = ORIENTED_EDGE ( 'NONE', *, *, #5466, .T. ) ;
#830 = ORIENTED_EDGE ( 'NONE', *, *, #3001, .F. ) ;
#831 = FACE_OUTER_BOUND ( 'NONE', #6014, .T. ) ;
#832 = ORIENTED_EDGE ( 'NONE', *, *, #2800, .F. ) ;
#833 = CARTESIAN_POINT ( 'NONE',  ( 1.135485586593641300, -0.9956453102622207000, 0.6895768468501819500 ) ) ;
#834 = CARTESIAN_POINT ( 'NONE',  ( -1.322454819323493700, -0.4146873628067433400, 0.8667843814858894300 ) ) ;
#835 = CYLINDRICAL_SURFACE ( 'NONE', #393, 0.06999999999999996500 ) ;
#836 = CARTESIAN_POINT ( 'NONE',  ( 3.665566706251937000, 1.832783353125968300, 1.319999999999999400 ) ) ;
#837 = DIRECTION ( 'NONE',  ( -0.0000000000000000000, -0.0000000000000000000, -1.000000000000000000 ) ) ;
#838 = ORIENTED_EDGE ( 'NONE', *, *, #5836, .T. ) ;
#839 = DIRECTION ( 'NONE',  ( -0.8320502943379606300, 0.0000000000000000000, -0.5547001962250536200 ) ) ;
#840 = VECTOR ( 'NONE', #5644, 1000.000000000000000 ) ;
#841 = PLANE ( 'NONE',  #5333 ) ;
#842 = CARTESIAN_POINT ( 'NONE',  ( 0.9605436051327134200, -0.1939508939032136300, 0.6637055794273421000 ) ) ;
#843 = PLANE ( 'NONE',  #1801 ) ;
#844 = CARTESIAN_POINT ( 'NONE',  ( 1.058578643762691400, 1.899999999999999500, 0.6000000000000003100 ) ) ;
#845 = VERTEX_POINT ( 'NONE', #5592 ) ;
#846 = DIRECTION ( 'NONE',  ( -0.0000000000000000000, -0.0000000000000000000, -1.000000000000000000 ) ) ;
#847 = ORIENTED_EDGE ( 'NONE', *, *, #3922, .F. ) ;
#848 = VECTOR ( 'NONE', #5609, 1000.000000000000000 ) ;
#849 = CARTESIAN_POINT ( 'NONE',  ( -1.129289321881346200, 1.970710678118654300, -2.699999999999999700 ) ) ;
#850 = DIRECTION ( 'NONE',  ( -0.0000000000000000000, -0.0000000000000000000, -1.000000000000000000 ) ) ;
#851 = ORIENTED_EDGE ( 'NONE', *, *, #2869, .F. ) ;
#852 = VECTOR ( 'NONE', #5342, 999.9999999999998900 ) ;
#853 = CYLINDRICAL_SURFACE ( 'NONE', #4633, 0.9000000000000000200 ) ;
#854 = AXIS2_PLACEMENT_3D ( 'NONE', #131, #4562, #171 ) ;
#855 = CARTESIAN_POINT ( 'NONE',  ( 1.352403012337722200, -1.857108227160770000, 0.5572330301947466800 ) ) ;
#856 = EDGE_LOOP ( 'NONE', ( #2333, #5277, #5711, #4531 ) ) ;
#857 = DIRECTION ( 'NONE',  ( -0.0000000000000000000, -0.0000000000000000000, -1.000000000000000000 ) ) ;
#858 = DIRECTION ( 'NONE',  ( -1.000000000000000000, 0.0000000000000000000, 0.0000000000000000000 ) ) ;
#859 = CARTESIAN_POINT ( 'NONE',  ( 1.302831678719193600, -1.955096157422869800, 0.5608307523830009500 ) ) ;
#860 = AXIS2_PLACEMENT_3D ( 'NONE', #5132, #4138, #5151 ) ;
#861 = ORIENTED_EDGE ( 'NONE', *, *, #2908, .T. ) ;
#862 = CARTESIAN_POINT ( 'NONE',  ( 1.439129347732674100, -1.923114456547607900, 0.2031335730073686500 ) ) ;
#863 = LINE ( 'NONE', #4950, #5897 ) ;
#864 = EDGE_CURVE ( 'NONE', #283, #2453, #4091, .T. ) ;
#865 = CARTESIAN_POINT ( 'NONE',  ( 1.129289321881346500, 1.970710678118654300, 0.08619288125426587100 ) ) ;
#866 = EDGE_CURVE ( 'NONE', #3135, #4877, #3116, .T. ) ;
#867 = VERTEX_POINT ( 'NONE', #356 ) ;
#868 = DIRECTION ( 'NONE',  ( -1.000000000000000000, 0.0000000000000000000, 0.0000000000000000000 ) ) ;
#869 = CARTESIAN_POINT ( 'NONE',  ( -1.322454819323493700, -0.4146873628067433400, 0.8667843814858894300 ) ) ;
#870 = ADVANCED_FACE ( 'NONE', ( #680 ), #2750, .T. ) ;
#871 = EDGE_CURVE ( 'NONE', #2405, #508, #3505, .T. ) ;
#872 = CARTESIAN_POINT ( 'NONE',  ( 1.417516172016847700, -1.768730418521728700, 0.1216558853221119300 ) ) ;
#873 = EDGE_LOOP ( 'NONE', ( #5672, #1629, #6107, #2462, #2569 ) ) ;
#874 = DIRECTION ( 'NONE',  ( 0.5000000000000030000, 0.5000000000000020000, 0.7071067811865441300 ) ) ;
#876 = VERTEX_POINT ( 'NONE', #2831 ) ;
#875 = AXIS2_PLACEMENT_3D ( 'NONE', #1521, #5384, #1966 ) ;
#877 = CARTESIAN_POINT ( 'NONE',  ( 1.199136357323343300, -0.6122907154032881700, 0.7304535063930129900 ) ) ;
#878 = CARTESIAN_POINT ( 'NONE',  ( 3.956305664607649300, 1.978152832303824700, 0.6000000000000002000 ) ) ;
#879 = LINE ( 'NONE', #293, #1664 ) ;
#880 = CARTESIAN_POINT ( 'NONE',  ( 1.297130622040681700, -1.913298046722719400, 0.5602808843468618500 ) ) ;
#881 = VERTEX_POINT ( 'NONE', #6200 ) ;
#882 = DIRECTION ( 'NONE',  ( -0.0000000000000000000, -0.0000000000000000000, -1.000000000000000000 ) ) ;
#883 = CARTESIAN_POINT ( 'NONE',  ( -1.058578643762690700, -2.000000000000000400, 0.03905242917518359600 ) ) ;
#884 = ORIENTED_EDGE ( 'NONE', *, *, #977, .F. ) ;
#885 = CARTESIAN_POINT ( 'NONE',  ( 1.439127162138408300, -1.923099659240189000, 0.5619568798290814900 ) ) ;
#886 = CARTESIAN_POINT ( 'NONE',  ( 1.820710678118654600, 1.279289321881344600, 1.699999999999999700 ) ) ;
#887 = AXIS2_PLACEMENT_3D ( 'NONE', #280, #763, #339 ) ;
#888 = VECTOR ( 'NONE', #5081, 999.9999999999998900 ) ;
#889 = CARTESIAN_POINT ( 'NONE',  ( 1.058578643762690500, -1.900000000000000400, 1.800000000000000000 ) ) ;
#890 = CARTESIAN_POINT ( 'NONE',  ( 1.064027084699680000, -0.6337855333546783500, 0.6894155596249002000 ) ) ;
#891 = EDGE_CURVE ( 'NONE', #2918, #3164, #5548, .T. ) ;
#892 = VECTOR ( 'NONE', #4062, 1000.000000000000000 ) ;
#893 = CARTESIAN_POINT ( 'NONE',  ( 1.098592970394220300, -0.1607349080712325600, 0.6619531422374135300 ) ) ;
#894 = EDGE_LOOP ( 'NONE', ( #4115, #5618, #5096, #3171, #2442, #3119, #2305, #1226, #991, #440, #3473, #5067, #2912, #3718, #4627, #6257 ) ) ;
#895 = CARTESIAN_POINT ( 'NONE',  ( -1.258405654990612000, 1.849029131719921700, 0.1707540055510271000 ) ) ;
#896 = CARTESIAN_POINT ( 'NONE',  ( 1.296618359540190800, -1.912683908122113900, 0.5709645149388752300 ) ) ;
#897 = VECTOR ( 'NONE', #5434, 1000.000000000000000 ) ;
#898 = VECTOR ( 'NONE', #1643, 1000.000000000000000 ) ;
#899 = ADVANCED_FACE ( 'NONE', ( #2822 ), #1054, .T. ) ;
#900 = ORIENTED_EDGE ( 'NONE', *, *, #5267, .T. ) ;
#901 = EDGE_CURVE ( 'NONE', #5404, #2825, #382, .T. ) ;
#902 = CARTESIAN_POINT ( 'NONE',  ( -4.047688110612548600E-016, -2.023844055306274300E-016, 1.210000000000000200 ) ) ;
#903 = VECTOR ( 'NONE', #3313, 1000.000000000000000 ) ;
#904 = CARTESIAN_POINT ( 'NONE',  ( 1.900000000000000800, -1.749999999999998900, 0.1000000000000000100 ) ) ;
#905 = EDGE_CURVE ( 'NONE', #156, #1238, #3418, .T. ) ;
#906 = CLOSED_SHELL ( 'NONE', ( #3101, #113, #1458, #1397 ) ) ;
#907 = CARTESIAN_POINT ( 'NONE',  ( -4.047688110612548600E-016, -2.023844055306274300E-016, 1.210000000000000200 ) ) ;
#908 = DIRECTION ( 'NONE',  ( -0.0000000000000000000, -0.0000000000000000000, -1.000000000000000000 ) ) ;
#909 = VERTEX_POINT ( 'NONE', #3967 ) ;
#910 = ORIENTED_EDGE ( 'NONE', *, *, #3278, .F. ) ;
#911 = LINE ( 'NONE', #849, #1385 ) ;
#912 = EDGE_LOOP ( 'NONE', ( #4820, #4710, #1217, #4576 ) ) ;
#913 = DIRECTION ( 'NONE',  ( 0.0000000000000000000, 0.0000000000000000000, -1.000000000000000000 ) ) ;
#914 = CARTESIAN_POINT ( 'NONE',  ( 1.289098643536891200, -1.863205657659756700, 0.6646461831940307900 ) ) ;
#915 = VERTEX_POINT ( 'NONE', #56 ) ;
#916 = CARTESIAN_POINT ( 'NONE',  ( 2.244512266936270800E-016, 1.832783353125968500, 1.319999999999999600 ) ) ;
#917 = ORIENTED_EDGE ( 'NONE', *, *, #4035, .F. ) ;
#918 = ORIENTED_EDGE ( 'NONE', *, *, #223, .T. ) ;
#919 = CARTESIAN_POINT ( 'NONE',  ( 1.330539682362151600, -1.264446932360758600, 0.7050035173419534300 ) ) ;
#920 = VECTOR ( 'NONE', #3143, 1000.000000000000000 ) ;
#921 = ORIENTED_EDGE ( 'NONE', *, *, #3916, .F. ) ;
#922 = AXIS2_PLACEMENT_3D ( 'NONE', #1345, #3253, #5195 ) ;
#923 = CARTESIAN_POINT ( 'NONE',  ( 0.9980377028655249600, -0.3379379259064140300, 0.6300436388629976300 ) ) ;
#924 = EDGE_LOOP ( 'NONE', ( #1495, #5147, #3280, #3693 ) ) ;
#925 = CARTESIAN_POINT ( 'NONE',  ( -0.9999999999998878700, 1.999999999999999600, -0.02000000000000000000 ) ) ;
#926 = VERTEX_POINT ( 'NONE', #5915 ) ;
#927 = CARTESIAN_POINT ( 'NONE',  ( 2.244512266936270800E-016, 1.832783353125968500, 1.319999999999999600 ) ) ;
#928 = CARTESIAN_POINT ( 'NONE',  ( -2.023844055306274300E-016, -1.011922027653137100E-016, 0.9300000000000000500 ) ) ;
#929 = PLANE ( 'NONE',  #5650 ) ;
#930 = ORIENTED_EDGE ( 'NONE', *, *, #3034, .T. ) ;
#931 = AXIS2_PLACEMENT_3D ( 'NONE', #5925, #2092, #557 ) ;
#932 = ORIENTED_EDGE ( 'NONE', *, *, #4202, .F. ) ;
#933 = DIRECTION ( 'NONE',  ( 0.0000000000000000000, -0.0000000000000000000, 1.000000000000000000 ) ) ;
#934 = PLANE ( 'NONE',  #4971 ) ;
#935 = ADVANCED_FACE ( 'NONE', ( #4866 ), #4929, .T. ) ;
#936 = CARTESIAN_POINT ( 'NONE',  ( -2.000000000000000000, -1.649999999999998600, 1.800000000000000000 ) ) ;
#937 = AXIS2_PLACEMENT_3D ( 'NONE', #5433, #4946, #1514 ) ;
#938 = CARTESIAN_POINT ( 'NONE',  ( 1.128180540609861500, -0.3105557711010794600, 0.7127882518747450400 ) ) ;
#939 = CARTESIAN_POINT ( 'NONE',  ( -1.457582277139964200, -1.856489450896625400, 0.7002271286508383600 ) ) ;
#940 = FACE_OUTER_BOUND ( 'NONE', #894, .T. ) ;
#941 = EDGE_LOOP ( 'NONE', ( #2375, #5635, #566, #1149 ) ) ;
#942 = EDGE_CURVE ( 'NONE', #6021, #1997, #3936, .T. ) ;
#943 = ORIENTED_EDGE ( 'NONE', *, *, #703, .T. ) ;
#944 = CARTESIAN_POINT ( 'NONE',  ( 1.330978092676908800, -1.698758083726786600, 0.5966785597878265800 ) ) ;
#945 = CARTESIAN_POINT ( 'NONE',  ( -0.9999999999998878700, -2.000000000000000400, -0.02000000000000000000 ) ) ;
#946 = AXIS2_PLACEMENT_3D ( 'NONE', #5340, #4817, #3408 ) ;
#947 = CARTESIAN_POINT ( 'NONE',  ( -2.000000000000000000, -2.000000000000000400, 1.800000000000000000 ) ) ;
#948 = EDGE_CURVE ( 'NONE', #926, #6199, #4554, .T. ) ;
#949 = CARTESIAN_POINT ( 'NONE',  ( 1.058578643762690500, -2.000000000000000400, -0.02000000000000000000 ) ) ;
#950 = ORIENTED_EDGE ( 'NONE', *, *, #3626, .T. ) ;
#951 = VERTEX_POINT ( 'NONE', #2944 ) ;
#952 = CARTESIAN_POINT ( 'NONE',  ( 1.058578643762691400, 1.899999999999999500, 1.699999999999999700 ) ) ;
#953 = VERTEX_POINT ( 'NONE', #109 ) ;
#954 = DIRECTION ( 'NONE',  ( 0.0000000000000000000, -0.0000000000000000000, -1.000000000000000000 ) ) ;
#955 = ORIENTED_EDGE ( 'NONE', *, *, #8, .F. ) ;
#956 = APPLICATION_PROTOCOL_DEFINITION ( 'international standard', 'config_control_design', 1994, #2438 ) ;
#957 = EDGE_CURVE ( 'NONE', #486, #2453, #3640, .T. ) ;
#958 = CARTESIAN_POINT ( 'NONE',  ( 3.698563651865939900, 1.749999999999999600, -2.699999999999999700 ) ) ;
#959 = CARTESIAN_POINT ( 'NONE',  ( -1.216531799096824700, 1.883468200903175100, 0.1443545327312254800 ) ) ;
#960 = CARTESIAN_POINT ( 'NONE',  ( 1.434770937030967800, -1.905986285361771700, 0.6607828043221740700 ) ) ;
#961 = ORIENTED_EDGE ( 'NONE', *, *, #4243, .T. ) ;
#962 = CARTESIAN_POINT ( 'NONE',  ( 1.442779140169132100, -1.952154790855013900, 0.6115888097570532100 ) ) ;
#963 = ADVANCED_FACE ( 'NONE', ( #5858 ), #5380, .T. ) ;
#964 = AXIS2_PLACEMENT_3D ( 'NONE', #3427, #540, #91 ) ;
#965 = CARTESIAN_POINT ( 'NONE',  ( -1.355470019622523300, 1.792460257042108400, 0.1630199869183177900 ) ) ;
#966 = CARTESIAN_POINT ( 'NONE',  ( -1.045000000000000400, -1.517883041479705700E-016, 1.070000000000000100 ) ) ;
#967 = DIRECTION ( 'NONE',  ( -1.000000000000000000, 0.0000000000000000000, 0.0000000000000000000 ) ) ;
#968 = CARTESIAN_POINT ( 'NONE',  ( 2.000000000000000000, 1.649999999999998800, 0.0000000000000000000 ) ) ;
#969 = CARTESIAN_POINT ( 'NONE',  ( -1.464685523016919300, -1.932280669817684200, 0.5425692145625740100 ) ) ;
#970 = CALENDAR_DATE ( 2021, 20, 4 ) ;
#971 = AXIS2_PLACEMENT_3D ( 'NONE', #1173, #3583, #1683 ) ;
#972 = DIRECTION ( 'NONE',  ( -1.000000000000000000, 3.469446951953614200E-015, 0.0000000000000000000 ) ) ;
#973 = ORIENTED_EDGE ( 'NONE', *, *, #4975, .T. ) ;
#974 = CARTESIAN_POINT ( 'NONE',  ( -1.058578643762691200, 1.899999999999999500, 1.320000000000000100 ) ) ;
#975 = CARTESIAN_POINT ( 'NONE',  ( 1.302641799884092000, -1.953818016293352900, 0.5733785897380910800 ) ) ;
#976 = TOROIDAL_SURFACE ( 'NONE', #5961, 1.275000000000000100, 0.06999999999999996500 ) ;
#977 = EDGE_CURVE ( 'NONE', #3346, #4932, #2208, .T. ) ;
#978 = CIRCLE ( 'NONE', #2163, 0.1000000000000000500 ) ;
#979 = CARTESIAN_POINT ( 'NONE',  ( -1.282648510248268300, -0.9360013669937666800, 0.9977032053051090300 ) ) ;
#980 = LINE ( 'NONE', #23, #1611 ) ;
#981 = AXIS2_PLACEMENT_3D ( 'NONE', #732, #1212, #3274 ) ;
#982 = VERTEX_POINT ( 'NONE', #1037 ) ;
#983 = CARTESIAN_POINT ( 'NONE',  ( 1.443962131362207500, -1.959202465590786500, 0.5946010793962562800 ) ) ;
#984 = ORIENTED_EDGE ( 'NONE', *, *, #4780, .F. ) ;
#985 = EDGE_CURVE ( 'NONE', #1804, #5014, #3435, .T. ) ;
#986 = DIRECTION ( 'NONE',  ( -1.000000000000000000, 0.0000000000000000000, 0.0000000000000000000 ) ) ;
#987 = FACE_OUTER_BOUND ( 'NONE', #2223, .T. ) ;
#988 = EDGE_CURVE ( 'NONE', #324, #6209, #3785, .T. ) ;
#989 =( BOUNDED_CURVE ( )  B_SPLINE_CURVE ( 3, ( #1126, #2121, #689, #118 ),
 .UNSPECIFIED., .F., .T. ) 
 B_SPLINE_CURVE_WITH_KNOTS ( ( 4, 4 ),
 ( 4.297297631973010300, 4.496502348886974900 ),
 .UNSPECIFIED. ) 
 CURVE ( )  GEOMETRIC_REPRESENTATION_ITEM ( )  RATIONAL_B_SPLINE_CURVE ( ( 1.000000000000000000, 0.9966958563509266100, 0.9966958563509266100, 1.000000000000000000 ) ) 
 REPRESENTATION_ITEM ( '' )  );
#990 = DIRECTION ( 'NONE',  ( -1.000000000000000000, 0.0000000000000000000, 0.0000000000000000000 ) ) ;
#991 = ORIENTED_EDGE ( 'NONE', *, *, #5694, .F. ) ;
#992 = DIRECTION ( 'NONE',  ( -0.5553795402051511200, 0.8315969975423881400, 6.195440985631449400E-015 ) ) ;
#993 = FACE_OUTER_BOUND ( 'NONE', #1384, .T. ) ;
#994 = DIRECTION ( 'NONE',  ( 0.0000000000000000000, 0.0000000000000000000, 1.000000000000000000 ) ) ;
#995 = EDGE_CURVE ( 'NONE', #5294, #5416, #4407, .T. ) ;
#996 = VERTEX_POINT ( 'NONE', #5935 ) ;
#997 = CARTESIAN_POINT ( 'NONE',  ( 1.274999999999999900, 5.495026412597382500E-017, 0.9300000000000000500 ) ) ;
#998 = VERTEX_POINT ( 'NONE', #4426 ) ;
#999 = ADVANCED_FACE ( 'NONE', ( #2686 ), #1500, .T. ) ;
#1000 = VECTOR ( 'NONE', #5933, 1000.000000000000000 ) ;
#1001 = MECHANICAL_CONTEXT ( 'NONE', #4403, 'mechanical' ) ;
#1002 = CARTESIAN_POINT ( 'NONE',  ( 1.850000000000000100, 1.208578643762690000, 1.699999999999999700 ) ) ;
#1003 = CARTESIAN_POINT ( 'NONE',  ( 1.298344449622994800, -1.925872395786828500, 0.6169312492907798000 ) ) ;
#1004 = ORIENTED_EDGE ( 'NONE', *, *, #2429, .F. ) ;
#1005 = CARTESIAN_POINT ( 'NONE',  ( 1.330576321086307500, -1.294873058718559500, 0.7471399340590185700 ) ) ;
#1006 = DIRECTION ( 'NONE',  ( 0.0000000000000000000, -1.000000000000000000, 0.0000000000000000000 ) ) ;
#1007 = ORIENTED_EDGE ( 'NONE', *, *, #510, .F. ) ;
#1008 = DIRECTION ( 'NONE',  ( -0.0000000000000000000, 0.0000000000000000000, -1.000000000000000000 ) ) ;
#1009 = DIRECTION ( 'NONE',  ( -0.0000000000000000000, -0.0000000000000000000, -1.000000000000000000 ) ) ;
#1010 = VECTOR ( 'NONE', #503, 1000.000000000000000 ) ;
#1011 = DIRECTION ( 'NONE',  ( -1.000000000000000000, 0.0000000000000000000, 0.0000000000000000000 ) ) ;
#1012 = B_SPLINE_SURFACE_WITH_KNOTS ( 'NONE', 3, 3, ( 
 ( #5095, #167, #6005, #3118, #4556, #1135, #3567, #2126, #3097, #3588, #1676, #2148, #797, #3719, #5138, #2299, #3736, #2212, #5639, #311, #1753, #2731 ),
 ( #4209, #2241, #5623, #833, #4229, #1242, #2746, #4683, #4186, #2260, #6129, #6104, #1793, #812, #3663, #4707, #1328, #3240, #778, #756, #3215, #355 ),
 ( #4639, #4148, #289, #1280, #5177, #1306, #2774, #3699, #3197, #2282, #5120, #273, #5661, #6140, #4733, #333, #3677, #4165, #1810, #1262, #5196, #4662 ),
 ( #1774, #5156, #5679, #2791, #2716, #6161, #3258, #6085, #5608, #3176, #1828, #2376, #5770, #1437, #1853, #403, #4796, #4278, #6217, #3844, #855, #3307 ),
 ( #5749, #3347, #2872, #4818, #445, #3283, #5299, #5230, #5216, #6239, #3372, #2402, #375, #425, #1375, #2829, #2334, #3330, #5697, #5799, #4343, #3821 ),
 ( #893, #2886, #4252, #4302, #919, #2810, #458, #1349, #2316, #6261, #4752, #3760, #3782, #1402, #1894, #4319, #1422, #3805, #5725, #5280, #6180, #6198 ),
 ( #1912, #938, #877, #4773, #1873, #5260, #2353, #2855, #5904, #1998, #960, #1483, #3460, #1968, #2424, #5859, #480, #5816, #67, #4838, #2905, #5387 ),
 ( #4874, #5879, #6281, #5363, #3929, #1023, #1464, #17, #2495, #521, #2468, #4435, #1526, #4913, #2025, #3391, #5414, #1953, #3868, #2515, #569, #2989 ),
 ( #4851, #5834, #2444, #6303, #3409, #3892, #1553, #2048, #266, #4630, #5043, #5653, #2767, #4427, #5848, #3293, #448, #2643, #5569, #1225, #6181, #1378 ),
 ( #1085, #5509, #4825, #4918, #2033, #3819, #4814, #3304, #4274, #914, #6256, #4771, #1435, #1346, #1849, #1892, #4317, #1871, #2852, #1909, #5227, #3329 ),
 ( #2329, #5724, #890, #5278, #5296, #2400, #1399, #2373, #4299, #3370, #3842, #456, #4338, #2421, #1951, #975, #5359, #4848, #1462, #5831, #5338, #2927 ) ),
 .UNSPECIFIED., .T., .F., .F.,
 ( 4, 1, 1, 1, 1, 1, 1, 1, 4 ),
 ( 4, 1, 1, 1, 1, 1, 1, 1, 1, 1, 1, 1, 1, 1, 1, 1, 1, 1, 1, 4 ),
 ( 0.0000000000000000000, 0.1250000000000000000, 0.2500000000000000000, 0.3750000000000000000, 0.5000000000000000000, 0.6250000000000000000, 0.7500000000000000000, 0.8750000000000000000, 1.000000000000000000 ),
 ( 0.0000000000000000000, 0.1868828167594381900, 0.3737656335188763700, 0.4672070418985954700, 0.5606484502783145600, 0.6073691544681740800, 0.6540898586580337100, 0.6774502107529634100, 0.7008105628478932300, 0.7241709149428230400, 0.7358510909902878900, 0.7416911790140203700, 0.7446112230258865600, 0.7460712450318196500, 0.7468012560347862000, 0.7471662615362695300, 0.7473487642870111400, 0.7474400156623819400, 0.7474856413500673400, 0.7475312670377527400 ),
 .UNSPECIFIED. ) ;
#1013 = AXIS2_PLACEMENT_3D ( 'NONE', #5841, #4842, #2956 ) ;
#1014 = CARTESIAN_POINT ( 'NONE',  ( 1.203553390593275400, 1.896446609406725200, 0.0000000000000000000 ) ) ;
#1015 = ORIENTED_EDGE ( 'NONE', *, *, #4485, .F. ) ;
#1016 = LINE ( 'NONE', #5104, #5135 ) ;
#1017 = EDGE_CURVE ( 'NONE', #1250, #2659, #4016, .T. ) ;
#1018 = LINE ( 'NONE', #6094, #4130 ) ;
#1019 = LINE ( 'NONE', #1750, #2864 ) ;
#1020 = ORIENTED_EDGE ( 'NONE', *, *, #2878, .T. ) ;
#1021 = VERTEX_POINT ( 'NONE', #4886 ) ;
#1022 = CARTESIAN_POINT ( 'NONE',  ( -1.392278098339444300, -1.828737403512416600, -0.05031753154409610700 ) ) ;
#1023 = CARTESIAN_POINT ( 'NONE',  ( 1.306745659491745700, -1.534825961655879900, 0.7833625207603387400 ) ) ;
#1024 = CARTESIAN_POINT ( 'NONE',  ( -1.417516172016834600, 1.768730418521732500, 0.1216558853221101900 ) ) ;
#1025 = EDGE_CURVE ( 'NONE', #6016, #6291, #1690, .T. ) ;
#1026 = CARTESIAN_POINT ( 'NONE',  ( 1.441090829279942500, -1.922121387814460700, 0.5688278468750044300 ) ) ;
#1027 = CARTESIAN_POINT ( 'NONE',  ( 1.298030297383068200, 1.822349851060083500, 0.1798149574845394600 ) ) ;
#1028 = CARTESIAN_POINT ( 'NONE',  ( 1.216531799096833400, 1.883468200903166700, 0.1443545327312313900 ) ) ;
#1029 = ORIENTED_EDGE ( 'NONE', *, *, #3518, .F. ) ;
#1030 = ADVANCED_FACE ( 'NONE', ( #1448 ), #2443, .T. ) ;
#1031 = AXIS2_PLACEMENT_3D ( 'NONE', #5928, #2678, #192 ) ;
#1032 = DIRECTION ( 'NONE',  ( -0.5553795402051542300, 0.8315969975423861400, 0.0000000000000000000 ) ) ;
#1033 = EDGE_CURVE ( 'NONE', #1830, #4719, #5236, .T. ) ;
#1034 = CARTESIAN_POINT ( 'NONE',  ( -2.000000000000000000, 1.999999999999999600, 1.800000000000000000 ) ) ;
#1035 = CARTESIAN_POINT ( 'NONE',  ( -1.302660284953759200, -1.744508065544181800, 0.09076944199921020700 ) ) ;
#1036 = DIRECTION ( 'NONE',  ( 1.000000000000000000, 0.0000000000000000000, 0.0000000000000000000 ) ) ;
#1037 = CARTESIAN_POINT ( 'NONE',  ( -1.058578643762691200, 1.999999999999999600, 0.03905242917518446400 ) ) ;
#1038 = DIRECTION ( 'NONE',  ( -0.0000000000000000000, -0.0000000000000000000, 1.000000000000000000 ) ) ;
#1039 = VERTEX_POINT ( 'NONE', #1166 ) ;
#1040 = CARTESIAN_POINT ( 'NONE',  ( 0.0000000000000000000, -1.978152832303824700, 0.6000000000000002000 ) ) ;
#1041 = PLANE ( 'NONE',  #4979 ) ;
#1042 = AXIS2_PLACEMENT_3D ( 'NONE', #1751, #6040, #735 ) ;
#1043 = CARTESIAN_POINT ( 'NONE',  ( 1.425153448599105300, -1.881412400609740100, 0.5692237948676954800 ) ) ;
#1044 = LINE ( 'NONE', #4557, #2134 ) ;
#1045 = DIRECTION ( 'NONE',  ( -0.5547001962250534000, 0.0000000000000000000, -0.8320502943379608500 ) ) ;
#1046 = DIRECTION ( 'NONE',  ( -0.5553795402051547900, 0.8315969975423858100, 0.0000000000000000000 ) ) ;
#1047 = AXIS2_PLACEMENT_3D ( 'NONE', #46, #4823, #1442 ) ;
#1048 = ORIENTED_EDGE ( 'NONE', *, *, #108, .T. ) ;
#1049 = DIRECTION ( 'NONE',  ( -1.000000000000000000, 0.0000000000000000000, 0.0000000000000000000 ) ) ;
#1050 = CARTESIAN_POINT ( 'NONE',  ( -1.385901719867198100, -1.779049073465984700, 0.1427321867552012700 ) ) ;
#1051 = CARTESIAN_POINT ( 'NONE',  ( 1.244529980377501400, -1.859749127360381700, 0.1630199869183413000 ) ) ;
#1052 = CIRCLE ( 'NONE', #4887, 1.205000000000000100 ) ;
#1053 = ORIENTED_EDGE ( 'NONE', *, *, #4528, .T. ) ;
#1054 = TOROIDAL_SURFACE ( 'NONE', #2502, 1.125000000000000200, 0.06999999999999996500 ) ;
#1055 = APPROVAL_PERSON_ORGANIZATION ( #4164, #197, #2512 ) ;
#1056 = CARTESIAN_POINT ( 'NONE',  ( 1.350000000000001400, 1.749999999999998700, -2.699999999999999700 ) ) ;
#1057 = ORIENTED_EDGE ( 'NONE', *, *, #556, .F. ) ;
#1058 = CARTESIAN_POINT ( 'NONE',  ( -4.047688110612548600E-016, -2.023844055306274300E-016, 1.210000000000000200 ) ) ;
#1059 = DIRECTION ( 'NONE',  ( 0.0000000000000000000, 0.0000000000000000000, -1.000000000000000000 ) ) ;
#1060 = CARTESIAN_POINT ( 'NONE',  ( -1.750000000000000000, -1.208578643762689800, 1.699999999999999700 ) ) ;
#1061 = VERTEX_POINT ( 'NONE', #2097 ) ;
#1062 = AXIS2_PLACEMENT_3D ( 'NONE', #4397, #3423, #2041 ) ;
#1063 = CARTESIAN_POINT ( 'NONE',  ( -1.011922027653137100E-016, -5.059610138265685700E-017, 0.7900000000000000400 ) ) ;
#1064 = ADVANCED_FACE ( 'NONE', ( #3261 ), #1208, .T. ) ;
#1065 = CIRCLE ( 'NONE', #4117, 0.1000000000000000500 ) ;
#1066 = ORIENTED_EDGE ( 'NONE', *, *, #659, .T. ) ;
#1067 = DIRECTION ( 'NONE',  ( 1.000000000000000000, 0.0000000000000000000, 0.0000000000000000000 ) ) ;
#1068 = ORIENTED_EDGE ( 'NONE', *, *, #1228, .F. ) ;
#1069 = CARTESIAN_POINT ( 'NONE',  ( -1.234126768851189400, -0.4182772182941994500, 0.9753443577079817800 ) ) ;
#1070 = FACE_OUTER_BOUND ( 'NONE', #4256, .T. ) ;
#1071 = CARTESIAN_POINT ( 'NONE',  ( 1.316322568654789500, -1.995076217313415800, 0.5602808843468615200 ) ) ;
#1072 = EDGE_CURVE ( 'NONE', #1902, #2573, #2753, .T. ) ;
#1073 = DIRECTION ( 'NONE',  ( 0.8303201804605341300, 0.5545268217779103500, -0.05539315705821072600 ) ) ;
#1074 = CARTESIAN_POINT ( 'NONE',  ( 1.194999999999999800, 4.515308973279500300E-017, 0.9300000000000000500 ) ) ;
#1075 = ORIENTED_EDGE ( 'NONE', *, *, #5922, .F. ) ;
#1076 = EDGE_LOOP ( 'NONE', ( #6032, #4422, #2795, #1128 ) ) ;
#1077 = TOROIDAL_SURFACE ( 'NONE', #2252, 1.125000000000000200, 0.06999999999999996500 ) ;
#1078 = CARTESIAN_POINT ( 'NONE',  ( -4.047688110612548600E-016, -2.023844055306274300E-016, 1.210000000000000200 ) ) ;
#1079 = PLANE ( 'NONE',  #2867 ) ;
#1080 = CARTESIAN_POINT ( 'NONE',  ( 1.557106781186549300, 2.249999999999998700, -2.699999999999999700 ) ) ;
#1081 = VECTOR ( 'NONE', #839, 1000.000000000000000 ) ;
#1082 = CARTESIAN_POINT ( 'NONE',  ( 1.441245686468816300, -1.939086902049096200, 0.5602808843468616300 ) ) ;
#1083 = EDGE_CURVE ( 'NONE', #1268, #2573, #978, .T. ) ;
#1084 = DIRECTION ( 'NONE',  ( -1.000000000000000000, 0.0000000000000000000, 0.0000000000000000000 ) ) ;
#1085 = CARTESIAN_POINT ( 'NONE',  ( 0.9605245163428843800, -0.1931341934097619300, 0.6776817246727986400 ) ) ;
#1086 = DIRECTION ( 'NONE',  ( -1.224646799147353200E-016, 1.000000000000000000, 0.0000000000000000000 ) ) ;
#1087 = CC_DESIGN_PERSON_AND_ORGANIZATION_ASSIGNMENT ( #1763, #5850, ( #110 ) ) ;
#1088 = CARTESIAN_POINT ( 'NONE',  ( -1.329025201418286800, -1.977727553502346200, 0.1059281604186917700 ) ) ;
#1089 = VECTOR ( 'NONE', #3781, 1000.000000000000000 ) ;
#1090 = CLOSED_SHELL ( 'NONE', ( #4661, #4835, #2661, #2892 ) ) ;
#1091 = CARTESIAN_POINT ( 'NONE',  ( -1.058578643762690700, -1.900000000000000400, -2.699999999999999700 ) ) ;
#1092 = AXIS2_PLACEMENT_3D ( 'NONE', #379, #857, #1351 ) ;
#1093 = CARTESIAN_POINT ( 'NONE',  ( 1.261476077722295100, -1.665928368539673500, 0.7313949682893121600 ) ) ;
#1094 = DIRECTION ( 'NONE',  ( 0.7071067811865469100, -0.7071067811865482400, 0.0000000000000000000 ) ) ;
#1095 = CARTESIAN_POINT ( 'NONE',  ( -1.750000000000000200, 1.208578643762690000, 1.800000000000000000 ) ) ;
#1096 = ADVANCED_FACE ( 'NONE', ( #1132 ), #4047, .T. ) ;
#1097 = TOROIDAL_SURFACE ( 'NONE', #3515, 1.125000000000000200, 0.06999999999999996500 ) ;
#1098 = CARTESIAN_POINT ( 'NONE',  ( -1.464685523016919300, -1.932280669817684200, 0.5425692145625740100 ) ) ;
#1099 = CYLINDRICAL_SURFACE ( 'NONE', #2490, 0.1000000000000057900 ) ;
#1100 = CIRCLE ( 'NONE', #541, 0.1000000000000000500 ) ;
#1101 = DIRECTION ( 'NONE',  ( -0.0000000000000000000, -0.0000000000000000000, 1.000000000000000000 ) ) ;
#1102 = CARTESIAN_POINT ( 'NONE',  ( 1.000000000000000000, 1.999999999999999600, -0.02000000000000000000 ) ) ;
#1103 = EDGE_CURVE ( 'NONE', #1494, #2825, #6071, .T. ) ;
#1104 = CARTESIAN_POINT ( 'NONE',  ( 1.300716058012035800, -1.939128588736298800, 0.5602808843468616300 ) ) ;
#1105 = CARTESIAN_POINT ( 'NONE',  ( -1.268558091834869600, -1.907548903999280300, 0.2329972025843717000 ) ) ;
#1106 = VERTEX_POINT ( 'NONE', #3705 ) ;
#1107 = VERTEX_POINT ( 'NONE', #260 ) ;
#1108 = CARTESIAN_POINT ( 'NONE',  ( -4.047688110612548600E-016, -2.023844055306274300E-016, 1.210000000000000200 ) ) ;
#1109 = ORIENTED_EDGE ( 'NONE', *, *, #3029, .F. ) ;
#1110 = VERTEX_POINT ( 'NONE', #2155 ) ;
#1111 = EDGE_CURVE ( 'NONE', #4993, #4189, #2534, .T. ) ;
#1112 = CARTESIAN_POINT ( 'NONE',  ( 1.390178889717219800, -2.020881809246248400, 0.5606037498499643100 ) ) ;
#1113 = CARTESIAN_POINT ( 'NONE',  ( 1.300666916957439400, -1.944588446339520200, 0.5602808843468616300 ) ) ;
#1114 = ORIENTED_EDGE ( 'NONE', *, *, #5554, .F. ) ;
#1115 = ORIENTED_EDGE ( 'NONE', *, *, #5122, .T. ) ;
#1116 = DIRECTION ( 'NONE',  ( -1.000000000000000000, 0.0000000000000000000, 0.0000000000000000000 ) ) ;
#1117 = EDGE_CURVE ( 'NONE', #2711, #283, #152, .T. ) ;
#1118 = CARTESIAN_POINT ( 'NONE',  ( 1.270845819057999400, -1.818804083253290800, 0.1776970720831367600 ) ) ;
#1119 = CARTESIAN_POINT ( 'NONE',  ( -1.503355967044131900, -2.126457385102339600, 0.1651041735903289500 ) ) ;
#1120 = CARTESIAN_POINT ( 'NONE',  ( -4.047688110612548600E-016, -2.023844055306274300E-016, 1.210000000000000200 ) ) ;
#1121 = ADVANCED_FACE ( 'NONE', ( #2294 ), #4789, .T. ) ;
#1122 = VECTOR ( 'NONE', #6183, 1000.000000000000000 ) ;
#1123 = CARTESIAN_POINT ( 'NONE',  ( 1.203553390593275400, 1.896446609406725200, 0.0000000000000000000 ) ) ;
#1124 = AXIS2_PLACEMENT_3D ( 'NONE', #3156, #249, #4611 ) ;
#1125 = FACE_OUTER_BOUND ( 'NONE', #2526, .T. ) ;
#1126 = CARTESIAN_POINT ( 'NONE',  ( 1.355470019625613500, 1.792460257040340700, 0.1630199869215777600 ) ) ;
#1127 = LINE ( 'NONE', #4927, #672 ) ;
#1128 = ORIENTED_EDGE ( 'NONE', *, *, #4118, .T. ) ;
#1129 = CARTESIAN_POINT ( 'NONE',  ( 1.316231855624758500, -1.994678580112240200, 0.5685482689287388900 ) ) ;
#1130 = VECTOR ( 'NONE', #678, 1000.000000000000000 ) ;
#1131 = PLANE ( 'NONE',  #5614 ) ;
#1132 = FACE_OUTER_BOUND ( 'NONE', #1834, .T. ) ;
#1133 = VECTOR ( 'NONE', #3114, 1000.000000000000100 ) ;
#1134 = AXIS2_PLACEMENT_3D ( 'NONE', #6043, #1182, #3158 ) ;
#1135 = CARTESIAN_POINT ( 'NONE',  ( 1.225156994636607900, -1.481954767431138900, 0.7032777803608492000 ) ) ;
#1136 = ORIENTED_EDGE ( 'NONE', *, *, #3889, .F. ) ;
#1137 = DIRECTION ( 'NONE',  ( -1.000000000000000000, -1.224646799147353200E-016, 0.0000000000000000000 ) ) ;
#1138 = PLANE ( 'NONE',  #2913 ) ;
#1139 = EDGE_LOOP ( 'NONE', ( #4530, #3310, #1304, #2545 ) ) ;
#1140 = EDGE_LOOP ( 'NONE', ( #71, #6092, #5579, #589 ) ) ;
#1141 = TOROIDAL_SURFACE ( 'NONE', #2804, 0.9750000000000000900, 0.06999999999999996500 ) ;
#1142 = CARTESIAN_POINT ( 'NONE',  ( 1.258351437752427000, -1.765564687251568500, 0.06977255347966870900 ) ) ;
#1143 = CIRCLE ( 'NONE', #4567, 0.1000000000000000500 ) ;
#1144 = CARTESIAN_POINT ( 'NONE',  ( -1.273052949287037900, -1.967328065091843200, 0.2211304809748006200 ) ) ;
#1145 = CARTESIAN_POINT ( 'NONE',  ( -1.129289321881345600, -1.970710678118655000, 0.6000000000000003100 ) ) ;
#1146 = EDGE_CURVE ( 'NONE', #5947, #2150, #3867, .T. ) ;
#1147 = CARTESIAN_POINT ( 'NONE',  ( -0.9999999999998878700, -2.000000000000000400, 0.0000000000000000000 ) ) ;
#1148 = CARTESIAN_POINT ( 'NONE',  ( 1.441245686468816300, -1.939086902049096200, 0.5602808843468616300 ) ) ;
#1149 = ORIENTED_EDGE ( 'NONE', *, *, #130, .T. ) ;
#1150 = CARTESIAN_POINT ( 'NONE',  ( 1.274999999999999700, -4.624193863933988300E-017, 1.210000000000000200 ) ) ;
#1151 = AXIS2_PLACEMENT_3D ( 'NONE', #1967, #3911, #1067 ) ;
#1152 = CARTESIAN_POINT ( 'NONE',  ( 1.306230681480123200, -1.936417716978114500, 0.6625072637889631900 ) ) ;
#1153 = EDGE_CURVE ( 'NONE', #4482, #1660, #1289, .T. ) ;
#1154 = VERTEX_POINT ( 'NONE', #1760 ) ;
#1155 = DIRECTION ( 'NONE',  ( -0.0000000000000000000, -0.0000000000000000000, -1.000000000000000000 ) ) ;
#1156 = ADVANCED_FACE ( 'NONE', ( #4716 ), #3163, .F. ) ;
#1157 = EDGE_LOOP ( 'NONE', ( #1029, #5231, #5522 ) ) ;
#1158 = VECTOR ( 'NONE', #2261, 1000.000000000000000 ) ;
#1159 = DIRECTION ( 'NONE',  ( 1.000000000000000000, 0.0000000000000000000, 0.0000000000000000000 ) ) ;
#1160 = DIRECTION ( 'NONE',  ( 0.0000000000000000000, -0.0000000000000000000, -1.000000000000000000 ) ) ;
#1161 = DIRECTION ( 'NONE',  ( -1.000000000000000000, 0.0000000000000000000, 0.0000000000000000000 ) ) ;
#1162 = EDGE_LOOP ( 'NONE', ( #2231, #1551, #3115, #2254, #121, #3708 ) ) ;
#1163 = AXIS2_PLACEMENT_3D ( 'NONE', #3740, #6222, #5284 ) ;
#1164 = PLANE ( 'NONE',  #2712 ) ;
#1165 = VECTOR ( 'NONE', #1946, 1000.000000000000100 ) ;
#1166 = CARTESIAN_POINT ( 'NONE',  ( 1.900000000000000800, -1.749999999999998900, 0.1000000000000000100 ) ) ;
#1167 = AXIS2_PLACEMENT_3D ( 'NONE', #2771, #1770, #6138 ) ;
#1168 = DIRECTION ( 'NONE',  ( -1.000000000000000000, 0.0000000000000000000, 0.0000000000000000000 ) ) ;
#1169 = CARTESIAN_POINT ( 'NONE',  ( -1.129289321881346500, 1.970710678118654300, 1.699999999999999700 ) ) ;
#1170 = FACE_OUTER_BOUND ( 'NONE', #196, .T. ) ;
#1171 = ORIENTED_EDGE ( 'NONE', *, *, #3222, .F. ) ;
#1172 = FACE_OUTER_BOUND ( 'NONE', #1645, .T. ) ;
#1173 = CARTESIAN_POINT ( 'NONE',  ( 1.058578643762690500, -1.900000000000000400, 1.699999999999999700 ) ) ;
#1174 = AXIS2_PLACEMENT_3D ( 'NONE', #902, #5669, #2781 ) ;
#1175 = CARTESIAN_POINT ( 'NONE',  ( -1.011922027653137100E-016, -5.059610138265685700E-017, 0.7900000000000000400 ) ) ;
#1176 = VECTOR ( 'NONE', #529, 1000.000000000000100 ) ;
#1177 = ORIENTED_EDGE ( 'NONE', *, *, #1893, .F. ) ;
#1178 = PLANE ( 'NONE',  #1124 ) ;
#1179 = CARTESIAN_POINT ( 'NONE',  ( 1.352550158557977800, -1.793758191154303000, 0.1648942195613320400 ) ) ;
#1180 = ORIENTED_EDGE ( 'NONE', *, *, #1668, .F. ) ;
#1181 = ADVANCED_FACE ( 'NONE', ( #5167 ), #2616, .T. ) ;
#1182 = DIRECTION ( 'NONE',  ( -0.2283446744697818800, 0.9729919594785214600, -0.03384311497833278300 ) ) ;
#1183 = AXIS2_PLACEMENT_3D ( 'NONE', #968, #1497, #4844 ) ;
#1184 = EDGE_LOOP ( 'NONE', ( #5263, #2493, #1379, #5963 ) ) ;
#1185 = CARTESIAN_POINT ( 'NONE',  ( 1.000000000000000000, 1.999999999999999600, -0.02000000000000000000 ) ) ;
#1186 =( BOUNDED_CURVE ( )  B_SPLINE_CURVE ( 3, ( #2870, #2352, #959, #4772 ),
 .UNSPECIFIED., .F., .F. ) 
 B_SPLINE_CURVE_WITH_KNOTS ( ( 4, 4 ),
 ( 5.387717296373105900, 5.497787143782138800 ),
 .UNSPECIFIED. ) 
 CURVE ( )  GEOMETRIC_REPRESENTATION_ITEM ( )  RATIONAL_B_SPLINE_CURVE ( ( 1.000000000000000000, 0.9989906405287991600, 0.9989906405287991600, 1.000000000000000000 ) ) 
 REPRESENTATION_ITEM ( '' )  );
#1187 = EDGE_CURVE ( 'NONE', #2, #3527, #827, .T. ) ;
#1188 = DIRECTION ( 'NONE',  ( -1.264769453577745100E-015, 1.000000000000000000, 0.0000000000000000000 ) ) ;
#1189 = CARTESIAN_POINT ( 'NONE',  ( -1.386932387388198000, -2.048704249473618100, 0.2114833302046589300 ) ) ;
#1190 = ORIENTED_EDGE ( 'NONE', *, *, #1545, .T. ) ;
#1191 = CARTESIAN_POINT ( 'NONE',  ( 1.129289321881345300, -1.970710678118655000, -2.699999999999999700 ) ) ;
#1192 = ORIENTED_EDGE ( 'NONE', *, *, #4570, .F. ) ;
#1193 = CARTESIAN_POINT ( 'NONE',  ( 1.557106781186549500, 1.749999999999998900, 0.1000000000000000100 ) ) ;
#1194 = AXIS2_PLACEMENT_3D ( 'NONE', #1108, #4073, #5493 ) ;
#1195 = EDGE_CURVE ( 'NONE', #5980, #4877, #3498, .T. ) ;
#1196 = CARTESIAN_POINT ( 'NONE',  ( -1.256492185666034000, -1.850461685241530100, 0.1698542272054791300 ) ) ;
#1197 = ORIENTED_EDGE ( 'NONE', *, *, #3638, .T. ) ;
#1198 = EDGE_CURVE ( 'NONE', #1039, #4525, #2609, .T. ) ;
#1199 = CARTESIAN_POINT ( 'NONE',  ( 1.302821425944543900, -1.955026637240917100, 0.5634247380349747300 ) ) ;
#1200 = CARTESIAN_POINT ( 'NONE',  ( -0.5500000000002439600, 2.549999999999757300, -0.2999999999996252300 ) ) ;
#1201 = VECTOR ( 'NONE', #5124, 1000.000000000000000 ) ;
#1202 = EDGE_CURVE ( 'NONE', #4014, #5035, #404, .T. ) ;
#1203 = CARTESIAN_POINT ( 'NONE',  ( -1.509332796425252300, -1.244184807059725200, 0.9610874562700474400 ) ) ;
#1204 = FACE_OUTER_BOUND ( 'NONE', #5357, .T. ) ;
#1205 = ORIENTED_EDGE ( 'NONE', *, *, #2613, .F. ) ;
#1206 = DIRECTION ( 'NONE',  ( -0.0000000000000000000, -0.0000000000000000000, -1.000000000000000000 ) ) ;
#1207 = EDGE_LOOP ( 'NONE', ( #360, #3339, #2370, #768 ) ) ;
#1208 = CYLINDRICAL_SURFACE ( 'NONE', #5328, 0.1000000000000000200 ) ;
#1209 = CARTESIAN_POINT ( 'NONE',  ( -1.129289321881345300, -1.970710678118654500, -0.02000000000000000000 ) ) ;
#1210 = CYLINDRICAL_SURFACE ( 'NONE', #3766, 0.5000000000000000000 ) ;
#1211 = ORIENTED_EDGE ( 'NONE', *, *, #4503, .T. ) ;
#1212 = DIRECTION ( 'NONE',  ( 0.0000000000000000000, -1.000000000000000000, 0.0000000000000000000 ) ) ;
#1213 = ORIENTED_EDGE ( 'NONE', *, *, #2217, .F. ) ;
#1214 = CARTESIAN_POINT ( 'NONE',  ( -1.473096804054491200, -1.803593882100842100, 0.9601028576590977500 ) ) ;
#1216 = CARTESIAN_POINT ( 'NONE',  ( 2.304573958375719600E-016, 1.881827446068739000, 0.6956689149482788700 ) ) ;
#1215 = CIRCLE ( 'NONE', #5942, 1.055000000000000200 ) ;
#1217 = ORIENTED_EDGE ( 'NONE', *, *, #2113, .T. ) ;
#1218 = CARTESIAN_POINT ( 'NONE',  ( 2.000000000000000000, 1.649999999999998800, -0.02000000000000000000 ) ) ;
#1219 = ORIENTED_EDGE ( 'NONE', *, *, #6158, .T. ) ;
#1220 = ORIENTED_EDGE ( 'NONE', *, *, #4002, .T. ) ;
#1221 = AXIS2_PLACEMENT_3D ( 'NONE', #2570, #3103, #5040 ) ;
#1222 = CARTESIAN_POINT ( 'NONE',  ( -4.047688110612548600E-016, -2.023844055306274300E-016, 1.210000000000000200 ) ) ;
#1223 = DIRECTION ( 'NONE',  ( -1.000000000000000000, 0.0000000000000000000, 0.0000000000000000000 ) ) ;
#1224 = LINE ( 'NONE', #4607, #399 ) ;
#1225 = CARTESIAN_POINT ( 'NONE',  ( 1.316283297675922900, -1.995081188971000500, 0.5618530676555016900 ) ) ;
#1226 = ORIENTED_EDGE ( 'NONE', *, *, #4027, .T. ) ;
#1227 = CARTESIAN_POINT ( 'NONE',  ( -1.058578643762691200, 1.899999999999999500, 0.6000000000000000900 ) ) ;
#1228 = EDGE_CURVE ( 'NONE', #4795, #4359, #321, .T. ) ;
#1229 = CIRCLE ( 'NONE', #3855, 0.06999999999999996500 ) ;
#1230 = CARTESIAN_POINT ( 'NONE',  ( 1.394648388736923200, -1.733578109561390200, 0.06977255347966872200 ) ) ;
#1231 = CARTESIAN_POINT ( 'NONE',  ( -1.231356218958197900, -1.865238636853765900, -0.04901560485402813000 ) ) ;
#1232 = CARTESIAN_POINT ( 'NONE',  ( -0.2461538461546110600, 1.999999999999999600, -0.8307692307692858800 ) ) ;
#1233 = VECTOR ( 'NONE', #5719, 1000.000000000000000 ) ;
#1234 = CIRCLE ( 'NONE', #3015, 0.1000000000000000500 ) ;
#1235 = EDGE_CURVE ( 'NONE', #390, #951, #2556, .T. ) ;
#1236 = CARTESIAN_POINT ( 'NONE',  ( -1.275000000000000600, -2.023844055306274300E-016, 1.210000000000000200 ) ) ;
#1237 = DIRECTION ( 'NONE',  ( 0.5547001962252293700, 0.0000000000000000000, -0.8320502943378436100 ) ) ;
#1238 = VERTEX_POINT ( 'NONE', #4219 ) ;
#1239 = AXIS2_PLACEMENT_3D ( 'NONE', #1812, #3685, #3242 ) ;
#1240 = CARTESIAN_POINT ( 'NONE',  ( 1.058578643762690500, -2.000000000000000400, 1.699999999999999700 ) ) ;
#1241 = EDGE_CURVE ( 'NONE', #1494, #5840, #93, .T. ) ;
#1242 = CARTESIAN_POINT ( 'NONE',  ( 1.222989729061261200, -1.470772526794751300, 0.6896694902027941100 ) ) ;
#1243 = CARTESIAN_POINT ( 'NONE',  ( -1.126294447254435600, -0.4321923047219443600, 0.8871482081958709200 ) ) ;
#1244 = LINE ( 'NONE', #5105, #1327 ) ;
#1245 = CARTESIAN_POINT ( 'NONE',  ( 1.263224983734475800, -1.708007124177230100, 0.6698440388803761400 ) ) ;
#1246 = CARTESIAN_POINT ( 'NONE',  ( 1.300000000000000000, -2.000000000000000400, 0.07981495748453368300 ) ) ;
#1247 = DIRECTION ( 'NONE',  ( 1.000000000000000000, 0.0000000000000000000, 0.0000000000000000000 ) ) ;
#1248 = MANIFOLD_SOLID_BREP ( 'LPattern6[9]', #3057 ) ;
#1249 = DIRECTION ( 'NONE',  ( 0.0000000000000000000, 0.0000000000000000000, 1.000000000000000000 ) ) ;
#1250 = VERTEX_POINT ( 'NONE', #4779 ) ;
#1251 = AXIS2_PLACEMENT_3D ( 'NONE', #5723, #5745, #1398 ) ;
#1252 = ADVANCED_FACE ( 'NONE', ( #5332 ), #2984, .T. ) ;
#1253 = FACE_OUTER_BOUND ( 'NONE', #873, .T. ) ;
#1254 = CARTESIAN_POINT ( 'NONE',  ( -1.285433552711672500, -1.948615002727140700, 0.2366018752283668100 ) ) ;
#1255 = LINE ( 'NONE', #1515, #3153 ) ;
#1256 = CARTESIAN_POINT ( 'NONE',  ( -1.850000000000000100, -1.249999999999999100, 1.699999999999999700 ) ) ;
#1257 = EDGE_LOOP ( 'NONE', ( #5631, #5732, #3915, #4109 ) ) ;
#1258 = ORIENTED_EDGE ( 'NONE', *, *, #4933, .T. ) ;
#1259 = AXIS2_PLACEMENT_3D ( 'NONE', #1563, #5447, #2554 ) ;
#1260 = CARTESIAN_POINT ( 'NONE',  ( 1.107982723325382500, -0.3825187478920317700, 0.7373293333087429500 ) ) ;
#1261 = ORIENTED_EDGE ( 'NONE', *, *, #1668, .T. ) ;
#1262 = CARTESIAN_POINT ( 'NONE',  ( 1.296631934184968100, -1.913444682055977000, 0.5659892170499979400 ) ) ;
#1263 = CARTESIAN_POINT ( 'NONE',  ( -1.270508807732263700, -1.970951113844897200, 0.5425692145625744500 ) ) ;
#1264 =( BOUNDED_CURVE ( )  B_SPLINE_CURVE ( 3, ( #3376, #5322, #5802, #2887 ),
 .UNSPECIFIED., .F., .T. ) 
 B_SPLINE_CURVE_WITH_KNOTS ( ( 4, 4 ),
 ( 5.387717296373034900, 5.497787143782138800 ),
 .UNSPECIFIED. ) 
 CURVE ( )  GEOMETRIC_REPRESENTATION_ITEM ( )  RATIONAL_B_SPLINE_CURVE ( ( 1.000000000000000000, 0.9989906405287977100, 0.9989906405287977100, 1.000000000000000000 ) ) 
 REPRESENTATION_ITEM ( '' )  );
#1265 = AXIS2_PLACEMENT_3D ( 'NONE', #259, #3649, #743 ) ;
#1266 = CARTESIAN_POINT ( 'NONE',  ( 1.277616483867082300, -1.794447703903237200, 0.6685782776053483800 ) ) ;
#1267 = CARTESIAN_POINT ( 'NONE',  ( 1.284170826029907600, -1.875582830880177400, 0.08366854218829025700 ) ) ;
#1268 = VERTEX_POINT ( 'NONE', #363 ) ;
#1269 = EDGE_CURVE ( 'NONE', #538, #1021, #5113, .T. ) ;
#1270 = DIRECTION ( 'NONE',  ( -1.000000000000000000, -1.224646799147354200E-016, 0.0000000000000000000 ) ) ;
#1271 = CARTESIAN_POINT ( 'NONE',  ( 1.058578643762691600, 1.999999999999999600, 0.03905242917518467900 ) ) ;
#1272 = CIRCLE ( 'NONE', #4938, 0.9000000000000000200 ) ;
#1273 = CARTESIAN_POINT ( 'NONE',  ( -1.450000000000000000, -2.000000000000000400, 0.1000000000000000200 ) ) ;
#1274 = EDGE_CURVE ( 'NONE', #4691, #390, #2632, .T. ) ;
#1275 = PLANE ( 'NONE',  #3108 ) ;
#1276 = DIRECTION ( 'NONE',  ( 0.0000000000000000000, -1.000000000000000000, 0.0000000000000000000 ) ) ;
#1277 = CARTESIAN_POINT ( 'NONE',  ( -1.058578643762691200, 1.999999999999999600, 1.699999999999999700 ) ) ;
#1278 = CIRCLE ( 'NONE', #2935, 0.9050000000000001400 ) ;
#1279 = CIRCLE ( 'NONE', #2357, 0.1000000000000000500 ) ;
#1280 = CARTESIAN_POINT ( 'NONE',  ( 1.136478254957888700, -0.9812679930678283000, 0.6611256953852560100 ) ) ;
#1281 = DIRECTION ( 'NONE',  ( -0.8320502943379606300, 0.0000000000000000000, -0.5547001962250536200 ) ) ;
#1282 = CARTESIAN_POINT ( 'NONE',  ( 1.096648613137015900, -0.1612027388575982500, 0.6619778244513561100 ) ) ;
#1283 = EDGE_CURVE ( 'NONE', #3446, #5863, #2844, .T. ) ;
#1284 = ORIENTED_EDGE ( 'NONE', *, *, #4730, .T. ) ;
#1285 = CARTESIAN_POINT ( 'NONE',  ( -1.362265670862358200, -1.785511823833646300, 0.8742194226418226200 ) ) ;
#1286 = DIRECTION ( 'NONE',  ( -0.0000000000000000000, -0.0000000000000000000, -1.000000000000000000 ) ) ;
#1287 = CC_DESIGN_APPROVAL ( #6197, ( #5979 ) ) ;
#1288 = CARTESIAN_POINT ( 'NONE',  ( 1.190318488937212500, -1.287998584541308400, 0.6927489829532136300 ) ) ;
#1289 = CIRCLE ( 'NONE', #531, 0.06999999999999996500 ) ;
#1290 = DIRECTION ( 'NONE',  ( 0.0000000000000000000, 0.0000000000000000000, 1.000000000000000000 ) ) ;
#1291 = FACE_OUTER_BOUND ( 'NONE', #3772, .T. ) ;
#1292 = ORIENTED_EDGE ( 'NONE', *, *, #1117, .F. ) ;
#1293 = DIRECTION ( 'NONE',  ( 0.0000000000000000000, -0.7071067811865444600, -0.7071067811865505700 ) ) ;
#1294 = CARTESIAN_POINT ( 'NONE',  ( 0.9749999999999999800, 6.880696153421008700E-017, 0.7900000000000000400 ) ) ;
#1295 = CARTESIAN_POINT ( 'NONE',  ( -1.011922027653137100E-016, -5.059610138265685700E-017, 0.7900000000000000400 ) ) ;
#1296 = ORIENTED_EDGE ( 'NONE', *, *, #703, .F. ) ;
#1297 = VECTOR ( 'NONE', #31, 1000.000000000000000 ) ;
#1298 = CARTESIAN_POINT ( 'NONE',  ( -1.480638938908101200, -2.105963740556629400, 0.07614376814202467000 ) ) ;
#1299 = DIRECTION ( 'NONE',  ( -0.0000000000000000000, 1.000000000000000000, -0.0000000000000000000 ) ) ;
#1300 = VERTEX_POINT ( 'NONE', #5285 ) ;
#1301 = VECTOR ( 'NONE', #806, 1000.000000000000000 ) ;
#1302 = FACE_OUTER_BOUND ( 'NONE', #5720, .T. ) ;
#1303 = EDGE_LOOP ( 'NONE', ( #1800, #674, #3826, #4242 ) ) ;
#1304 = ORIENTED_EDGE ( 'NONE', *, *, #4535, .T. ) ;
#1305 = AXIS2_PLACEMENT_3D ( 'NONE', #6249, #5784, #3835 ) ;
#1306 = CARTESIAN_POINT ( 'NONE',  ( 1.222613021990302200, -1.447827816089781900, 0.6623059907407271600 ) ) ;
#1307 = LINE ( 'NONE', #1256, #2464 ) ;
#1308 = DIRECTION ( 'NONE',  ( -1.224646799147353200E-016, 1.000000000000000000, 0.0000000000000000000 ) ) ;
#1309 = EDGE_CURVE ( 'NONE', #1958, #4798, #771, .T. ) ;
#1310 = EDGE_LOOP ( 'NONE', ( #2904, #5956, #3417, #5125 ) ) ;
#1311 = CARTESIAN_POINT ( 'NONE',  ( 1.290630877995980300, -1.880386594550254900, 0.6282694007565281500 ) ) ;
#1312 = CARTESIAN_POINT ( 'NONE',  ( 1.302832396748178100, -1.955101034237787000, 0.2031335730073686500 ) ) ;
#1313 = VECTOR ( 'NONE', #1875, 1000.000000000000100 ) ;
#1314 = AXIS2_PLACEMENT_3D ( 'NONE', #5633, #2738, #5615 ) ;
#1315 = EDGE_CURVE ( 'NONE', #5794, #5011, #3058, .T. ) ;
#1316 = DIRECTION ( 'NONE',  ( -1.000000000000000000, 0.0000000000000000000, 0.0000000000000000000 ) ) ;
#1317 = ORIENTED_EDGE ( 'NONE', *, *, #3830, .T. ) ;
#1318 = EDGE_CURVE ( 'NONE', #2672, #508, #2938, .T. ) ;
#1319 = CARTESIAN_POINT ( 'NONE',  ( -1.276257111482010900, -1.912690670990145200, 0.09013925633579991700 ) ) ;
#1320 = CARTESIAN_POINT ( 'NONE',  ( -1.244529980377476500, -1.859749127360403900, 0.1630199869183177300 ) ) ;
#1321 = FACE_OUTER_BOUND ( 'NONE', #5997, .T. ) ;
#1322 = DIRECTION ( 'NONE',  ( -0.0000000000000000000, -0.0000000000000000000, -1.000000000000000000 ) ) ;
#1323 = CARTESIAN_POINT ( 'NONE',  ( -1.436204301786711200, -1.628387701618748900, 0.8003998367167447500 ) ) ;
#1324 = EDGE_CURVE ( 'NONE', #5772, #4105, #1625, .T. ) ;
#1325 = VERTEX_POINT ( 'NONE', #2914 ) ;
#1326 = CARTESIAN_POINT ( 'NONE',  ( 1.062941362373204700, -0.4934134020951169200, 0.7380160604253255300 ) ) ;
#1327 = VECTOR ( 'NONE', #2939, 1000.000000000000000 ) ;
#1328 = CARTESIAN_POINT ( 'NONE',  ( 1.299484525336618100, -1.940901889376029500, 0.5691280239159236500 ) ) ;
#1329 = DIRECTION ( 'NONE',  ( -0.2283446744697818500, 0.9729919594785214600, -0.03384311497833279000 ) ) ;
#1330 = CARTESIAN_POINT ( 'NONE',  ( -2.023844055306274300E-016, -1.011922027653137100E-016, 0.9300000000000000500 ) ) ;
#1331 =( BOUNDED_CURVE ( )  B_SPLINE_CURVE ( 3, ( #865, #4743, #788, #1271 ),
 .UNSPECIFIED., .F., .T. ) 
 B_SPLINE_CURVE_WITH_KNOTS ( ( 4, 4 ),
 ( 0.7853981633974469500, 1.570796326794894300 ),
 .UNSPECIFIED. ) 
 CURVE ( )  GEOMETRIC_REPRESENTATION_ITEM ( )  RATIONAL_B_SPLINE_CURVE ( ( 1.000000000000000000, 0.9492530216741912300, 0.9492530216741912300, 1.000000000000000000 ) ) 
 REPRESENTATION_ITEM ( '' )  );
#1332 = ORIENTED_EDGE ( 'NONE', *, *, #816, .T. ) ;
#1333 = ORIENTED_EDGE ( 'NONE', *, *, #2269, .T. ) ;
#1334 = CARTESIAN_POINT ( 'NONE',  ( 1.283665170495838400, -1.835225476290690500, 0.6441343187135858400 ) ) ;
#1335 = CARTESIAN_POINT ( 'NONE',  ( -1.350000000000001400, -1.749999999999998700, 0.6000000000000003100 ) ) ;
#1336 = CARTESIAN_POINT ( 'NONE',  ( -1.450000000000000200, 1.761606575163160000, 0.1000000000000000100 ) ) ;
#1337 = VERTEX_POINT ( 'NONE', #1409 ) ;
#1338 = DIRECTION ( 'NONE',  ( 1.000000000000000000, -0.0000000000000000000, 0.0000000000000000000 ) ) ;
#1339 = ORIENTED_EDGE ( 'NONE', *, *, #1941, .T. ) ;
#1340 = CARTESIAN_POINT ( 'NONE',  ( 1.414162197233048700, -1.762143163548029100, 0.6667643775762311900 ) ) ;
#1341 = CARTESIAN_POINT ( 'NONE',  ( -0.9999999999998878700, -2.000000000000000400, -0.02000000000000000000 ) ) ;
#1342 = DIRECTION ( 'NONE',  ( -1.224646799147353200E-016, 1.000000000000000000, 0.0000000000000000000 ) ) ;
#1343 = DIRECTION ( 'NONE',  ( -0.0000000000000000000, -0.0000000000000000000, -1.000000000000000000 ) ) ;
#1344 = ORIENTED_EDGE ( 'NONE', *, *, #2217, .T. ) ;
#1345 = CARTESIAN_POINT ( 'NONE',  ( -4.047688110612548600E-016, -2.023844055306274300E-016, 1.210000000000000200 ) ) ;
#1346 = CARTESIAN_POINT ( 'NONE',  ( 1.305097198816177300, -1.962556304597246900, 0.5918252070174505600 ) ) ;
#1347 = EDGE_CURVE ( 'NONE', #2963, #3792, #3137, .T. ) ;
#1348 = CARTESIAN_POINT ( 'NONE',  ( 1.302753441350712700, -1.954567668041050400, 0.5687253162475676100 ) ) ;
#1349 = CARTESIAN_POINT ( 'NONE',  ( 1.404143536177242100, -1.688173118223766500, 0.6804722293460705500 ) ) ;
#1350 = VERTEX_POINT ( 'NONE', #2476 ) ;
#1351 = DIRECTION ( 'NONE',  ( -1.000000000000000000, 0.0000000000000000000, 0.0000000000000000000 ) ) ;
#1352 = CARTESIAN_POINT ( 'NONE',  ( 1.339265883438606000, -1.751347963309162600, 0.5873537061523777000 ) ) ;
#1353 = ADVANCED_FACE ( 'NONE', ( #1465 ), #5308, .F. ) ;
#1354 = LINE ( 'NONE', #536, #4395 ) ;
#1355 = ADVANCED_FACE ( 'NONE', ( #4344 ), #2431, .T. ) ;
#1356 = EDGE_CURVE ( 'NONE', #2626, #5664, #245, .T. ) ;
#1357 = DIRECTION ( 'NONE',  ( 0.5547001962252293700, 0.0000000000000000000, -0.8320502943378436100 ) ) ;
#1358 = DIRECTION ( 'NONE',  ( 0.7071067811865469100, 0.7071067811865482400, 0.0000000000000000000 ) ) ;
#1359 = CARTESIAN_POINT ( 'NONE',  ( 1.557106781186549300, -2.249999999999998700, 0.6000000000000003100 ) ) ;
#1360 = CIRCLE ( 'NONE', #2819, 0.06999999999999996500 ) ;
#1361 = CALENDAR_DATE ( 2021, 20, 4 ) ;
#1362 = AXIS2_PLACEMENT_3D ( 'NONE', #660, #3071, #4034 ) ;
#1363 = ORIENTED_EDGE ( 'NONE', *, *, #2379, .F. ) ;
#1364 = FACE_OUTER_BOUND ( 'NONE', #1784, .T. ) ;
#1365 = DIRECTION ( 'NONE',  ( -1.000000000000000000, 0.0000000000000000000, 0.0000000000000000000 ) ) ;
#1366 = FACE_OUTER_BOUND ( 'NONE', #2849, .T. ) ;
#1367 = EDGE_CURVE ( 'NONE', #6292, #5416, #5390, .T. ) ;
#1368 = ORIENTED_EDGE ( 'NONE', *, *, #628, .F. ) ;
#1369 = LINE ( 'NONE', #1957, #5480 ) ;
#1370 = ORIENTED_EDGE ( 'NONE', *, *, #2565, .T. ) ;
#1371 = CARTESIAN_POINT ( 'NONE',  ( -0.2461538461546110600, -2.000000000000000400, -0.8307692307692858800 ) ) ;
#1372 = ORIENTED_EDGE ( 'NONE', *, *, #4900, .F. ) ;
#1373 = CARTESIAN_POINT ( 'NONE',  ( -1.899999999999999900, 1.749999999999998900, 0.1000000000000000100 ) ) ;
#1374 = EDGE_LOOP ( 'NONE', ( #1808, #4325, #5601, #5189 ) ) ;
#1375 = CARTESIAN_POINT ( 'NONE',  ( 1.425199868874387900, -1.879473677922262100, 0.5728142994408785800 ) ) ;
#1376 = CARTESIAN_POINT ( 'NONE',  ( -1.463724340215214700, -1.922024905423679500, 0.6172342849693572800 ) ) ;
#1377 = CIRCLE ( 'NONE', #3670, 1.195000000000000100 ) ;
#1378 = CARTESIAN_POINT ( 'NONE',  ( 1.316322568654789500, -1.995076217313415800, 0.5602808843468615200 ) ) ;
#1379 = ORIENTED_EDGE ( 'NONE', *, *, #1436, .F. ) ;
#1380 = AXIS2_PLACEMENT_3D ( 'NONE', #306, #795, #4181 ) ;
#1381 = CARTESIAN_POINT ( 'NONE',  ( 1.304971618454081200, -1.541085773829235200, 0.6133245302003518300 ) ) ;
#1382 = ORIENTED_EDGE ( 'NONE', *, *, #3889, .T. ) ;
#1383 = CARTESIAN_POINT ( 'NONE',  ( 1.899999999999999900, 1.749999999999998900, 0.1000000000000000100 ) ) ;
#1384 = EDGE_LOOP ( 'NONE', ( #1258, #2538, #725, #2860 ) ) ;
#1385 = VECTOR ( 'NONE', #824, 1000.000000000000000 ) ;
#1386 = ORIENTED_EDGE ( 'NONE', *, *, #3734, .T. ) ;
#1387 = DIRECTION ( 'NONE',  ( -0.0000000000000000000, -0.0000000000000000000, 1.000000000000000000 ) ) ;
#1388 = VERTEX_POINT ( 'NONE', #4861 ) ;
#1389 = DIRECTION ( 'NONE',  ( -1.000000000000000000, 0.0000000000000000000, 0.0000000000000000000 ) ) ;
#1390 = LINE ( 'NONE', #4705, #5111 ) ;
#1391 = EDGE_LOOP ( 'NONE', ( #1778, #2954, #2202, #2076 ) ) ;
#1392 = AXIS2_PLACEMENT_3D ( 'NONE', #2619, #3603, #737 ) ;
#1393 = UNCERTAINTY_MEASURE_WITH_UNIT (LENGTH_MEASURE( 1.000000000000000100E-005 ), #1780, 'distance_accuracy_value', 'NONE');
#1394 = CARTESIAN_POINT ( 'NONE',  ( -1.256492185666034000, -1.850461685241530100, 0.1698542272054791300 ) ) ;
#1395 = ORIENTED_EDGE ( 'NONE', *, *, #4122, .F. ) ;
#1396 = CIRCLE ( 'NONE', #4598, 1.205000000000000100 ) ;
#1397 = ADVANCED_FACE ( 'NONE', ( #1926 ), #5424, .T. ) ;
#1398 = DIRECTION ( 'NONE',  ( 0.0000000000000000000, 0.0000000000000000000, -1.000000000000000000 ) ) ;
#1399 = CARTESIAN_POINT ( 'NONE',  ( 1.250417871648259900, -1.629244618251790800, 0.6928390878359053100 ) ) ;
#1400 = DIRECTION ( 'NONE',  ( -0.0000000000000000000, -0.0000000000000000000, -1.000000000000000000 ) ) ;
#1401 = AXIS2_PLACEMENT_3D ( 'NONE', #32, #2485, #5871 ) ;
#1402 = CARTESIAN_POINT ( 'NONE',  ( 1.440016011087341000, -1.916063472542026900, 0.5881077582233920100 ) ) ;
#1403 = ORIENTED_EDGE ( 'NONE', *, *, #3962, .F. ) ;
#1404 = VECTOR ( 'NONE', #4748, 1000.000000000000000 ) ;
#1405 = CARTESIAN_POINT ( 'NONE',  ( 1.262249504321009600, -1.681150319427386000, 0.6449489325939422600 ) ) ;
#1406 = DIRECTION ( 'NONE',  ( -0.0000000000000000000, -0.0000000000000000000, -1.000000000000000000 ) ) ;
#1407 = AXIS2_PLACEMENT_3D ( 'NONE', #4067, #2152, #707 ) ;
#1408 = EDGE_LOOP ( 'NONE', ( #418, #1455, #439, #1794 ) ) ;
#1409 = CARTESIAN_POINT ( 'NONE',  ( 1.244529980377501400, 1.859749127360379700, 0.1630199869183413000 ) ) ;
#1410 = EDGE_CURVE ( 'NONE', #3520, #4691, #1549, .T. ) ;
#1411 = CARTESIAN_POINT ( 'NONE',  ( -1.129289321881345600, -1.970710678118655000, 0.08619288125426499700 ) ) ;
#1412 = CARTESIAN_POINT ( 'NONE',  ( -1.203553390593275400, 1.896446609406725200, 0.6000000000000003100 ) ) ;
#1413 = CIRCLE ( 'NONE', #2676, 0.06999999999999996500 ) ;
#1414 = CARTESIAN_POINT ( 'NONE',  ( 0.0000000000000000000, 0.0000000000000000000, 0.6500000000000000200 ) ) ;
#1415 = FACE_OUTER_BOUND ( 'NONE', #89, .T. ) ;
#1416 = AXIS2_PLACEMENT_3D ( 'NONE', #2685, #5129, #3183 ) ;
#1417 = DIRECTION ( 'NONE',  ( -0.0000000000000000000, -0.0000000000000000000, -1.000000000000000000 ) ) ;
#1418 = LINE ( 'NONE', #904, #3681 ) ;
#1419 = DIRECTION ( 'NONE',  ( 1.000000000000000000, 0.0000000000000000000, 0.0000000000000000000 ) ) ;
#1421 = ORIENTED_EDGE ( 'NONE', *, *, #3796, .T. ) ;
#1420 = CC_DESIGN_DATE_AND_TIME_ASSIGNMENT ( #2524, #4846, ( #5979 ) ) ;
#1422 = CARTESIAN_POINT ( 'NONE',  ( 1.441090829279942500, -1.922121387814460700, 0.5688278468750044300 ) ) ;
#1423 = CARTESIAN_POINT ( 'NONE',  ( 1.296015108042786200, -1.905895356030205700, 0.5793039224278616600 ) ) ;
#1424 = CARTESIAN_POINT ( 'NONE',  ( 1.557106781186549300, -2.249999999999998700, -2.699999999999999700 ) ) ;
#1425 = ORIENTED_EDGE ( 'NONE', *, *, #396, .T. ) ;
#1426 = ADVANCED_FACE ( 'NONE', ( #5572 ), #1979, .F. ) ;
#1427 = AXIS2_PLACEMENT_3D ( 'NONE', #5400, #2505, #5375 ) ;
#1428 = CARTESIAN_POINT ( 'NONE',  ( -0.9999999999998878700, 1.999999999999999600, 0.0000000000000000000 ) ) ;
#1429 = CARTESIAN_POINT ( 'NONE',  ( -1.436204301786711200, -1.628387701618748900, 0.8003998367167447500 ) ) ;
#1430 = ORIENTED_EDGE ( 'NONE', *, *, #4981, .T. ) ;
#1431 = CARTESIAN_POINT ( 'NONE',  ( 1.300000000000000000, -1.821168910795995200, 0.1798149574845394600 ) ) ;
#1432 = DIRECTION ( 'NONE',  ( -1.000000000000000000, -1.224646799147353200E-016, 0.0000000000000000000 ) ) ;
#1433 = CIRCLE ( 'NONE', #4858, 0.9000000000000000200 ) ;
#1434 = CARTESIAN_POINT ( 'NONE',  ( 1.820710678118654800, -1.279289321881344400, 1.699999999999999700 ) ) ;
#1435 = CARTESIAN_POINT ( 'NONE',  ( 1.303884312879614900, -1.955264709408126400, 0.6057261067928896300 ) ) ;
#1436 = EDGE_CURVE ( 'NONE', #696, #909, #4952, .T. ) ;
#1437 = CARTESIAN_POINT ( 'NONE',  ( 1.352926781540194900, -1.849036744825161400, 0.5555325965690588500 ) ) ;
#1438 = CARTESIAN_POINT ( 'NONE',  ( 1.296631934184968100, -1.913444682055977000, 0.5659892170499979400 ) ) ;
#1439 = FACE_OUTER_BOUND ( 'NONE', #6083, .T. ) ;
#1440 = CARTESIAN_POINT ( 'NONE',  ( -1.425808955202558800, -1.990492459645651500, 0.5425692145625744500 ) ) ;
#1441 = FACE_OUTER_BOUND ( 'NONE', #4553, .T. ) ;
#1442 = DIRECTION ( 'NONE',  ( 0.0000000000000000000, 0.0000000000000000000, -1.000000000000000000 ) ) ;
#1443 = EDGE_CURVE ( 'NONE', #2946, #73, #3522, .T. ) ;
#1444 = CARTESIAN_POINT ( 'NONE',  ( -1.203553390593275400, -1.896446609406725200, 0.1357022603955296600 ) ) ;
#1445 = CARTESIAN_POINT ( 'NONE',  ( 1.294117293145404600, 1.824751214957810900, 0.1796417763262861100 ) ) ;
#1446 = FACE_OUTER_BOUND ( 'NONE', #5, .T. ) ;
#1447 = EDGE_LOOP ( 'NONE', ( #3613, #4314, #4638, #5877 ) ) ;
#1448 = FACE_OUTER_BOUND ( 'NONE', #6269, .T. ) ;
#1449 = CYLINDRICAL_SURFACE ( 'NONE', #4305, 0.9000000000000000200 ) ;
#1450 = DIRECTION ( 'NONE',  ( 2.628368902995164500E-016, -1.000000000000000000, 0.0000000000000000000 ) ) ;
#1451 = EDGE_CURVE ( 'NONE', #4461, #1850, #1229, .T. ) ;
#1452 = VERTEX_POINT ( 'NONE', #2879 ) ;
#1453 = CARTESIAN_POINT ( 'NONE',  ( 1.085454753969159500, -2.000000000000000400, 0.05696983597948857000 ) ) ;
#1454 = CARTESIAN_POINT ( 'NONE',  ( -1.322454819323493700, -0.4146873628067434500, 0.8667843814858895400 ) ) ;
#1455 = ORIENTED_EDGE ( 'NONE', *, *, #901, .T. ) ;
#1456 = VERTEX_POINT ( 'NONE', #1428 ) ;
#1457 = CARTESIAN_POINT ( 'NONE',  ( 1.044999999999999500, -7.440881501972903100E-017, 1.210000000000000200 ) ) ;
#1458 = ADVANCED_FACE ( 'NONE', ( #4808 ), #4031, .T. ) ;
#1459 = LINE ( 'NONE', #5289, #5418 ) ;
#1460 = ORIENTED_EDGE ( 'NONE', *, *, #3953, .F. ) ;
#1461 = CARTESIAN_POINT ( 'NONE',  ( 0.9749999999999997600, -3.238524123110361500E-017, 1.070000000000000100 ) ) ;
#1462 = CARTESIAN_POINT ( 'NONE',  ( 1.302821425944543900, -1.955026637240917100, 0.5634247380349747300 ) ) ;
#1463 = DIRECTION ( 'NONE',  ( 6.938893903907228400E-017, -4.510281037539698400E-017, -1.000000000000000000 ) ) ;
#1464 = CARTESIAN_POINT ( 'NONE',  ( 1.333248567662038900, -1.689605564785402500, 0.7683518305545198300 ) ) ;
#1465 = FACE_OUTER_BOUND ( 'NONE', #1162, .T. ) ;
#1466 = CARTESIAN_POINT ( 'NONE',  ( -1.436204301786711200, -1.628387701618748900, 0.8003998367167447500 ) ) ;
#1467 = EDGE_LOOP ( 'NONE', ( #757, #1114, #5100, #4909 ) ) ;
#1468 = CARTESIAN_POINT ( 'NONE',  ( 1.128180540609861500, -0.3105557711010794600, 0.7127882518747450400 ) ) ;
#1469 = CARTESIAN_POINT ( 'NONE',  ( 1.203553390593275400, 1.896446609406725200, 0.1357022603955299300 ) ) ;
#1470 = ORIENTED_EDGE ( 'NONE', *, *, #2199, .F. ) ;
#1471 = CIRCLE ( 'NONE', #3420, 1.345000000000000000 ) ;
#1472 = CARTESIAN_POINT ( 'NONE',  ( 1.244529980377501400, 1.859749127360379700, 0.1630199869183413000 ) ) ;
#1473 = CARTESIAN_POINT ( 'NONE',  ( -1.110285042102434400, -1.989714957897566400, 0.07352336140166353100 ) ) ;
#1474 = VERTEX_POINT ( 'NONE', #1566 ) ;
#1475 = AXIS2_PLACEMENT_3D ( 'NONE', #646, #1718, #1223 ) ;
#1476 = FACE_OUTER_BOUND ( 'NONE', #6127, .T. ) ;
#1477 = CARTESIAN_POINT ( 'NONE',  ( -1.129289321881346200, 1.970710678118654300, 1.319999999999999600 ) ) ;
#1478 = DIRECTION ( 'NONE',  ( -1.000000000000000000, 0.0000000000000000000, 0.0000000000000000000 ) ) ;
#1479 = ORIENTED_EDGE ( 'NONE', *, *, #5559, .T. ) ;
#1480 = DIRECTION ( 'NONE',  ( 1.000000000000000000, 3.693158315293192400E-016, 0.0000000000000000000 ) ) ;
#1481 = LINE ( 'NONE', #3923, #1165 ) ;
#1482 = DIRECTION ( 'NONE',  ( -1.000000000000000000, 0.0000000000000000000, 0.0000000000000000000 ) ) ;
#1483 = CARTESIAN_POINT ( 'NONE',  ( 1.440107049959808500, -1.937122040407498700, 0.6325371921212820100 ) ) ;
#1484 = CARTESIAN_POINT ( 'NONE',  ( -2.023844055306274300E-016, -1.011922027653137100E-016, 0.9300000000000000500 ) ) ;
#1485 = ORIENTED_EDGE ( 'NONE', *, *, #5056, .T. ) ;
#1486 = EDGE_CURVE ( 'NONE', #4414, #2405, #5882, .T. ) ;
#1487 = TOROIDAL_SURFACE ( 'NONE', #3496, 0.9750000000000000900, 0.06999999999999996500 ) ;
#1488 = CARTESIAN_POINT ( 'NONE',  ( 1.028481576395891700, -0.1726766134196957800, 0.7466985734120882300 ) ) ;
#1489 = CARTESIAN_POINT ( 'NONE',  ( 0.9000000000000000200, 0.0000000000000000000, 0.6000000000000000900 ) ) ;
#1490 = ADVANCED_FACE ( 'NONE', ( #1302 ), #3656, .F. ) ;
#1491 = AXIS2_PLACEMENT_3D ( 'NONE', #4928, #1552, #5856 ) ;
#1492 = EDGE_CURVE ( 'NONE', #690, #1804, #2828, .T. ) ;
#1493 = VECTOR ( 'NONE', #4613, 1000.000000000000000 ) ;
#1494 = VERTEX_POINT ( 'NONE', #5890 ) ;
#1495 = ORIENTED_EDGE ( 'NONE', *, *, #476, .T. ) ;
#1496 = LINE ( 'NONE', #6134, #4218 ) ;
#1497 = DIRECTION ( 'NONE',  ( -1.000000000000000000, -2.628368902995165000E-016, 0.0000000000000000000 ) ) ;
#1498 = ORIENTED_EDGE ( 'NONE', *, *, #6225, .F. ) ;
#1499 = DIRECTION ( 'NONE',  ( -0.0000000000000000000, -0.0000000000000000000, 1.000000000000000000 ) ) ;
#1500 = PLANE ( 'NONE',  #766 ) ;
#1501 = APPROVAL_STATUS ( 'not_yet_approved' ) ;
#1502 = EDGE_CURVE ( 'NONE', #4719, #1830, #2377, .T. ) ;
#1503 = AXIS2_PLACEMENT_3D ( 'NONE', #4856, #2409, #2427 ) ;
#1504 = CARTESIAN_POINT ( 'NONE',  ( -1.384579078692293600, -1.823595636521558000, 0.09254041470447567400 ) ) ;
#1505 = CARTESIAN_POINT ( 'NONE',  ( -1.270508807732263700, -1.970951113844897200, 0.5425692145625744500 ) ) ;
#1506 = VERTEX_POINT ( 'NONE', #3537 ) ;
#1507 = CARTESIAN_POINT ( 'NONE',  ( 1.425199868874387900, -1.879473677922262100, 0.5728142994408785800 ) ) ;
#1508 = PLANE ( 'NONE',  #4089 ) ;
#1509 = DIRECTION ( 'NONE',  ( -0.0000000000000000000, -0.0000000000000000000, 1.000000000000000000 ) ) ;
#1510 = AXIS2_PLACEMENT_3D ( 'NONE', #5146, #1781, #744 ) ;
#1511 = EDGE_LOOP ( 'NONE', ( #4519, #92, #4517, #2820 ) ) ;
#1512 = DIRECTION ( 'NONE',  ( 0.0000000000000000000, -0.0000000000000000000, 1.000000000000000000 ) ) ;
#1513 = LINE ( 'NONE', #2817, #2960 ) ;
#1514 = DIRECTION ( 'NONE',  ( -1.000000000000000000, 0.0000000000000000000, 0.0000000000000000000 ) ) ;
#1515 = CARTESIAN_POINT ( 'NONE',  ( -2.523076923076937200, -2.000000000000000400, 1.015384615384235000 ) ) ;
#1516 = DIRECTION ( 'NONE',  ( 1.000000000000000000, 0.0000000000000000000, 0.0000000000000000000 ) ) ;
#1517 = CARTESIAN_POINT ( 'NONE',  ( -4.047688110612548600E-016, -2.023844055306274300E-016, 1.210000000000000200 ) ) ;
#1518 = ADVANCED_FACE ( 'NONE', ( #5261 ), #1077, .T. ) ;
#1519 = ORIENTED_EDGE ( 'NONE', *, *, #2749, .T. ) ;
#1520 = TOROIDAL_SURFACE ( 'NONE', #5924, 1.125000000000000200, 0.06999999999999996500 ) ;
#1521 = CARTESIAN_POINT ( 'NONE',  ( -1.425808955202558800, -1.990492459645651500, 0.5425692145625740100 ) ) ;
#1522 = CARTESIAN_POINT ( 'NONE',  ( -1.557106781186549300, 2.249999999999998700, 0.6000000000000003100 ) ) ;
#1523 = ORIENTED_EDGE ( 'NONE', *, *, #2078, .T. ) ;
#1524 = CARTESIAN_POINT ( 'NONE',  ( -1.220481465167988100, -1.857954246518560600, -0.04972386588419493200 ) ) ;
#1525 = LINE ( 'NONE', #5972, #1982 ) ;
#1526 = CARTESIAN_POINT ( 'NONE',  ( 1.388356294567819600, -2.009457889790165400, 0.6185901777635096600 ) ) ;
#1527 = CARTESIAN_POINT ( 'NONE',  ( 1.302753441350712700, -1.954567668041050400, 0.5687253162475676100 ) ) ;
#1528 = CARTESIAN_POINT ( 'NONE',  ( -1.126294447254435600, -0.4321923047219443600, 0.8871482081958709200 ) ) ;
#1529 = B_SPLINE_CURVE_WITH_KNOTS ( 'NONE', 3,
 ( #1148, #3598, #5996, #2572 ),
 .UNSPECIFIED., .F., .F.,
 ( 4, 4 ),
 ( 0.4521014041758586500, 0.5000000000000000000 ),
 .UNSPECIFIED. ) ;
#1530 = DIRECTION ( 'NONE',  ( -0.09322616750117038200, -0.9947177660247572600, 0.04295867371975430800 ) ) ;
#1531 = AXIS2_PLACEMENT_3D ( 'NONE', #5108, #4095, #767 ) ;
#1532 = ORIENTED_EDGE ( 'NONE', *, *, #1324, .T. ) ;
#1533 = CARTESIAN_POINT ( 'NONE',  ( 1.444654209259394400, -1.963863522350894500, 0.5735432309432825200 ) ) ;
#1534 = EDGE_CURVE ( 'NONE', #5404, #5840, #2234, .T. ) ;
#1535 = VERTEX_POINT ( 'NONE', #2073 ) ;
#1536 = VECTOR ( 'NONE', #5753, 1000.000000000000100 ) ;
#1537 = EDGE_CURVE ( 'NONE', #2405, #5772, #4726, .T. ) ;
#1538 = CARTESIAN_POINT ( 'NONE',  ( 1.471115925422853000, -2.059411407532103500, 0.2031335730073686500 ) ) ;
#1539 = TOROIDAL_SURFACE ( 'NONE', #182, 1.125000000000000200, 0.06999999999999996500 ) ;
#1540 = MANIFOLD_SOLID_BREP ( 'Revolve2', #183 ) ;
#1541 = DIRECTION ( 'NONE',  ( 0.0000000000000000000, 1.000000000000000000, 0.0000000000000000000 ) ) ;
#1542 = FACE_OUTER_BOUND ( 'NONE', #5754, .T. ) ;
#1543 = ORIENTED_EDGE ( 'NONE', *, *, #5519, .F. ) ;
#1544 = CIRCLE ( 'NONE', #1531, 0.06999999999999996500 ) ;
#1545 = EDGE_CURVE ( 'NONE', #5664, #2626, #2906, .T. ) ;
#1546 = VERTEX_POINT ( 'NONE', #4478 ) ;
#1547 = CARTESIAN_POINT ( 'NONE',  ( -1.464685523014831500, -1.932280669816289500, 0.5425692145625750100 ) ) ;
#1548 = CARTESIAN_POINT ( 'NONE',  ( -1.300000000000000300, 1.821168910795995200, 0.1798149574845336900 ) ) ;
#1549 = LINE ( 'NONE', #509, #4265 ) ;
#1550 = CARTESIAN_POINT ( 'NONE',  ( -1.058578643762691200, 1.999999999999999600, 0.03905242917518446400 ) ) ;
#1551 = ORIENTED_EDGE ( 'NONE', *, *, #5568, .T. ) ;
#1552 = DIRECTION ( 'NONE',  ( 0.0000000000000000000, 0.0000000000000000000, -1.000000000000000000 ) ) ;
#1553 = CARTESIAN_POINT ( 'NONE',  ( 1.261476077722295100, -1.665928368539673500, 0.7313949682893121600 ) ) ;
#1554 = DIRECTION ( 'NONE',  ( 1.000000000000000000, 0.0000000000000000000, 0.0000000000000000000 ) ) ;
#1555 = CARTESIAN_POINT ( 'NONE',  ( -1.269434944800748500, -1.959493059042563400, 0.6251467827281420600 ) ) ;
#1556 = VERTEX_POINT ( 'NONE', #1586 ) ;
#1557 = LINE ( 'NONE', #2279, #1233 ) ;
#1558 =( BOUNDED_CURVE ( )  B_SPLINE_CURVE ( 3, ( #2000, #1024, #4009, #2141 ),
 .UNSPECIFIED., .F., .T. ) 
 B_SPLINE_CURVE_WITH_KNOTS ( ( 4, 4 ),
 ( 1.786682958292637300, 1.985887675209175200 ),
 .UNSPECIFIED. ) 
 CURVE ( )  GEOMETRIC_REPRESENTATION_ITEM ( )  RATIONAL_B_SPLINE_CURVE ( ( 1.000000000000000000, 0.9966958563508413500, 0.9966958563508413500, 1.000000000000000000 ) ) 
 REPRESENTATION_ITEM ( '' )  );
#1559 = CARTESIAN_POINT ( 'NONE',  ( 1.441207306788320400, -1.922594522817028300, 0.5608646128151850700 ) ) ;
#1560 = ORIENTED_EDGE ( 'NONE', *, *, #5673, .T. ) ;
#1561 = DIRECTION ( 'NONE',  ( -0.8320502943379608500, 0.0000000000000000000, 0.5547001962250534000 ) ) ;
#1562 = DIRECTION ( 'NONE',  ( 0.0000000000000000000, -0.0000000000000000000, -1.000000000000000000 ) ) ;
#1563 = CARTESIAN_POINT ( 'NONE',  ( -3.035766082959411400E-016, -1.517883041479705700E-016, 1.070000000000000100 ) ) ;
#1564 = ADVANCED_FACE ( 'NONE', ( #5637 ), #5492, .T. ) ;
#1565 = CARTESIAN_POINT ( 'NONE',  ( -1.450000000000000200, 1.761606575163160000, 0.1000000000000000100 ) ) ;
#1566 = CARTESIAN_POINT ( 'NONE',  ( 1.000000000000000000, -2.000000000000000400, 0.0000000000000000000 ) ) ;
#1567 = VECTOR ( 'NONE', #5432, 1000.000000000000000 ) ;
#1568 = AXIS2_PLACEMENT_3D ( 'NONE', #6099, #1530, #3031 ) ;
#1569 = DIRECTION ( 'NONE',  ( 0.0000000000000000000, -0.0000000000000000000, 1.000000000000000000 ) ) ;
#1570 = ORIENTED_EDGE ( 'NONE', *, *, #5453, .F. ) ;
#1571 = EDGE_CURVE ( 'NONE', #5245, #5980, #474, .T. ) ;
#1572 = CARTESIAN_POINT ( 'NONE',  ( -1.384579078692293600, -1.823595636521558000, 0.09254041470447567400 ) ) ;
#1573 = DIRECTION ( 'NONE',  ( 0.0000000000000000000, 0.0000000000000000000, -1.000000000000000000 ) ) ;
#1574 = CARTESIAN_POINT ( 'NONE',  ( 1.125000000000000200, 8.717666352142038200E-017, 0.7900000000000000400 ) ) ;
#1575 = CARTESIAN_POINT ( 'NONE',  ( -1.376845944097569600, -2.036645902824236300, 0.1486371245584125800 ) ) ;
#1576 = CARTESIAN_POINT ( 'NONE',  ( 1.350000000000001400, -1.749999999999998700, 1.319999999999999600 ) ) ;
#1577 = LINE ( 'NONE', #5894, #4292 ) ;
#1578 = ORIENTED_EDGE ( 'NONE', *, *, #1111, .F. ) ;
#1579 = ORIENTED_EDGE ( 'NONE', *, *, #3751, .T. ) ;
#1580 = CIRCLE ( 'NONE', #5875, 0.5000000000000000000 ) ;
#1581 = CARTESIAN_POINT ( 'NONE',  ( -0.9750000000000005300, -2.023844055306274300E-016, 1.210000000000000200 ) ) ;
#1582 = EDGE_CURVE ( 'NONE', #4795, #1556, #4646, .T. ) ;
#1583 = CARTESIAN_POINT ( 'NONE',  ( 1.064963563717707700, -0.6371527025186237700, 0.7036489680162902900 ) ) ;
#1584 = ORIENTED_EDGE ( 'NONE', *, *, #5141, .F. ) ;
#1585 = CARTESIAN_POINT ( 'NONE',  ( 1.277464859462344600, -1.847008257963373300, -0.06747501777605219300 ) ) ;
#1586 = CARTESIAN_POINT ( 'NONE',  ( -2.000000000000000000, 1.649999999999998800, 0.6000000000000000900 ) ) ;
#1587 = LINE ( 'NONE', #3297, #2728 ) ;
#1588 = EDGE_CURVE ( 'NONE', #2390, #3688, #164, .T. ) ;
#1589 = CARTESIAN_POINT ( 'NONE',  ( 0.0000000000000000000, 0.0000000000000000000, 0.6500000000000000200 ) ) ;
#1590 = ADVANCED_FACE ( 'NONE', ( #2084 ), #5506, .F. ) ;
#1591 = ORIENTED_EDGE ( 'NONE', *, *, #4572, .T. ) ;
#1592 = DIRECTION ( 'NONE',  ( -0.0000000000000000000, -0.0000000000000000000, 1.000000000000000000 ) ) ;
#1593 = CARTESIAN_POINT ( 'NONE',  ( -1.820710678118654800, 1.279289321881344400, 1.800000000000000000 ) ) ;
#1594 = CARTESIAN_POINT ( 'NONE',  ( -1.244529980377476500, -2.000000000000000400, 0.1630199869183177300 ) ) ;
#1595 = CARTESIAN_POINT ( 'NONE',  ( 1.300000000000000000, -2.000000000000000400, 0.1798149574845394600 ) ) ;
#1596 = ADVANCED_FACE ( 'NONE', ( #4501 ), #3201, .T. ) ;
#1597 = CARTESIAN_POINT ( 'NONE',  ( 1.899999999999999900, 1.649999999999998800, 1.800000000000000000 ) ) ;
#1598 = CARTESIAN_POINT ( 'NONE',  ( -1.355470019622523300, -2.000000000000000400, 0.1630199869183177300 ) ) ;
#1599 = CARTESIAN_POINT ( 'NONE',  ( -1.345000000000000400, -2.023844055306274300E-016, 1.210000000000000200 ) ) ;
#1600 = CARTESIAN_POINT ( 'NONE',  ( 1.390191031442591800, -2.020873595771952100, 0.5612494808561697700 ) ) ;
#1601 = PLANE ( 'NONE',  #5411 ) ;
#1602 = CARTESIAN_POINT ( 'NONE',  ( 1.230204462991041400, -1.871223347428891500, 0.1534696419940324300 ) ) ;
#1603 = DIRECTION ( 'NONE',  ( 1.000000000000000000, 0.0000000000000000000, 0.0000000000000000000 ) ) ;
#1604 = FACE_OUTER_BOUND ( 'NONE', #2292, .T. ) ;
#1605 = FACE_OUTER_BOUND ( 'NONE', #3883, .T. ) ;
#1606 = DIRECTION ( 'NONE',  ( 0.0000000000000000000, -1.000000000000000000, 0.0000000000000000000 ) ) ;
#1607 = ORIENTED_EDGE ( 'NONE', *, *, #4288, .F. ) ;
#1608 = CARTESIAN_POINT ( 'NONE',  ( -1.224907149325037400, -1.860931645200115700, 0.09076944199921022100 ) ) ;
#1609 = ORIENTED_EDGE ( 'NONE', *, *, #229, .T. ) ;
#1610 = DIRECTION ( 'NONE',  ( 0.7071067811865482400, -0.7071067811865469100, 0.0000000000000000000 ) ) ;
#1611 = VECTOR ( 'NONE', #3895, 1000.000000000000000 ) ;
#1612 = ORIENTED_EDGE ( 'NONE', *, *, #51, .F. ) ;
#1613 = EDGE_CURVE ( 'NONE', #470, #1337, #1854, .T. ) ;
#1614 = CARTESIAN_POINT ( 'NONE',  ( -1.350000000000001400, 1.749999999999998700, 0.6000000000000003100 ) ) ;
#1615 = VERTEX_POINT ( 'NONE', #4041 ) ;
#1616 = EDGE_LOOP ( 'NONE', ( #614, #3424, #5943, #1907 ) ) ;
#1617 = TOROIDAL_SURFACE ( 'NONE', #1970, 1.275000000000000100, 0.06999999999999996500 ) ;
#1618 = AXIS2_PLACEMENT_3D ( 'NONE', #4383, #3972, #3030 ) ;
#1619 = ORIENTED_EDGE ( 'NONE', *, *, #4072, .T. ) ;
#1620 = CARTESIAN_POINT ( 'NONE',  ( 1.305661686275533900, -1.965974439481239300, 0.5812851643276431000 ) ) ;
#1621 = EDGE_CURVE ( 'NONE', #4106, #5053, #4982, .T. ) ;
#1622 = ORIENTED_EDGE ( 'NONE', *, *, #4544, .F. ) ;
#1623 = CARTESIAN_POINT ( 'NONE',  ( 1.265704240686907700, -1.721153510050636800, 0.6821468981065147400 ) ) ;
#1624 = ADVANCED_FACE ( 'NONE', ( #2331 ), #4522, .T. ) ;
#1625 = CIRCLE ( 'NONE', #5050, 0.5000000000000000000 ) ;
#1626 = DIRECTION ( 'NONE',  ( 0.0000000000000000000, -1.000000000000000000, 0.0000000000000000000 ) ) ;
#1627 = CARTESIAN_POINT ( 'NONE',  ( 1.203553390593275400, -1.896446609406725200, 0.1357022603955299300 ) ) ;
#1628 = DIRECTION ( 'NONE',  ( -0.0000000000000000000, -0.0000000000000000000, 1.000000000000000000 ) ) ;
#1629 = ORIENTED_EDGE ( 'NONE', *, *, #5914, .T. ) ;
#1630 = EDGE_LOOP ( 'NONE', ( #629, #2747, #2086, #3234 ) ) ;
#1631 = CARTESIAN_POINT ( 'NONE',  ( 1.203553390593275400, -1.896446609406725200, 0.6000000000000003100 ) ) ;
#1632 = EDGE_CURVE ( 'NONE', #2006, #2705, #5115, .T. ) ;
#1633 = CARTESIAN_POINT ( 'NONE',  ( -1.386932387388198000, -2.048704249473618100, 0.5425692145625740100 ) ) ;
#1634 = CARTESIAN_POINT ( 'NONE',  ( -1.425808955202558800, -1.990492459645651500, 0.2114833302046589300 ) ) ;
#1635 = ORIENTED_EDGE ( 'NONE', *, *, #1941, .F. ) ;
#1636 = DIRECTION ( 'NONE',  ( 0.0000000000000000000, 0.0000000000000000000, -1.000000000000000000 ) ) ;
#1637 = CARTESIAN_POINT ( 'NONE',  ( 1.350000000000001400, -1.749999999999998700, 1.699999999999999700 ) ) ;
#1638 = CC_DESIGN_PERSON_AND_ORGANIZATION_ASSIGNMENT ( #5622, #2465, ( #2550 ) ) ;
#1639 = DIRECTION ( 'NONE',  ( -0.0000000000000000000, 1.000000000000000000, -0.0000000000000000000 ) ) ;
#1640 = LINE ( 'NONE', #2315, #5645 ) ;
#1641 = ORIENTED_EDGE ( 'NONE', *, *, #4740, .F. ) ;
#1642 = ORIENTED_EDGE ( 'NONE', *, *, #2527, .T. ) ;
#1643 = DIRECTION ( 'NONE',  ( 0.0000000000000000000, -0.0000000000000000000, 1.000000000000000000 ) ) ;
#1644 = ORIENTED_EDGE ( 'NONE', *, *, #4922, .T. ) ;
#1645 = EDGE_LOOP ( 'NONE', ( #5233, #910, #4588, #1644 ) ) ;
#1646 = CARTESIAN_POINT ( 'NONE',  ( 1.315446645228201900, -1.989446625509702700, 0.5951128751312425600 ) ) ;
#1647 = DIRECTION ( 'NONE',  ( 1.000000000000000000, 0.0000000000000000000, 0.0000000000000000000 ) ) ;
#1648 = CARTESIAN_POINT ( 'NONE',  ( 1.203553390593275400, 1.896446609406725200, -0.02000000000000000000 ) ) ;
#1649 = DIRECTION ( 'NONE',  ( -1.000000000000000000, 0.0000000000000000000, 0.0000000000000000000 ) ) ;
#1650 = VECTOR ( 'NONE', #5576, 1000.000000000000000 ) ;
#1651 = ORIENTED_EDGE ( 'NONE', *, *, #4657, .F. ) ;
#1652 = CARTESIAN_POINT ( 'NONE',  ( -1.557106781186549300, 1.749999999999998700, 0.6000000000000003100 ) ) ;
#1653 = CARTESIAN_POINT ( 'NONE',  ( -1.058578643762691200, 1.999999999999999600, 1.800000000000000000 ) ) ;
#1654 = ORIENTED_EDGE ( 'NONE', *, *, #3565, .T. ) ;
#1655 = AXIS2_PLACEMENT_3D ( 'NONE', #1855, #1329, #4281 ) ;
#1656 = CARTESIAN_POINT ( 'NONE',  ( 1.274154463858110800, -1.832902440461548400, 0.2229737837424165500 ) ) ;
#1657 = FACE_OUTER_BOUND ( 'NONE', #5857, .T. ) ;
#1658 = EDGE_CURVE ( 'NONE', #2159, #6199, #1732, .T. ) ;
#1659 = CARTESIAN_POINT ( 'NONE',  ( -1.463356755343177900, -1.928679116198273500, 0.1728249662123543800 ) ) ;
#1660 = VERTEX_POINT ( 'NONE', #4599 ) ;
#1661 = ORIENTED_EDGE ( 'NONE', *, *, #721, .T. ) ;
#1662 = DIRECTION ( 'NONE',  ( -0.7071067811865469100, 0.7071067811865482400, 0.0000000000000000000 ) ) ;
#1663 = ADVANCED_FACE ( 'NONE', ( #4212, #1877 ), #1012, .T. ) ;
#1664 = VECTOR ( 'NONE', #3686, 1000.000000000000100 ) ;
#1665 = AXIS2_PLACEMENT_3D ( 'NONE', #4656, #284, #3633 ) ;
#1666 = CARTESIAN_POINT ( 'NONE',  ( -2.000000000000000000, -1.649999999999998600, -0.02000000000000000000 ) ) ;
#1667 = ORIENTED_EDGE ( 'NONE', *, *, #2537, .F. ) ;
#1668 = EDGE_CURVE ( 'NONE', #5680, #3200, #27, .T. ) ;
#1669 = CARTESIAN_POINT ( 'NONE',  ( -1.058578643762690700, -2.000000000000000400, 1.800000000000000000 ) ) ;
#1670 = EDGE_CURVE ( 'NONE', #59, #198, #195, .T. ) ;
#1671 = CARTESIAN_POINT ( 'NONE',  ( 1.194189014244751800, -1.307080917043226500, 0.7208097435207798700 ) ) ;
#1672 = CARTESIAN_POINT ( 'NONE',  ( -3.035766082959411400E-016, -1.517883041479705700E-016, 1.070000000000000100 ) ) ;
#1673 = DIRECTION ( 'NONE',  ( -0.0000000000000000000, 1.000000000000000000, -0.0000000000000000000 ) ) ;
#1674 = ORIENTED_EDGE ( 'NONE', *, *, #3104, .T. ) ;
#1675 = EDGE_LOOP ( 'NONE', ( #4559, #3188 ) ) ;
#1676 = CARTESIAN_POINT ( 'NONE',  ( 1.293493389417041100, -1.894572293629062300, 0.6371063011304486400 ) ) ;
#1677 = EDGE_CURVE ( 'NONE', #2091, #5198, #3144, .T. ) ;
#1678 = DIRECTION ( 'NONE',  ( 0.7071067811865469100, 0.7071067811865482400, -0.0000000000000000000 ) ) ;
#1679 = CARTESIAN_POINT ( 'NONE',  ( -1.464685523016919300, -1.932280669817684200, 0.2114833302046589300 ) ) ;
#1680 = CARTESIAN_POINT ( 'NONE',  ( 1.900000000000000800, -1.649999999999998600, 0.6000000000000000900 ) ) ;
#1681 = CARTESIAN_POINT ( 'NONE',  ( -1.750000000000000700, -1.208578643762689800, 1.800000000000000000 ) ) ;
#1682 = CIRCLE ( 'NONE', #3897, 0.1000000000000000500 ) ;
#1683 = DIRECTION ( 'NONE',  ( 1.000000000000000000, 0.0000000000000000000, 0.0000000000000000000 ) ) ;
#1684 = VERTEX_POINT ( 'NONE', #2452 ) ;
#1685 = CARTESIAN_POINT ( 'NONE',  ( -1.449589183536988100, -1.907210801709588100, 0.1369347009019311100 ) ) ;
#1686 = DIRECTION ( 'NONE',  ( -1.000000000000000000, 0.0000000000000000000, 0.0000000000000000000 ) ) ;
#1687 = DIRECTION ( 'NONE',  ( -0.9735496498892578500, -0.2284755549298507500, -3.872150616019669200E-016 ) ) ;
#1688 = CARTESIAN_POINT ( 'NONE',  ( 1.557106781186549300, 2.249999999999998700, 0.1000000000000000100 ) ) ;
#1689 = ORIENTED_EDGE ( 'NONE', *, *, #144, .F. ) ;
#1690 = CIRCLE ( 'NONE', #3689, 0.06999999999999996500 ) ;
#1691 = ADVANCED_FACE ( 'NONE', ( #4290 ), #853, .T. ) ;
#1692 = TOROIDAL_SURFACE ( 'NONE', #4433, 0.9750000000000000900, 0.06999999999999996500 ) ;
#1693 = AXIS2_PLACEMENT_3D ( 'NONE', #5556, #6054, #3168 ) ;
#1694 = VERTEX_POINT ( 'NONE', #2500 ) ;
#1695 = VERTEX_POINT ( 'NONE', #2934 ) ;
#1696 = EDGE_CURVE ( 'NONE', #1325, #6292, #6051, .T. ) ;
#1697 = ORIENTED_EDGE ( 'NONE', *, *, #101, .T. ) ;
#1698 = VECTOR ( 'NONE', #3351, 1000.000000000000000 ) ;
#1699 = CIRCLE ( 'NONE', #595, 0.1000000000000000500 ) ;
#1700 = CARTESIAN_POINT ( 'NONE',  ( -1.359563760532646300, -1.859361278465883100, 0.2453183226287422600 ) ) ;
#1701 = ORIENTED_EDGE ( 'NONE', *, *, #387, .T. ) ;
#1702 = DIRECTION ( 'NONE',  ( -1.000000000000000000, 0.0000000000000000000, 0.0000000000000000000 ) ) ;
#1703 = ORIENTED_EDGE ( 'NONE', *, *, #2387, .T. ) ;
#1704 = CARTESIAN_POINT ( 'NONE',  ( 1.450000000000012400, -2.000000000000000400, 0.1000000000000000100 ) ) ;
#1705 = FACE_OUTER_BOUND ( 'NONE', #3534, .T. ) ;
#1706 = EDGE_CURVE ( 'NONE', #3502, #477, #5041, .T. ) ;
#1707 = DIRECTION ( 'NONE',  ( 0.0000000000000000000, 1.000000000000000000, 0.0000000000000000000 ) ) ;
#1708 = CARTESIAN_POINT ( 'NONE',  ( 1.000000000000000000, -2.000000000000000400, 0.0000000000000000000 ) ) ;
#1709 = DIRECTION ( 'NONE',  ( 0.0000000000000000000, -1.000000000000000000, 0.0000000000000000000 ) ) ;
#1710 = CARTESIAN_POINT ( 'NONE',  ( -1.430287140920247300, -0.4007722763789980400, 0.9549805309980000700 ) ) ;
#1711 = AXIS2_PLACEMENT_3D ( 'NONE', #347, #1237, #3187 ) ;
#1712 = CARTESIAN_POINT ( 'NONE',  ( 1.300713685312848900, -1.941196673231943400, 0.6011100325224259000 ) ) ;
#1713 = EDGE_CURVE ( 'NONE', #2726, #915, #2990, .T. ) ;
#1714 = ORIENTED_EDGE ( 'NONE', *, *, #3706, .F. ) ;
#1715 = CARTESIAN_POINT ( 'NONE',  ( 1.085454753969159500, -2.000000000000000400, 0.05696983597948857000 ) ) ;
#1716 = DIRECTION ( 'NONE',  ( 4.362829542081668900E-016, 1.457167719820517700E-016, -1.000000000000000000 ) ) ;
#1717 = CARTESIAN_POINT ( 'NONE',  ( 1.343462271940650600, -1.797832757222623400, 0.1705074544559457800 ) ) ;
#1718 = DIRECTION ( 'NONE',  ( 0.0000000000000000000, 0.0000000000000000000, -1.000000000000000000 ) ) ;
#1719 = VECTOR ( 'NONE', #3331, 1000.000000000000000 ) ;
#1720 = CARTESIAN_POINT ( 'NONE',  ( -1.282648510248268300, -0.9360013669937666800, 0.9977032053051090300 ) ) ;
#1721 = ORIENTED_EDGE ( 'NONE', *, *, #4602, .F. ) ;
#1722 = CARTESIAN_POINT ( 'NONE',  ( -1.512634786965261200, -1.949315617320311200, 0.01410812884277648300 ) ) ;
#1723 = AXIS2_PLACEMENT_3D ( 'NONE', #4298, #2851, #5255 ) ;
#1724 = DIRECTION ( 'NONE',  ( 1.000000000000000000, 0.0000000000000000000, 0.0000000000000000000 ) ) ;
#1725 = ADVANCED_FACE ( 'NONE', ( #3291 ), #5343, .T. ) ;
#1726 = FACE_OUTER_BOUND ( 'NONE', #4345, .T. ) ;
#1727 = DIRECTION ( 'NONE',  ( 1.000000000000000000, 0.0000000000000000000, 0.0000000000000000000 ) ) ;
#1728 = CARTESIAN_POINT ( 'NONE',  ( -1.298030297383069300, -1.822349851060083300, 0.1798149574845336900 ) ) ;
#1729 = VECTOR ( 'NONE', #2120, 1000.000000000000000 ) ;
#1730 = CARTESIAN_POINT ( 'NONE',  ( 1.058578643762690500, -2.000000000000000400, 0.6000000000000000900 ) ) ;
#1731 = ORIENTED_EDGE ( 'NONE', *, *, #3762, .T. ) ;
#1732 = LINE ( 'NONE', #3079, #1493 ) ;
#1733 = CIRCLE ( 'NONE', #4791, 0.5000000000000000000 ) ;
#1734 = DIRECTION ( 'NONE',  ( 0.0000000000000000000, 0.0000000000000000000, -1.000000000000000000 ) ) ;
#1735 = DIRECTION ( 'NONE',  ( 0.6396021490668840600, 0.6396021490668851700, -0.4264014327110609600 ) ) ;
#1736 = DIRECTION ( 'NONE',  ( 1.000000000000000000, 0.0000000000000000000, -0.0000000000000000000 ) ) ;
#1737 = DIRECTION ( 'NONE',  ( 1.000000000000000000, 7.403395523294500400E-015, 0.0000000000000000000 ) ) ;
#1738 = ORIENTED_EDGE ( 'NONE', *, *, #2959, .F. ) ;
#1739 = CARTESIAN_POINT ( 'NONE',  ( 1.334818974438357200, -2.091397985222282600, 0.1420787983501207400 ) ) ;
#1740 = FACE_OUTER_BOUND ( 'NONE', #2773, .T. ) ;
#1741 = EDGE_CURVE ( 'NONE', #1695, #5294, #42, .T. ) ;
#1742 = EDGE_LOOP ( 'NONE', ( #5455, #2325, #4466, #3996, #5748, #2756, #5666, #2640 ) ) ;
#1743 = CARTESIAN_POINT ( 'NONE',  ( 1.355470019625613500, 1.792460257040340700, 0.1630199869215777600 ) ) ;
#1744 = CLOSED_SHELL ( 'NONE', ( #4017, #4916, #2837, #3802 ) ) ;
#1745 = CARTESIAN_POINT ( 'NONE',  ( 1.129289321881346500, 1.970710678118654300, 0.6000000000000003100 ) ) ;
#1746 = EDGE_CURVE ( 'NONE', #2717, #5088, #4272, .T. ) ;
#1747 = DIRECTION ( 'NONE',  ( 0.0000000000000000000, 0.0000000000000000000, -1.000000000000000000 ) ) ;
#1748 = ORIENTED_EDGE ( 'NONE', *, *, #1741, .T. ) ;
#1749 = DIRECTION ( 'NONE',  ( -1.000000000000000000, 0.0000000000000000000, 0.0000000000000000000 ) ) ;
#1750 = CARTESIAN_POINT ( 'NONE',  ( 1.129289321881345600, -1.970710678118655000, 1.699999999999999700 ) ) ;
#1751 = CARTESIAN_POINT ( 'NONE',  ( -4.047688110612548600E-016, -2.023844055306274300E-016, 1.210000000000000200 ) ) ;
#1752 = CARTESIAN_POINT ( 'NONE',  ( -2.023844055306274300E-016, -1.011922027653137100E-016, 0.9300000000000000500 ) ) ;
#1753 = CARTESIAN_POINT ( 'NONE',  ( 1.302831678719193600, -1.955096157422869800, 0.5608307523830009500 ) ) ;
#1754 = FACE_OUTER_BOUND ( 'NONE', #3089, .T. ) ;
#1755 = DIRECTION ( 'NONE',  ( 6.938893903907228400E-017, -4.510281037539698400E-017, -1.000000000000000000 ) ) ;
#1756 = CARTESIAN_POINT ( 'NONE',  ( -1.546330444762441100, -1.638947555424209700, 0.8863129220205018300 ) ) ;
#1757 = CARTESIAN_POINT ( 'NONE',  ( 1.425639175826063400, -1.883139273471979000, 0.5602808843468617400 ) ) ;
#1758 = CARTESIAN_POINT ( 'NONE',  ( -1.557106781186549300, -2.249999999999998700, 0.6000000000000003100 ) ) ;
#1759 = CARTESIAN_POINT ( 'NONE',  ( 1.461119721069397400, -2.016816910928194200, 0.03482372042574585800 ) ) ;
#1760 = CARTESIAN_POINT ( 'NONE',  ( -1.203553390593275400, 1.896446609406725200, 0.1357022603955296600 ) ) ;
#1761 = CARTESIAN_POINT ( 'NONE',  ( 1.899999999999999900, 1.749999999999998900, -0.02000000000000000000 ) ) ;
#1762 = TOROIDAL_SURFACE ( 'NONE', #1840, 1.125000000000000200, 0.06999999999999996500 ) ;
#1763 = PERSON_AND_ORGANIZATION ( #158, #6139 ) ;
#1764 = VERTEX_POINT ( 'NONE', #3660 ) ;
#1765 = DIRECTION ( 'NONE',  ( 4.362829542081668900E-016, 1.457167719820517700E-016, -1.000000000000000000 ) ) ;
#1766 = FACE_OUTER_BOUND ( 'NONE', #4998, .T. ) ;
#1767 = ORIENTED_EDGE ( 'NONE', *, *, #2398, .F. ) ;
#1768 = LINE ( 'NONE', #5003, #4867 ) ;
#1769 = VERTEX_POINT ( 'NONE', #1074 ) ;
#1770 = DIRECTION ( 'NONE',  ( 0.0000000000000000000, -1.000000000000000000, 0.0000000000000000000 ) ) ;
#1771 = DIRECTION ( 'NONE',  ( -0.0000000000000000000, -0.0000000000000000000, -1.000000000000000000 ) ) ;
#1772 = ORIENTED_EDGE ( 'NONE', *, *, #1571, .T. ) ;
#1773 = PLANE ( 'NONE',  #2327 ) ;
#1774 = CARTESIAN_POINT ( 'NONE',  ( 1.028710641873837400, -0.1824770193411158500, 0.5789848304666097600 ) ) ;
#1775 = CARTESIAN_POINT ( 'NONE',  ( -1.464685523016919300, -1.932280669817684200, 0.5425692145625740100 ) ) ;
#1776 = DIRECTION ( 'NONE',  ( -1.000000000000000000, 0.0000000000000000000, 0.0000000000000000000 ) ) ;
#1777 = EDGE_CURVE ( 'NONE', #278, #4054, #2307, .T. ) ;
#1778 = ORIENTED_EDGE ( 'NONE', *, *, #1864, .T. ) ;
#1779 = VECTOR ( 'NONE', #817, 1000.000000000000000 ) ;
#1780 =( LENGTH_UNIT ( ) NAMED_UNIT ( * ) SI_UNIT ( .MILLI., .METRE. ) );
#1781 = DIRECTION ( 'NONE',  ( -0.7071067811865482400, 0.7071067811865469100, 0.0000000000000000000 ) ) ;
#1782 = EDGE_LOOP ( 'NONE', ( #4505, #3358, #5252, #1579 ) ) ;
#1783 = DIRECTION ( 'NONE',  ( -0.0000000000000000000, -0.0000000000000000000, 1.000000000000000000 ) ) ;
#1784 = EDGE_LOOP ( 'NONE', ( #250, #4279, #2821, #4755 ) ) ;
#1785 = EDGE_CURVE ( 'NONE', #538, #2, #2242, .T. ) ;
#1786 = CARTESIAN_POINT ( 'NONE',  ( -2.023844055306274300E-016, -1.011922027653137100E-016, 0.9300000000000000500 ) ) ;
#1787 = CARTESIAN_POINT ( 'NONE',  ( 1.244529980377501400, -1.859749127360381700, 0.1630199869183413000 ) ) ;
#1788 = EDGE_LOOP ( 'NONE', ( #6148, #4917, #2411, #4039 ) ) ;
#1789 = CARTESIAN_POINT ( 'NONE',  ( -1.360700686144989700, -1.783301885634721600, 0.2348346365212607100 ) ) ;
#1790 = EDGE_CURVE ( 'NONE', #73, #2946, #1471, .T. ) ;
#1791 = DIRECTION ( 'NONE',  ( -1.000000000000000000, 0.0000000000000000000, 0.0000000000000000000 ) ) ;
#1792 = DIRECTION ( 'NONE',  ( -0.0000000000000000000, -0.0000000000000000000, -1.000000000000000000 ) ) ;
#1793 = CARTESIAN_POINT ( 'NONE',  ( 1.297543057746083100, -1.927128637055760500, 0.5964939582519620500 ) ) ;
#1794 = ORIENTED_EDGE ( 'NONE', *, *, #4078, .F. ) ;
#1795 = CARTESIAN_POINT ( 'NONE',  ( -1.464685523016919600, -1.932280669817684400, 0.5897697142106247400 ) ) ;
#1796 = DIRECTION ( 'NONE',  ( 0.0000000000000000000, 0.0000000000000000000, -1.000000000000000000 ) ) ;
#1797 = CARTESIAN_POINT ( 'NONE',  ( -1.899999999999999900, 1.749999999999998900, 0.1000000000000000100 ) ) ;
#1798 = VERTEX_POINT ( 'NONE', #1277 ) ;
#1799 = CARTESIAN_POINT ( 'NONE',  ( -1.464685523016919300, -1.932280669817684200, 0.2114833302046589300 ) ) ;
#1800 = ORIENTED_EDGE ( 'NONE', *, *, #301, .F. ) ;
#1801 = AXIS2_PLACEMENT_3D ( 'NONE', #925, #5237, #6186 ) ;
#1802 = DIRECTION ( 'NONE',  ( 0.7071067811865482400, 0.7071067811865469100, 0.0000000000000000000 ) ) ;
#1803 = ORIENTED_EDGE ( 'NONE', *, *, #4829, .F. ) ;
#1804 = VERTEX_POINT ( 'NONE', #5658 ) ;
#1805 = CARTESIAN_POINT ( 'NONE',  ( 1.750000000000000000, -1.208578643762689800, 1.699999999999999700 ) ) ;
#1806 = AXIS2_PLACEMENT_3D ( 'NONE', #5501, #2069, #102 ) ;
#1807 = DIRECTION ( 'NONE',  ( 0.0000000000000000000, 0.0000000000000000000, -1.000000000000000000 ) ) ;
#1808 = ORIENTED_EDGE ( 'NONE', *, *, #5598, .T. ) ;
#1809 = ORIENTED_EDGE ( 'NONE', *, *, #2347, .T. ) ;
#1810 = CARTESIAN_POINT ( 'NONE',  ( 1.296768966900523600, -1.913324965243767400, 0.5674349300766441400 ) ) ;
#1811 = CARTESIAN_POINT ( 'NONE',  ( 3.763654892137477500, 1.881827446068738500, 0.6956689149482788700 ) ) ;
#1812 = CARTESIAN_POINT ( 'NONE',  ( -1.058578643762691200, 1.899999999999999500, 1.699999999999999700 ) ) ;
#1813 = ORIENTED_EDGE ( 'NONE', *, *, #3679, .T. ) ;
#1814 = EDGE_CURVE ( 'NONE', #3688, #4206, #7, .T. ) ;
#1815 = DIRECTION ( 'NONE',  ( 0.0000000000000000000, 0.0000000000000000000, -1.000000000000000000 ) ) ;
#1816 = CARTESIAN_POINT ( 'NONE',  ( 0.5500000000002437400, -2.549999999999757800, -0.2999999999996260700 ) ) ;
#1817 = CARTESIAN_POINT ( 'NONE',  ( -1.355470019625603500, -1.792460257040345200, 0.1630199869215774900 ) ) ;
#1818 = ORIENTED_EDGE ( 'NONE', *, *, #5513, .T. ) ;
#1819 = CARTESIAN_POINT ( 'NONE',  ( -1.224907149325037400, -1.860931645200115700, 0.09076944199921022100 ) ) ;
#1820 = CARTESIAN_POINT ( 'NONE',  ( 1.361593530652795500, -1.449538258347194100, 0.7015904497329372700 ) ) ;
#1821 = EDGE_CURVE ( 'NONE', #5039, #5055, #1529, .T. ) ;
#1822 = CARTESIAN_POINT ( 'NONE',  ( 0.0000000000000000000, 0.0000000000000000000, 0.6500000000000000200 ) ) ;
#1823 = LINE ( 'NONE', #1169, #888 ) ;
#1824 = ORIENTED_EDGE ( 'NONE', *, *, #2068, .F. ) ;
#1825 = CARTESIAN_POINT ( 'NONE',  ( 1.106392882743374700, -0.3094754058484644500, 0.7231758410277179200 ) ) ;
#1826 = CIRCLE ( 'NONE', #3041, 1.044999999999999900 ) ;
#1827 = VECTOR ( 'NONE', #4316, 1000.000000000000000 ) ;
#1828 = CARTESIAN_POINT ( 'NONE',  ( 1.345854757254300000, -1.795211055119355900, 0.5772604920454181800 ) ) ;
#1829 = EDGE_CURVE ( 'NONE', #4057, #1452, #989, .T. ) ;
#1830 = VERTEX_POINT ( 'NONE', #2655 ) ;
#1831 = AXIS2_PLACEMENT_3D ( 'NONE', #4273, #4793, #4360 ) ;
#1832 = DIRECTION ( 'NONE',  ( 0.0000000000000000000, 0.0000000000000000000, -1.000000000000000000 ) ) ;
#1833 = FACE_OUTER_BOUND ( 'NONE', #4094, .T. ) ;
#1834 = EDGE_LOOP ( 'NONE', ( #603, #1697, #596, #785, #3109 ) ) ;
#1835 = DIRECTION ( 'NONE',  ( -0.0000000000000000000, -0.0000000000000000000, 1.000000000000000000 ) ) ;
#1836 = LINE ( 'NONE', #1102, #3112 ) ;
#1837 = CARTESIAN_POINT ( 'NONE',  ( -3.035766082959411400E-016, -1.517883041479705700E-016, 1.070000000000000100 ) ) ;
#1838 = ORIENTED_EDGE ( 'NONE', *, *, #1862, .T. ) ;
#1839 = CYLINDRICAL_SURFACE ( 'NONE', #408, 0.5000000000000000000 ) ;
#1840 = AXIS2_PLACEMENT_3D ( 'NONE', #489, #3357, #1389 ) ;
#1841 = CARTESIAN_POINT ( 'NONE',  ( 1.355470019622536000, -2.000000000000000400, 0.1630199869183228700 ) ) ;
#1842 = ORIENTED_EDGE ( 'NONE', *, *, #3600, .T. ) ;
#1843 = CARTESIAN_POINT ( 'NONE',  ( -1.058578643762691200, 1.999999999999999600, 0.03905242917518446400 ) ) ;
#1844 = CARTESIAN_POINT ( 'NONE',  ( 1.600000000000000100, -2.000000000000000400, 3.490496710497053400E-018 ) ) ;
#1845 = ORIENTED_EDGE ( 'NONE', *, *, #5391, .F. ) ;
#1846 = FACE_OUTER_BOUND ( 'NONE', #3944, .T. ) ;
#1847 = ORIENTED_EDGE ( 'NONE', *, *, #5031, .T. ) ;
#1848 = DIRECTION ( 'NONE',  ( 0.7071067811865469100, -0.7071067811865482400, 0.0000000000000000000 ) ) ;
#1849 = CARTESIAN_POINT ( 'NONE',  ( 1.305661686275533900, -1.965974439481239300, 0.5812851643276431000 ) ) ;
#1850 = VERTEX_POINT ( 'NONE', #1599 ) ;
#1851 = CARTESIAN_POINT ( 'NONE',  ( 0.0000000000000000000, 0.0000000000000000000, 0.6000000000000000900 ) ) ;
#1852 = ORIENTED_EDGE ( 'NONE', *, *, #5888, .F. ) ;
#1853 = CARTESIAN_POINT ( 'NONE',  ( 1.353174558204229600, -1.852939304176711300, 0.5540068773940669500 ) ) ;
#1854 = LINE ( 'NONE', #208, #920 ) ;
#1855 = CARTESIAN_POINT ( 'NONE',  ( 1.326499913244675100, -1.749571398406479400, 0.06977255347966870900 ) ) ;
#1856 = CARTESIAN_POINT ( 'NONE',  ( 3.665566706251936600, -1.832783353125968500, 1.319999999999999400 ) ) ;
#1857 = ORIENTED_EDGE ( 'NONE', *, *, #1451, .F. ) ;
#1858 = CARTESIAN_POINT ( 'NONE',  ( 1.299484525336618100, -1.940901889376029500, 0.5691280239159236500 ) ) ;
#1859 = DIRECTION ( 'NONE',  ( -1.000000000000000000, 0.0000000000000000000, 0.0000000000000000000 ) ) ;
#1860 = CIRCLE ( 'NONE', #3299, 0.06999999999999981200 ) ;
#1861 = AXIS2_PLACEMENT_3D ( 'NONE', #4446, #1606, #3495 ) ;
#1862 = EDGE_CURVE ( 'NONE', #6199, #5788, #1307, .T. ) ;
#1863 = CARTESIAN_POINT ( 'NONE',  ( 1.203553390593275400, 1.896446609406725200, 0.1357022603955299300 ) ) ;
#1864 = EDGE_CURVE ( 'NONE', #2705, #1945, #2518, .T. ) ;
#1865 = CARTESIAN_POINT ( 'NONE',  ( 1.058578643762690500, -2.000000000000000400, 0.03905242917518403400 ) ) ;
#1866 = CARTESIAN_POINT ( 'NONE',  ( -1.574460166694045200, -1.939090046622425200, 0.7369001666881761500 ) ) ;
#1867 = VERTEX_POINT ( 'NONE', #4160 ) ;
#1868 = ORIENTED_EDGE ( 'NONE', *, *, #5184, .F. ) ;
#1869 = EDGE_CURVE ( 'NONE', #198, #1769, #5498, .T. ) ;
#1870 = DIRECTION ( 'NONE',  ( 1.000000000000000000, 0.0000000000000000000, 0.0000000000000000000 ) ) ;
#1871 = CARTESIAN_POINT ( 'NONE',  ( 1.306074963723161900, -1.968524659881149900, 0.5648022683477579300 ) ) ;
#1872 = PRODUCT_DEFINITION_FORMATION_WITH_SPECIFIED_SOURCE ( 'ANY', '', #2550, .NOT_KNOWN. ) ;
#1873 = CARTESIAN_POINT ( 'NONE',  ( 1.330576321086307500, -1.294873058718559500, 0.7471399340590185700 ) ) ;
#1874 = CARTESIAN_POINT ( 'NONE',  ( -1.464685523016919300, -1.932280669817684200, 0.5425692145625740100 ) ) ;
#1875 = DIRECTION ( 'NONE',  ( 0.4999999999999992800, -0.4999999999999977200, -0.7071067811865496800 ) ) ;
#1876 = CARTESIAN_POINT ( 'NONE',  ( 0.0000000000000000000, -1.832783353125968500, 1.319999999999999600 ) ) ;
#1877 = FACE_BOUND ( 'NONE', #473, .T. ) ;
#1878 = CIRCLE ( 'NONE', #5851, 0.1000000000000000500 ) ;
#1879 = CARTESIAN_POINT ( 'NONE',  ( 1.345854757254300000, -1.795211055119355900, 0.5772604920454181800 ) ) ;
#1880 = CARTESIAN_POINT ( 'NONE',  ( -1.353531742865372400, 1.793318096522787700, 0.1642879330264814300 ) ) ;
#1881 = ADVANCED_FACE ( 'NONE', ( #4187 ), #3593, .T. ) ;
#1882 = CARTESIAN_POINT ( 'NONE',  ( 1.268636311931321100, -1.809389225325525500, 0.2113772390490840600 ) ) ;
#1883 = CARTESIAN_POINT ( 'NONE',  ( 1.899999999999999900, 1.649999999999998800, 0.1000000000000000100 ) ) ;
#1884 = DIRECTION ( 'NONE',  ( -1.000000000000000000, 0.0000000000000000000, 0.0000000000000000000 ) ) ;
#1885 = VERTEX_POINT ( 'NONE', #1341 ) ;
#1886 = CARTESIAN_POINT ( 'NONE',  ( 0.0000000000000000000, -1.810879325615313500, 0.7905328344508526500 ) ) ;
#1887 = CONICAL_SURFACE ( 'NONE', #2056, 0.09999999999999939500, 0.7853981633974439500 ) ;
#1888 = ORIENTED_EDGE ( 'NONE', *, *, #2915, .F. ) ;
#1889 = CARTESIAN_POINT ( 'NONE',  ( -1.579659899926934200, -1.994570896731246300, 0.6515034744142016400 ) ) ;
#1890 = AXIS2_PLACEMENT_3D ( 'NONE', #5910, #3964, #3445 ) ;
#1891 = VERTEX_POINT ( 'NONE', #3775 ) ;
#1892 = CARTESIAN_POINT ( 'NONE',  ( 1.305923975259979200, -1.967540634311479400, 0.5736623775203350000 ) ) ;
#1893 = EDGE_CURVE ( 'NONE', #86, #4014, #3367, .T. ) ;
#1894 = CARTESIAN_POINT ( 'NONE',  ( 1.440616794131858200, -1.919673446130141900, 0.5796993309886033800 ) ) ;
#1895 = ORIENTED_EDGE ( 'NONE', *, *, #3149, .T. ) ;
#1896 = CARTESIAN_POINT ( 'NONE',  ( 1.249170397685975200, -1.226203273753890200, 0.6216115550296231800 ) ) ;
#1897 = CIRCLE ( 'NONE', #5070, 0.06999999999999996500 ) ;
#1898 = EDGE_CURVE ( 'NONE', #3084, #2672, #2635, .T. ) ;
#1899 = DIRECTION ( 'NONE',  ( -1.000000000000000000, 0.0000000000000000000, 0.0000000000000000000 ) ) ;
#1900 = CARTESIAN_POINT ( 'NONE',  ( -3.035766082959411400E-016, -1.517883041479705700E-016, 1.070000000000000100 ) ) ;
#1901 = CARTESIAN_POINT ( 'NONE',  ( 1.000000000000000000, -2.000000000000000400, -0.02000000000000000000 ) ) ;
#1902 = VERTEX_POINT ( 'NONE', #3296 ) ;
#1903 = DIRECTION ( 'NONE',  ( -0.4999999999999977800, -0.4999999999999962800, -0.7071067811865517900 ) ) ;
#1904 = EDGE_CURVE ( 'NONE', #1039, #3831, #6017, .T. ) ;
#1905 = DIRECTION ( 'NONE',  ( -0.5000000000000030000, -0.5000000000000020000, 0.7071067811865441300 ) ) ;
#1906 = ADVANCED_FACE ( 'NONE', ( #3284 ), #1164, .F. ) ;
#1907 = ORIENTED_EDGE ( 'NONE', *, *, #3606, .F. ) ;
#1908 = CARTESIAN_POINT ( 'NONE',  ( 1.355470019622533300, -1.792460257042104000, 0.1630199869183182000 ) ) ;
#1909 = CARTESIAN_POINT ( 'NONE',  ( 1.306105469909717400, -1.968692488278871400, 0.5612411302228633700 ) ) ;
#1910 = DIRECTION ( 'NONE',  ( -0.0000000000000000000, -0.0000000000000000000, 1.000000000000000000 ) ) ;
#1911 = ORIENTED_EDGE ( 'NONE', *, *, #4078, .T. ) ;
#1912 = CARTESIAN_POINT ( 'NONE',  ( 1.092702632253120600, -0.1596882989499751300, 0.7039556246156111200 ) ) ;
#1913 = CARTESIAN_POINT ( 'NONE',  ( -1.214622497726739900, -0.4286024492344892000, 0.7785882319737785800 ) ) ;
#1914 = LINE ( 'NONE', #1185, #762 ) ;
#1915 = EDGE_LOOP ( 'NONE', ( #3560, #3605, #1845, #5987 ) ) ;
#1916 = CARTESIAN_POINT ( 'NONE',  ( 1.352926781540194900, -1.849036744825161400, 0.5555325965690588500 ) ) ;
#1917 = CARTESIAN_POINT ( 'NONE',  ( -1.899999999999999900, 1.749999999999998900, -2.699999999999999700 ) ) ;
#1918 = ORIENTED_EDGE ( 'NONE', *, *, #5056, .F. ) ;
#1919 = TOROIDAL_SURFACE ( 'NONE', #5965, 1.275000000000000100, 0.06999999999999996500 ) ;
#1920 = EDGE_LOOP ( 'NONE', ( #1190, #2877 ) ) ;
#1921 = DIRECTION ( 'NONE',  ( 0.5000000000000018900, -0.5000000000000008900, 0.7071067811865456900 ) ) ;
#1922 = ORIENTED_EDGE ( 'NONE', *, *, #6158, .F. ) ;
#1923 = CARTESIAN_POINT ( 'NONE',  ( -1.313415811884704100, -1.264286679699174100, 0.9815025937466013200 ) ) ;
#1924 = CYLINDRICAL_SURFACE ( 'NONE', #3636, 0.1000000000000000500 ) ;
#1925 = ORIENTED_EDGE ( 'NONE', *, *, #4609, .T. ) ;
#1926 = FACE_OUTER_BOUND ( 'NONE', #4389, .T. ) ;
#1927 = CARTESIAN_POINT ( 'NONE',  ( -1.300000000000000000, -2.000000000000000400, 0.07981495748453368300 ) ) ;
#1928 = ORIENTED_EDGE ( 'NONE', *, *, #34, .F. ) ;
#1929 = CARTESIAN_POINT ( 'NONE',  ( -2.023844055306274300E-016, -1.011922027653137100E-016, 0.9300000000000000500 ) ) ;
#1930 = DIRECTION ( 'NONE',  ( -1.000000000000000000, -1.224646799147354200E-016, 0.0000000000000000000 ) ) ;
#1931 = ORIENTED_EDGE ( 'NONE', *, *, #2764, .T. ) ;
#1932 = CARTESIAN_POINT ( 'NONE',  ( 1.244529980377501400, 1.859749127360379700, 0.1630199869183413000 ) ) ;
#1933 = AXIS2_PLACEMENT_3D ( 'NONE', #6114, #4155, #1249 ) ;
#1934 = EDGE_CURVE ( 'NONE', #546, #553, #3727, .T. ) ;
#1935 = CARTESIAN_POINT ( 'NONE',  ( 1.299359624508204600, -1.940095398275226300, 0.5730948019558472800 ) ) ;
#1936 = CARTESIAN_POINT ( 'NONE',  ( 1.058578643762690500, -2.000000000000000400, 1.800000000000000000 ) ) ;
#1937 = ADVANCED_FACE ( 'NONE', ( #706 ), #2704, .T. ) ;
#1938 = EDGE_LOOP ( 'NONE', ( #615, #5221, #5401, #3965 ) ) ;
#1939 = AXIS2_PLACEMENT_3D ( 'NONE', #6242, #837, #4233 ) ;
#1940 = ORIENTED_EDGE ( 'NONE', *, *, #2607, .F. ) ;
#1941 = EDGE_CURVE ( 'NONE', #5901, #2917, #5121, .T. ) ;
#1942 = CARTESIAN_POINT ( 'NONE',  ( -4.047688110612548600E-016, -2.023844055306274300E-016, 1.210000000000000200 ) ) ;
#1943 = DIRECTION ( 'NONE',  ( -1.000000000000000000, 0.0000000000000000000, -0.0000000000000000000 ) ) ;
#1944 = ORIENTED_EDGE ( 'NONE', *, *, #4327, .T. ) ;
#1945 = VERTEX_POINT ( 'NONE', #3477 ) ;
#1946 = DIRECTION ( 'NONE',  ( -0.4999999999999985000, -0.4999999999999970000, 0.7071067811865506800 ) ) ;
#1947 = TOROIDAL_SURFACE ( 'NONE', #210, 0.9750000000000000900, 0.06999999999999996500 ) ;
#1948 = DIRECTION ( 'NONE',  ( -0.0000000000000000000, -0.0000000000000000000, -1.000000000000000000 ) ) ;
#1949 = AXIS2_PLACEMENT_3D ( 'NONE', #5937, #4546, #2057 ) ;
#1950 = CARTESIAN_POINT ( 'NONE',  ( 1.045579690903999200, -0.2622087176979544000, 0.7382046788820019200 ) ) ;
#1951 = CARTESIAN_POINT ( 'NONE',  ( 1.302393996091100200, -1.952165345198809900, 0.5799923892506452200 ) ) ;
#1952 = ORIENTED_EDGE ( 'NONE', *, *, #2095, .T. ) ;
#1953 = CARTESIAN_POINT ( 'NONE',  ( 1.390174152102960000, -2.020770423134048900, 0.5644881511685615500 ) ) ;
#1954 = CARTESIAN_POINT ( 'NONE',  ( -1.450000000000000200, 1.761606575163160000, 0.1000000000000000100 ) ) ;
#1955 = CARTESIAN_POINT ( 'NONE',  ( 1.424238574069318900, -1.867784089423178800, 0.5839388374787507500 ) ) ;
#1956 = EDGE_LOOP ( 'NONE', ( #6169, #212, #426, #2590, #1115, #499, #1386, #4970 ) ) ;
#1957 = CARTESIAN_POINT ( 'NONE',  ( 1.850000000000000100, -1.249999999999998900, 1.699999999999999700 ) ) ;
#1958 = VERTEX_POINT ( 'NONE', #1547 ) ;
#1959 = CARTESIAN_POINT ( 'NONE',  ( -1.385901719866381000, 1.779049073466251400, 0.1427321867557458900 ) ) ;
#1960 = CARTESIAN_POINT ( 'NONE',  ( -2.000000000000000000, 1.999999999999999600, 1.800000000000000000 ) ) ;
#1961 = CARTESIAN_POINT ( 'NONE',  ( 0.0000000000000000000, -1.832783353125968500, 1.319999999999999600 ) ) ;
#1962 = CARTESIAN_POINT ( 'NONE',  ( -1.750000000000000700, 0.0000000000000000000, 1.800000000000000000 ) ) ;
#1963 = AXIS2_PLACEMENT_3D ( 'NONE', #3392, #460, #6263 ) ;
#1964 = ADVANCED_FACE ( 'NONE', ( #5714 ), #4065, .T. ) ;
#1965 = ORIENTED_EDGE ( 'NONE', *, *, #1821, .F. ) ;
#1966 = DIRECTION ( 'NONE',  ( -1.000000000000000000, 0.0000000000000000000, 0.0000000000000000000 ) ) ;
#1967 = CARTESIAN_POINT ( 'NONE',  ( 0.0000000000000000000, 0.0000000000000000000, 0.6000000000000003100 ) ) ;
#1968 = CARTESIAN_POINT ( 'NONE',  ( 1.443962131362207500, -1.959202465590786500, 0.5946010793962562800 ) ) ;
#1969 = VECTOR ( 'NONE', #4392, 1000.000000000000000 ) ;
#1970 = AXIS2_PLACEMENT_3D ( 'NONE', #2324, #5715, #1365 ) ;
#1971 = CARTESIAN_POINT ( 'NONE',  ( 1.214212503234918300, -1.028611453886622700, 0.7880718902310129800 ) ) ;
#1972 = EDGE_CURVE ( 'NONE', #4189, #5793, #1234, .T. ) ;
#1973 = LINE ( 'NONE', #4695, #2743 ) ;
#1974 = DIRECTION ( 'NONE',  ( -0.0000000000000000000, -0.0000000000000000000, -1.000000000000000000 ) ) ;
#1975 = FACE_OUTER_BOUND ( 'NONE', #3128, .T. ) ;
#1976 = ORIENTED_EDGE ( 'NONE', *, *, #2422, .F. ) ;
#1977 = EDGE_CURVE ( 'NONE', #2221, #696, #3360, .T. ) ;
#1978 = DIRECTION ( 'NONE',  ( -1.000000000000000000, 0.0000000000000000000, 0.0000000000000000000 ) ) ;
#1979 = PLANE ( 'NONE',  #808 ) ;
#1980 = DIRECTION ( 'NONE',  ( -1.000000000000000000, 0.0000000000000000000, 0.0000000000000000000 ) ) ;
#1981 = CARTESIAN_POINT ( 'NONE',  ( -1.224907149325037400, -1.860931645200115700, 0.09076944199921022100 ) ) ;
#1982 = VECTOR ( 'NONE', #1628, 1000.000000000000000 ) ;
#1983 = CARTESIAN_POINT ( 'NONE',  ( 0.0000000000000000000, 0.0000000000000000000, 0.0000000000000000000 ) ) ;
#1984 = EDGE_CURVE ( 'NONE', #4538, #909, #1255, .T. ) ;
#1985 = VERTEX_POINT ( 'NONE', #3354 ) ;
#1986 = CARTESIAN_POINT ( 'NONE',  ( 1.203553390593275400, -1.896446609406725200, 0.6000000000000003100 ) ) ;
#1987 = ORIENTED_EDGE ( 'NONE', *, *, #6087, .T. ) ;
#1988 = DIRECTION ( 'NONE',  ( 0.0000000000000000000, 0.0000000000000000000, 1.000000000000000000 ) ) ;
#1989 = CARTESIAN_POINT ( 'NONE',  ( -4.047688110612548600E-016, -2.023844055306274300E-016, 1.210000000000000200 ) ) ;
#1990 = ORIENTED_EDGE ( 'NONE', *, *, #5813, .F. ) ;
#1991 = FACE_OUTER_BOUND ( 'NONE', #2355, .T. ) ;
#1992 = APPROVAL_ROLE ( '' ) ;
#1993 = FACE_OUTER_BOUND ( 'NONE', #2730, .T. ) ;
#1994 = CARTESIAN_POINT ( 'NONE',  ( 1.557106781186549300, 1.749999999999998400, -0.02000000000000000000 ) ) ;
#1995 = VERTEX_POINT ( 'NONE', #2430 ) ;
#1996 = CARTESIAN_POINT ( 'NONE',  ( -1.350000000000001400, 1.749999999999998700, 1.699999999999999700 ) ) ;
#1997 = VERTEX_POINT ( 'NONE', #4860 ) ;
#1998 = CARTESIAN_POINT ( 'NONE',  ( 1.427218982682533700, -1.860049838691349800, 0.6824711347584450100 ) ) ;
#1999 = EDGE_LOOP ( 'NONE', ( #3259, #5512, #3203 ) ) ;
#2000 = CARTESIAN_POINT ( 'NONE',  ( -1.450000000000000200, 1.761606575163160000, 0.1000000000000000100 ) ) ;
#2001 = ORIENTED_EDGE ( 'NONE', *, *, #2770, .T. ) ;
#2002 = CARTESIAN_POINT ( 'NONE',  ( 1.388819894105042300, -1.596232054442273200, 0.6911574711907895200 ) ) ;
#2003 = ORIENTED_EDGE ( 'NONE', *, *, #5896, .T. ) ;
#2004 = CARTESIAN_POINT ( 'NONE',  ( -1.278290794087341600, -0.4164822905504714200, 0.9210643695969357200 ) ) ;
#2005 = CARTESIAN_POINT ( 'NONE',  ( -1.385901719867198100, -1.779049073465984700, 0.1427321867552012700 ) ) ;
#2006 = VERTEX_POINT ( 'NONE', #1444 ) ;
#2007 = ADVANCED_FACE ( 'NONE', ( #1726 ), #2945, .T. ) ;
#2008 = VECTOR ( 'NONE', #2283, 1000.000000000000000 ) ;
#2009 = CARTESIAN_POINT ( 'NONE',  ( 1.420467777014403600, -1.843596253190007900, 0.08366854218829920800 ) ) ;
#2010 = CARTESIAN_POINT ( 'NONE',  ( -1.557106781186549300, -2.249999999999998700, 0.1000000000000000100 ) ) ;
#2011 = CARTESIAN_POINT ( 'NONE',  ( -1.425808955202558800, -1.990492459645651500, 0.5425692145625744500 ) ) ;
#2012 = MANIFOLD_SOLID_BREP ( 'Chamfer1', #5119 ) ;
#2013 = ORIENTED_EDGE ( 'NONE', *, *, #2664, .T. ) ;
#2014 = AXIS2_PLACEMENT_3D ( 'NONE', #3267, #389, #4742 ) ;
#2015 = ORIENTED_EDGE ( 'NONE', *, *, #1864, .F. ) ;
#2016 = VECTOR ( 'NONE', #4362, 1000.000000000000000 ) ;
#2017 = EDGE_CURVE ( 'NONE', #5198, #3571, #4739, .T. ) ;
#2018 = CARTESIAN_POINT ( 'NONE',  ( -1.449589183536988100, -1.907210801709588100, 0.1369347009019311100 ) ) ;
#2019 = CARTESIAN_POINT ( 'NONE',  ( -1.244529980377476500, 1.859749127360403400, 0.1630199869183177300 ) ) ;
#2020 = ORIENTED_EDGE ( 'NONE', *, *, #1977, .T. ) ;
#2021 = CARTESIAN_POINT ( 'NONE',  ( -1.058578643762690700, -2.000000000000000400, 1.320000000000000100 ) ) ;
#2022 = CIRCLE ( 'NONE', #1062, 1.055000000000000200 ) ;
#2023 = CARTESIAN_POINT ( 'NONE',  ( -2.000000000000000000, -1.649999999999998600, 0.0000000000000000000 ) ) ;
#2024 = CARTESIAN_POINT ( 'NONE',  ( -1.435433069539317400, -1.887958567926494100, 0.1213625121987677200 ) ) ;
#2025 = CARTESIAN_POINT ( 'NONE',  ( 1.389855981158072900, -2.018744209378688900, 0.5821696756548441200 ) ) ;
#2026 = CARTESIAN_POINT ( 'NONE',  ( -1.313415811884704100, -1.264286679699174100, 0.9815025937466013200 ) ) ;
#2027 = EDGE_LOOP ( 'NONE', ( #6184, #3799, #5106, #2808, #2147, #327, #3737, #2066 ) ) ;
#2028 = EDGE_CURVE ( 'NONE', #2448, #4983, #5029, .T. ) ;
#2029 = FACE_OUTER_BOUND ( 'NONE', #5726, .T. ) ;
#2030 = CARTESIAN_POINT ( 'NONE',  ( 1.202123598153825600, -0.6006163610572818900, 0.6876641299798830200 ) ) ;
#2031 = CARTESIAN_POINT ( 'NONE',  ( 1.557106781186549300, 1.749999999999998400, 0.0000000000000000000 ) ) ;
#2032 = AXIS2_PLACEMENT_3D ( 'NONE', #752, #693, #5561 ) ;
#2033 = CARTESIAN_POINT ( 'NONE',  ( 1.194189014244751800, -1.307080917043226500, 0.7208097435207798700 ) ) ;
#2034 = FACE_OUTER_BOUND ( 'NONE', #4543, .T. ) ;
#2035 = ORIENTED_EDGE ( 'NONE', *, *, #5302, .T. ) ;
#2036 = EDGE_CURVE ( 'NONE', #1021, #3527, #4571, .T. ) ;
#2037 = CARTESIAN_POINT ( 'NONE',  ( 1.409347536681308200, -1.796212163954271400, 0.07195111063651463100 ) ) ;
#2038 = ORIENTED_EDGE ( 'NONE', *, *, #3222, .T. ) ;
#2039 = VECTOR ( 'NONE', #2244, 1000.000000000000000 ) ;
#2040 = CARTESIAN_POINT ( 'NONE',  ( -1.244529980377476500, 1.859749127360403400, 0.1630199869183177300 ) ) ;
#2041 = DIRECTION ( 'NONE',  ( -1.000000000000000000, 0.0000000000000000000, 0.0000000000000000000 ) ) ;
#2042 = ORIENTED_EDGE ( 'NONE', *, *, #6109, .T. ) ;
#2043 = DIRECTION ( 'NONE',  ( -0.0000000000000000000, -0.0000000000000000000, -1.000000000000000000 ) ) ;
#2044 = ADVANCED_FACE ( 'NONE', ( #4052 ), #5052, .F. ) ;
#2045 = CARTESIAN_POINT ( 'NONE',  ( -1.129289321881346200, 1.970710678118654300, 0.08619288125426587100 ) ) ;
#2046 = FACE_OUTER_BOUND ( 'NONE', #6045, .T. ) ;
#2047 = AXIS2_PLACEMENT_3D ( 'NONE', #6214, #1417, #2328 ) ;
#2048 = CARTESIAN_POINT ( 'NONE',  ( 1.277125046035603200, -1.760028634667826000, 0.7187660879507746800 ) ) ;
#2049 = CARTESIAN_POINT ( 'NONE',  ( -1.379777894012259100, -1.972366222729381400, 0.7512650392872245500 ) ) ;
#2050 = ORIENTED_EDGE ( 'NONE', *, *, #3454, .F. ) ;
#2051 = CARTESIAN_POINT ( 'NONE',  ( 1.275186567876941000, -0.9693518177231619200, 0.7020786500180957700 ) ) ;
#2052 = AXIS2_PLACEMENT_3D ( 'NONE', #2341, #4720, #4239 ) ;
#2053 = EDGE_LOOP ( 'NONE', ( #4603, #85, #1767, #2238 ) ) ;
#2054 = CARTESIAN_POINT ( 'NONE',  ( -1.343462271940647700, 1.797832757222624900, 0.1705074544559407000 ) ) ;
#2055 = DIRECTION ( 'NONE',  ( 1.000000000000000000, 0.0000000000000000000, 0.0000000000000000000 ) ) ;
#2056 = AXIS2_PLACEMENT_3D ( 'NONE', #1805, #3712, #868 ) ;
#2057 = DIRECTION ( 'NONE',  ( -1.000000000000000000, 0.0000000000000000000, -0.0000000000000000000 ) ) ;
#2058 = ORIENTED_EDGE ( 'NONE', *, *, #864, .T. ) ;
#2059 = FACE_OUTER_BOUND ( 'NONE', #4465, .T. ) ;
#2060 = CARTESIAN_POINT ( 'NONE',  ( 1.052885438650124300, -0.4971730615692955300, 0.7312181368160828300 ) ) ;
#2061 = DIRECTION ( 'NONE',  ( -0.0000000000000000000, 1.000000000000000000, -0.0000000000000000000 ) ) ;
#2062 = VECTOR ( 'NONE', #6171, 1000.000000000000000 ) ;
#2063 = CYLINDRICAL_SURFACE ( 'NONE', #3544, 0.1000000000000000500 ) ;
#2064 = DIRECTION ( 'NONE',  ( -1.000000000000000000, 0.0000000000000000000, 0.0000000000000000000 ) ) ;
#2065 = AXIS2_PLACEMENT_3D ( 'NONE', #4560, #3609, #5058 ) ;
#2066 = ORIENTED_EDGE ( 'NONE', *, *, #2017, .F. ) ;
#2067 = CARTESIAN_POINT ( 'NONE',  ( 0.9998343057422646200, -0.3414054622604982300, 0.7144150366276038600 ) ) ;
#2068 = EDGE_CURVE ( 'NONE', #3571, #690, #1558, .T. ) ;
#2069 = DIRECTION ( 'NONE',  ( 6.938893903907228400E-017, -4.510281037539698400E-017, -1.000000000000000000 ) ) ;
#2070 = ORIENTED_EDGE ( 'NONE', *, *, #1582, .T. ) ;
#2071 = ADVANCED_FACE ( 'NONE', ( #1170 ), #724, .T. ) ;
#2072 = CYLINDRICAL_SURFACE ( 'NONE', #1503, 0.1000000000000000500 ) ;
#2073 = CARTESIAN_POINT ( 'NONE',  ( -1.899999999999999900, -1.749999999999998900, -0.02000000000000000000 ) ) ;
#2074 = ORIENTED_EDGE ( 'NONE', *, *, #3159, .F. ) ;
#2075 = VERTEX_POINT ( 'NONE', #927 ) ;
#2076 = ORIENTED_EDGE ( 'NONE', *, *, #715, .F. ) ;
#2077 = VECTOR ( 'NONE', #2460, 1000.000000000000000 ) ;
#2078 = EDGE_CURVE ( 'NONE', #5240, #4198, #4286, .T. ) ;
#2079 = ORIENTED_EDGE ( 'NONE', *, *, #229, .F. ) ;
#2080 = ORIENTED_EDGE ( 'NONE', *, *, #5998, .T. ) ;
#2081 = DIRECTION ( 'NONE',  ( -0.5547001962250534000, 0.0000000000000000000, -0.8320502943379608500 ) ) ;
#2082 = EDGE_LOOP ( 'NONE', ( #5075, #3317, #4637 ) ) ;
#2083 = CARTESIAN_POINT ( 'NONE',  ( 1.058578643762690500, -2.000000000000000400, 0.03905242917518403400 ) ) ;
#2084 = FACE_OUTER_BOUND ( 'NONE', #3185, .T. ) ;
#2085 = CARTESIAN_POINT ( 'NONE',  ( 1.203553390593275400, -1.896446609406725200, 0.6000000000000003100 ) ) ;
#2086 = ORIENTED_EDGE ( 'NONE', *, *, #6077, .T. ) ;
#2087 = CARTESIAN_POINT ( 'NONE',  ( 1.302393996091100200, -1.952165345198809900, 0.5799923892506452200 ) ) ;
#2088 = LINE ( 'NONE', #247, #779 ) ;
#2089 = AXIS2_PLACEMENT_3D ( 'NONE', #4020, #2665, #4518 ) ;
#2090 = CARTESIAN_POINT ( 'NONE',  ( 1.227324260211954500, -1.493137008067526100, 0.7168860705189041800 ) ) ;
#2091 = VERTEX_POINT ( 'NONE', #661 ) ;
#2092 = DIRECTION ( 'NONE',  ( 0.0000000000000000000, -1.000000000000000000, 0.0000000000000000000 ) ) ;
#2093 = CARTESIAN_POINT ( 'NONE',  ( 1.204999999999999800, 4.637773653194235900E-017, 0.9300000000000000500 ) ) ;
#2094 = CARTESIAN_POINT ( 'NONE',  ( 0.9644895860166088400, -0.1954653338108368900, 0.6217277792630870900 ) ) ;
#2095 = EDGE_CURVE ( 'NONE', #4744, #6027, #3742, .T. ) ;
#2096 = CARTESIAN_POINT ( 'NONE',  ( 1.273050585696832800, -1.828198741644449400, 0.07195111063651593600 ) ) ;
#2097 = CARTESIAN_POINT ( 'NONE',  ( -0.9050000000000003600, -1.011922027653137100E-016, 0.9300000000000000500 ) ) ;
#2098 = ADVANCED_FACE ( 'NONE', ( #3604 ), #640, .T. ) ;
#2099 = DIRECTION ( 'NONE',  ( 1.000000000000000000, 0.0000000000000000000, 0.0000000000000000000 ) ) ;
#2100 = VERTEX_POINT ( 'NONE', #3621 ) ;
#2101 = CLOSED_SHELL ( 'NONE', ( #6212, #3641, #899, #4144 ) ) ;
#2102 = DIRECTION ( 'NONE',  ( 1.000000000000000000, 0.0000000000000000000, 0.0000000000000000000 ) ) ;
#2103 = EDGE_CURVE ( 'NONE', #2339, #926, #263, .T. ) ;
#2104 = CARTESIAN_POINT ( 'NONE',  ( 1.277125046035603200, -1.760028634667826000, 0.7187660879507746800 ) ) ;
#2105 = ORIENTED_EDGE ( 'NONE', *, *, #2136, .T. ) ;
#2106 = DIRECTION ( 'NONE',  ( -0.7071067811865482400, 0.7071067811865469100, 0.0000000000000000000 ) ) ;
#2107 = EDGE_LOOP ( 'NONE', ( #4807, #4276, #4581, #2713 ) ) ;
#2108 = DIRECTION ( 'NONE',  ( 0.0000000000000000000, 0.0000000000000000000, -1.000000000000000000 ) ) ;
#2109 = DIRECTION ( 'NONE',  ( -1.000000000000000000, 0.0000000000000000000, 0.0000000000000000000 ) ) ;
#2110 = CARTESIAN_POINT ( 'NONE',  ( -1.230204462991023600, -1.871223347428907100, 0.1534696419940202200 ) ) ;
#2111 = CARTESIAN_POINT ( 'NONE',  ( 1.216531799096833200, -1.883468200903166900, 0.1443545327312313100 ) ) ;
#2112 = FACE_OUTER_BOUND ( 'NONE', #1782, .T. ) ;
#2113 = EDGE_CURVE ( 'NONE', #998, #6274, #3463, .T. ) ;
#2114 = CARTESIAN_POINT ( 'NONE',  ( -1.370583289059233800, -0.9282153258325106500, 0.8889620089607140900 ) ) ;
#2115 = ORIENTED_EDGE ( 'NONE', *, *, #4459, .T. ) ;
#2116 = CARTESIAN_POINT ( 'NONE',  ( 1.129289321881345300, -1.970710678118655000, 1.699999999999999700 ) ) ;
#2117 = DIRECTION ( 'NONE',  ( 6.938893903907228400E-017, -4.510281037539698400E-017, -1.000000000000000000 ) ) ;
#2118 = CARTESIAN_POINT ( 'NONE',  ( -1.376880059045143100, -1.818453869530699500, 0.2353983609530473600 ) ) ;
#2119 = DIRECTION ( 'NONE',  ( -1.000000000000000000, 0.0000000000000000000, 0.0000000000000000000 ) ) ;
#2120 = DIRECTION ( 'NONE',  ( -1.000000000000000000, 0.0000000000000000000, 0.0000000000000000000 ) ) ;
#2121 = CARTESIAN_POINT ( 'NONE',  ( 1.385901719867211200, 1.779049073465980300, 0.1427321867552046900 ) ) ;
#2122 = CARTESIAN_POINT ( 'NONE',  ( 0.0000000000000000000, 0.0000000000000000000, 1.800000000000000000 ) ) ;
#2123 = CARTESIAN_POINT ( 'NONE',  ( 1.202006208935563200, -1.325547768256761300, 0.7487986102592657500 ) ) ;
#2124 = ADVANCED_FACE ( 'NONE', ( #422 ), #5599, .T. ) ;
#2125 = AXIS2_PLACEMENT_3D ( 'NONE', #1688, #3157, #5118 ) ;
#2126 = CARTESIAN_POINT ( 'NONE',  ( 1.265704240686907700, -1.721153510050636800, 0.6821468981065147400 ) ) ;
#2127 = DIRECTION ( 'NONE',  ( 0.0000000000000000000, 0.0000000000000000000, 1.000000000000000000 ) ) ;
#2128 = CIRCLE ( 'NONE', #5130, 1.345000000000000000 ) ;
#2129 = LINE ( 'NONE', #1994, #6285 ) ;
#2130 = CARTESIAN_POINT ( 'NONE',  ( 1.302832396748178100, -1.955101034237787000, 0.1598879352166291700 ) ) ;
#2131 = ORIENTED_EDGE ( 'NONE', *, *, #3940, .F. ) ;
#2132 = CIRCLE ( 'NONE', #424, 0.06999999999999996500 ) ;
#2133 = PLANE ( 'NONE',  #2812 ) ;
#2134 = VECTOR ( 'NONE', #1678, 999.9999999999998900 ) ;
#2135 = LINE ( 'NONE', #5587, #6290 ) ;
#2136 = EDGE_CURVE ( 'NONE', #2559, #876, #3147, .T. ) ;
#2137 = DIRECTION ( 'NONE',  ( 0.0000000000000000000, 0.0000000000000000000, -1.000000000000000000 ) ) ;
#2138 = ORIENTED_EDGE ( 'NONE', *, *, #51, .T. ) ;
#2139 = CYLINDRICAL_SURFACE ( 'NONE', #4190, 0.1000000000000000500 ) ;
#2140 = ORIENTED_EDGE ( 'NONE', *, *, #3838, .T. ) ;
#2141 = CARTESIAN_POINT ( 'NONE',  ( -1.355470019622523300, 1.792460257042108400, 0.1630199869183177900 ) ) ;
#2142 = FACE_OUTER_BOUND ( 'NONE', #5691, .T. ) ;
#2143 = CARTESIAN_POINT ( 'NONE',  ( -1.435433069539317400, -1.887958567926494100, 0.1213625121987677200 ) ) ;
#2144 = CARTESIAN_POINT ( 'NONE',  ( 1.136958578522025300, -1.002485328426517800, 0.7037751955729324400 ) ) ;
#2145 = EDGE_CURVE ( 'NONE', #3164, #2918, #2396, .T. ) ;
#2146 = ORIENTED_EDGE ( 'NONE', *, *, #5477, .T. ) ;
#2147 = ORIENTED_EDGE ( 'NONE', *, *, #5927, .T. ) ;
#2148 = CARTESIAN_POINT ( 'NONE',  ( 1.298344449622994800, -1.925872395786828500, 0.6169312492907798000 ) ) ;
#2149 = CARTESIAN_POINT ( 'NONE',  ( -1.300000000000000300, 1.821168910795995200, 0.1798149574845336900 ) ) ;
#2150 = VERTEX_POINT ( 'NONE', #6055 ) ;
#2151 = ORIENTED_EDGE ( 'NONE', *, *, #351, .T. ) ;
#2152 = DIRECTION ( 'NONE',  ( 0.0000000000000000000, -1.000000000000000000, 0.0000000000000000000 ) ) ;
#2153 = AXIS2_PLACEMENT_3D ( 'NONE', #1063, #622, #3046 ) ;
#2154 = CARTESIAN_POINT ( 'NONE',  ( 1.899999999999999900, 1.749999999999998900, 0.1000000000000000100 ) ) ;
#2155 = CARTESIAN_POINT ( 'NONE',  ( -1.557106781186549300, -1.749999999999998700, 0.6000000000000003100 ) ) ;
#2156 = CARTESIAN_POINT ( 'NONE',  ( 1.341950324171405000, 1.798590340901976600, 0.1709066054001245900 ) ) ;
#2157 = FACE_OUTER_BOUND ( 'NONE', #5483, .T. ) ;
#2158 = ADVANCED_FACE ( 'NONE', ( #3669 ), #3540, .T. ) ;
#2159 = VERTEX_POINT ( 'NONE', #1681 ) ;
#2160 = ORIENTED_EDGE ( 'NONE', *, *, #4544, .T. ) ;
#2161 = CIRCLE ( 'NONE', #3591, 0.06999999999999985400 ) ;
#2162 = DIRECTION ( 'NONE',  ( -0.0000000000000000000, 0.0000000000000000000, 1.000000000000000000 ) ) ;
#2163 = AXIS2_PLACEMENT_3D ( 'NONE', #3100, #5059, #4508 ) ;
#2164 = ORIENTED_EDGE ( 'NONE', *, *, #4688, .T. ) ;
#2165 = VERTEX_POINT ( 'NONE', #713 ) ;
#2166 = VECTOR ( 'NONE', #3105, 1000.000000000000000 ) ;
#2167 = CARTESIAN_POINT ( 'NONE',  ( 1.286381907016364900, -1.849215566975223700, 0.6543902509538083200 ) ) ;
#2168 = VECTOR ( 'NONE', #2987, 1000.000000000000000 ) ;
#2169 = DIRECTION ( 'NONE',  ( 0.0000000000000000000, 0.0000000000000000000, -1.000000000000000000 ) ) ;
#2170 = CARTESIAN_POINT ( 'NONE',  ( -3.035766082959411400E-016, -1.517883041479705700E-016, 1.070000000000000100 ) ) ;
#2171 = DIRECTION ( 'NONE',  ( -1.000000000000000000, 0.0000000000000000000, 0.0000000000000000000 ) ) ;
#2172 = CARTESIAN_POINT ( 'NONE',  ( 1.125000000000000000, -1.401553924389332000E-017, 1.070000000000000100 ) ) ;
#2173 = CARTESIAN_POINT ( 'NONE',  ( 1.557106781186549500, -1.749999999999998900, 0.1000000000000000100 ) ) ;
#2174 = CIRCLE ( 'NONE', #2625, 0.06999999999999996500 ) ;
#2175 = LINE ( 'NONE', #1209, #111 ) ;
#2176 = DIRECTION ( 'NONE',  ( 1.000000000000000000, 0.0000000000000000000, 0.0000000000000000000 ) ) ;
#2177 = DIRECTION ( 'NONE',  ( 9.457712391025553900E-015, 1.459596332686885800E-014, -1.000000000000000000 ) ) ;
#2178 = EDGE_LOOP ( 'NONE', ( #5798, #3808, #6007, #2469 ) ) ;
#2179 = CARTESIAN_POINT ( 'NONE',  ( -1.329025201418286800, -1.977727553502346200, 0.1059281604186917700 ) ) ;
#2180 = ORIENTED_EDGE ( 'NONE', *, *, #3597, .F. ) ;
#2181 = ORIENTED_EDGE ( 'NONE', *, *, #995, .F. ) ;
#2182 = CARTESIAN_POINT ( 'NONE',  ( 1.323452648163293800, 1.807769975698928100, 0.1777822959910387300 ) ) ;
#2183 = CIRCLE ( 'NONE', #2997, 1.345000000000000000 ) ;
#2184 = DIRECTION ( 'NONE',  ( 1.000000000000000000, 0.0000000000000000000, 0.0000000000000000000 ) ) ;
#2185 = AXIS2_PLACEMENT_3D ( 'NONE', #6025, #5528, #147 ) ;
#2186 = CARTESIAN_POINT ( 'NONE',  ( -1.386932387388198000, -2.048704249473618100, 0.2114833302046589300 ) ) ;
#2187 = DIRECTION ( 'NONE',  ( 1.000000000000000000, -3.693158315293192400E-016, 0.0000000000000000000 ) ) ;
#2188 = EDGE_CURVE ( 'NONE', #1452, #1615, #5590, .T. ) ;
#2189 = ORIENTED_EDGE ( 'NONE', *, *, #2991, .T. ) ;
#2190 = CARTESIAN_POINT ( 'NONE',  ( -1.302660284953759200, -1.744508065544181800, 0.09076944199921020700 ) ) ;
#2191 = EDGE_CURVE ( 'NONE', #5810, #6070, #189, .T. ) ;
#2192 = FACE_OUTER_BOUND ( 'NONE', #4022, .T. ) ;
#2193 = CARTESIAN_POINT ( 'NONE',  ( -1.386543580108715400, -1.865105986098864600, 0.2597612729610854800 ) ) ;
#2194 = DIRECTION ( 'NONE',  ( -1.000000000000000000, 0.0000000000000000000, -0.0000000000000000000 ) ) ;
#2195 = DIRECTION ( 'NONE',  ( -0.0000000000000000000, -0.0000000000000000000, -1.000000000000000000 ) ) ;
#2196 = DIRECTION ( 'NONE',  ( 0.5547001962250537300, 0.0000000000000000000, -0.8320502943379607400 ) ) ;
#2197 = ORIENTED_EDGE ( 'NONE', *, *, #1904, .T. ) ;
#2198 = DIRECTION ( 'NONE',  ( 0.0000000000000000000, 0.0000000000000000000, -1.000000000000000000 ) ) ;
#2199 = EDGE_CURVE ( 'NONE', #6160, #5487, #572, .T. ) ;
#2200 = CARTESIAN_POINT ( 'NONE',  ( -1.375854020117678100, -1.930498717294072200, 0.7873447738827070700 ) ) ;
#2201 = CARTESIAN_POINT ( 'NONE',  ( 1.306031054517195800, -1.968730729336236600, 0.5602808843468616300 ) ) ;
#2202 = ORIENTED_EDGE ( 'NONE', *, *, #985, .T. ) ;
#2203 = MANIFOLD_SOLID_BREP ( 'Revolve1[3]', #1744 ) ;
#2204 = CARTESIAN_POINT ( 'NONE',  ( 1.058578643762690500, -1.900000000000000400, -0.02000000000000000000 ) ) ;
#2205 = FACE_OUTER_BOUND ( 'NONE', #5651, .T. ) ;
#2206 = CARTESIAN_POINT ( 'NONE',  ( 1.302393996091100200, -1.952165345198809900, 0.5799923892506452200 ) ) ;
#2207 = DIRECTION ( 'NONE',  ( 0.0000000000000000000, -1.000000000000000000, 0.0000000000000000000 ) ) ;
#2208 = CIRCLE ( 'NONE', #5984, 0.06999999999999996500 ) ;
#2209 = CYLINDRICAL_SURFACE ( 'NONE', #1618, 0.1000000000000057900 ) ;
#2210 = LINE ( 'NONE', #2985, #4481 ) ;
#2211 = AXIS2_PLACEMENT_3D ( 'NONE', #1222, #4612, #2677 ) ;
#2212 = CARTESIAN_POINT ( 'NONE',  ( 1.302802032159012800, -1.954895436786072500, 0.5655734472823263900 ) ) ;
#2213 = CARTESIAN_POINT ( 'NONE',  ( 0.9950380983217025400, -0.3405624403870352000, 0.6722755728265281700 ) ) ;
#2214 = CARTESIAN_POINT ( 'NONE',  ( -0.2461538461546110600, 1.999999999999999600, -0.8307692307692858800 ) ) ;
#2215 = EDGE_LOOP ( 'NONE', ( #5789, #545, #20, #900 ) ) ;
#2216 = CARTESIAN_POINT ( 'NONE',  ( -1.262659903224687200, -1.887203760856057000, 0.7165687740032087300 ) ) ;
#2217 = EDGE_CURVE ( 'NONE', #5693, #4378, #1823, .T. ) ;
#2218 = ORIENTED_EDGE ( 'NONE', *, *, #3838, .F. ) ;
#2219 = DIRECTION ( 'NONE',  ( 0.0000000000000000000, 0.0000000000000000000, -1.000000000000000000 ) ) ;
#2220 = CONICAL_SURFACE ( 'NONE', #5668, 0.09999999999999939500, 0.7853981633974439500 ) ;
#2221 = VERTEX_POINT ( 'NONE', #1145 ) ;
#2222 = CARTESIAN_POINT ( 'NONE',  ( -1.464685523016919300, -1.932280669817684200, 0.1859245259168184300 ) ) ;
#2223 = EDGE_LOOP ( 'NONE', ( #4066, #4574, #1990, #1485, #4311, #5809, #789, #3932 ) ) ;
#2224 = CARTESIAN_POINT ( 'NONE',  ( 1.248952953232126400, -1.856206486454487400, 0.1659686354894532900 ) ) ;
#2225 = EDGE_LOOP ( 'NONE', ( #1578, #5903, #2013, #5574 ) ) ;
#2226 = CIRCLE ( 'NONE', #1314, 0.1000000000000000500 ) ;
#2227 = EDGE_CURVE ( 'NONE', #5487, #656, #4394, .T. ) ;
#2228 = DIRECTION ( 'NONE',  ( 0.0000000000000000000, 0.0000000000000000000, -1.000000000000000000 ) ) ;
#2229 = ORIENTED_EDGE ( 'NONE', *, *, #4824, .F. ) ;
#2230 = CARTESIAN_POINT ( 'NONE',  ( 2.000000000000000000, 1.649999999999998800, 1.800000000000000000 ) ) ;
#2231 = ORIENTED_EDGE ( 'NONE', *, *, #6109, .F. ) ;
#2232 = VERTEX_POINT ( 'NONE', #3027 ) ;
#2233 = CARTESIAN_POINT ( 'NONE',  ( -1.125000000000000400, -1.517883041479705700E-016, 1.070000000000000100 ) ) ;
#2234 = CIRCLE ( 'NONE', #931, 0.06999999999999996500 ) ;
#2235 = DIRECTION ( 'NONE',  ( 0.0000000000000000000, -0.0000000000000000000, -1.000000000000000000 ) ) ;
#2236 = CARTESIAN_POINT ( 'NONE',  ( -1.464685523016919300, -1.932280669817684200, 0.2114833302046589300 ) ) ;
#2237 = EDGE_CURVE ( 'NONE', #998, #2339, #367, .T. ) ;
#2238 = ORIENTED_EDGE ( 'NONE', *, *, #3486, .T. ) ;
#2239 = EDGE_LOOP ( 'NONE', ( #4174, #6240 ) ) ;
#2240 = CIRCLE ( 'NONE', #3175, 0.06999999999999996500 ) ;
#2241 = CARTESIAN_POINT ( 'NONE',  ( 0.9947386645089125700, -0.3399845176613545100, 0.6582136731990937400 ) ) ;
#2242 = CIRCLE ( 'NONE', #3095, 0.06999999999999996500 ) ;
#2243 = CARTESIAN_POINT ( 'NONE',  ( -1.313415811884704100, -1.264286679699174100, 0.9815025937466013200 ) ) ;
#2244 = DIRECTION ( 'NONE',  ( 0.0000000000000000000, 0.0000000000000000000, 1.000000000000000000 ) ) ;
#2245 = CARTESIAN_POINT ( 'NONE',  ( 1.355470019625613500, 1.792460257040340700, 0.1630199869215777600 ) ) ;
#2246 = CARTESIAN_POINT ( 'NONE',  ( 1.471115925422853000, -2.059411407532103500, 0.2031335730073686500 ) ) ;
#2247 = EDGE_LOOP ( 'NONE', ( #6267, #5243, #2585, #76 ) ) ;
#2248 = EDGE_LOOP ( 'NONE', ( #2425, #4889, #961, #5564 ) ) ;
#2249 = FACE_OUTER_BOUND ( 'NONE', #1938, .T. ) ;
#2250 = CARTESIAN_POINT ( 'NONE',  ( -3.035766082959411400E-016, -1.517883041479705700E-016, 1.070000000000000100 ) ) ;
#2251 = CARTESIAN_POINT ( 'NONE',  ( -1.280920018506460400, -1.832912894950594400, 0.1788640725099989200 ) ) ;
#2252 = AXIS2_PLACEMENT_3D ( 'NONE', #5396, #123, #2504 ) ;
#2253 = FACE_OUTER_BOUND ( 'NONE', #2178, .T. ) ;
#2254 = ORIENTED_EDGE ( 'NONE', *, *, #1436, .T. ) ;
#2255 = VERTEX_POINT ( 'NONE', #200 ) ;
#2256 = PLANE ( 'NONE',  #5079 ) ;
#2257 = ADVANCED_FACE ( 'NONE', ( #4702 ), #2517, .T. ) ;
#2258 = CARTESIAN_POINT ( 'NONE',  ( 0.0000000000000000000, 0.0000000000000000000, 1.320000000000000100 ) ) ;
#2259 = VECTOR ( 'NONE', #5663, 1000.000000000000000 ) ;
#2260 = CARTESIAN_POINT ( 'NONE',  ( 1.283665170495838400, -1.835225476290690500, 0.6441343187135858400 ) ) ;
#2261 = DIRECTION ( 'NONE',  ( 0.8320502943379606300, 0.0000000000000000000, 0.5547001962250536200 ) ) ;
#2262 = DIRECTION ( 'NONE',  ( -0.0000000000000000000, -0.0000000000000000000, -1.000000000000000000 ) ) ;
#2263 = ORIENTED_EDGE ( 'NONE', *, *, #3671, .F. ) ;
#2264 = AXIS2_PLACEMENT_3D ( 'NONE', #5426, #2528, #1049 ) ;
#2265 = ORIENTED_EDGE ( 'NONE', *, *, #3104, .F. ) ;
#2266 = CARTESIAN_POINT ( 'NONE',  ( 1.301858609285274600, -1.948631093017331000, 0.5891903815668869700 ) ) ;
#2267 = CARTESIAN_POINT ( 'NONE',  ( -1.750000000000000000, 1.208578643762689800, 1.699999999999999700 ) ) ;
#2268 = VECTOR ( 'NONE', #2566, 1000.000000000000000 ) ;
#2269 = EDGE_CURVE ( 'NONE', #4184, #1830, #522, .T. ) ;
#2270 = CARTESIAN_POINT ( 'NONE',  ( -1.750000000000000000, -1.208578643762689800, 0.6000000000000000900 ) ) ;
#2271 = CARTESIAN_POINT ( 'NONE',  ( 1.096648613137015900, -0.1612027388575982500, 0.6619778244513561100 ) ) ;
#2272 = ORIENTED_EDGE ( 'NONE', *, *, #4027, .F. ) ;
#2273 = PLANE ( 'NONE',  #4468 ) ;
#2274 = ORIENTED_EDGE ( 'NONE', *, *, #2850, .T. ) ;
#2275 = AXIS2_PLACEMENT_3D ( 'NONE', #4712, #4667, #858 ) ;
#2276 = CARTESIAN_POINT ( 'NONE',  ( 1.370980872240426200, -1.939107745392697500, 0.2031335730073686500 ) ) ;
#2277 = EDGE_CURVE ( 'NONE', #5341, #4384, #5537, .T. ) ;
#2278 = CARTESIAN_POINT ( 'NONE',  ( -1.501306064224187100, -2.104585041657701400, 0.6936851616178312300 ) ) ;
#2279 = CARTESIAN_POINT ( 'NONE',  ( -1.850000000000000100, -1.208578643762689800, 1.800000000000000000 ) ) ;
#2280 = ORIENTED_EDGE ( 'NONE', *, *, #1582, .F. ) ;
#2281 = CARTESIAN_POINT ( 'NONE',  ( 1.098921516644427500, -0.2726826668059523800, 0.7201475735395368400 ) ) ;
#2282 = CARTESIAN_POINT ( 'NONE',  ( 1.282277492783613400, -1.806600412919151500, 0.6227597077815831800 ) ) ;
#2283 = DIRECTION ( 'NONE',  ( -1.000000000000000000, 0.0000000000000000000, 0.0000000000000000000 ) ) ;
#2284 = EDGE_CURVE ( 'NONE', #3589, #5103, #3618, .T. ) ;
#2285 = CARTESIAN_POINT ( 'NONE',  ( -1.494011894252687900, -2.026756673791062300, 0.8134795959868613700 ) ) ;
#2286 = MANIFOLD_SOLID_BREP ( 'LPattern6[4]', #2970 ) ;
#2287 = DIRECTION ( 'NONE',  ( 0.0000000000000000000, 0.0000000000000000000, 1.000000000000000000 ) ) ;
#2288 = CARTESIAN_POINT ( 'NONE',  ( -1.283956131129152300, -1.917832437981010300, -0.05271868991277186400 ) ) ;
#2289 = DIRECTION ( 'NONE',  ( 0.0000000000000000000, 0.0000000000000000000, -1.000000000000000000 ) ) ;
#2290 = LINE ( 'NONE', #3812, #4163 ) ;
#2291 = COORDINATED_UNIVERSAL_TIME_OFFSET ( 8, 0, .AHEAD. ) ;
#2292 = EDGE_LOOP ( 'NONE', ( #1370, #3599, #3825, #427 ) ) ;
#2293 = CARTESIAN_POINT ( 'NONE',  ( 1.430025864226378600, -1.862328332945003100, 0.6351565255442084300 ) ) ;
#2294 = FACE_OUTER_BOUND ( 'NONE', #3579, .T. ) ;
#2295 = CIRCLE ( 'NONE', #5729, 0.06999999999999996500 ) ;
#2296 = PLANE ( 'NONE',  #1167 ) ;
#2297 = VERTEX_POINT ( 'NONE', #3361 ) ;
#2298 = AXIS2_PLACEMENT_3D ( 'NONE', #2606, #683, #5511 ) ;
#2299 = CARTESIAN_POINT ( 'NONE',  ( 1.302641799884092000, -1.953818016293352900, 0.5733785897380910800 ) ) ;
#2300 = VECTOR ( 'NONE', #5220, 1000.000000000000000 ) ;
#2301 = CARTESIAN_POINT ( 'NONE',  ( 1.302802032159012800, -1.954895436786072500, 0.5655734472823263900 ) ) ;
#2302 = AXIS2_PLACEMENT_3D ( 'NONE', #4977, #5515, #2633 ) ;
#2303 = DIRECTION ( 'NONE',  ( -0.8320502943378435000, 0.0000000000000000000, -0.5547001962252292600 ) ) ;
#2304 = EDGE_CURVE ( 'NONE', #3164, #1958, #5660, .T. ) ;
#2305 = ORIENTED_EDGE ( 'NONE', *, *, #3355, .F. ) ;
#2306 = CARTESIAN_POINT ( 'NONE',  ( -1.129289321881345300, -1.970710678118654500, -0.02000000000000000000 ) ) ;
#2307 = LINE ( 'NONE', #4143, #3888 ) ;
#2308 = EDGE_CURVE ( 'NONE', #1238, #3428, #1418, .T. ) ;
#2309 = CARTESIAN_POINT ( 'NONE',  ( -1.503355967044131900, -2.126457385102339600, 0.1651041735903289500 ) ) ;
#2310 = CARTESIAN_POINT ( 'NONE',  ( -1.350000000000001400, -1.749999999999998700, -2.699999999999999700 ) ) ;
#2311 = VERTEX_POINT ( 'NONE', #5736 ) ;
#2312 = ORIENTED_EDGE ( 'NONE', *, *, #4327, .F. ) ;
#2313 = EDGE_CURVE ( 'NONE', #548, #3013, #3951, .T. ) ;
#2314 = DIRECTION ( 'NONE',  ( -1.000000000000000000, 0.0000000000000000000, -0.0000000000000000000 ) ) ;
#2315 = CARTESIAN_POINT ( 'NONE',  ( 1.850000000000000100, -1.249999999999998900, 1.320000000000000100 ) ) ;
#2316 = CARTESIAN_POINT ( 'NONE',  ( 1.416059006203652700, -1.761513410847289200, 0.6669704705608420200 ) ) ;
#2317 = VERTEX_POINT ( 'NONE', #4141 ) ;
#2318 = DIRECTION ( 'NONE',  ( -0.0000000000000000000, -0.0000000000000000000, 1.000000000000000000 ) ) ;
#2319 = CIRCLE ( 'NONE', #3024, 0.06999999999999996500 ) ;
#2320 = DIRECTION ( 'NONE',  ( -1.000000000000000000, 0.0000000000000000000, 0.0000000000000000000 ) ) ;
#2321 = ORIENTED_EDGE ( 'NONE', *, *, #2017, .T. ) ;
#2322 = CARTESIAN_POINT ( 'NONE',  ( 1.407142770042495200, -1.786817505563111900, 0.2031335730073690900 ) ) ;
#2323 = FACE_OUTER_BOUND ( 'NONE', #5557, .T. ) ;
#2324 = CARTESIAN_POINT ( 'NONE',  ( -2.023844055306274300E-016, -1.011922027653137100E-016, 0.9300000000000000500 ) ) ;
#2325 = ORIENTED_EDGE ( 'NONE', *, *, #4195, .F. ) ;
#2326 = ORIENTED_EDGE ( 'NONE', *, *, #5513, .F. ) ;
#2327 = AXIS2_PLACEMENT_3D ( 'NONE', #2258, #2662, #1736 ) ;
#2328 = DIRECTION ( 'NONE',  ( -1.000000000000000000, 0.0000000000000000000, 0.0000000000000000000 ) ) ;
#2329 = CARTESIAN_POINT ( 'NONE',  ( 0.9605436051327134200, -0.1939508939032136300, 0.6637055794273421000 ) ) ;
#2330 = EDGE_CURVE ( 'NONE', #4798, #3502, #2578, .T. ) ;
#2331 = FACE_OUTER_BOUND ( 'NONE', #5582, .T. ) ;
#2332 = CARTESIAN_POINT ( 'NONE',  ( 1.265704240686907700, -1.721153510050636800, 0.6821468981065147400 ) ) ;
#2333 = ORIENTED_EDGE ( 'NONE', *, *, #4815, .F. ) ;
#2334 = CARTESIAN_POINT ( 'NONE',  ( 1.425184463344306000, -1.882402319848970800, 0.5679266801167837100 ) ) ;
#2335 = CARTESIAN_POINT ( 'NONE',  ( 2.422538534305149700E-016, 1.978152832303824700, 0.6000000000000002000 ) ) ;
#2336 = VECTOR ( 'NONE', #3087, 1000.000000000000000 ) ;
#2337 = CARTESIAN_POINT ( 'NONE',  ( 1.353414334159819700, -1.854855868408549700, 0.5525863350939286300 ) ) ;
#2338 = DIRECTION ( 'NONE',  ( -1.000000000000000000, 0.0000000000000000000, 0.0000000000000000000 ) ) ;
#2339 = VERTEX_POINT ( 'NONE', #4124 ) ;
#2340 = EDGE_CURVE ( 'NONE', #1350, #239, #3824, .T. ) ;
#2341 = CARTESIAN_POINT ( 'NONE',  ( -4.047688110612548600E-016, -2.023844055306274300E-016, 1.210000000000000200 ) ) ;
#2342 = DIRECTION ( 'NONE',  ( -1.000000000000000000, 0.0000000000000000000, 0.0000000000000000000 ) ) ;
#2343 = CARTESIAN_POINT ( 'NONE',  ( -1.370583289059233800, -0.9282153258325106500, 0.8889620089607140900 ) ) ;
#2344 = AXIS2_PLACEMENT_3D ( 'NONE', #6178, #2674, #3758 ) ;
#2345 = ORIENTED_EDGE ( 'NONE', *, *, #6272, .F. ) ;
#2346 = DIRECTION ( 'NONE',  ( -1.000000000000000000, -1.224646799147354200E-016, 0.0000000000000000000 ) ) ;
#2347 = EDGE_CURVE ( 'NONE', #6154, #5240, #1019, .T. ) ;
#2348 = CARTESIAN_POINT ( 'NONE',  ( 1.355470019622536000, -2.000000000000000400, 0.1630199869183228700 ) ) ;
#2349 = CARTESIAN_POINT ( 'NONE',  ( 1.274999999999999900, 4.354162743316976500E-018, 1.070000000000000100 ) ) ;
#2350 = ADVANCED_FACE ( 'NONE', ( #4451 ), #6036, .T. ) ;
#2351 = LINE ( 'NONE', #2597, #2680 ) ;
#2352 = CARTESIAN_POINT ( 'NONE',  ( -1.230204462991023800, 1.871223347428906800, 0.1534696419940203800 ) ) ;
#2353 = CARTESIAN_POINT ( 'NONE',  ( 1.390151642904616800, -1.635337252759516700, 0.7297235068498566500 ) ) ;
#2354 = CARTESIAN_POINT ( 'NONE',  ( -1.336071373534063500, -1.724454865647096400, 0.6826227142568975800 ) ) ;
#2355 = EDGE_LOOP ( 'NONE', ( #4644, #1703, #3221, #697 ) ) ;
#2356 = LINE ( 'NONE', #2348, #4713 ) ;
#2357 = AXIS2_PLACEMENT_3D ( 'NONE', #455, #5318, #1870 ) ;
#2358 = CARTESIAN_POINT ( 'NONE',  ( 1.353174558204229600, -1.852939304176711300, 0.5540068773940669500 ) ) ;
#2359 = VECTOR ( 'NONE', #6088, 1000.000000000000000 ) ;
#2360 = LINE ( 'NONE', #2085, #898 ) ;
#2361 = DIRECTION ( 'NONE',  ( 0.0000000000000000000, 0.0000000000000000000, 1.000000000000000000 ) ) ;
#2362 = CALENDAR_DATE ( 2021, 20, 4 ) ;
#2363 = ORIENTED_EDGE ( 'NONE', *, *, #2304, .T. ) ;
#2364 = ORIENTED_EDGE ( 'NONE', *, *, #4234, .T. ) ;
#2365 = ORIENTED_EDGE ( 'NONE', *, *, #6024, .T. ) ;
#2366 = FACE_OUTER_BOUND ( 'NONE', #6090, .T. ) ;
#2367 = AXIS2_PLACEMENT_3D ( 'NONE', #5206, #5759, #432 ) ;
#2368 = CARTESIAN_POINT ( 'NONE',  ( 0.0000000000000000000, -1.881827446068739000, 0.6956689149482788700 ) ) ;
#2369 = CARTESIAN_POINT ( 'NONE',  ( -3.035766082959411400E-016, -1.517883041479705700E-016, 1.070000000000000100 ) ) ;
#2370 = ORIENTED_EDGE ( 'NONE', *, *, #3679, .F. ) ;
#2371 = DIRECTION ( 'NONE',  ( -0.0000000000000000000, -0.0000000000000000000, -1.000000000000000000 ) ) ;
#2372 = FACE_OUTER_BOUND ( 'NONE', #941, .T. ) ;
#2373 = CARTESIAN_POINT ( 'NONE',  ( 1.265704240686907700, -1.721153510050636800, 0.6821468981065147400 ) ) ;
#2374 = AXIS2_PLACEMENT_3D ( 'NONE', #5740, #2920, #4787 ) ;
#2375 = ORIENTED_EDGE ( 'NONE', *, *, #5348, .T. ) ;
#2376 = CARTESIAN_POINT ( 'NONE',  ( 1.350177475147465100, -1.825938121508250600, 0.5665996499927308200 ) ) ;
#2377 = CIRCLE ( 'NONE', #4515, 0.06999999999999996500 ) ;
#2378 = PLANE ( 'NONE',  #1655 ) ;
#2379 = EDGE_CURVE ( 'NONE', #148, #3792, #4469, .T. ) ;
#2380 = CARTESIAN_POINT ( 'NONE',  ( 1.299529100594864200, -1.941266213690995500, 0.5663446262168949600 ) ) ;
#2381 = ORIENTED_EDGE ( 'NONE', *, *, #4697, .T. ) ;
#2382 = CARTESIAN_POINT ( 'NONE',  ( -1.011922027653137100E-016, -5.059610138265685700E-017, 0.7900000000000000400 ) ) ;
#2383 = CYLINDRICAL_SURFACE ( 'NONE', #2644, 0.06999999999999996500 ) ;
#2384 = ADVANCED_FACE ( 'NONE', ( #2034 ), #3336, .T. ) ;
#2385 = AXIS2_PLACEMENT_3D ( 'NONE', #791, #240, #6076 ) ;
#2386 = CARTESIAN_POINT ( 'NONE',  ( 1.300000000000000300, 1.821168910795995200, 0.1798149574845394600 ) ) ;
#2387 = EDGE_CURVE ( 'NONE', #1694, #2221, #1577, .T. ) ;
#2388 = ORIENTED_EDGE ( 'NONE', *, *, #4941, .F. ) ;
#2389 = CARTESIAN_POINT ( 'NONE',  ( -1.464685523016919600, -1.932280669817684400, 0.5897697142106247400 ) ) ;
#2390 = VERTEX_POINT ( 'NONE', #84 ) ;
#2391 = EDGE_LOOP ( 'NONE', ( #4510, #1857, #4631, #760 ) ) ;
#2392 = CIRCLE ( 'NONE', #3557, 1.044999999999999900 ) ;
#2393 = DIRECTION ( 'NONE',  ( 1.000000000000000000, 0.0000000000000000000, 0.0000000000000000000 ) ) ;
#2394 = CARTESIAN_POINT ( 'NONE',  ( -3.035766082959411400E-016, -1.517883041479705700E-016, 1.070000000000000100 ) ) ;
#2395 = CARTESIAN_POINT ( 'NONE',  ( 1.129289321881345300, -1.970710678118655000, 0.08619288125426544100 ) ) ;
#2396 = CIRCLE ( 'NONE', #1568, 0.06999999999999999300 ) ;
#2397 = ORIENTED_EDGE ( 'NONE', *, *, #2806, .F. ) ;
#2398 = EDGE_CURVE ( 'NONE', #553, #3880, #6250, .T. ) ;
#2399 = CARTESIAN_POINT ( 'NONE',  ( 1.204999999999999600, -5.481446623337136100E-017, 1.210000000000000200 ) ) ;
#2400 = CARTESIAN_POINT ( 'NONE',  ( 1.225156994636607900, -1.481954767431138900, 0.7032777803608492000 ) ) ;
#2401 = DIRECTION ( 'NONE',  ( -1.000000000000000000, 0.0000000000000000000, 0.0000000000000000000 ) ) ;
#2402 = CARTESIAN_POINT ( 'NONE',  ( 1.422263054448355700, -1.852183838553434200, 0.5932174100321474500 ) ) ;
#2403 = CARTESIAN_POINT ( 'NONE',  ( -1.262431466229506400, -0.9387213527527666900, 0.8006186328411393200 ) ) ;
#2404 = DIRECTION ( 'NONE',  ( -0.0000000000000000000, -0.0000000000000000000, 1.000000000000000000 ) ) ;
#2405 = VERTEX_POINT ( 'NONE', #579 ) ;
#2406 = CARTESIAN_POINT ( 'NONE',  ( 1.311492962020298900, 1.814278275891647600, 0.1798149574845394600 ) ) ;
#2407 = ORIENTED_EDGE ( 'NONE', *, *, #3796, .F. ) ;
#2408 = CARTESIAN_POINT ( 'NONE',  ( 1.318968481574607200, -1.237745203664278000, 0.6629626491466036300 ) ) ;
#2409 = DIRECTION ( 'NONE',  ( -0.0000000000000000000, -0.0000000000000000000, 1.000000000000000000 ) ) ;
#2410 =( BOUNDED_SURFACE ( )  B_SPLINE_SURFACE ( 3, 3, ( 
 ( #5241, #3316, #6170, #362, #4761, #4289 ),
 ( #2861, #3744, #413, #5709, #1882, #4308 ),
 ( #2322, #4805, #4741, #5758, #2816, #388 ),
 ( #862, #4442, #3933, #2009, #3016, #4939 ),
 ( #1538, #3978, #4988, #5395, #79, #4477 ),
 ( #4516, #122, #2503, #5889, #1585, #5481 ),
 ( #2972, #4966, #50, #5463, #3536, #3997 ) ),
 .UNSPECIFIED., .T., .F., .T. ) 
 B_SPLINE_SURFACE_WITH_KNOTS ( ( 4, 3, 4 ),
 ( 4, 2, 4 ),
 ( 0.0000000000000000000, 0.5000000000000000000, 1.000000000000000000 ),
 ( 0.8923344729113776900, 0.9461672364556887900, 1.000000000000000000 ),
 .UNSPECIFIED. ) 
 GEOMETRIC_REPRESENTATION_ITEM ( )  RATIONAL_B_SPLINE_SURFACE ( (
 ( 1.000000000000000000, 1.000000000000000000, 1.000000000000000000, 1.000000000000000000, 1.000000000000000000, 1.000000000000000000),
 ( 0.3333333333333333700, 0.3333333333333333700, 0.3333333333333333700, 0.3333333333333333700, 0.3333333333333333700, 0.3333333333333333700),
 ( 0.3333333333333333700, 0.3333333333333333700, 0.3333333333333333700, 0.3333333333333333700, 0.3333333333333333700, 0.3333333333333333700),
 ( 1.000000000000000000, 1.000000000000000000, 1.000000000000000000, 1.000000000000000000, 1.000000000000000000, 1.000000000000000000),
 ( 0.3333333333333333700, 0.3333333333333333700, 0.3333333333333333700, 0.3333333333333333700, 0.3333333333333333700, 0.3333333333333333700),
 ( 0.3333333333333333700, 0.3333333333333333700, 0.3333333333333333700, 0.3333333333333333700, 0.3333333333333333700, 0.3333333333333333700),
 ( 1.000000000000000000, 1.000000000000000000, 1.000000000000000000, 1.000000000000000000, 1.000000000000000000, 1.000000000000000000) ) ) 
 REPRESENTATION_ITEM ( '' )  SURFACE ( )  );
#2411 = ORIENTED_EDGE ( 'NONE', *, *, #4002, .F. ) ;
#2412 = ORIENTED_EDGE ( 'NONE', *, *, #6118, .T. ) ;
#2413 = LINE ( 'NONE', #1593, #2268 ) ;
#2414 = DIRECTION ( 'NONE',  ( 0.7071067811865469100, -0.7071067811865482400, 0.0000000000000000000 ) ) ;
#2415 = DIRECTION ( 'NONE',  ( 1.000000000000000000, 0.0000000000000000000, 0.0000000000000000000 ) ) ;
#2416 = ORIENTED_EDGE ( 'NONE', *, *, #4649, .F. ) ;
#2417 = ORIENTED_EDGE ( 'NONE', *, *, #2308, .T. ) ;
#2418 = ADVANCED_FACE ( 'NONE', ( #2253 ), #5429, .F. ) ;
#2419 = PERSON_AND_ORGANIZATION_ROLE ( 'classification_officer' ) ;
#2420 = PLANE ( 'NONE',  #1831 ) ;
#2421 = CARTESIAN_POINT ( 'NONE',  ( 1.301858609285274600, -1.948631093017331000, 0.5891903815668869700 ) ) ;
#2422 = EDGE_CURVE ( 'NONE', #3527, #1021, #1413, .T. ) ;
#2423 = CARTESIAN_POINT ( 'NONE',  ( -1.557106781186549300, 2.249999999999998700, 0.1000000000000000100 ) ) ;
#2424 = CARTESIAN_POINT ( 'NONE',  ( 1.444453386136204300, -1.962410345629316300, 0.5818884216443115400 ) ) ;
#2425 = ORIENTED_EDGE ( 'NONE', *, *, #1146, .F. ) ;
#2426 = CARTESIAN_POINT ( 'NONE',  ( 1.352023385429209600, -1.841337106027547900, 0.5596307053805906800 ) ) ;
#2427 = DIRECTION ( 'NONE',  ( 1.000000000000000000, 0.0000000000000000000, 0.0000000000000000000 ) ) ;
#2428 = ORIENTED_EDGE ( 'NONE', *, *, #1235, .F. ) ;
#2429 = EDGE_CURVE ( 'NONE', #4461, #6027, #4754, .T. ) ;
#2430 = CARTESIAN_POINT ( 'NONE',  ( 1.355470019622533300, -1.792460257042104000, 0.1630199869183182000 ) ) ;
#2431 = PLANE ( 'NONE',  #3657 ) ;
#2432 = CARTESIAN_POINT ( 'NONE',  ( -1.203553390593275400, 1.896446609406725200, 0.6000000000000003100 ) ) ;
#2433 = PERSON_AND_ORGANIZATION ( #158, #6139 ) ;
#2434 = EDGE_CURVE ( 'NONE', #2901, #2978, #6112, .T. ) ;
#2435 = CARTESIAN_POINT ( 'NONE',  ( -2.000000000000000000, 1.649999999999998800, 1.800000000000000000 ) ) ;
#2436 = SHAPE_DEFINITION_REPRESENTATION ( #5358, #3823 ) ;
#2437 = CARTESIAN_POINT ( 'NONE',  ( -1.216531799096824700, -1.883468200903175100, 0.1443545327312254200 ) ) ;
#2438 = APPLICATION_CONTEXT ( 'configuration controlled 3d designs of mechanical parts and assemblies' ) ;
#2439 = ORIENTED_EDGE ( 'NONE', *, *, #3632, .F. ) ;
#2440 = DIRECTION ( 'NONE',  ( 3.693158315293192400E-016, -1.000000000000000000, 0.0000000000000000000 ) ) ;
#2441 = CARTESIAN_POINT ( 'NONE',  ( 1.216531799096833400, 1.883468200903166700, 0.1443545327312313900 ) ) ;
#2442 = ORIENTED_EDGE ( 'NONE', *, *, #6278, .F. ) ;
#2443 = TOROIDAL_SURFACE ( 'NONE', #4010, 1.125000000000000200, 0.06999999999999996500 ) ;
#2444 = CARTESIAN_POINT ( 'NONE',  ( 1.070752810671523200, -0.6430861250812414100, 0.7320758084111584900 ) ) ;
#2445 = CARTESIAN_POINT ( 'NONE',  ( -1.348261943360985300, -1.854527534188962900, 0.5425692145625744500 ) ) ;
#2446 = FACE_OUTER_BOUND ( 'NONE', #3619, .T. ) ;
#2447 = CARTESIAN_POINT ( 'NONE',  ( 1.355470019625613500, 1.792460257040340700, 0.1630199869215777600 ) ) ;
#2448 = VERTEX_POINT ( 'NONE', #4146 ) ;
#2449 = CARTESIAN_POINT ( 'NONE',  ( 1.444791888100032100, -1.964922772508364700, 0.5618853590300231200 ) ) ;
#2450 = ORIENTED_EDGE ( 'NONE', *, *, #2959, .T. ) ;
#2451 = DIRECTION ( 'NONE',  ( 1.000000000000000000, 0.0000000000000000000, 0.0000000000000000000 ) ) ;
#2452 = CARTESIAN_POINT ( 'NONE',  ( -2.000000000000000000, 1.649999999999998800, 0.1000000000000000100 ) ) ;
#2453 = VERTEX_POINT ( 'NONE', #594 ) ;
#2454 = ADVANCED_FACE ( 'NONE', ( #940, #4974 ), #1773, .F. ) ;
#2455 = LINE ( 'NONE', #429, #903 ) ;
#2456 = DIRECTION ( 'NONE',  ( 0.0000000000000000000, -0.0000000000000000000, -1.000000000000000000 ) ) ;
#2457 = CARTESIAN_POINT ( 'NONE',  ( 1.280920018506456900, 1.832912894950596800, 0.1788640725100041600 ) ) ;
#2458 = CARTESIAN_POINT ( 'NONE',  ( 2.000000000000000900, -1.649999999999998600, 0.1000000000000000100 ) ) ;
#2459 = VECTOR ( 'NONE', #3672, 1000.000000000000000 ) ;
#2460 = DIRECTION ( 'NONE',  ( -0.0000000000000000000, -0.0000000000000000000, -1.000000000000000000 ) ) ;
#2461 = ORIENTED_EDGE ( 'NONE', *, *, #628, .T. ) ;
#2462 = ORIENTED_EDGE ( 'NONE', *, *, #3454, .T. ) ;
#2463 = CARTESIAN_POINT ( 'NONE',  ( -1.011922027653137100E-016, -5.059610138265685700E-017, 0.7900000000000000400 ) ) ;
#2464 = VECTOR ( 'NONE', #3673, 1000.000000000000000 ) ;
#2465 = PERSON_AND_ORGANIZATION_ROLE ( 'design_owner' ) ;
#2466 = CARTESIAN_POINT ( 'NONE',  ( 1.557106781186549300, 1.749999999999998400, 0.1000000000000000100 ) ) ;
#2467 = CARTESIAN_POINT ( 'NONE',  ( -1.129289321881346200, 1.970710678118654300, 0.08619288125426587100 ) ) ;
#2468 = CARTESIAN_POINT ( 'NONE',  ( 1.380084682862500200, -1.964329009395511200, 0.6807203025922496900 ) ) ;
#2469 = ORIENTED_EDGE ( 'NONE', *, *, #1893, .T. ) ;
#2470 = ORIENTED_EDGE ( 'NONE', *, *, #5634, .T. ) ;
#2471 = B_SPLINE_CURVE_WITH_KNOTS ( 'NONE', 3,
 ( #4175, #5734, #818, #6189, #3247, #415, #1817 ),
 .UNSPECIFIED., .F., .F.,
 ( 4, 3, 4 ),
 ( 0.0000000000000000000, 4.020101029159905200E-005, 6.530400411258479500E-005 ),
 .UNSPECIFIED. ) ;
#2472 = EDGE_CURVE ( 'NONE', #1546, #1769, #4363, .T. ) ;
#2473 = CARTESIAN_POINT ( 'NONE',  ( 1.306745659491745700, -1.534825961655879900, 0.7833625207603387400 ) ) ;
#2474 = ORIENTED_EDGE ( 'NONE', *, *, #433, .T. ) ;
#2475 = AXIS2_PLACEMENT_3D ( 'NONE', #2023, #3432, #4406 ) ;
#2476 = CARTESIAN_POINT ( 'NONE',  ( 2.000000000000000900, -1.649999999999998600, 0.6000000000000000900 ) ) ;
#2477 = DIRECTION ( 'NONE',  ( 0.0000000000000000000, -0.7071067811865444600, 0.7071067811865505700 ) ) ;
#2478 = LINE ( 'NONE', #3807, #1010 ) ;
#2479 = EDGE_CURVE ( 'NONE', #3898, #3132, #3080, .T. ) ;
#2480 = MANIFOLD_SOLID_BREP ( 'Sweep2', #3590 ) ;
#2481 = CARTESIAN_POINT ( 'NONE',  ( -1.058578643762690700, -1.900000000000000400, -2.699999999999999700 ) ) ;
#2482 = ORIENTED_EDGE ( 'NONE', *, *, #4122, .T. ) ;
#2484 = CARTESIAN_POINT ( 'NONE',  ( 2.000000000000000900, -1.649999999999998600, -0.02000000000000000000 ) ) ;
#2483 = CIRCLE ( 'NONE', #1665, 0.5000000000000000000 ) ;
#2485 = DIRECTION ( 'NONE',  ( -0.0000000000000000000, -0.0000000000000000000, -1.000000000000000000 ) ) ;
#2486 = CARTESIAN_POINT ( 'NONE',  ( -1.125000000000000700, -2.023844055306274300E-016, 1.210000000000000200 ) ) ;
#2487 = DIRECTION ( 'NONE',  ( -1.000000000000000000, 0.0000000000000000000, 0.0000000000000000000 ) ) ;
#2488 = DIRECTION ( 'NONE',  ( 0.0000000000000000000, 0.0000000000000000000, -1.000000000000000000 ) ) ;
#2489 = ADVANCED_FACE ( 'NONE', ( #4670 ), #1097, .T. ) ;
#2490 = AXIS2_PLACEMENT_3D ( 'NONE', #4003, #1639, #3521 ) ;
#2491 = ORIENTED_EDGE ( 'NONE', *, *, #5677, .F. ) ;
#2493 = ORIENTED_EDGE ( 'NONE', *, *, #560, .T. ) ;
#2492 = AXIS2_PLACEMENT_3D ( 'NONE', #3532, #1562, #1647 ) ;
#2494 = CARTESIAN_POINT ( 'NONE',  ( -1.479024718245927300, -1.917071118701702700, -0.009311202610907308400 ) ) ;
#2495 = CARTESIAN_POINT ( 'NONE',  ( 1.362206523789698500, -1.861964105807488500, 0.7321281450346998100 ) ) ;
#2496 = CARTESIAN_POINT ( 'NONE',  ( 1.058578643762691400, 1.899999999999999500, -2.699999999999999700 ) ) ;
#2497 = ADVANCED_FACE ( 'NONE', ( #728 ), #5629, .F. ) ;
#2498 = CARTESIAN_POINT ( 'NONE',  ( 1.416059006203652700, -1.761513410847289200, 0.6669704705608420200 ) ) ;
#2499 = CARTESIAN_POINT ( 'NONE',  ( 1.248364605395027500, 1.856677731742014200, 0.1655764035977962700 ) ) ;
#2500 = CARTESIAN_POINT ( 'NONE',  ( -1.129289321881345600, -1.970710678118655000, 0.08619288125426499700 ) ) ;
#2501 = ORIENTED_EDGE ( 'NONE', *, *, #2613, .T. ) ;
#2502 = AXIS2_PLACEMENT_3D ( 'NONE', #1330, #4775, #2793 ) ;
#2503 = CARTESIAN_POINT ( 'NONE',  ( 1.324822770084898700, -2.048803488618381200, 0.03482372042575608600 ) ) ;
#2504 = DIRECTION ( 'NONE',  ( -1.000000000000000000, 0.0000000000000000000, 0.0000000000000000000 ) ) ;
#2505 = DIRECTION ( 'NONE',  ( -0.0000000000000000000, -0.0000000000000000000, 1.000000000000000000 ) ) ;
#2506 = DIRECTION ( 'NONE',  ( -0.0000000000000000000, -0.0000000000000000000, -1.000000000000000000 ) ) ;
#2507 = ORIENTED_EDGE ( 'NONE', *, *, #4240, .T. ) ;
#2508 = CARTESIAN_POINT ( 'NONE',  ( -1.253596122045561400, 1.852611967832992000, 0.1685541873551716100 ) ) ;
#2509 = AXIS2_PLACEMENT_3D ( 'NONE', #708, #2177, #2994 ) ;
#2510 = CIRCLE ( 'NONE', #4023, 0.06999999999999996500 ) ;
#2511 = ORIENTED_EDGE ( 'NONE', *, *, #1537, .F. ) ;
#2512 = APPROVAL_ROLE ( '' ) ;
#2513 = DIRECTION ( 'NONE',  ( -1.000000000000000000, 0.0000000000000000000, 0.0000000000000000000 ) ) ;
#2514 = CARTESIAN_POINT ( 'NONE',  ( -1.449589183536988100, -1.907210801709588100, 0.1369347009019311100 ) ) ;
#2515 = CARTESIAN_POINT ( 'NONE',  ( 1.390191031442591800, -2.020873595771952100, 0.5612494808561697700 ) ) ;
#2516 = CARTESIAN_POINT ( 'NONE',  ( -1.350699698774859600, -1.662103576716488200, 0.9061496063986987900 ) ) ;
#2517 = CYLINDRICAL_SURFACE ( 'NONE', #2298, 0.1000000000000000500 ) ;
#2518 = B_SPLINE_CURVE_WITH_KNOTS ( 'NONE', 3,
 ( #5000, #4658, #5152, #1196, #4119, #2251, #5636, #2740, #1728, #5110 ),
 .UNSPECIFIED., .F., .F.,
 ( 4, 3, 3, 4 ),
 ( 0.0006136797580215113400, 0.0006301906219737938500, 0.0006767694679904155400, 0.0006835603845077392800 ),
 .UNSPECIFIED. ) ;
#2519 = AXIS2_PLACEMENT_3D ( 'NONE', #581, #1569, #2055 ) ;
#2520 = CARTESIAN_POINT ( 'NONE',  ( 1.422263054448355700, -1.852183838553434200, 0.5932174100321474500 ) ) ;
#2521 = EDGE_CURVE ( 'NONE', #198, #59, #2510, .T. ) ;
#2522 = VECTOR ( 'NONE', #5540, 1000.000000000000000 ) ;
#2523 = CARTESIAN_POINT ( 'NONE',  ( 1.350000000000001400, -1.749999999999998700, -2.699999999999999700 ) ) ;
#2524 = DATE_AND_TIME ( #1361, #4849 ) ;
#2525 = ADVANCED_FACE ( 'NONE', ( #3493 ), #430, .F. ) ;
#2526 = EDGE_LOOP ( 'NONE', ( #4945, #2131, #353, #4914 ) ) ;
#2527 = EDGE_CURVE ( 'NONE', #2311, #349, #2787, .T. ) ;
#2528 = DIRECTION ( 'NONE',  ( -0.0000000000000000000, -0.0000000000000000000, -1.000000000000000000 ) ) ;
#2529 = DIRECTION ( 'NONE',  ( 0.0000000000000000000, 0.0000000000000000000, -1.000000000000000000 ) ) ;
#2530 = CIRCLE ( 'NONE', #4457, 0.06999999999999996500 ) ;
#2531 = ADVANCED_FACE ( 'NONE', ( #1657 ), #841, .F. ) ;
#2532 = FACE_OUTER_BOUND ( 'NONE', #3356, .T. ) ;
#2533 = DIRECTION ( 'NONE',  ( -0.0000000000000000000, -0.0000000000000000000, -1.000000000000000000 ) ) ;
#2534 = LINE ( 'NONE', #801, #6145 ) ;
#2535 = FACE_OUTER_BOUND ( 'NONE', #2027, .T. ) ;
#2536 = DIRECTION ( 'NONE',  ( -0.7071067811865482400, -0.7071067811865469100, 0.0000000000000000000 ) ) ;
#2537 = EDGE_CURVE ( 'NONE', #5103, #5088, #6095, .T. ) ;
#2538 = ORIENTED_EDGE ( 'NONE', *, *, #2103, .F. ) ;
#2539 = DIRECTION ( 'NONE',  ( -0.0000000000000000000, -0.0000000000000000000, -1.000000000000000000 ) ) ;
#2540 = DIRECTION ( 'NONE',  ( 1.000000000000000000, 0.0000000000000000000, 0.0000000000000000000 ) ) ;
#2541 = DIRECTION ( 'NONE',  ( -1.000000000000000000, -3.693158315293192400E-016, 0.0000000000000000000 ) ) ;
#2542 = LINE ( 'NONE', #1335, #4870 ) ;
#2543 =( BOUNDED_SURFACE ( )  B_SPLINE_SURFACE ( 3, 3, ( 
 ( #2681, #2130, #5098, #632, #3570, #1142 ),
 ( #4025, #1118, #4045, #1656, #5036, #2645 ),
 ( #6009, #3098, #3703, #4217, #6146, #4131 ),
 ( #5145, #3666, #6089, #4170, #2721, #1230 ),
 ( #2246, #2706, #1759, #4620, #3244, #3647 ),
 ( #3220, #1739, #5127, #6132, #741, #3202 ),
 ( #1312, #6065, #292, #1267, #5611, #279 ) ),
 .UNSPECIFIED., .T., .F., .T. ) 
 B_SPLINE_SURFACE_WITH_KNOTS ( ( 4, 3, 4 ),
 ( 4, 2, 4 ),
 ( 0.0000000000000000000, 0.5000000000000000000, 1.000000000000000000 ),
 ( 0.8923344729113776900, 0.9461672364556887900, 1.000000000000000000 ),
 .UNSPECIFIED. ) 
 GEOMETRIC_REPRESENTATION_ITEM ( )  RATIONAL_B_SPLINE_SURFACE ( (
 ( 1.000000000000000000, 1.000000000000000000, 1.000000000000000000, 1.000000000000000000, 1.000000000000000000, 1.000000000000000000),
 ( 0.3333333333333333700, 0.3333333333333333700, 0.3333333333333333700, 0.3333333333333333700, 0.3333333333333333700, 0.3333333333333333700),
 ( 0.3333333333333333700, 0.3333333333333333700, 0.3333333333333333700, 0.3333333333333333700, 0.3333333333333333700, 0.3333333333333333700),
 ( 1.000000000000000000, 1.000000000000000000, 1.000000000000000000, 1.000000000000000000, 1.000000000000000000, 1.000000000000000000),
 ( 0.3333333333333333700, 0.3333333333333333700, 0.3333333333333333700, 0.3333333333333333700, 0.3333333333333333700, 0.3333333333333333700),
 ( 0.3333333333333333700, 0.3333333333333333700, 0.3333333333333333700, 0.3333333333333333700, 0.3333333333333333700, 0.3333333333333333700),
 ( 1.000000000000000000, 1.000000000000000000, 1.000000000000000000, 1.000000000000000000, 1.000000000000000000, 1.000000000000000000) ) ) 
 REPRESENTATION_ITEM ( '' )  SURFACE ( )  );
#2544 = DIRECTION ( 'NONE',  ( -1.000000000000000000, 0.0000000000000000000, 0.0000000000000000000 ) ) ;
#2545 = ORIENTED_EDGE ( 'NONE', *, *, #3404, .T. ) ;
#2546 = DIRECTION ( 'NONE',  ( -0.0000000000000000000, -0.0000000000000000000, 1.000000000000000000 ) ) ;
#2547 = ORIENTED_EDGE ( 'NONE', *, *, #2434, .F. ) ;
#2548 = DIRECTION ( 'NONE',  ( -1.000000000000000000, 0.0000000000000000000, 0.0000000000000000000 ) ) ;
#2549 = CARTESIAN_POINT ( 'NONE',  ( -1.204529373929376100, -1.266954406105182700, 0.8930842162563383800 ) ) ;
#2550 = PRODUCT ( 'SDCL1V4020-R', 'SDCL1V4020-R', '', ( #1001 ) ) ;
#2551 = FACE_OUTER_BOUND ( 'NONE', #1257, .T. ) ;
#2552 = CARTESIAN_POINT ( 'NONE',  ( 1.390151642904616800, -1.635337252759516700, 0.7297235068498566500 ) ) ;
#2553 = LINE ( 'NONE', #2230, #1301 ) ;
#2554 = DIRECTION ( 'NONE',  ( -1.000000000000000000, 0.0000000000000000000, 0.0000000000000000000 ) ) ;
#2555 = ORIENTED_EDGE ( 'NONE', *, *, #4234, .F. ) ;
#2556 = LINE ( 'NONE', #6150, #3885 ) ;
#2557 = CARTESIAN_POINT ( 'NONE',  ( -1.557106781186549300, -2.249999999999998700, -2.699999999999999700 ) ) ;
#2558 = CARTESIAN_POINT ( 'NONE',  ( 1.385901719867211200, 1.779049073465980300, 0.1427321867552046900 ) ) ;
#2559 = VERTEX_POINT ( 'NONE', #3764 ) ;
#2560 = VERTEX_POINT ( 'NONE', #357 ) ;
#2561 = AXIS2_PLACEMENT_3D ( 'NONE', #5374, #1009, #3470 ) ;
#2562 = LINE ( 'NONE', #4774, #1313 ) ;
#2563 = VECTOR ( 'NONE', #3941, 1000.000000000000000 ) ;
#2564 = CARTESIAN_POINT ( 'NONE',  ( 1.557106781186549500, -1.749999999999998900, 0.0000000000000000000 ) ) ;
#2565 = EDGE_CURVE ( 'NONE', #5088, #3446, #2710, .T. ) ;
#2566 = DIRECTION ( 'NONE',  ( 0.0000000000000000000, 0.0000000000000000000, 1.000000000000000000 ) ) ;
#2567 = CARTESIAN_POINT ( 'NONE',  ( -1.350000000000001400, 1.749999999999998700, -2.699999999999999700 ) ) ;
#2568 = ADVANCED_FACE ( 'NONE', ( #4653 ), #3365, .T. ) ;
#2569 = ORIENTED_EDGE ( 'NONE', *, *, #1356, .F. ) ;
#2570 = CARTESIAN_POINT ( 'NONE',  ( 1.899999999999999900, 1.649999999999998800, 0.1000000000000000100 ) ) ;
#2571 = CARTESIAN_POINT ( 'NONE',  ( -1.899999999999999900, -1.749999999999998900, 0.6000000000000003100 ) ) ;
#2572 = CARTESIAN_POINT ( 'NONE',  ( 1.439129347732674100, -1.923114456547607900, 0.5602808843468616300 ) ) ;
#2573 = VERTEX_POINT ( 'NONE', #5497 ) ;
#2574 = ORIENTED_EDGE ( 'NONE', *, *, #793, .F. ) ;
#2575 = EDGE_CURVE ( 'NONE', #28, #6021, #5194, .T. ) ;
#2576 = CARTESIAN_POINT ( 'NONE',  ( 1.298577911906772200, -1.890540957026350100, 0.6842953012229181500 ) ) ;
#2577 = CARTESIAN_POINT ( 'NONE',  ( 2.000000000000000900, -1.649999999999998600, 0.0000000000000000000 ) ) ;
#2578 = LINE ( 'NONE', #271, #4132 ) ;
#2579 = EDGE_CURVE ( 'NONE', #1300, #1535, #331, .T. ) ;
#2580 = DIRECTION ( 'NONE',  ( 0.0000000000000000000, -0.0000000000000000000, -1.000000000000000000 ) ) ;
#2581 = ORIENTED_EDGE ( 'NONE', *, *, #2664, .F. ) ;
#2582 = CARTESIAN_POINT ( 'NONE',  ( 0.9605626939225423400, -0.1947675943966653300, 0.6497294341818854500 ) ) ;
#2583 = DIRECTION ( 'NONE',  ( -0.0000000000000000000, -0.0000000000000000000, -1.000000000000000000 ) ) ;
#2584 = DIRECTION ( 'NONE',  ( 0.0000000000000000000, -0.0000000000000000000, -1.000000000000000000 ) ) ;
#2585 = ORIENTED_EDGE ( 'NONE', *, *, #5023, .T. ) ;
#2586 = ORIENTED_EDGE ( 'NONE', *, *, #5155, .F. ) ;
#2587 = CARTESIAN_POINT ( 'NONE',  ( 1.271173739504837500, -1.839517614735849800, 0.1765939623538075000 ) ) ;
#2588 = CARTESIAN_POINT ( 'NONE',  ( 1.034050024363125200, -0.4481301493572939500, 0.7197219529743249500 ) ) ;
#2589 = DIRECTION ( 'NONE',  ( 0.0000000000000000000, 0.0000000000000000000, 1.000000000000000000 ) ) ;
#2590 = ORIENTED_EDGE ( 'NONE', *, *, #2915, .T. ) ;
#2591 = CARTESIAN_POINT ( 'NONE',  ( 1.302831678719193600, -1.955096157422869800, 0.5608307523830009500 ) ) ;
#2592 = ORIENTED_EDGE ( 'NONE', *, *, #3149, .F. ) ;
#2593 = CARTESIAN_POINT ( 'NONE',  ( 0.9953375321344922800, -0.3411403631127159500, 0.6863374724539624800 ) ) ;
#2594 = ADVANCED_FACE ( 'NONE', ( #4040 ), #2718, .F. ) ;
#2595 = CLOSED_SHELL ( 'NONE', ( #4415, #5822, #5503, #623 ) ) ;
#2596 = CARTESIAN_POINT ( 'NONE',  ( -1.275000000000000600, -2.023844055306274300E-016, 1.210000000000000200 ) ) ;
#2597 = CARTESIAN_POINT ( 'NONE',  ( -1.820710678118654800, -1.279289321881344400, 1.319999999999999600 ) ) ;
#2598 = VECTOR ( 'NONE', #2546, 1000.000000000000000 ) ;
#2599 = CARTESIAN_POINT ( 'NONE',  ( 1.096667701926844900, -0.1620194393510500900, 0.6480016792058995700 ) ) ;
#2600 = PLANE ( 'NONE',  #4643 ) ;
#2601 = CARTESIAN_POINT ( 'NONE',  ( -1.557106781186549500, -1.749999999999998400, 0.0000000000000000000 ) ) ;
#2602 = CARTESIAN_POINT ( 'NONE',  ( -1.464685523016919300, -1.932280669817684200, 0.1859245259168184300 ) ) ;
#2603 = AXIS2_PLACEMENT_3D ( 'NONE', #561, #3499, #1988 ) ;
#2604 = CARTESIAN_POINT ( 'NONE',  ( 1.258405654990609500, -1.849029131719923700, 0.1707540055510323200 ) ) ;
#2605 = ORIENTED_EDGE ( 'NONE', *, *, #1202, .F. ) ;
#2606 = CARTESIAN_POINT ( 'NONE',  ( 1.900000000000000800, -1.649999999999998600, 0.0000000000000000000 ) ) ;
#2607 = EDGE_CURVE ( 'NONE', #2856, #4053, #4456, .T. ) ;
#2608 = DIRECTION ( 'NONE',  ( -1.000000000000000000, 0.0000000000000000000, 0.0000000000000000000 ) ) ;
#2609 = LINE ( 'NONE', #4672, #1779 ) ;
#2610 = VERTEX_POINT ( 'NONE', #4210 ) ;
#2611 = CARTESIAN_POINT ( 'NONE',  ( 1.390139944316616000, -2.020560990978709900, 0.5678711305440444800 ) ) ;
#2612 = CIRCLE ( 'NONE', #2827, 1.345000000000000000 ) ;
#2613 = EDGE_CURVE ( 'NONE', #6160, #1902, #3893, .T. ) ;
#2614 = DIRECTION ( 'NONE',  ( -0.6309146462307436700, 0.02564182491039829900, -0.7754284015863747200 ) ) ;
#2615 = ORIENTED_EDGE ( 'NONE', *, *, #3232, .T. ) ;
#2616 = TOROIDAL_SURFACE ( 'NONE', #5169, 1.275000000000000100, 0.06999999999999996500 ) ;
#2617 = ADVANCED_FACE ( 'NONE', ( #3596 ), #2383, .T. ) ;
#2618 = CIRCLE ( 'NONE', #3205, 0.1000000000000000500 ) ;
#2619 = CARTESIAN_POINT ( 'NONE',  ( 1.058578643762690500, -1.900000000000000400, 0.6000000000000000900 ) ) ;
#2620 = ORIENTED_EDGE ( 'NONE', *, *, #6299, .T. ) ;
#2621 = CARTESIAN_POINT ( 'NONE',  ( 1.450000000000012800, 1.761606575163157300, 0.1000000000000000100 ) ) ;
#2622 = ORIENTED_EDGE ( 'NONE', *, *, #2579, .T. ) ;
#2623 = ORIENTED_EDGE ( 'NONE', *, *, #1696, .T. ) ;
#2624 = TOROIDAL_SURFACE ( 'NONE', #5757, 0.9750000000000000900, 0.06999999999999996500 ) ;
#2625 = AXIS2_PLACEMENT_3D ( 'NONE', #151, #4997, #5990 ) ;
#2626 = VERTEX_POINT ( 'NONE', #5750 ) ;
#2627 = CARTESIAN_POINT ( 'NONE',  ( 1.299061727816396700, -1.939033961243860700, 0.1276369828655536100 ) ) ;
#2628 = CARTESIAN_POINT ( 'NONE',  ( -1.376845944097569600, -2.036645902824236300, 0.1486371245584125800 ) ) ;
#2629 = CC_DESIGN_DATE_AND_TIME_ASSIGNMENT ( #3642, #2947, ( #110 ) ) ;
#2630 = CARTESIAN_POINT ( 'NONE',  ( -1.055000000000000400, -1.011922027653137100E-016, 0.9300000000000000500 ) ) ;
#2631 = ADVANCED_FACE ( 'NONE', ( #4116 ), #2378, .T. ) ;
#2632 = CIRCLE ( 'NONE', #4180, 0.1000000000000000500 ) ;
#2633 = DIRECTION ( 'NONE',  ( 0.0000000000000000000, -0.0000000000000000000, 1.000000000000000000 ) ) ;
#2634 = ORIENTED_EDGE ( 'NONE', *, *, #2800, .T. ) ;
#2635 = CIRCLE ( 'NONE', #5690, 0.5000000000000000000 ) ;
#2636 = DIRECTION ( 'NONE',  ( -0.0000000000000000000, 0.0000000000000000000, -1.000000000000000000 ) ) ;
#2637 = AXIS2_PLACEMENT_3D ( 'NONE', #4924, #1573, #2962 ) ;
#2638 = CARTESIAN_POINT ( 'NONE',  ( 1.306022357364807300, -1.968233446706071600, 0.5683226085792114600 ) ) ;
#2639 = ORIENTED_EDGE ( 'NONE', *, *, #1103, .T. ) ;
#2640 = ORIENTED_EDGE ( 'NONE', *, *, #6087, .F. ) ;
#2641 = DIRECTION ( 'NONE',  ( -1.000000000000000000, 0.0000000000000000000, 0.0000000000000000000 ) ) ;
#2642 = CARTESIAN_POINT ( 'NONE',  ( -1.216531799096824700, -1.883468200903175100, 0.1443545327312254200 ) ) ;
#2643 = CARTESIAN_POINT ( 'NONE',  ( 1.316266028856159600, -1.994943008620346600, 0.5653267575058724700 ) ) ;
#2644 = AXIS2_PLACEMENT_3D ( 'NONE', #3822, #5771, #377 ) ;
#2645 = CARTESIAN_POINT ( 'NONE',  ( 1.257268912325894900, -1.760951973868204000, 0.2096923555590876600 ) ) ;
#2646 = ORIENTED_EDGE ( 'NONE', *, *, #2340, .T. ) ;
#2647 = ORIENTED_EDGE ( 'NONE', *, *, #5466, .F. ) ;
#2648 = EDGE_CURVE ( 'NONE', #3688, #5240, #2562, .T. ) ;
#2649 = DIRECTION ( 'NONE',  ( -0.0000000000000000000, -0.0000000000000000000, -1.000000000000000000 ) ) ;
#2650 = CARTESIAN_POINT ( 'NONE',  ( -1.270508807732263700, -1.970951113844897200, 0.1955997430968619600 ) ) ;
#2651 = CARTESIAN_POINT ( 'NONE',  ( -1.224907149325037400, -1.860931645200115700, 0.09076944199921022100 ) ) ;
#2652 = AXIS2_PLACEMENT_3D ( 'NONE', #3525, #3990, #5022 ) ;
#2653 = ORIENTED_EDGE ( 'NONE', *, *, #5482, .F. ) ;
#2654 = EDGE_CURVE ( 'NONE', #2, #538, #5431, .T. ) ;
#2655 = CARTESIAN_POINT ( 'NONE',  ( -1.055000000000000200, -5.059610138265685700E-017, 0.7900000000000000400 ) ) ;
#2656 = EDGE_CURVE ( 'NONE', #4954, #2317, #6022, .T. ) ;
#2657 = CARTESIAN_POINT ( 'NONE',  ( -1.384579078692293600, -1.823595636521558000, 0.09254041470447567400 ) ) ;
#2658 = CARTESIAN_POINT ( 'NONE',  ( 1.316309478328500800, -1.995077874532611000, 0.5608049454497416900 ) ) ;
#2659 = VERTEX_POINT ( 'NONE', #3870 ) ;
#2660 = VERTEX_POINT ( 'NONE', #2447 ) ;
#2661 = ADVANCED_FACE ( 'NONE', ( #5881 ), #4577, .T. ) ;
#2662 = DIRECTION ( 'NONE',  ( 0.0000000000000000000, 0.0000000000000000000, 1.000000000000000000 ) ) ;
#2663 = CARTESIAN_POINT ( 'NONE',  ( -1.350000000000001400, -1.749999999999998700, -2.699999999999999700 ) ) ;
#2664 = EDGE_CURVE ( 'NONE', #1110, #4359, #714, .T. ) ;
#2665 = DIRECTION ( 'NONE',  ( -0.0000000000000000000, -0.0000000000000000000, -1.000000000000000000 ) ) ;
#2666 = ORIENTED_EDGE ( 'NONE', *, *, #2869, .T. ) ;
#2667 = ORIENTED_EDGE ( 'NONE', *, *, #2330, .F. ) ;
#2668 = CARTESIAN_POINT ( 'NONE',  ( -3.035766082959411400E-016, -1.517883041479705700E-016, 1.070000000000000100 ) ) ;
#2669 = CARTESIAN_POINT ( 'NONE',  ( -1.449589183536988100, -1.907210801709588100, 0.1369347009019311100 ) ) ;
#2670 = ORIENTED_EDGE ( 'NONE', *, *, #2472, .T. ) ;
#2671 = CARTESIAN_POINT ( 'NONE',  ( 1.044999999999999900, 1.279755905108984100E-016, 0.6500000000000000200 ) ) ;
#2672 = VERTEX_POINT ( 'NONE', #1954 ) ;
#2673 = CARTESIAN_POINT ( 'NONE',  ( -1.302660284953759200, -1.744508065544181800, 0.09076944199921020700 ) ) ;
#2674 = DIRECTION ( 'NONE',  ( -1.224646799147353200E-016, 1.000000000000000000, 0.0000000000000000000 ) ) ;
#2675 = DIRECTION ( 'NONE',  ( -0.7071067811865469100, -0.7071067811865482400, -0.0000000000000000000 ) ) ;
#2676 = AXIS2_PLACEMENT_3D ( 'NONE', #4475, #5952, #2108 ) ;
#2677 = DIRECTION ( 'NONE',  ( -1.000000000000000000, 0.0000000000000000000, 0.0000000000000000000 ) ) ;
#2678 = DIRECTION ( 'NONE',  ( -0.0000000000000000000, -0.0000000000000000000, -1.000000000000000000 ) ) ;
#2679 = EDGE_CURVE ( 'NONE', #1388, #3487, #5266, .T. ) ;
#2680 = VECTOR ( 'NONE', #1160, 1000.000000000000000 ) ;
#2681 = CARTESIAN_POINT ( 'NONE',  ( 1.302832396748178100, -1.955101034237787000, 0.2031335730073686500 ) ) ;
#2682 = ORIENTED_EDGE ( 'NONE', *, *, #2725, .F. ) ;
#2683 = MANIFOLD_SOLID_BREP ( 'LPattern6[12]', #906 ) ;
#2684 = CARTESIAN_POINT ( 'NONE',  ( -1.302660284953759200, -1.744508065544181800, 0.09076944199921020700 ) ) ;
#2685 = CARTESIAN_POINT ( 'NONE',  ( -3.035766082959411400E-016, -1.517883041479705700E-016, 1.070000000000000100 ) ) ;
#2686 = FACE_OUTER_BOUND ( 'NONE', #3554, .T. ) ;
#2687 = CIRCLE ( 'NONE', #3131, 0.06999999999999996500 ) ;
#2688 = ORIENTED_EDGE ( 'NONE', *, *, #2340, .F. ) ;
#2689 = EDGE_CURVE ( 'NONE', #4831, #3502, #2161, .T. ) ;
#2690 = CARTESIAN_POINT ( 'NONE',  ( -1.386932387388198000, -2.048704249473618100, 0.1803519583435947700 ) ) ;
#2691 = CARTESIAN_POINT ( 'NONE',  ( -1.750000000000000000, 1.208578643762689800, -2.699999999999999700 ) ) ;
#2692 = TOROIDAL_SURFACE ( 'NONE', #2374, 1.125000000000000200, 0.06999999999999996500 ) ;
#2694 = CARTESIAN_POINT ( 'NONE',  ( -3.621758651230626600, -1.810879325615312600, 0.7905328344508527600 ) ) ;
#2693 = FACE_OUTER_BOUND ( 'NONE', #4903, .T. ) ;
#2695 = AXIS2_PLACEMENT_3D ( 'NONE', #5297, #1400, #3843 ) ;
#2696 = DIRECTION ( 'NONE',  ( -0.0000000000000000000, -0.0000000000000000000, -1.000000000000000000 ) ) ;
#2697 = EDGE_CURVE ( 'NONE', #881, #3968, #5721, .T. ) ;
#2698 = CARTESIAN_POINT ( 'NONE',  ( 0.0000000000000000000, -1.978152832303824700, 0.6000000000000003100 ) ) ;
#2699 = ORIENTED_EDGE ( 'NONE', *, *, #8, .T. ) ;
#2700 = VERTEX_POINT ( 'NONE', #4330 ) ;
#2701 = VECTOR ( 'NONE', #2898, 1000.000000000000000 ) ;
#2702 = CARTESIAN_POINT ( 'NONE',  ( 1.028481576395891700, -0.1726766134196957800, 0.7466985734120882300 ) ) ;
#2703 = CARTESIAN_POINT ( 'NONE',  ( -1.240573555799122700, -1.651543722911034800, 0.8202365210949423800 ) ) ;
#2704 =( BOUNDED_SURFACE ( )  B_SPLINE_SURFACE ( 3, 3, ( 
 ( #834, #3761, #3308, #1466, #5281, #939, #2873, #1376, #4819, #1874 ),
 ( #1913, #2403, #5262, #6262, #2354, #3373, #5319, #2907, #5364, #2445 ),
 ( #1528, #18, #2549, #4894, #3434, #6305, #96, #1555, #3913, #1505 ),
 ( #1069, #979, #2026, #2516, #571, #5389, #2049, #5440, #4472, #1633 ),
 ( #4679, #328, #2741, #3169, #1214, #5580, #3189, #2278, #6123, #5655 ),
 ( #1710, #6193, #3730, #4204, #5251, #3298, #1866, #1889, #4297, #3343 ),
 ( #869, #4270, #5766, #1323, #4701, #3277, #365, #3755, #4833, #969 ) ),
 .UNSPECIFIED., .T., .F., .T. ) 
 B_SPLINE_SURFACE_WITH_KNOTS ( ( 4, 3, 4 ),
 ( 4, 2, 2, 2, 4 ),
 ( 0.0000000000000000000, 0.5000000000000000000, 1.000000000000000000 ),
 ( 0.0000000000000000000, 0.3656516770693527500, 0.5484775156040291300, 0.6398904348713673200, 0.7313033541387055100 ),
 .UNSPECIFIED. ) 
 GEOMETRIC_REPRESENTATION_ITEM ( )  RATIONAL_B_SPLINE_SURFACE ( (
 ( 1.000000000000000000, 1.000000000000000000, 1.000000000000000000, 1.000000000000000000, 1.000000000000000000, 1.000000000000000000, 1.000000000000000000, 1.000000000000000000, 1.000000000000000000, 1.000000000000000000),
 ( 0.3333333333333333700, 0.3333333333333333700, 0.3333333333333333700, 0.3333333333333333700, 0.3333333333333333700, 0.3333333333333333700, 0.3333333333333333700, 0.3333333333333333700, 0.3333333333333333700, 0.3333333333333333700),
 ( 0.3333333333333333700, 0.3333333333333333700, 0.3333333333333333700, 0.3333333333333333700, 0.3333333333333333700, 0.3333333333333333700, 0.3333333333333333700, 0.3333333333333333700, 0.3333333333333333700, 0.3333333333333333700),
 ( 1.000000000000000000, 1.000000000000000000, 1.000000000000000000, 1.000000000000000000, 1.000000000000000000, 1.000000000000000000, 1.000000000000000000, 1.000000000000000000, 1.000000000000000000, 1.000000000000000000),
 ( 0.3333333333333333700, 0.3333333333333333700, 0.3333333333333333700, 0.3333333333333333700, 0.3333333333333333700, 0.3333333333333333700, 0.3333333333333333700, 0.3333333333333333700, 0.3333333333333333700, 0.3333333333333333700),
 ( 0.3333333333333333700, 0.3333333333333333700, 0.3333333333333333700, 0.3333333333333333700, 0.3333333333333333700, 0.3333333333333333700, 0.3333333333333333700, 0.3333333333333333700, 0.3333333333333333700, 0.3333333333333333700),
 ( 1.000000000000000000, 1.000000000000000000, 1.000000000000000000, 1.000000000000000000, 1.000000000000000000, 1.000000000000000000, 1.000000000000000000, 1.000000000000000000, 1.000000000000000000, 1.000000000000000000) ) ) 
 REPRESENTATION_ITEM ( '' )  SURFACE ( )  );
#2705 = VERTEX_POINT ( 'NONE', #416 ) ;
#2706 = CARTESIAN_POINT ( 'NONE',  ( 1.471115925422853000, -2.059411407532103500, 0.1420787983501213300 ) ) ;
#2707 = CARTESIAN_POINT ( 'NONE',  ( -1.220481465167988100, -1.857954246518560600, -0.04972386588419493200 ) ) ;
#2708 = AXIS2_PLACEMENT_3D ( 'NONE', #225, #2196, #4104 ) ;
#2709 = DIRECTION ( 'NONE',  ( -0.0000000000000000000, -0.0000000000000000000, 1.000000000000000000 ) ) ;
#2710 = LINE ( 'NONE', #24, #4194 ) ;
#2711 = VERTEX_POINT ( 'NONE', #4784 ) ;
#2712 = AXIS2_PLACEMENT_3D ( 'NONE', #4150, #188, #1281 ) ;
#2713 = ORIENTED_EDGE ( 'NONE', *, *, #5677, .T. ) ;
#2714 = CARTESIAN_POINT ( 'NONE',  ( 0.0000000000000000000, 0.0000000000000000000, 0.6000000000000003100 ) ) ;
#2715 = CARTESIAN_POINT ( 'NONE',  ( -1.125000000000000400, -1.011922027653137100E-016, 0.9300000000000000500 ) ) ;
#2716 = CARTESIAN_POINT ( 'NONE',  ( 1.249170397685975200, -1.226203273753890200, 0.6216115550296231800 ) ) ;
#2717 = VERTEX_POINT ( 'NONE', #4540 ) ;
#2718 = PLANE ( 'NONE',  #6295 ) ;
#2719 = CARTESIAN_POINT ( 'NONE',  ( -1.478735111888961100, -0.9177092989122549400, 0.9773053850802887500 ) ) ;
#2720 = AXIS2_PLACEMENT_3D ( 'NONE', #1637, #1921, #1358 ) ;
#2721 = CARTESIAN_POINT ( 'NONE',  ( 1.409347536681308200, -1.796212163954271400, 0.07195111063651463100 ) ) ;
#2722 = FACE_OUTER_BOUND ( 'NONE', #103, .T. ) ;
#2723 = DIRECTION ( 'NONE',  ( 0.8320502943379606300, 0.0000000000000000000, 0.5547001962250536200 ) ) ;
#2724 = AXIS2_PLACEMENT_3D ( 'NONE', #2369, #6157, #3320 ) ;
#2725 = EDGE_CURVE ( 'NONE', #2165, #2978, #3142, .T. ) ;
#2726 = VERTEX_POINT ( 'NONE', #3490 ) ;
#2727 = CARTESIAN_POINT ( 'NONE',  ( -2.023844055306274300E-016, -1.011922027653137100E-016, 0.9300000000000000500 ) ) ;
#2728 = VECTOR ( 'NONE', #4269, 1000.000000000000000 ) ;
#2729 = PLANE ( 'NONE',  #1380 ) ;
#2730 = EDGE_LOOP ( 'NONE', ( #2417, #1918, #2180, #649 ) ) ;
#2731 = CARTESIAN_POINT ( 'NONE',  ( 1.302832396748178100, -1.955101034237787000, 0.5602808843468616300 ) ) ;
#2732 = CARTESIAN_POINT ( 'NONE',  ( -1.350699698774859600, -1.662103576716488200, 0.9061496063986987900 ) ) ;
#2733 = CARTESIAN_POINT ( 'NONE',  ( 1.225156994636607900, -1.481954767431138900, 0.7032777803608492000 ) ) ;
#2734 = DIRECTION ( 'NONE',  ( 0.0000000000000000000, -1.000000000000000000, 0.0000000000000000000 ) ) ;
#2735 = CARTESIAN_POINT ( 'NONE',  ( 0.9750000000000000900, 1.194030629168669600E-016, 0.6500000000000000200 ) ) ;
#2736 = ADVANCED_FACE ( 'NONE', ( #4271 ), #5397, .F. ) ;
#2737 = AXIS2_PLACEMENT_3D ( 'NONE', #3019, #535, #578 ) ;
#2738 = DIRECTION ( 'NONE',  ( 0.0000000000000000000, 0.0000000000000000000, -1.000000000000000000 ) ) ;
#2739 = DIRECTION ( 'NONE',  ( -1.000000000000000000, 0.0000000000000000000, 0.0000000000000000000 ) ) ;
#2740 = CARTESIAN_POINT ( 'NONE',  ( -1.296068092967591200, -1.823544768603222000, 0.1797567352483321600 ) ) ;
#2741 = CARTESIAN_POINT ( 'NONE',  ( -1.422302249840032000, -1.261618953293165600, 1.069920971236864900 ) ) ;
#2742 = CARTESIAN_POINT ( 'NONE',  ( 0.9749999999999998700, 1.821086015155323600E-017, 0.9300000000000000500 ) ) ;
#2743 = VECTOR ( 'NONE', #1783, 1000.000000000000000 ) ;
#2744 = LINE ( 'NONE', #936, #6073 ) ;
#2745 = B_SPLINE_CURVE_WITH_KNOTS ( 'NONE', 3,
 ( #4489, #5962, #1575, #112, #1088, #6013, #4526, #2651 ),
 .UNSPECIFIED., .F., .F.,
 ( 4, 2, 2, 4 ),
 ( 0.8705642070561329100, 0.9029231552920997700, 0.9352821035280665100, 1.000000000000000000 ),
 .UNSPECIFIED. ) ;
#2746 = CARTESIAN_POINT ( 'NONE',  ( 1.248055898357760300, -1.616827997682748900, 0.6799088133497944700 ) ) ;
#2747 = ORIENTED_EDGE ( 'NONE', *, *, #3064, .T. ) ;
#2748 = CARTESIAN_POINT ( 'NONE',  ( -1.379777894012259100, -1.972366222729381400, 0.7512650392872245500 ) ) ;
#2749 = EDGE_CURVE ( 'NONE', #6291, #1660, #4437, .T. ) ;
#2750 =( BOUNDED_SURFACE ( )  B_SPLINE_SURFACE ( 3, 3, ( 
 ( #1876, #1856, #836, #4711 ),
 ( #4282, #405, #813, #4231 ),
 ( #6163, #5217, #1811, #3721 ),
 ( #3763, #4753, #878, #2335 ) ),
 .UNSPECIFIED., .F., .F., .T. ) 
 B_SPLINE_SURFACE_WITH_KNOTS ( ( 4, 4 ),
 ( 4, 4 ),
 ( 0.0000000000000000000, 1.000000000000000000 ),
 ( 0.0000000000000000000, 1.000000000000000000 ),
 .UNSPECIFIED. ) 
 GEOMETRIC_REPRESENTATION_ITEM ( )  RATIONAL_B_SPLINE_SURFACE ( (
 ( 1.000000000000000000, 0.3333333333333334300, 0.3333333333333334300, 1.000000000000000000),
 ( 1.000000000000000000, 0.3333333333333334300, 0.3333333333333334300, 1.000000000000000000),
 ( 1.000000000000000000, 0.3333333333333334300, 0.3333333333333334300, 1.000000000000000000),
 ( 1.000000000000000000, 0.3333333333333334300, 0.3333333333333334300, 1.000000000000000000) ) ) 
 REPRESENTATION_ITEM ( '' )  SURFACE ( )  );
#2751 = ORIENTED_EDGE ( 'NONE', *, *, #2991, .F. ) ;
#2752 = CARTESIAN_POINT ( 'NONE',  ( 1.286381907016364900, -1.849215566975223700, 0.6543902509538083200 ) ) ;
#2753 = LINE ( 'NONE', #3066, #6210 ) ;
#2754 = CARTESIAN_POINT ( 'NONE',  ( 1.300000000000000000, -1.821168910795995200, 0.1798149574845394600 ) ) ;
#2755 = LINE ( 'NONE', #722, #1133 ) ;
#2756 = ORIENTED_EDGE ( 'NONE', *, *, #5967, .F. ) ;
#2757 = DIRECTION ( 'NONE',  ( 0.0000000000000000000, 0.0000000000000000000, -1.000000000000000000 ) ) ;
#2758 = DIRECTION ( 'NONE',  ( -0.0000000000000000000, -0.0000000000000000000, -1.000000000000000000 ) ) ;
#2759 = CARTESIAN_POINT ( 'NONE',  ( -3.035766082959411400E-016, -1.517883041479705700E-016, 1.070000000000000100 ) ) ;
#2760 = ORIENTED_EDGE ( 'NONE', *, *, #2521, .T. ) ;
#2761 = CARTESIAN_POINT ( 'NONE',  ( -2.000000000000000000, -2.000000000000000400, 0.0000000000000000000 ) ) ;
#2762 = ORIENTED_EDGE ( 'NONE', *, *, #2846, .F. ) ;
#2763 = LINE ( 'NONE', #3904, #88 ) ;
#2764 = EDGE_CURVE ( 'NONE', #3311, #2963, #3982, .T. ) ;
#2765 = ORIENTED_EDGE ( 'NONE', *, *, #4485, .T. ) ;
#2766 = DIRECTION ( 'NONE',  ( -1.000000000000000000, 0.0000000000000000000, 0.0000000000000000000 ) ) ;
#2767 = CARTESIAN_POINT ( 'NONE',  ( 1.314313444716511900, -1.982509462944181500, 0.6133390814732736500 ) ) ;
#2768 = CARTESIAN_POINT ( 'NONE',  ( 1.440980872240426000, -1.939107745392697500, 0.2031335730073686700 ) ) ;
#2769 = VECTOR ( 'NONE', #3881, 1000.000000000000100 ) ;
#2770 = EDGE_CURVE ( 'NONE', #3375, #3667, #1860, .T. ) ;
#2771 = CARTESIAN_POINT ( 'NONE',  ( -2.000000000000000000, 1.999999999999999600, 1.800000000000000000 ) ) ;
#2772 = ADVANCED_FACE ( 'NONE', ( #3966 ), #1079, .F. ) ;
#2773 = EDGE_LOOP ( 'NONE', ( #2592, #950, #6241, #5763 ) ) ;
#2774 = CARTESIAN_POINT ( 'NONE',  ( 1.247304237979296500, -1.591428645125420300, 0.6538133213726466900 ) ) ;
#2775 = CARTESIAN_POINT ( 'NONE',  ( -1.348261943360985300, -1.854527534188962900, 0.5425692145625744500 ) ) ;
#2776 = CARTESIAN_POINT ( 'NONE',  ( -1.058578643762691200, 1.999999999999999600, 1.800000000000000000 ) ) ;
#2777 = CARTESIAN_POINT ( 'NONE',  ( 1.275013814533223700, -1.780784216695163700, 0.6571810216535553000 ) ) ;
#2778 = DIRECTION ( 'NONE',  ( -1.000000000000000000, 0.0000000000000000000, 0.0000000000000000000 ) ) ;
#2779 = ORIENTED_EDGE ( 'NONE', *, *, #1677, .T. ) ;
#2780 = VECTOR ( 'NONE', #2404, 1000.000000000000000 ) ;
#2781 = DIRECTION ( 'NONE',  ( -1.000000000000000000, 0.0000000000000000000, 0.0000000000000000000 ) ) ;
#2782 = DIRECTION ( 'NONE',  ( -0.0000000000000000000, -0.0000000000000000000, -1.000000000000000000 ) ) ;
#2783 = PLANE ( 'NONE',  #5001 ) ;
#2784 = CARTESIAN_POINT ( 'NONE',  ( -1.294117293145407500, -1.824751214957809300, 0.1796417763262804800 ) ) ;
#2785 = LINE ( 'NONE', #2807, #5437 ) ;
#2786 = CARTESIAN_POINT ( 'NONE',  ( -1.195000000000000500, -2.023844055306274300E-016, 1.210000000000000200 ) ) ;
#2787 = LINE ( 'NONE', #4736, #1122 ) ;
#2788 = ORIENTED_EDGE ( 'NONE', *, *, #3561, .T. ) ;
#2789 = ORIENTED_EDGE ( 'NONE', *, *, #2434, .T. ) ;
#2790 = DIRECTION ( 'NONE',  ( 1.000000000000000000, 0.0000000000000000000, 0.0000000000000000000 ) ) ;
#2791 = CARTESIAN_POINT ( 'NONE',  ( 1.196569550637495800, -0.9467647735385966700, 0.6177070109125872800 ) ) ;
#2792 = DIRECTION ( 'NONE',  ( 0.0000000000000000000, 0.0000000000000000000, 1.000000000000000000 ) ) ;
#2793 = DIRECTION ( 'NONE',  ( -1.000000000000000000, 0.0000000000000000000, 0.0000000000000000000 ) ) ;
#2794 = ORIENTED_EDGE ( 'NONE', *, *, #1347, .T. ) ;
#2795 = ORIENTED_EDGE ( 'NONE', *, *, #2313, .T. ) ;
#2796 = DIRECTION ( 'NONE',  ( 0.7071067811865469100, 0.7071067811865482400, -0.0000000000000000000 ) ) ;
#2797 = CARTESIAN_POINT ( 'NONE',  ( 1.129289321881346500, 1.970710678118654300, -2.699999999999999700 ) ) ;
#2798 = LINE ( 'NONE', #3578, #1729 ) ;
#2799 = DIRECTION ( 'NONE',  ( -1.000000000000000000, 0.0000000000000000000, 0.0000000000000000000 ) ) ;
#2800 = EDGE_CURVE ( 'NONE', #3192, #6199, #1557, .T. ) ;
#2801 = ORIENTED_EDGE ( 'NONE', *, *, #2527, .F. ) ;
#2802 = CARTESIAN_POINT ( 'NONE',  ( -1.263783717139398400, -1.802719855372148600, 0.09076944199921020700 ) ) ;
#2803 = EDGE_LOOP ( 'NONE', ( #1928, #235, #207, #4651, #234, #6252, #3302, #1205 ) ) ;
#2804 = AXIS2_PLACEMENT_3D ( 'NONE', #568, #39, #2513 ) ;
#2805 = CARTESIAN_POINT ( 'NONE',  ( 1.402231071036004400, -1.688816161245629800, 0.6803681019665556200 ) ) ;
#2806 = EDGE_CURVE ( 'NONE', #876, #2559, #1396, .T. ) ;
#2807 = CARTESIAN_POINT ( 'NONE',  ( 0.5500000000002437400, 2.549999999999757800, -0.2999999999996260700 ) ) ;
#2808 = ORIENTED_EDGE ( 'NONE', *, *, #3793, .T. ) ;
#2809 = ORIENTED_EDGE ( 'NONE', *, *, #1269, .T. ) ;
#2810 = CARTESIAN_POINT ( 'NONE',  ( 1.363513390820249200, -1.448901048223661300, 0.7016167948091135400 ) ) ;
#2811 = ORIENTED_EDGE ( 'NONE', *, *, #5391, .T. ) ;
#2812 = AXIS2_PLACEMENT_3D ( 'NONE', #2567, #1610, #3090 ) ;
#2813 = DIRECTION ( 'NONE',  ( -0.0000000000000000000, 1.000000000000000000, -0.0000000000000000000 ) ) ;
#2814 = CARTESIAN_POINT ( 'NONE',  ( 1.435930689963656400, -1.909484761449158100, 0.5602808843468616300 ) ) ;
#2815 = DIRECTION ( 'NONE',  ( -0.0000000000000000000, -0.0000000000000000000, 1.000000000000000000 ) ) ;
#2816 = CARTESIAN_POINT ( 'NONE',  ( 1.404933262915796500, -1.777402647635344200, 0.2113772390490827900 ) ) ;
#2817 = CARTESIAN_POINT ( 'NONE',  ( -1.058578643762691200, 1.999999999999999600, 1.699999999999999700 ) ) ;
#2818 = FACE_OUTER_BOUND ( 'NONE', #912, .T. ) ;
#2819 = AXIS2_PLACEMENT_3D ( 'NONE', #2172, #613, #1137 ) ;
#2820 = ORIENTED_EDGE ( 'NONE', *, *, #5109, .F. ) ;
#2821 = ORIENTED_EDGE ( 'NONE', *, *, #790, .T. ) ;
#2822 = FACE_OUTER_BOUND ( 'NONE', #4147, .T. ) ;
#2823 = FACE_OUTER_BOUND ( 'NONE', #2053, .T. ) ;
#2824 = ORIENTED_EDGE ( 'NONE', *, *, #6067, .T. ) ;
#2825 = VERTEX_POINT ( 'NONE', #5197 ) ;
#2826 = ORIENTED_EDGE ( 'NONE', *, *, #2113, .F. ) ;
#2827 = AXIS2_PLACEMENT_3D ( 'NONE', #907, #493, #4268 ) ;
#2828 = B_SPLINE_CURVE_WITH_KNOTS ( 'NONE', 3,
 ( #2999, #4502, #5427, #5464, #2054, #5970, #143, #3551, #4443, #80 ),
 .UNSPECIFIED., .F., .F.,
 ( 4, 3, 3, 4 ),
 ( 0.0006167044498205450000, 0.0006203433764494239100, 0.0006543598560944968100, 0.0006813387129380064600 ),
 .UNSPECIFIED. ) ;
#2829 = CARTESIAN_POINT ( 'NONE',  ( 1.425153448599105300, -1.881412400609740100, 0.5692237948676954800 ) ) ;
#2830 = LINE ( 'NONE', #5705, #2300 ) ;
#2831 = CARTESIAN_POINT ( 'NONE',  ( -1.205000000000000300, -1.517883041479705700E-016, 1.070000000000000100 ) ) ;
#2832 = LINE ( 'NONE', #1797, #4418 ) ;
#2833 = CARTESIAN_POINT ( 'NONE',  ( 1.092817164992094100, -0.1645885019106851900, 0.6200987531428716600 ) ) ;
#2834 = EDGE_LOOP ( 'NONE', ( #4112, #750, #3374 ) ) ;
#2835 = CARTESIAN_POINT ( 'NONE',  ( -1.899999999999999900, 1.749999999999998900, -0.02000000000000000000 ) ) ;
#2836 = ORIENTED_EDGE ( 'NONE', *, *, #4975, .F. ) ;
#2837 = ADVANCED_FACE ( 'NONE', ( #1476 ), #4959, .T. ) ;
#2838 = FACE_OUTER_BOUND ( 'NONE', #5704, .T. ) ;
#2839 = PLANE ( 'NONE',  #5510 ) ;
#2840 = CARTESIAN_POINT ( 'NONE',  ( -1.417516172016834600, 1.768730418521732500, 0.1216558853221101900 ) ) ;
#2841 = EDGE_CURVE ( 'NONE', #4139, #4184, #2240, .T. ) ;
#2842 = DIRECTION ( 'NONE',  ( 0.7071067811865482400, -0.7071067811865469100, 0.0000000000000000000 ) ) ;
#2843 = LINE ( 'NONE', #3251, #2459 ) ;
#2844 = CIRCLE ( 'NONE', #3977, 0.1000000000000000500 ) ;
#2845 = CARTESIAN_POINT ( 'NONE',  ( -1.322454819323493700, -0.4146873628067434500, 0.8667843814858895400 ) ) ;
#2846 = EDGE_CURVE ( 'NONE', #982, #1456, #3662, .T. ) ;
#2847 = DIRECTION ( 'NONE',  ( -1.224646799147353200E-016, 1.000000000000000000, 0.0000000000000000000 ) ) ;
#2848 = DIRECTION ( 'NONE',  ( -1.000000000000000000, 0.0000000000000000000, 0.0000000000000000000 ) ) ;
#2849 = EDGE_LOOP ( 'NONE', ( #2634, #1838, #3026, #5074 ) ) ;
#2850 = EDGE_CURVE ( 'NONE', #4215, #5430, #380, .T. ) ;
#2851 = DIRECTION ( 'NONE',  ( 0.0000000000000000000, -1.000000000000000000, 0.0000000000000000000 ) ) ;
#2852 = CARTESIAN_POINT ( 'NONE',  ( 1.306074763387284000, -1.968645570277957500, 0.5627223271026669000 ) ) ;
#2853 = CARTESIAN_POINT ( 'NONE',  ( -1.345000000000000200, -1.517883041479705700E-016, 1.070000000000000100 ) ) ;
#2854 = AXIS2_PLACEMENT_3D ( 'NONE', #3947, #4382, #2544 ) ;
#2855 = CARTESIAN_POINT ( 'NONE',  ( 1.405823054990303200, -1.729467208960165300, 0.7170608060907423000 ) ) ;
#2856 = VERTEX_POINT ( 'NONE', #2271 ) ;
#2857 = CIRCLE ( 'NONE', #740, 0.06999999999999996500 ) ;
#2858 = CARTESIAN_POINT ( 'NONE',  ( 0.9644895860166088400, -0.1954653338108368900, 0.6217277792630870900 ) ) ;
#2859 = DIRECTION ( 'NONE',  ( 3.693158315293192400E-016, 1.000000000000000000, 0.0000000000000000000 ) ) ;
#2860 = ORIENTED_EDGE ( 'NONE', *, *, #6033, .F. ) ;
#2861 = CARTESIAN_POINT ( 'NONE',  ( 1.270845819057999400, -1.818804083253290800, 0.2031335730073682300 ) ) ;
#2862 = CARTESIAN_POINT ( 'NONE',  ( -1.282648510248268300, -0.9360013669937666800, 0.9977032053051090300 ) ) ;
#2863 = CARTESIAN_POINT ( 'NONE',  ( 1.273261267997822800, -0.9699336437232173300, 0.7020982158450351800 ) ) ;
#2864 = VECTOR ( 'NONE', #2675, 999.9999999999998900 ) ;
#2866 = FACE_OUTER_BOUND ( 'NONE', #3973, .T. ) ;
#2865 = CARTESIAN_POINT ( 'NONE',  ( 1.125000000000000000, -1.401553924389332000E-017, 1.070000000000000100 ) ) ;
#2867 = AXIS2_PLACEMENT_3D ( 'NONE', #4708, #780, #4663 ) ;
#2868 = ADVANCED_FACE ( 'NONE', ( #6288 ), #5314, .T. ) ;
#2869 = EDGE_CURVE ( 'NONE', #2297, #3375, #5092, .T. ) ;
#2870 = CARTESIAN_POINT ( 'NONE',  ( -1.244529980377476500, 1.859749127360403400, 0.1630199869183177300 ) ) ;
#2871 = EDGE_LOOP ( 'NONE', ( #1731, #4226, #3245, #463 ) ) ;
#2872 = CARTESIAN_POINT ( 'NONE',  ( 1.193518716343006800, -0.5921355983010435600, 0.6450523775990078000 ) ) ;
#2873 = CARTESIAN_POINT ( 'NONE',  ( -1.460226166453616500, -1.884699595560741700, 0.6746856099885394400 ) ) ;
#2874 = CARTESIAN_POINT ( 'NONE',  ( -1.248952953232109100, 1.856206486454500900, 0.1659686354894370200 ) ) ;
#2875 = CARTESIAN_POINT ( 'NONE',  ( 1.136478254957888700, -0.9812679930678283000, 0.6611256953852560100 ) ) ;
#2876 = ORIENTED_EDGE ( 'NONE', *, *, #3518, .T. ) ;
#2877 = ORIENTED_EDGE ( 'NONE', *, *, #1356, .T. ) ;
#2878 = EDGE_CURVE ( 'NONE', #705, #1958, #5398, .T. ) ;
#2879 = CARTESIAN_POINT ( 'NONE',  ( 1.450000000000012800, 1.761606575163157300, 0.09999999999999982500 ) ) ;
#2880 = CARTESIAN_POINT ( 'NONE',  ( -1.234126768851189400, -0.4182772182941992800, 0.9753443577079818900 ) ) ;
#2881 = EDGE_CURVE ( 'NONE', #2448, #996, #5687, .T. ) ;
#2882 = DIRECTION ( 'NONE',  ( -0.0000000000000000000, -0.0000000000000000000, -1.000000000000000000 ) ) ;
#2883 = CARTESIAN_POINT ( 'NONE',  ( 1.450000000000012800, -1.761606575163157300, 0.1000000000000000100 ) ) ;
#2884 = APPROVAL_PERSON_ORGANIZATION ( #2433, #6197, #1992 ) ;
#2885 = DIRECTION ( 'NONE',  ( 0.0000000000000000000, -0.0000000000000000000, -1.000000000000000000 ) ) ;
#2886 = CARTESIAN_POINT ( 'NONE',  ( 1.133103179647422000, -0.3073620590665823200, 0.6705234714849034300 ) ) ;
#2887 = CARTESIAN_POINT ( 'NONE',  ( 1.203553390593275400, -1.896446609406725200, 0.1357022603955299300 ) ) ;
#2888 = AXIS2_PLACEMENT_3D ( 'NONE', #3639, #3093, #753 ) ;
#2889 = CARTESIAN_POINT ( 'NONE',  ( 1.264998994524942500, -0.9506185279076802000, 0.6595467461410047200 ) ) ;
#2890 = LINE ( 'NONE', #1666, #6002 ) ;
#2891 = CALENDAR_DATE ( 2021, 20, 4 ) ;
#2892 = ADVANCED_FACE ( 'NONE', ( #1446 ), #976, .T. ) ;
#2893 = ORIENTED_EDGE ( 'NONE', *, *, #1934, .T. ) ;
#2894 = DIRECTION ( 'NONE',  ( 1.000000000000000000, 0.0000000000000000000, 0.0000000000000000000 ) ) ;
#2895 = CARTESIAN_POINT ( 'NONE',  ( -1.110285042102434400, -1.989714957897566400, 0.07352336140166353100 ) ) ;
#2896 = LINE ( 'NONE', #5815, #5402 ) ;
#2897 = AXIS2_PLACEMENT_3D ( 'NONE', #4262, #3292, #4806 ) ;
#2898 = DIRECTION ( 'NONE',  ( 0.6396021490668840600, 0.6396021490668851700, -0.4264014327110609600 ) ) ;
#2899 = DIRECTION ( 'NONE',  ( 0.0000000000000000000, 0.0000000000000000000, -1.000000000000000000 ) ) ;
#2900 = ORIENTED_EDGE ( 'NONE', *, *, #217, .F. ) ;
#2901 = VERTEX_POINT ( 'NONE', #4885 ) ;
#2902 = DIRECTION ( 'NONE',  ( 0.0000000000000000000, -1.000000000000000000, 0.0000000000000000000 ) ) ;
#2903 = AXIS2_PLACEMENT_3D ( 'NONE', #2270, #2757, #5595 ) ;
#2904 = ORIENTED_EDGE ( 'NONE', *, *, #1904, .F. ) ;
#2905 = CARTESIAN_POINT ( 'NONE',  ( 1.444818044326791700, -1.964919220211239300, 0.5608157092412487900 ) ) ;
#2906 = CIRCLE ( 'NONE', #1134, 0.06999999999999992300 ) ;
#2907 = CARTESIAN_POINT ( 'NONE',  ( -1.347788780503495400, -1.849478914116112800, 0.5829650955245124800 ) ) ;
#2908 = EDGE_CURVE ( 'NONE', #4957, #1456, #300, .T. ) ;
#2909 = ORIENTED_EDGE ( 'NONE', *, *, #598, .F. ) ;
#2910 = CARTESIAN_POINT ( 'NONE',  ( 1.353226320789421700, -1.855876373179306900, 0.5524863294308871600 ) ) ;
#2911 = CARTESIAN_POINT ( 'NONE',  ( 1.244529980377501400, 1.859749127360379700, 0.1630199869183413000 ) ) ;
#2912 = ORIENTED_EDGE ( 'NONE', *, *, #2656, .F. ) ;
#2913 = AXIS2_PLACEMENT_3D ( 'NONE', #5034, #5700, #1032 ) ;
#2914 = CARTESIAN_POINT ( 'NONE',  ( 1.203553390593275400, 1.896446609406725200, 0.1357022603955299300 ) ) ;
#2915 = EDGE_CURVE ( 'NONE', #2255, #996, #3864, .T. ) ;
#2916 = DIRECTION ( 'NONE',  ( -0.0000000000000000000, -0.0000000000000000000, -1.000000000000000000 ) ) ;
#2917 = VERTEX_POINT ( 'NONE', #2484 ) ;
#2918 = VERTEX_POINT ( 'NONE', #516 ) ;
#2919 = DIRECTION ( 'NONE',  ( -0.7071067811865482400, -0.7071067811865469100, 0.0000000000000000000 ) ) ;
#2920 = DIRECTION ( 'NONE',  ( -0.0000000000000000000, -0.0000000000000000000, -1.000000000000000000 ) ) ;
#2921 = CARTESIAN_POINT ( 'NONE',  ( -1.750000000000000000, -1.208578643762689800, 1.699999999999999700 ) ) ;
#2922 = DIRECTION ( 'NONE',  ( 0.0000000000000000000, 0.0000000000000000000, -1.000000000000000000 ) ) ;
#2923 = ADVANCED_FACE ( 'NONE', ( #3416 ), #3422, .F. ) ;
#2924 = ORIENTED_EDGE ( 'NONE', *, *, #3918, .F. ) ;
#2925 = APPROVAL_STATUS ( 'not_yet_approved' ) ;
#2926 = EDGE_CURVE ( 'NONE', #1695, #4057, #2356, .T. ) ;
#2927 = CARTESIAN_POINT ( 'NONE',  ( 1.302832396748178100, -1.955101034237787000, 0.5602808843468616300 ) ) ;
#2928 = CARTESIAN_POINT ( 'NONE',  ( 2.422538534305150700E-016, 1.978152832303824700, 0.6000000000000003100 ) ) ;
#2929 = CYLINDRICAL_SURFACE ( 'NONE', #6074, 0.1000000000000000500 ) ;
#2930 = ORIENTED_EDGE ( 'NONE', *, *, #5694, .T. ) ;
#2931 = ORIENTED_EDGE ( 'NONE', *, *, #4161, .T. ) ;
#2932 = CARTESIAN_POINT ( 'NONE',  ( 1.444818044326791700, -1.964919220211239300, 0.5608157092412487900 ) ) ;
#2933 = CARTESIAN_POINT ( 'NONE',  ( 0.0000000000000000000, 0.0000000000000000000, 1.320000000000000100 ) ) ;
#2934 = CARTESIAN_POINT ( 'NONE',  ( 1.355470019622533300, -1.792460257042104000, 0.1630199869183182000 ) ) ;
#2935 = AXIS2_PLACEMENT_3D ( 'NONE', #1589, #2976, #1980 ) ;
#2936 = DIRECTION ( 'NONE',  ( 0.0000000000000000000, -0.0000000000000000000, 1.000000000000000000 ) ) ;
#2937 = CARTESIAN_POINT ( 'NONE',  ( -4.047688110612548600E-016, -2.023844055306274300E-016, 1.210000000000000200 ) ) ;
#2938 =( BOUNDED_CURVE ( )  B_SPLINE_CURVE ( 3, ( #1336, #2840, #1959, #965 ),
 .UNSPECIFIED., .F., .T. ) 
 B_SPLINE_CURVE_WITH_KNOTS ( ( 4, 4 ),
 ( 1.786682958292637300, 1.985887675209175200 ),
 .UNSPECIFIED. ) 
 CURVE ( )  GEOMETRIC_REPRESENTATION_ITEM ( )  RATIONAL_B_SPLINE_CURVE ( ( 1.000000000000000000, 0.9966958563508413500, 0.9966958563508413500, 1.000000000000000000 ) ) 
 REPRESENTATION_ITEM ( '' )  );
#2939 = DIRECTION ( 'NONE',  ( 1.000000000000000000, 0.0000000000000000000, 0.0000000000000000000 ) ) ;
#2940 = EDGE_LOOP ( 'NONE', ( #471, #4792, #4103, #662 ) ) ;
#2941 = CYLINDRICAL_SURFACE ( 'NONE', #2903, 0.1000000000000000500 ) ;
#2942 = CARTESIAN_POINT ( 'NONE',  ( -2.000000000000000000, 1.999999999999999600, 0.0000000000000000000 ) ) ;
#2943 = CARTESIAN_POINT ( 'NONE',  ( 2.000000000000000000, 1.649999999999998800, -0.02000000000000000000 ) ) ;
#2944 = CARTESIAN_POINT ( 'NONE',  ( -1.058578643762691200, 1.999999999999999600, 0.6000000000000000900 ) ) ;
#2945 = CONICAL_SURFACE ( 'NONE', #5287, 0.09999999999999939500, 0.7853981633974439500 ) ;
#2946 = VERTEX_POINT ( 'NONE', #5290 ) ;
#2947 = DATE_TIME_ROLE ( 'creation_date' ) ;
#2948 = DIRECTION ( 'NONE',  ( -0.0000000000000000000, -0.0000000000000000000, -1.000000000000000000 ) ) ;
#2949 = ORIENTED_EDGE ( 'NONE', *, *, #144, .T. ) ;
#2950 = B_SPLINE_CURVE_WITH_KNOTS ( 'NONE', 3,
 ( #2880, #2862, #1923, #5352, #3884, #4781, #6247, #3852, #4310, #4328 ),
 .UNSPECIFIED., .F., .F.,
 ( 4, 2, 2, 2, 4 ),
 ( 0.0000000000000000000, 0.3656516770693527500, 0.5484775156040291300, 0.6398904348713673200, 0.7313033541387055100 ),
 .UNSPECIFIED. ) ;
#2951 = CARTESIAN_POINT ( 'NONE',  ( 1.349374824231995000, -1.785850996757099500, 0.7532129447176908500 ) ) ;
#2952 = EDGE_CURVE ( 'NONE', #2075, #548, #3572, .T. ) ;
#2953 = ADVANCED_FACE ( 'NONE', ( #1366 ), #934, .T. ) ;
#2954 = ORIENTED_EDGE ( 'NONE', *, *, #185, .T. ) ;
#2955 = EDGE_CURVE ( 'NONE', #3865, #2560, #1052, .T. ) ;
#2956 = DIRECTION ( 'NONE',  ( -0.9735496498892595200, -0.2284755549298442000, 0.0000000000000000000 ) ) ;
#2957 = PLANE ( 'NONE',  #3138 ) ;
#2958 = CARTESIAN_POINT ( 'NONE',  ( 1.058578643762690500, -1.900000000000000400, 1.800000000000000000 ) ) ;
#2959 = EDGE_CURVE ( 'NONE', #5011, #5360, #2132, .T. ) ;
#2960 = VECTOR ( 'NONE', #5648, 1000.000000000000000 ) ;
#2961 = CARTESIAN_POINT ( 'NONE',  ( -1.464685523016919300, -1.932280669817684200, 0.2114833302046589300 ) ) ;
#2962 = DIRECTION ( 'NONE',  ( -1.000000000000000000, 0.0000000000000000000, -0.0000000000000000000 ) ) ;
#2963 = VERTEX_POINT ( 'NONE', #3887 ) ;
#2964 = FACE_OUTER_BOUND ( 'NONE', #4949, .T. ) ;
#2965 = VECTOR ( 'NONE', #2318, 1000.000000000000000 ) ;
#2966 = VECTOR ( 'NONE', #1735, 1000.000000000000000 ) ;
#2967 = EDGE_LOOP ( 'NONE', ( #5607, #1738, #838, #2615 ) ) ;
#2968 = CARTESIAN_POINT ( 'NONE',  ( 1.425141857577135100, -1.883297091664656800, 0.5663974686837253100 ) ) ;
#2969 = DIRECTION ( 'NONE',  ( -0.0000000000000000000, -0.0000000000000000000, 1.000000000000000000 ) ) ;
#2970 = CLOSED_SHELL ( 'NONE', ( #498, #5926, #5849, #1181 ) ) ;
#2971 = VECTOR ( 'NONE', #2969, 1000.000000000000000 ) ;
#2972 = CARTESIAN_POINT ( 'NONE',  ( 1.302832396748178100, -1.955101034237787000, 0.2031335730073686500 ) ) ;
#2973 = DIRECTION ( 'NONE',  ( 0.0000000000000000000, -1.000000000000000000, 0.0000000000000000000 ) ) ;
#2974 = FACE_OUTER_BOUND ( 'NONE', #5027, .T. ) ;
#2975 = ORIENTED_EDGE ( 'NONE', *, *, #1228, .T. ) ;
#2976 = DIRECTION ( 'NONE',  ( -0.0000000000000000000, -0.0000000000000000000, -1.000000000000000000 ) ) ;
#2977 = CARTESIAN_POINT ( 'NONE',  ( -1.353953762612646300, -1.778795973155167900, 0.09417428574362254900 ) ) ;
#2978 = VERTEX_POINT ( 'NONE', #3405 ) ;
#2979 = ORIENTED_EDGE ( 'NONE', *, *, #5109, .T. ) ;
#2980 = VERTEX_POINT ( 'NONE', #6251 ) ;
#2981 = EDGE_CURVE ( 'NONE', #1850, #4744, #2612, .T. ) ;
#2982 = DIRECTION ( 'NONE',  ( -0.0000000000000000000, 1.000000000000000000, -0.0000000000000000000 ) ) ;
#2983 = ADVANCED_FACE ( 'NONE', ( #5854 ), #2139, .T. ) ;
#2984 = TOROIDAL_SURFACE ( 'NONE', #2014, 1.125000000000000200, 0.06999999999999996500 ) ;
#2985 = CARTESIAN_POINT ( 'NONE',  ( -0.5500000000002439600, -2.549999999999757300, -0.2999999999996252300 ) ) ;
#2986 = EDGE_LOOP ( 'NONE', ( #514, #1523, #1852, #5339 ) ) ;
#2987 = DIRECTION ( 'NONE',  ( -0.7071067811865444600, 0.0000000000000000000, 0.7071067811865505700 ) ) ;
#2988 = CARTESIAN_POINT ( 'NONE',  ( -1.231356218958197900, -1.865238636853765900, -0.04901560485402813000 ) ) ;
#2989 = CARTESIAN_POINT ( 'NONE',  ( 1.390172818854533500, -2.020885915983396100, 0.5602808843468616300 ) ) ;
#2990 = LINE ( 'NONE', #1095, #3212 ) ;
#2991 = EDGE_CURVE ( 'NONE', #881, #3200, #3541, .T. ) ;
#2992 = CARTESIAN_POINT ( 'NONE',  ( 1.098592970394220300, -0.1607349080712325600, 0.6619531422374135300 ) ) ;
#2993 = ORIENTED_EDGE ( 'NONE', *, *, #3922, .T. ) ;
#2994 = DIRECTION ( 'NONE',  ( -0.5553795402051511200, 0.8315969975423881400, 6.195440985631449400E-015 ) ) ;
#2995 = CARTESIAN_POINT ( 'NONE',  ( 1.302832396748178100, -1.955101034237787000, 0.5602808843468616300 ) ) ;
#2996 = ORIENTED_EDGE ( 'NONE', *, *, #871, .T. ) ;
#2997 = AXIS2_PLACEMENT_3D ( 'NONE', #166, #1286, #6143 ) ;
#2998 = ORIENTED_EDGE ( 'NONE', *, *, #783, .T. ) ;
#2999 = CARTESIAN_POINT ( 'NONE',  ( -1.355470019622523300, 1.792460257042108400, 0.1630199869183177900 ) ) ;
#3000 = ADVANCED_FACE ( 'NONE', ( #4321 ), #6208, .T. ) ;
#3001 = EDGE_CURVE ( 'NONE', #4525, #1107, #687, .T. ) ;
#3002 = DIRECTION ( 'NONE',  ( 0.0000000000000000000, 1.000000000000000000, 0.0000000000000000000 ) ) ;
#3003 = CARTESIAN_POINT ( 'NONE',  ( 1.750000000000000000, -1.208578643762689800, 1.699999999999999700 ) ) ;
#3004 = ORIENTED_EDGE ( 'NONE', *, *, #3321, .F. ) ;
#3005 = CARTESIAN_POINT ( 'NONE',  ( 1.900000000000000800, -1.749999999999998900, 0.1000000000000000100 ) ) ;
#3006 = CARTESIAN_POINT ( 'NONE',  ( 1.054039354732231100, -0.2385502150945763800, 0.7357699802904079700 ) ) ;
#3007 = ADVANCED_FACE ( 'NONE', ( #831 ), #2692, .T. ) ;
#3008 = ORIENTED_EDGE ( 'NONE', *, *, #948, .T. ) ;
#3009 = AXIS2_PLACEMENT_3D ( 'NONE', #5347, #554, #3440 ) ;
#3010 = DIRECTION ( 'NONE',  ( 0.0000000000000000000, -1.000000000000000000, 0.0000000000000000000 ) ) ;
#3011 = CARTESIAN_POINT ( 'NONE',  ( 1.418127209399716400, -1.804324926089561300, 0.7005482961344974300 ) ) ;
#3012 = CARTESIAN_POINT ( 'NONE',  ( 1.058578643762691600, 1.999999999999999600, 1.699999999999999700 ) ) ;
#3013 = VERTEX_POINT ( 'NONE', #4830 ) ;
#3014 = ADVANCED_FACE ( 'NONE', ( #4794 ), #3580, .T. ) ;
#3015 = AXIS2_PLACEMENT_3D ( 'NONE', #5612, #1815, #1899 ) ;
#3016 = CARTESIAN_POINT ( 'NONE',  ( 1.409347536681308200, -1.796212163954271400, 0.07195111063651463100 ) ) ;
#3017 = DIRECTION ( 'NONE',  ( -1.000000000000000000, 0.0000000000000000000, 0.0000000000000000000 ) ) ;
#3018 = LINE ( 'NONE', #4069, #436 ) ;
#3019 = CARTESIAN_POINT ( 'NONE',  ( 1.557106781186549300, 1.749999999999998400, 0.0000000000000000000 ) ) ;
#3020 = ORIENTED_EDGE ( 'NONE', *, *, #3070, .F. ) ;
#3021 = CARTESIAN_POINT ( 'NONE',  ( 1.557106781186549300, 1.749999999999998400, -0.02000000000000000000 ) ) ;
#3022 = CARTESIAN_POINT ( 'NONE',  ( 1.058578643762691400, 1.899999999999999500, -0.02000000000000000000 ) ) ;
#3023 = DIRECTION ( 'NONE',  ( -0.8320502943379608500, 0.0000000000000000000, 0.5547001962250534000 ) ) ;
#3024 = AXIS2_PLACEMENT_3D ( 'NONE', #2233, #6078, #1747 ) ;
#3025 = CARTESIAN_POINT ( 'NONE',  ( -1.557106781186549500, 1.749999999999998700, 0.0000000000000000000 ) ) ;
#3026 = ORIENTED_EDGE ( 'NONE', *, *, #4902, .T. ) ;
#3027 = CARTESIAN_POINT ( 'NONE',  ( 1.850000000000000100, -1.208578643762689800, 1.699999999999999700 ) ) ;
#3028 = CARTESIAN_POINT ( 'NONE',  ( 1.031301424284838800, -0.3360077559438681700, 0.7324713832842417700 ) ) ;
#3029 = EDGE_CURVE ( 'NONE', #243, #3464, #4629, .T. ) ;
#3030 = DIRECTION ( 'NONE',  ( 0.0000000000000000000, 0.0000000000000000000, 1.000000000000000000 ) ) ;
#3031 = DIRECTION ( 'NONE',  ( -0.6309146462307444500, 0.02564182491039819100, -0.7754284015863740500 ) ) ;
#3032 = AXIS2_PLACEMENT_3D ( 'NONE', #2691, #3167, #2766 ) ;
#3033 = CARTESIAN_POINT ( 'NONE',  ( 1.311649607284030900, -1.967485029237790800, 0.6340941373217745500 ) ) ;
#3034 = EDGE_CURVE ( 'NONE', #5817, #4932, #4326, .T. ) ;
#3035 = CARTESIAN_POINT ( 'NONE',  ( 1.258351437752427000, -1.765564687251568500, 0.06977255347966870900 ) ) ;
#3036 = DIRECTION ( 'NONE',  ( 0.0000000000000000000, 0.0000000000000000000, -1.000000000000000000 ) ) ;
#3037 = CARTESIAN_POINT ( 'NONE',  ( 1.439129347732673900, -1.923114456547607900, 0.2031335730073686700 ) ) ;
#3038 = TOROIDAL_SURFACE ( 'NONE', #5735, 0.9750000000000000900, 0.06999999999999996500 ) ;
#3039 = PERSON_AND_ORGANIZATION ( #158, #6139 ) ;
#3040 = CARTESIAN_POINT ( 'NONE',  ( 1.028710641873837400, -0.1824770193411158500, 0.5789848304666097600 ) ) ;
#3041 = AXIS2_PLACEMENT_3D ( 'NONE', #1295, #846, #343 ) ;
#3042 = CIRCLE ( 'NONE', #5097, 1.195000000000000100 ) ;
#3043 = CARTESIAN_POINT ( 'NONE',  ( 1.820710678118654600, 1.279289321881344600, 1.319999999999999600 ) ) ;
#3044 = CARTESIAN_POINT ( 'NONE',  ( -1.348261943360985300, -1.854527534188962900, 0.2011723106700855400 ) ) ;
#3045 = AXIS2_PLACEMENT_3D ( 'NONE', #974, #2948, #5853 ) ;
#3046 = DIRECTION ( 'NONE',  ( -1.000000000000000000, 0.0000000000000000000, 0.0000000000000000000 ) ) ;
#3047 = ADVANCED_FACE ( 'NONE', ( #1766 ), #2600, .T. ) ;
#3048 = FACE_OUTER_BOUND ( 'NONE', #856, .T. ) ;
#3049 = ORIENTED_EDGE ( 'NONE', *, *, #1502, .T. ) ;
#3050 = CIRCLE ( 'NONE', #5883, 0.1000000000000000500 ) ;
#3051 = DIRECTION ( 'NONE',  ( 0.0000000000000000000, 0.0000000000000000000, 1.000000000000000000 ) ) ;
#3052 = LINE ( 'NONE', #3856, #4107 ) ;
#3053 = ORIENTED_EDGE ( 'NONE', *, *, #901, .F. ) ;
#3054 = CARTESIAN_POINT ( 'NONE',  ( 1.289446319169101000, -1.834842661567521500, 0.7021954176579864300 ) ) ;
#3055 = DIRECTION ( 'NONE',  ( -0.0000000000000000000, 0.0000000000000000000, 1.000000000000000000 ) ) ;
#3056 = FACE_OUTER_BOUND ( 'NONE', #3437, .T. ) ;
#3057 = CLOSED_SHELL ( 'NONE', ( #6, #3587, #142, #803 ) ) ;
#3058 = CIRCLE ( 'NONE', #5951, 1.055000000000000200 ) ;
#3059 = DIRECTION ( 'NONE',  ( -1.000000000000000000, 0.0000000000000000000, 0.0000000000000000000 ) ) ;
#3060 = DIRECTION ( 'NONE',  ( -0.0000000000000000000, -0.0000000000000000000, -1.000000000000000000 ) ) ;
#3061 = EDGE_LOOP ( 'NONE', ( #4725, #4801, #2115, #2646 ) ) ;
#3062 = AXIS2_PLACEMENT_3D ( 'NONE', #786, #468, #3788 ) ;
#3063 = LINE ( 'NONE', #5071, #412 ) ;
#3064 = EDGE_CURVE ( 'NONE', #5360, #134, #3042, .T. ) ;
#3065 = ORIENTED_EDGE ( 'NONE', *, *, #2926, .T. ) ;
#3066 = CARTESIAN_POINT ( 'NONE',  ( 3.698563651865939900, 1.749999999999999600, 0.6000000000000003100 ) ) ;
#3067 = CARTESIAN_POINT ( 'NONE',  ( -0.9999999999998878700, -2.000000000000000400, 0.0000000000000000000 ) ) ;
#3068 = ORIENTED_EDGE ( 'NONE', *, *, #6024, .F. ) ;
#3069 = CARTESIAN_POINT ( 'NONE',  ( -1.495808955202558600, -1.990492459645651500, 0.5425692145625740100 ) ) ;
#3070 = EDGE_CURVE ( 'NONE', #5713, #1506, #609, .T. ) ;
#3071 = DIRECTION ( 'NONE',  ( -0.0000000000000000000, -0.0000000000000000000, -1.000000000000000000 ) ) ;
#3072 = ORIENTED_EDGE ( 'NONE', *, *, #995, .T. ) ;
#3073 = EDGE_CURVE ( 'NONE', #3880, #1997, #1836, .T. ) ;
#3074 = CARTESIAN_POINT ( 'NONE',  ( 1.289098643536891200, -1.863205657659756700, 0.6646461831940307900 ) ) ;
#3075 = FACE_OUTER_BOUND ( 'NONE', #1630, .T. ) ;
#3076 = DIRECTION ( 'NONE',  ( -0.7071067811865469100, -0.7071067811865482400, 0.0000000000000000000 ) ) ;
#3077 = ADVANCED_FACE ( 'NONE', ( #3075 ), #420, .T. ) ;
#3078 = DIRECTION ( 'NONE',  ( 1.000000000000000000, -2.168404344971007700E-015, 0.0000000000000000000 ) ) ;
#3079 = CARTESIAN_POINT ( 'NONE',  ( -1.750000000000000700, -1.208578643762689800, 1.800000000000000000 ) ) ;
#3080 = CIRCLE ( 'NONE', #5137, 0.1000000000000000500 ) ;
#3081 = ORIENTED_EDGE ( 'NONE', *, *, #5994, .F. ) ;
#3082 = EDGE_CURVE ( 'NONE', #3166, #3589, #5892, .T. ) ;
#3083 = CARTESIAN_POINT ( 'NONE',  ( -1.291559920514567600, -1.249520259871771000, 0.7842507012895212300 ) ) ;
#3084 = VERTEX_POINT ( 'NONE', #3776 ) ;
#3085 = CARTESIAN_POINT ( 'NONE',  ( -1.750000000000000000, -1.208578643762689800, 1.320000000000000100 ) ) ;
#3086 = CARTESIAN_POINT ( 'NONE',  ( -1.557106781186549300, 2.249999999999998700, 0.1000000000000000100 ) ) ;
#3087 = DIRECTION ( 'NONE',  ( -0.0000000000000000000, -0.0000000000000000000, 1.000000000000000000 ) ) ;
#3088 = ORIENTED_EDGE ( 'NONE', *, *, #668, .T. ) ;
#3089 = EDGE_LOOP ( 'NONE', ( #1109, #2824, #2801, #5421 ) ) ;
#3090 = DIRECTION ( 'NONE',  ( 0.7071067811865469100, 0.7071067811865482400, 0.0000000000000000000 ) ) ;
#3091 = CARTESIAN_POINT ( 'NONE',  ( 1.333577262677624600, -1.802608175322400400, 0.1745569797625583500 ) ) ;
#3092 = CARTESIAN_POINT ( 'NONE',  ( 1.306055859648036500, -1.968717982317115300, 0.5606009663055289100 ) ) ;
#3093 = DIRECTION ( 'NONE',  ( -1.224646799147353200E-016, 1.000000000000000000, 0.0000000000000000000 ) ) ;
#3094 = VERTEX_POINT ( 'NONE', #5787 ) ;
#3095 = AXIS2_PLACEMENT_3D ( 'NONE', #796, #811, #3254 ) ;
#3096 = ORIENTED_EDGE ( 'NONE', *, *, #6299, .F. ) ;
#3097 = CARTESIAN_POINT ( 'NONE',  ( 1.277616483867082300, -1.794447703903237200, 0.6685782776053483800 ) ) ;
#3098 = CARTESIAN_POINT ( 'NONE',  ( 1.407142770042495200, -1.786817505563111900, 0.1776970720831376700 ) ) ;
#3099 = ORIENTED_EDGE ( 'NONE', *, *, #1347, .F. ) ;
#3100 = CARTESIAN_POINT ( 'NONE',  ( 1.899999999999999900, 1.649999999999998800, 0.6000000000000000900 ) ) ;
#3101 = ADVANCED_FACE ( 'NONE', ( #5728 ), #4046, .T. ) ;
#3102 = ORIENTED_EDGE ( 'NONE', *, *, #2036, .T. ) ;
#3103 = DIRECTION ( 'NONE',  ( 0.0000000000000000000, 0.0000000000000000000, -1.000000000000000000 ) ) ;
#3104 = EDGE_CURVE ( 'NONE', #1660, #4482, #2857, .T. ) ;
#3105 = DIRECTION ( 'NONE',  ( -0.0000000000000000000, -0.0000000000000000000, -1.000000000000000000 ) ) ;
#3106 = VECTOR ( 'NONE', #4090, 1000.000000000000000 ) ;
#3107 = CARTESIAN_POINT ( 'NONE',  ( 1.354505394648011500, -1.792885365153431800, 0.1636630702346721900 ) ) ;
#3108 = AXIS2_PLACEMENT_3D ( 'NONE', #5675, #1905, #4294 ) ;
#3109 = ORIENTED_EDGE ( 'NONE', *, *, #2689, .T. ) ;
#3110 = CARTESIAN_POINT ( 'NONE',  ( -1.353953762612646300, -1.778795973155167900, 0.09417428574362254900 ) ) ;
#3111 = CARTESIAN_POINT ( 'NONE',  ( 1.225156994636607900, -1.481954767431138900, 0.7032777803608492000 ) ) ;
#3112 = VECTOR ( 'NONE', #4483, 1000.000000000000000 ) ;
#3113 = EDGE_CURVE ( 'NONE', #1985, #1325, #2785, .T. ) ;
#3114 = DIRECTION ( 'NONE',  ( 0.4999999999999992800, -0.4999999999999977200, 0.7071067811865496800 ) ) ;
#3115 = ORIENTED_EDGE ( 'NONE', *, *, #3743, .F. ) ;
#3116 = LINE ( 'NONE', #5123, #2359 ) ;
#3117 = FACE_OUTER_BOUND ( 'NONE', #1207, .T. ) ;
#3118 = CARTESIAN_POINT ( 'NONE',  ( 1.136958578522025300, -1.002485328426517800, 0.7037751955729324400 ) ) ;
#3119 = ORIENTED_EDGE ( 'NONE', *, *, #988, .T. ) ;
#3120 = CARTESIAN_POINT ( 'NONE',  ( 1.244529980377501400, -2.000000000000000400, 0.1630199869183413000 ) ) ;
#3121 = CARTESIAN_POINT ( 'NONE',  ( 1.900000000000000800, -1.649999999999998600, -0.02000000000000000000 ) ) ;
#3122 = VECTOR ( 'NONE', #6233, 1000.000000000000000 ) ;
#3123 = EDGE_LOOP ( 'NONE', ( #4561, #5973, #2035, #478 ) ) ;
#3124 = CARTESIAN_POINT ( 'NONE',  ( -1.899999999999999900, 1.749999999999998900, 0.6000000000000003100 ) ) ;
#3125 = CIRCLE ( 'NONE', #1163, 0.06999999999999996500 ) ;
#3126 = AXIS2_PLACEMENT_3D ( 'NONE', #2204, #295, #1168 ) ;
#3127 = LINE ( 'NONE', #3172, #6096 ) ;
#3128 = EDGE_LOOP ( 'NONE', ( #1007, #3732, #1868, #2605 ) ) ;
#3129 = CIRCLE ( 'NONE', #1151, 1.978152832303824700 ) ;
#3130 = ORIENTED_EDGE ( 'NONE', *, *, #5922, .T. ) ;
#3131 = AXIS2_PLACEMENT_3D ( 'NONE', #5461, #2207, #6082 ) ;
#3132 = VERTEX_POINT ( 'NONE', #3325 ) ;
#3133 = CARTESIAN_POINT ( 'NONE',  ( -1.195000000000000300, -1.011922027653137100E-016, 0.9300000000000000500 ) ) ;
#3134 = VECTOR ( 'NONE', #1299, 1000.000000000000000 ) ;
#3135 = VERTEX_POINT ( 'NONE', #1843 ) ;
#3136 = CARTESIAN_POINT ( 'NONE',  ( 1.900000000000000800, -1.749999999999998900, 0.6000000000000003100 ) ) ;
#3137 = LINE ( 'NONE', #1816, #2769 ) ;
#3138 = AXIS2_PLACEMENT_3D ( 'NONE', #52, #558, #3002 ) ;
#3139 = CARTESIAN_POINT ( 'NONE',  ( 1.055000000000000200, 7.860413592738890400E-017, 0.7900000000000000400 ) ) ;
#3140 = EDGE_LOOP ( 'NONE', ( #1430, #2491, #1635, #4605 ) ) ;
#3141 = CARTESIAN_POINT ( 'NONE',  ( 1.203553390593275600, -1.896446609406725200, -0.02000000000000000000 ) ) ;
#3142 = LINE ( 'NONE', #4370, #559 ) ;
#3143 = DIRECTION ( 'NONE',  ( -0.0000000000000000000, 1.000000000000000000, -0.0000000000000000000 ) ) ;
#3144 =( BOUNDED_CURVE ( )  B_SPLINE_CURVE ( 3, ( #497, #2005, #465, #4388 ),
 .UNSPECIFIED., .F., .T. ) 
 B_SPLINE_CURVE_WITH_KNOTS ( ( 4, 4 ),
 ( 4.297297631972982800, 4.496502348886949100 ),
 .UNSPECIFIED. ) 
 CURVE ( )  GEOMETRIC_REPRESENTATION_ITEM ( )  RATIONAL_B_SPLINE_CURVE ( ( 1.000000000000000000, 0.9966958563509266100, 0.9966958563509266100, 1.000000000000000000 ) ) 
 REPRESENTATION_ITEM ( '' )  );
#3145 = ORIENTED_EDGE ( 'NONE', *, *, #6225, .T. ) ;
#3146 = VECTOR ( 'NONE', #1276, 1000.000000000000000 ) ;
#3147 = CIRCLE ( 'NONE', #127, 1.205000000000000100 ) ;
#3148 = CARTESIAN_POINT ( 'NONE',  ( -1.346648425248751400, -1.999906843597784700, 0.1137671621449871500 ) ) ;
#3149 = EDGE_CURVE ( 'NONE', #5430, #2559, #567, .T. ) ;
#3150 = CARTESIAN_POINT ( 'NONE',  ( 1.307816724202899700, -1.816482373719215100, 0.1798149574845394600 ) ) ;
#3151 = EDGE_CURVE ( 'NONE', #4983, #243, #3900, .T. ) ;
#3152 = CARTESIAN_POINT ( 'NONE',  ( 1.298344449622994800, -1.925872395786828500, 0.6169312492907798000 ) ) ;
#3153 = VECTOR ( 'NONE', #3023, 1000.000000000000000 ) ;
#3154 = FACE_OUTER_BOUND ( 'NONE', #4249, .T. ) ;
#3155 = CARTESIAN_POINT ( 'NONE',  ( 1.110285042102434200, -1.989714957897566400, 0.07352336140166400300 ) ) ;
#3156 = CARTESIAN_POINT ( 'NONE',  ( 1.600000000000000100, -2.000000000000000400, 3.490496710497053400E-018 ) ) ;
#3157 = DIRECTION ( 'NONE',  ( -0.0000000000000000000, -0.0000000000000000000, 1.000000000000000000 ) ) ;
#3158 = DIRECTION ( 'NONE',  ( -0.9735496498892595200, -0.2284755549298442000, 0.0000000000000000000 ) ) ;
#3159 = EDGE_CURVE ( 'NONE', #1546, #59, #2022, .T. ) ;
#3160 = CARTESIAN_POINT ( 'NONE',  ( -1.581109102672853700, -2.010033805446406000, 0.5974324212383084200 ) ) ;
#3162 = ORIENTED_EDGE ( 'NONE', *, *, #3073, .T. ) ;
#3161 = AXIS2_PLACEMENT_3D ( 'NONE', #1040, #4847, #3926 ) ;
#3163 = PLANE ( 'NONE',  #1510 ) ;
#3164 = VERTEX_POINT ( 'NONE', #1454 ) ;
#3165 = DIRECTION ( 'NONE',  ( 0.0000000000000000000, -0.0000000000000000000, 1.000000000000000000 ) ) ;
#3166 = VERTEX_POINT ( 'NONE', #4869 ) ;
#3167 = DIRECTION ( 'NONE',  ( 0.0000000000000000000, 0.0000000000000000000, -1.000000000000000000 ) ) ;
#3168 = DIRECTION ( 'NONE',  ( 1.000000000000000000, 0.0000000000000000000, 0.0000000000000000000 ) ) ;
#3169 = CARTESIAN_POINT ( 'NONE',  ( -1.460825841750596800, -1.672663430521942100, 0.9920626917024558700 ) ) ;
#3170 = CARTESIAN_POINT ( 'NONE',  ( -3.763654892137477500, -1.881827446068738100, 0.6956689149482788700 ) ) ;
#3171 = ORIENTED_EDGE ( 'NONE', *, *, #2479, .T. ) ;
#3172 = CARTESIAN_POINT ( 'NONE',  ( -2.000000000000000000, 1.999999999999999600, 1.320000000000000100 ) ) ;
#3173 = CARTESIAN_POINT ( 'NONE',  ( 2.000000000000000900, -1.649999999999998600, 1.800000000000000000 ) ) ;
#3174 = DIRECTION ( 'NONE',  ( -0.0000000000000000000, -0.0000000000000000000, -1.000000000000000000 ) ) ;
#3175 = AXIS2_PLACEMENT_3D ( 'NONE', #1574, #1086, #6069 ) ;
#3176 = CARTESIAN_POINT ( 'NONE',  ( 1.339265883438606000, -1.751347963309162600, 0.5873537061523777000 ) ) ;
#3177 = CARTESIAN_POINT ( 'NONE',  ( -1.174496687418653300, -0.9465073939141907000, 0.9093598291855341500 ) ) ;
#3178 = CARTESIAN_POINT ( 'NONE',  ( 1.058578643762691400, 1.899999999999999500, 1.319999999999999600 ) ) ;
#3179 = EDGE_CURVE ( 'NONE', #5810, #5680, #720, .T. ) ;
#3180 = CARTESIAN_POINT ( 'NONE',  ( -1.058578643762691200, 1.999999999999999100, -0.02000000000000000000 ) ) ;
#3181 = ORIENTED_EDGE ( 'NONE', *, *, #3994, .T. ) ;
#3182 = DIRECTION ( 'NONE',  ( -1.224646799147353200E-016, 1.000000000000000000, 0.0000000000000000000 ) ) ;
#3183 = DIRECTION ( 'NONE',  ( -1.000000000000000000, 0.0000000000000000000, 0.0000000000000000000 ) ) ;
#3184 = VECTOR ( 'NONE', #6151, 1000.000000000000000 ) ;
#3185 = EDGE_LOOP ( 'NONE', ( #492, #5143, #1066, #1714 ) ) ;
#3186 = EDGE_CURVE ( 'NONE', #4719, #4139, #4444, .T. ) ;
#3187 = DIRECTION ( 'NONE',  ( -0.8320502943378435000, 0.0000000000000000000, -0.5547001962252292600 ) ) ;
#3188 = ORIENTED_EDGE ( 'NONE', *, *, #891, .F. ) ;
#3189 = CARTESIAN_POINT ( 'NONE',  ( -1.494011894252687900, -2.026756673791062300, 0.8134795959868613700 ) ) ;
#3190 = CIRCLE ( 'NONE', #3484, 0.06999999999999996500 ) ;
#3191 = EDGE_CURVE ( 'NONE', #4983, #996, #1481, .T. ) ;
#3192 = VERTEX_POINT ( 'NONE', #14 ) ;
#3193 = CARTESIAN_POINT ( 'NONE',  ( 1.080130788032332100, -0.2263253968471747000, 0.7232091845070177700 ) ) ;
#3194 = ORIENTED_EDGE ( 'NONE', *, *, #6125, .F. ) ;
#3195 = ADVANCED_FACE ( 'NONE', ( #1321 ), #5828, .F. ) ;
#3196 = CLOSED_SHELL ( 'NONE', ( #3077, #4315, #495, #1725 ) ) ;
#3197 = CARTESIAN_POINT ( 'NONE',  ( 1.273830303165948600, -1.752861738319080500, 0.6338118819472274800 ) ) ;
#3198 = LINE ( 'NONE', #1014, #1297 ) ;
#3199 = CARTESIAN_POINT ( 'NONE',  ( -1.574460166694045200, -1.939090046622425200, 0.7369001666881761500 ) ) ;
#3200 = VERTEX_POINT ( 'NONE', #2395 ) ;
#3201 = CYLINDRICAL_SURFACE ( 'NONE', #1475, 0.06999999999999996500 ) ;
#3202 = CARTESIAN_POINT ( 'NONE',  ( 1.259433963178959100, -1.770177400634932700, -0.07014724859975024500 ) ) ;
#3203 = ORIENTED_EDGE ( 'NONE', *, *, #4419, .F. ) ;
#3204 = CARTESIAN_POINT ( 'NONE',  ( -1.463356755343177900, -1.928679116198273500, 0.1728249662123543800 ) ) ;
#3205 = AXIS2_PLACEMENT_3D ( 'NONE', #3695, #1807, #1791 ) ;
#3206 = CARTESIAN_POINT ( 'NONE',  ( 1.341950324171405000, 1.798590340901976600, 0.1709066054001245900 ) ) ;
#3207 = VECTOR ( 'NONE', #4208, 999.9999999999998900 ) ;
#3208 = DIRECTION ( 'NONE',  ( 0.0000000000000000000, -1.000000000000000000, 0.0000000000000000000 ) ) ;
#3209 = CIRCLE ( 'NONE', #5393, 0.06999999999999985400 ) ;
#3210 = AXIS2_PLACEMENT_3D ( 'NONE', #3811, #5710, #3745 ) ;
#3211 = VERTEX_POINT ( 'NONE', #3341 ) ;
#3212 = VECTOR ( 'NONE', #75, 999.9999999999998900 ) ;
#3213 = DIRECTION ( 'NONE',  ( -1.000000000000000000, -1.224646799147353200E-016, 0.0000000000000000000 ) ) ;
#3214 = B_SPLINE_CURVE_WITH_KNOTS ( 'NONE', 3,
 ( #335, #2406, #3631, #4136, #3206, #804, #4625 ),
 .UNSPECIFIED., .F., .F.,
 ( 4, 3, 4 ),
 ( 0.0000000000000000000, 4.020101029160099600E-005, 6.530400411259697900E-005 ),
 .UNSPECIFIED. ) ;
#3215 = CARTESIAN_POINT ( 'NONE',  ( 1.299607497790350900, -1.941474332528624600, 0.5610605384604729900 ) ) ;
#3216 = ORIENTED_EDGE ( 'NONE', *, *, #269, .T. ) ;
#3217 = CARTESIAN_POINT ( 'NONE',  ( -1.350000000000001400, 1.749999999999998700, -2.699999999999999700 ) ) ;
#3218 = CARTESIAN_POINT ( 'NONE',  ( -1.390800333077883100, -0.9254953400733418900, 1.086046581424683600 ) ) ;
#3219 = CARTESIAN_POINT ( 'NONE',  ( 1.136958578522025300, -1.002485328426517800, 0.7037751955729324400 ) ) ;
#3220 = CARTESIAN_POINT ( 'NONE',  ( 1.334818974438357200, -2.091397985222282600, 0.2031335730073682300 ) ) ;
#3221 = ORIENTED_EDGE ( 'NONE', *, *, #5379, .F. ) ;
#3222 = EDGE_CURVE ( 'NONE', #1867, #4054, #3735, .T. ) ;
#3223 = CARTESIAN_POINT ( 'NONE',  ( -1.309109354586919500, -1.748815057197832000, -0.04901560485402813700 ) ) ;
#3224 = ORIENTED_EDGE ( 'NONE', *, *, #1777, .T. ) ;
#3225 = B_SPLINE_SURFACE_WITH_KNOTS ( 'NONE', 3, 3, ( 
 ( #842, #381, #6167, #3219, #784, #2733, #4668, #5703, #1266, #2752, #5160, #6110, #6185, #2266, #5144, #3260, #4216, #2301, #3767, #358, #859, #5667 ),
 ( #3724, #6131, #320, #3739, #1288, #4235, #4689, #1245, #2777, #1334, #1311, #4715, #5202, #4758, #4323, #1935, #1858, #2380, #3312, #4306, #5775, #5820 ),
 ( #2858, #923, #428, #2875, #6282, #409, #5752, #1405, #6244, #4839, #5235, #3827, #4799, #1423, #5324, #3784, #896, #483, #3874, #1438, #4346, #880 ),
 ( #4283, #6201, #4258, #5283, #1896, #4822, #1381, #3350, #944, #1352, #1879, #446, #2426, #1916, #2358, #2337, #2910, #3377, #4776, #5264, #3393, #5730 ),
 ( #2833, #6220, #5303, #2889, #2408, #5804, #6266, #462, #3333, #3809, #3848, #2520, #1955, #5923, #1507, #1043, #5884, #5420, #5905, #2968, #3894, #4458 ),
 ( #2992, #551, #2030, #2051, #72, #100, #2002, #4438, #2498, #44, #3410, #3485, #575, #3955, #5837, #5444, #1026, #506, #3438, #1559, #4411, #4854 ),
 ( #4934, #1468, #5392, #3, #1005, #3466, #2552, #525, #3011, #591, #4899, #3508, #962, #983, #3930, #1533, #4915, #4365, #5345, #2449, #2932, #4386 ),
 ( #1488, #3914, #4876, #1971, #5369, #2473, #5862, #2951, #22, #119, #5946, #3974, #5002, #627, #4534, #3531, #2611, #664, #3601, #1600, #1112, #3585 ),
 ( #5966, #2067, #4961, #5985, #2123, #5460, #1093, #2104, #3054, #2576, #1152, #3033, #3564, #1646, #608, #3993, #1129, #4496, #4513, #4473, #2658, #1071 ),
 ( #4980, #2593, #1583, #4036, #1671, #2090, #5499, #5478, #4012, #3074, #5534, #3546, #5028, #138, #1620, #5518, #2638, #161, #642, #5999, #3092, #184 ),
 ( #4056, #4551, #5047, #2144, #6018, #3111, #204, #2332, #4251, #2167, #5604, #3152, #1712, #4102, #2206, #4573, #1348, #3306, #1199, #268, #5695, #4751 ) ),
 .UNSPECIFIED., .T., .F., .F.,
 ( 4, 1, 1, 1, 1, 1, 1, 1, 4 ),
 ( 4, 1, 1, 1, 1, 1, 1, 1, 1, 1, 1, 1, 1, 1, 1, 1, 1, 1, 1, 4 ),
 ( 0.0000000000000000000, 0.1250000000000000000, 0.2500000000000000000, 0.3750000000000000000, 0.5000000000000000000, 0.6250000000000000000, 0.7500000000000000000, 0.8750000000000000000, 1.000000000000000000 ),
 ( 0.0000000000000000000, 0.1868828167594381900, 0.3737656335188763700, 0.4672070418985954700, 0.5606484502783145600, 0.6073691544681740800, 0.6540898586580337100, 0.6774502107529634100, 0.7008105628478932300, 0.7241709149428230400, 0.7358510909902878900, 0.7416911790140203700, 0.7446112230258865600, 0.7460712450318196500, 0.7468012560347862000, 0.7471662615362695300, 0.7473487642870111400, 0.7474400156623819400, 0.7474856413500673400, 0.7475312670377527400 ),
 .UNSPECIFIED. ) ;
#3226 = ADVANCED_FACE ( 'NONE', ( #6173 ), #5366, .F. ) ;
#3227 = CARTESIAN_POINT ( 'NONE',  ( 1.058578643762690500, -1.900000000000001000, 1.800000000000000000 ) ) ;
#3228 = FACE_OUTER_BOUND ( 'NONE', #5872, .T. ) ;
#3229 = AXIS2_PLACEMENT_3D ( 'NONE', #670, #4044, #4558 ) ;
#3230 = CARTESIAN_POINT ( 'NONE',  ( -1.268558091834869600, -1.907548903999280300, 0.2329972025843717000 ) ) ;
#3231 = CARTESIAN_POINT ( 'NONE',  ( 1.439129347732674100, -1.923114456547607900, 0.5602808843468616300 ) ) ;
#3232 = EDGE_CURVE ( 'NONE', #5794, #134, #2319, .T. ) ;
#3233 = EDGE_LOOP ( 'NONE', ( #4425, #6175, #2105, #4568 ) ) ;
#3234 = ORIENTED_EDGE ( 'NONE', *, *, #5836, .F. ) ;
#3235 = CIRCLE ( 'NONE', #621, 0.5000000000000000000 ) ;
#3236 = CARTESIAN_POINT ( 'NONE',  ( -1.058578643762691200, 1.899999999999999500, 1.800000000000000000 ) ) ;
#3237 = CARTESIAN_POINT ( 'NONE',  ( 1.750000000000000200, -1.208578643762690000, 1.800000000000000000 ) ) ;
#3238 = VERTEX_POINT ( 'NONE', #2190 ) ;
#3239 = EDGE_LOOP ( 'NONE', ( #4595, #5270, #6120, #2450 ) ) ;
#3240 = CARTESIAN_POINT ( 'NONE',  ( 1.299529100594864200, -1.941266213690995500, 0.5663446262168949600 ) ) ;
#3241 = CARTESIAN_POINT ( 'NONE',  ( 0.9749999999999997600, -3.238524123110361500E-017, 1.070000000000000100 ) ) ;
#3242 = DIRECTION ( 'NONE',  ( -1.000000000000000000, 0.0000000000000000000, 0.0000000000000000000 ) ) ;
#3243 = ORIENTED_EDGE ( 'NONE', *, *, #1984, .T. ) ;
#3244 = CARTESIAN_POINT ( 'NONE',  ( 1.413761810446819900, -1.815021680273198900, -0.06747501777605349700 ) ) ;
#3245 = ORIENTED_EDGE ( 'NONE', *, *, #1195, .F. ) ;
#3246 = DIRECTION ( 'NONE',  ( -1.000000000000000000, 0.0000000000000000000, 0.0000000000000000000 ) ) ;
#3247 = CARTESIAN_POINT ( 'NONE',  ( -1.341950324171400100, -1.798590340901979000, 0.1709066054001202000 ) ) ;
#3248 = ORIENTED_EDGE ( 'NONE', *, *, #5225, .T. ) ;
#3249 = CARTESIAN_POINT ( 'NONE',  ( -1.227228388700322800, -1.862460158998119300, 0.09093648489344342800 ) ) ;
#3250 = CARTESIAN_POINT ( 'NONE',  ( 1.328617255351586900, -1.265067665304312000, 0.7050194420955726600 ) ) ;
#3251 = CARTESIAN_POINT ( 'NONE',  ( 1.850000000000000100, -1.208578643762689800, 1.319999999999999600 ) ) ;
#3252 = PLANE ( 'NONE',  #6259 ) ;
#3253 = DIRECTION ( 'NONE',  ( -0.0000000000000000000, -0.0000000000000000000, -1.000000000000000000 ) ) ;
#3254 = DIRECTION ( 'NONE',  ( -1.000000000000000000, -1.224646799147354200E-016, 0.0000000000000000000 ) ) ;
#3255 = LINE ( 'NONE', #3832, #3411 ) ;
#3256 = CIRCLE ( 'NONE', #3045, 0.1000000000000000500 ) ;
#3257 = B_SPLINE_CURVE_WITH_KNOTS ( 'NONE', 3,
 ( #3037, #5893, #3472, #3934, #2037, #4968 ),
 .UNSPECIFIED., .F., .F.,
 ( 4, 2, 4 ),
 ( 0.8923344729113776900, 0.9461672364556887900, 1.000000000000000000 ),
 .UNSPECIFIED. ) ;
#3258 = CARTESIAN_POINT ( 'NONE',  ( 1.304971618454081200, -1.541085773829235200, 0.6133245302003518300 ) ) ;
#3259 = ORIENTED_EDGE ( 'NONE', *, *, #264, .T. ) ;
#3260 = CARTESIAN_POINT ( 'NONE',  ( 1.302641799884092000, -1.953818016293352900, 0.5733785897380910800 ) ) ;
#3261 = FACE_OUTER_BOUND ( 'NONE', #580, .T. ) ;
#3262 = DIRECTION ( 'NONE',  ( 0.0000000000000000000, 0.0000000000000000000, -1.000000000000000000 ) ) ;
#3263 = CIRCLE ( 'NONE', #2888, 0.06999999999999996500 ) ;
#3264 = CARTESIAN_POINT ( 'NONE',  ( -1.343462271940647700, 1.797832757222624900, 0.1705074544559407000 ) ) ;
#3265 = AXIS2_PLACEMENT_3D ( 'NONE', #3981, #1101, #4506 ) ;
#3266 = ORIENTED_EDGE ( 'NONE', *, *, #254, .T. ) ;
#3267 = CARTESIAN_POINT ( 'NONE',  ( -1.011922027653137100E-016, -5.059610138265685700E-017, 0.7900000000000000400 ) ) ;
#3268 = EDGE_LOOP ( 'NONE', ( #1470, #2501, #3344, #202 ) ) ;
#3269 = VECTOR ( 'NONE', #582, 1000.000000000000000 ) ;
#3270 = EDGE_CURVE ( 'NONE', #656, #239, #2478, .T. ) ;
#3271 = CARTESIAN_POINT ( 'NONE',  ( -3.035766082959411400E-016, -1.517883041479705700E-016, 1.070000000000000100 ) ) ;
#3272 = CONICAL_SURFACE ( 'NONE', #5550, 0.09999999999999939500, 0.7853981633974439500 ) ;
#3273 = EDGE_CURVE ( 'NONE', #4359, #4189, #5273, .T. ) ;
#3274 = DIRECTION ( 'NONE',  ( 0.0000000000000000000, -0.0000000000000000000, -1.000000000000000000 ) ) ;
#3275 = DIRECTION ( 'NONE',  ( -1.000000000000000000, 0.0000000000000000000, 0.0000000000000000000 ) ) ;
#3276 = ORIENTED_EDGE ( 'NONE', *, *, #3715, .T. ) ;
#3277 = CARTESIAN_POINT ( 'NONE',  ( -1.457582277139964200, -1.856489450896625400, 0.7002271286508383600 ) ) ;
#3278 = EDGE_CURVE ( 'NONE', #5901, #5863, #4746, .T. ) ;
#3279 = CARTESIAN_POINT ( 'NONE',  ( 1.095202058736505200, -0.4428554273297913300, 0.7483286699458366900 ) ) ;
#3280 = ORIENTED_EDGE ( 'NONE', *, *, #2881, .F. ) ;
#3281 = CARTESIAN_POINT ( 'NONE',  ( 1.244529980377501400, 1.859749127360379700, 0.1630199869183413000 ) ) ;
#3282 = ORIENTED_EDGE ( 'NONE', *, *, #4, .F. ) ;
#3283 = CARTESIAN_POINT ( 'NONE',  ( 1.351257739287990300, -1.417330299236468700, 0.6606959769173012000 ) ) ;
#3284 = FACE_OUTER_BOUND ( 'NONE', #5570, .T. ) ;
#3285 = CARTESIAN_POINT ( 'NONE',  ( 1.900000000000000800, -1.749999999999998900, 0.0000000000000000000 ) ) ;
#3286 = CARTESIAN_POINT ( 'NONE',  ( -0.2461538461546110600, -2.000000000000000400, -0.8307692307692858800 ) ) ;
#3287 = ORIENTED_EDGE ( 'NONE', *, *, #2103, .T. ) ;
#3288 = CARTESIAN_POINT ( 'NONE',  ( -1.300000000000000000, -2.000000000000000400, 0.1798149574845336900 ) ) ;
#3289 = CARTESIAN_POINT ( 'NONE',  ( -1.557106781186549300, 2.249999999999998700, -2.699999999999999700 ) ) ;
#3290 = ORIENTED_EDGE ( 'NONE', *, *, #4248, .F. ) ;
#3291 = FACE_OUTER_BOUND ( 'NONE', #2967, .T. ) ;
#3292 = DIRECTION ( 'NONE',  ( 9.457712391025553900E-015, 1.459596332686885800E-014, -1.000000000000000000 ) ) ;
#3293 = CARTESIAN_POINT ( 'NONE',  ( 1.316135380386680400, -1.994048441901782500, 0.5737464570555040900 ) ) ;
#3294 = EDGE_LOOP ( 'NONE', ( #3194, #163, #5591, #1068 ) ) ;
#3295 = CARTESIAN_POINT ( 'NONE',  ( 1.386906037079135500, -1.596874694868709400, 0.6910901787215101300 ) ) ;
#3296 = CARTESIAN_POINT ( 'NONE',  ( 1.557106781186549300, 1.749999999999998700, 0.6000000000000003100 ) ) ;
#3297 = CARTESIAN_POINT ( 'NONE',  ( -2.000000000000000000, -2.000000000000000400, 1.320000000000000100 ) ) ;
#3298 = CARTESIAN_POINT ( 'NONE',  ( -1.570776394032954900, -1.899784407334637900, 0.7710031285303339300 ) ) ;
#3299 = AXIS2_PLACEMENT_3D ( 'NONE', #6105, #4061, #5538 ) ;
#3300 = ADVANCED_FACE ( 'NONE', ( #3456 ), #3252, .T. ) ;
#3301 = VECTOR ( 'NONE', #5069, 999.9999999999998900 ) ;
#3302 = ORIENTED_EDGE ( 'NONE', *, *, #269, .F. ) ;
#3303 = VECTOR ( 'NONE', #5491, 1000.000000000000000 ) ;
#3304 = CARTESIAN_POINT ( 'NONE',  ( 1.268183497639340000, -1.734299895924043200, 0.6944497573326534600 ) ) ;
#3305 = EDGE_CURVE ( 'NONE', #4877, #86, #4583, .T. ) ;
#3306 = CARTESIAN_POINT ( 'NONE',  ( 1.302802032159012800, -1.954895436786072500, 0.5655734472823263900 ) ) ;
#3307 = CARTESIAN_POINT ( 'NONE',  ( 1.351788925626319100, -1.857329574801999800, 0.5602808843468617400 ) ) ;
#3308 = CARTESIAN_POINT ( 'NONE',  ( -1.400446358469909800, -1.246852533465748300, 0.8726690787797839500 ) ) ;
#3309 = CARTESIAN_POINT ( 'NONE',  ( -1.278290794087341600, -0.4164822905504714200, 0.9210643695969357200 ) ) ;
#3310 = ORIENTED_EDGE ( 'NONE', *, *, #6006, .F. ) ;
#3311 = VERTEX_POINT ( 'NONE', #1787 ) ;
#3312 = CARTESIAN_POINT ( 'NONE',  ( 1.299568088501803700, -1.941407704203876900, 0.5641271489672825500 ) ) ;
#3313 = DIRECTION ( 'NONE',  ( -0.0000000000000000000, -0.0000000000000000000, -1.000000000000000000 ) ) ;
#3314 = CYLINDRICAL_SURFACE ( 'NONE', #4417, 0.5000000000000000000 ) ;
#3315 = EDGE_CURVE ( 'NONE', #172, #2006, #336, .T. ) ;
#3316 = CARTESIAN_POINT ( 'NONE',  ( 1.302832396748178100, -1.955101034237787000, 0.1598879352166291700 ) ) ;
#3317 = ORIENTED_EDGE ( 'NONE', *, *, #5885, .T. ) ;
#3318 = AXIS2_PLACEMENT_3D ( 'NONE', #6238, #874, #5796 ) ;
#3319 = CYLINDRICAL_SURFACE ( 'NONE', #854, 0.1000000000000000500 ) ;
#3320 = DIRECTION ( 'NONE',  ( -1.000000000000000000, 0.0000000000000000000, 0.0000000000000000000 ) ) ;
#3321 = EDGE_CURVE ( 'NONE', #2150, #5947, #2392, .T. ) ;
#3322 = MANIFOLD_SOLID_BREP ( 'LPattern6[8]', #3507 ) ;
#3323 = CARTESIAN_POINT ( 'NONE',  ( -1.355470019622523300, 1.792460257042108400, 0.1630199869183177900 ) ) ;
#3324 = DIRECTION ( 'NONE',  ( -1.000000000000000000, 0.0000000000000000000, 0.0000000000000000000 ) ) ;
#3325 = CARTESIAN_POINT ( 'NONE',  ( 1.820710678118654800, -1.279289321881344400, 1.319999999999999600 ) ) ;
#3326 = ORIENTED_EDGE ( 'NONE', *, *, #1777, .F. ) ;
#3327 = VERTEX_POINT ( 'NONE', #2768 ) ;
#3328 = CARTESIAN_POINT ( 'NONE',  ( -1.125000000000000400, -1.517883041479705700E-016, 1.070000000000000100 ) ) ;
#3329 = CARTESIAN_POINT ( 'NONE',  ( 1.306031054517195800, -1.968730729336236600, 0.5602808843468616300 ) ) ;
#3330 = CARTESIAN_POINT ( 'NONE',  ( 1.425150132491740600, -1.882964108931130600, 0.5689040848410509300 ) ) ;
#3331 = DIRECTION ( 'NONE',  ( 0.0000000000000000000, 1.000000000000000000, 0.0000000000000000000 ) ) ;
#3332 = AXIS2_PLACEMENT_3D ( 'NONE', #3328, #2902, #3818 ) ;
#3333 = CARTESIAN_POINT ( 'NONE',  ( 1.402609949183965400, -1.722480411809455400, 0.6321560870795213100 ) ) ;
#3334 = CARTESIAN_POINT ( 'NONE',  ( 1.129289321881346500, 1.970710678118654300, -2.699999999999999700 ) ) ;
#3335 = ADVANCED_FACE ( 'NONE', ( #6102 ), #1887, .T. ) ;
#3336 =( BOUNDED_SURFACE ( )  B_SPLINE_SURFACE ( 3, 3, ( 
 ( #2236, #3675, #5046, #1685, #2143, #2657, #3110, #2673 ),
 ( #4101, #4593, #5090, #2193, #6124, #4660, #1789, #5154 ),
 ( #3694, #792, #5170, #747, #1254, #3230, #4589, #5082 ),
 ( #2186, #2690, #6050, #3148, #4221, #1319, #3249, #1819 ),
 ( #5209, #2309, #1298, #4200, #4698, #5190, #1524, #2988 ),
 ( #5386, #3928, #40, #3459, #2494, #1022, #4892, #5413 ),
 ( #547, #4434, #4912, #2514, #2024, #1504, #2977, #1035 ) ),
 .UNSPECIFIED., .T., .F., .T. ) 
 B_SPLINE_SURFACE_WITH_KNOTS ( ( 4, 3, 4 ),
 ( 4, 2, 2, 4 ),
 ( 0.0000000000000000000, 0.5000000000000000000, 1.000000000000000000 ),
 ( 0.8705642070561329100, 0.9029231552920997700, 0.9352821035280665100, 1.000000000000000000 ),
 .UNSPECIFIED. ) 
 GEOMETRIC_REPRESENTATION_ITEM ( )  RATIONAL_B_SPLINE_SURFACE ( (
 ( 1.000000000000000000, 1.000000000000000000, 1.000000000000000000, 1.000000000000000000, 1.000000000000000000, 1.000000000000000000, 1.000000000000000000, 1.000000000000000000),
 ( 0.3333333333333333700, 0.3333333333333333700, 0.3333333333333333700, 0.3333333333333333700, 0.3333333333333333700, 0.3333333333333333700, 0.3333333333333333700, 0.3333333333333333700),
 ( 0.3333333333333333700, 0.3333333333333333700, 0.3333333333333333700, 0.3333333333333333700, 0.3333333333333333700, 0.3333333333333333700, 0.3333333333333333700, 0.3333333333333333700),
 ( 1.000000000000000000, 1.000000000000000000, 1.000000000000000000, 1.000000000000000000, 1.000000000000000000, 1.000000000000000000, 1.000000000000000000, 1.000000000000000000),
 ( 0.3333333333333333700, 0.3333333333333333700, 0.3333333333333333700, 0.3333333333333333700, 0.3333333333333333700, 0.3333333333333333700, 0.3333333333333333700, 0.3333333333333333700),
 ( 0.3333333333333333700, 0.3333333333333333700, 0.3333333333333333700, 0.3333333333333333700, 0.3333333333333333700, 0.3333333333333333700, 0.3333333333333333700, 0.3333333333333333700),
 ( 1.000000000000000000, 1.000000000000000000, 1.000000000000000000, 1.000000000000000000, 1.000000000000000000, 1.000000000000000000, 1.000000000000000000, 1.000000000000000000) ) ) 
 REPRESENTATION_ITEM ( '' )  SURFACE ( )  );
#3337 = CARTESIAN_POINT ( 'NONE',  ( -1.058578643762690700, -2.000000000000000400, 1.800000000000000000 ) ) ;
#3338 = DIRECTION ( 'NONE',  ( -1.000000000000000000, 0.0000000000000000000, 0.0000000000000000000 ) ) ;
#3339 = ORIENTED_EDGE ( 'NONE', *, *, #469, .F. ) ;
#3340 = DIRECTION ( 'NONE',  ( 0.0000000000000000000, 0.0000000000000000000, 1.000000000000000000 ) ) ;
#3341 = CARTESIAN_POINT ( 'NONE',  ( 1.058578643762691600, 1.999999999999999600, 1.320000000000000100 ) ) ;
#3342 = LINE ( 'NONE', #1232, #5163 ) ;
#3343 = CARTESIAN_POINT ( 'NONE',  ( -1.581109102672853700, -2.010033805446405500, 0.5425692145625744500 ) ) ;
#3344 = ORIENTED_EDGE ( 'NONE', *, *, #1072, .T. ) ;
#3345 = CARTESIAN_POINT ( 'NONE',  ( 1.230204462991041800, 1.871223347428891100, 0.1534696419940326500 ) ) ;
#3346 = VERTEX_POINT ( 'NONE', #2786 ) ;
#3347 = CARTESIAN_POINT ( 'NONE',  ( 1.126384348775731700, -0.3071042007074713000, 0.6284166279615837100 ) ) ;
#3348 = LINE ( 'NONE', #761, #78 ) ;
#3349 = ORIENTED_EDGE ( 'NONE', *, *, #2648, .T. ) ;
#3350 = CARTESIAN_POINT ( 'NONE',  ( 1.319623674072899700, -1.628661746984093800, 0.6059177612353218200 ) ) ;
#3351 = DIRECTION ( 'NONE',  ( 0.0000000000000000000, 0.0000000000000000000, 1.000000000000000000 ) ) ;
#3352 = FACE_OUTER_BOUND ( 'NONE', #2247, .T. ) ;
#3353 = AXIS2_PLACEMENT_3D ( 'NONE', #2958, #5465, #5403 ) ;
#3354 = CARTESIAN_POINT ( 'NONE',  ( 1.129289321881346500, 1.970710678118654300, 0.08619288125426587100 ) ) ;
#3355 = EDGE_CURVE ( 'NONE', #6274, #6209, #1587, .T. ) ;
#3356 = EDGE_LOOP ( 'NONE', ( #41, #1940 ) ) ;
#3357 = DIRECTION ( 'NONE',  ( -0.0000000000000000000, -0.0000000000000000000, -1.000000000000000000 ) ) ;
#3358 = ORIENTED_EDGE ( 'NONE', *, *, #4398, .F. ) ;
#3359 = ORIENTED_EDGE ( 'NONE', *, *, #213, .F. ) ;
#3360 = CIRCLE ( 'NONE', #4964, 0.1000000000000000500 ) ;
#3361 = CARTESIAN_POINT ( 'NONE',  ( 1.300716058012035800, -1.939128588736298800, 0.5602808843468616300 ) ) ;
#3362 = CARTESIAN_POINT ( 'NONE',  ( 0.0000000000000000000, 0.0000000000000000000, 0.6500000000000000200 ) ) ;
#3363 = DIRECTION ( 'NONE',  ( 0.0000000000000000000, 0.0000000000000000000, 1.000000000000000000 ) ) ;
#3364 = DIRECTION ( 'NONE',  ( -0.0000000000000000000, -0.0000000000000000000, -1.000000000000000000 ) ) ;
#3365 = CYLINDRICAL_SURFACE ( 'NONE', #3385, 0.1000000000000000500 ) ;
#3366 = ADVANCED_FACE ( 'NONE', ( #124 ), #4225, .F. ) ;
#3367 = LINE ( 'NONE', #6174, #1000 ) ;
#3368 = SECURITY_CLASSIFICATION_LEVEL ( 'unclassified' ) ;
#3369 = CARTESIAN_POINT ( 'NONE',  ( -1.820710678118654800, -1.279289321881344400, 1.319999999999999600 ) ) ;
#3370 = CARTESIAN_POINT ( 'NONE',  ( 1.286381907016364900, -1.849215566975223700, 0.6543902509538083200 ) ) ;
#3371 = CARTESIAN_POINT ( 'NONE',  ( -1.899999999999999900, 1.749999999999998900, 0.1000000000000000100 ) ) ;
#3372 = CARTESIAN_POINT ( 'NONE',  ( 1.417910381009720200, -1.820975501025532900, 0.6080285178863909000 ) ) ;
#3373 = CARTESIAN_POINT ( 'NONE',  ( -1.344388160246973600, -1.813194494458612500, 0.6294511287713430200 ) ) ;
#3374 = ORIENTED_EDGE ( 'NONE', *, *, #4410, .F. ) ;
#3375 = VERTEX_POINT ( 'NONE', #5250 ) ;
#3376 = CARTESIAN_POINT ( 'NONE',  ( 1.244529980377501400, -1.859749127360381700, 0.1630199869183413000 ) ) ;
#3377 = CARTESIAN_POINT ( 'NONE',  ( 1.353452065213351500, -1.856290283050835400, 0.5508811479778656900 ) ) ;
#3378 = CARTESIAN_POINT ( 'NONE',  ( -1.129289321881346200, 1.970710678118654300, 0.08619288125426587100 ) ) ;
#3379 = AXIS2_PLACEMENT_3D ( 'NONE', #1060, #2584, #3478 ) ;
#3380 = DIRECTION ( 'NONE',  ( 1.000000000000000000, 1.264769453577744300E-015, 0.0000000000000000000 ) ) ;
#3381 = CARTESIAN_POINT ( 'NONE',  ( 1.298030297383068200, 1.822349851060083500, 0.1798149574845394600 ) ) ;
#3382 = CARTESIAN_POINT ( 'NONE',  ( -2.023844055306274300E-016, -1.011922027653137100E-016, 0.9300000000000000500 ) ) ;
#3384 = ORIENTED_EDGE ( 'NONE', *, *, #2841, .F. ) ;
#3383 = DIRECTION ( 'NONE',  ( -1.000000000000000000, 0.0000000000000000000, -0.0000000000000000000 ) ) ;
#3385 = AXIS2_PLACEMENT_3D ( 'NONE', #1597, #154, #5906 ) ;
#3386 =( NAMED_UNIT ( * ) SI_UNIT ( $, .STERADIAN. ) SOLID_ANGLE_UNIT ( ) );
#3387 = EDGE_CURVE ( 'NONE', #3831, #1615, #3552, .T. ) ;
#3388 = ORIENTED_EDGE ( 'NONE', *, *, #3565, .F. ) ;
#3389 = CARTESIAN_POINT ( 'NONE',  ( -3.035766082959411400E-016, -1.517883041479705700E-016, 1.070000000000000100 ) ) ;
#3390 = ORIENTED_EDGE ( 'NONE', *, *, #1790, .F. ) ;
#3391 = CARTESIAN_POINT ( 'NONE',  ( 1.390058542151576100, -2.020023369881425600, 0.5733596411044144000 ) ) ;
#3392 = CARTESIAN_POINT ( 'NONE',  ( 0.9749999999999996400, -8.298134261376047200E-017, 1.210000000000000200 ) ) ;
#3393 = CARTESIAN_POINT ( 'NONE',  ( 1.352403012337722200, -1.857108227160770000, 0.5572330301947466800 ) ) ;
#3394 = ORIENTED_EDGE ( 'NONE', *, *, #5760, .F. ) ;
#3395 = EDGE_CURVE ( 'NONE', #1556, #1684, #3989, .T. ) ;
#3396 = ORIENTED_EDGE ( 'NONE', *, *, #2028, .F. ) ;
#3397 = ADVANCED_FACE ( 'NONE', ( #2046 ), #4990, .T. ) ;
#3398 = EDGE_CURVE ( 'NONE', #4831, #3238, #4931, .T. ) ;
#3399 = CARTESIAN_POINT ( 'NONE',  ( 1.248364605395027500, 1.856677731742014200, 0.1655764035977962700 ) ) ;
#3400 = DIRECTION ( 'NONE',  ( -1.000000000000000000, 0.0000000000000000000, 0.0000000000000000000 ) ) ;
#3401 = MANIFOLD_SOLID_BREP ( 'Boss-Extrude5', #5880 ) ;
#3402 = ORIENTED_EDGE ( 'NONE', *, *, #1198, .F. ) ;
#3403 = CARTESIAN_POINT ( 'NONE',  ( 1.899999999999999900, 1.749999999999998900, -2.699999999999999700 ) ) ;
#3404 = EDGE_CURVE ( 'NONE', #3865, #73, #5524, .T. ) ;
#3405 = CARTESIAN_POINT ( 'NONE',  ( -1.129289321881346000, 1.970710678118653900, -0.02000000000000000000 ) ) ;
#3406 = CARTESIAN_POINT ( 'NONE',  ( -1.244529980377476500, -1.859749127360403900, 0.1630199869183177300 ) ) ;
#3407 = CARTESIAN_POINT ( 'NONE',  ( 0.5500000000002437400, -2.549999999999757800, -0.2999999999996260700 ) ) ;
#3408 = DIRECTION ( 'NONE',  ( -1.000000000000000000, -1.224646799147354200E-016, 0.0000000000000000000 ) ) ;
#3409 = CARTESIAN_POINT ( 'NONE',  ( 1.202006208935563200, -1.325547768256761300, 0.7487986102592657500 ) ) ;
#3410 = CARTESIAN_POINT ( 'NONE',  ( 1.431868466829395700, -1.861752052820678600, 0.6355319577641712600 ) ) ;
#3411 = VECTOR ( 'NONE', #125, 1000.000000000000000 ) ;
#3412 = CARTESIAN_POINT ( 'NONE',  ( -3.035766082959411400E-016, -1.517883041479705700E-016, 1.070000000000000100 ) ) ;
#3413 = DATE_AND_TIME ( #970, #5475 ) ;
#3414 = ORIENTED_EDGE ( 'NONE', *, *, #663, .F. ) ;
#3415 = ADVANCED_FACE ( 'NONE', ( #4527 ), #4304, .F. ) ;
#3416 = FACE_OUTER_BOUND ( 'NONE', #3140, .T. ) ;
#3417 = ORIENTED_EDGE ( 'NONE', *, *, #3001, .T. ) ;
#3418 = LINE ( 'NONE', #3285, #2965 ) ;
#3419 = FACE_OUTER_BOUND ( 'NONE', #2986, .T. ) ;
#3420 = AXIS2_PLACEMENT_3D ( 'NONE', #1752, #1771, #288 ) ;
#3421 = CARTESIAN_POINT ( 'NONE',  ( 1.054999999999999900, -2.258806683792478900E-017, 1.070000000000000100 ) ) ;
#3422 = PLANE ( 'NONE',  #1183 ) ;
#3423 = DIRECTION ( 'NONE',  ( -0.0000000000000000000, -0.0000000000000000000, -1.000000000000000000 ) ) ;
#3424 = ORIENTED_EDGE ( 'NONE', *, *, #2028, .T. ) ;
#3425 = EDGE_CURVE ( 'NONE', #2317, #5693, #2413, .T. ) ;
#3426 = CARTESIAN_POINT ( 'NONE',  ( -1.302660284953759200, -1.744508065544181800, 0.09076944199921020700 ) ) ;
#3427 = CARTESIAN_POINT ( 'NONE',  ( -3.035766082959411400E-016, -1.517883041479705700E-016, 1.070000000000000100 ) ) ;
#3428 = VERTEX_POINT ( 'NONE', #5467 ) ;
#3429 = ADVANCED_FACE ( 'NONE', ( #1740 ), #6265, .T. ) ;
#3430 = FACE_OUTER_BOUND ( 'NONE', #736, .T. ) ;
#3431 = EDGE_LOOP ( 'NONE', ( #5978, #532, #3276, #5912 ) ) ;
#3432 = DIRECTION ( 'NONE',  ( 1.000000000000000000, -0.0000000000000000000, 0.0000000000000000000 ) ) ;
#3433 = CARTESIAN_POINT ( 'NONE',  ( 1.293493389417041100, -1.894572293629062300, 0.6371063011304486400 ) ) ;
#3434 = CARTESIAN_POINT ( 'NONE',  ( -1.251434537670225400, -1.767429765566451300, 0.7883359876245472600 ) ) ;
#3435 = B_SPLINE_CURVE_WITH_KNOTS ( 'NONE', 3,
 ( #1548, #3942, #4470, #3500, #2508, #4947, #2019 ),
 .UNSPECIFIED., .F., .F.,
 ( 4, 3, 4 ),
 ( 0.0000000000000000000, 5.087614663701782100E-005, 6.989955223068956500E-005 ),
 .UNSPECIFIED. ) ;
#3436 = EDGE_CURVE ( 'NONE', #4384, #2901, #3235, .T. ) ;
#3437 = EDGE_LOOP ( 'NONE', ( #6141, #2482, #3483, #3778 ) ) ;
#3438 = CARTESIAN_POINT ( 'NONE',  ( 1.441157584061157000, -1.922545341814141800, 0.5624401713904546600 ) ) ;
#3439 = ORIENTED_EDGE ( 'NONE', *, *, #5559, .F. ) ;
#3440 = DIRECTION ( 'NONE',  ( -1.000000000000000000, 0.0000000000000000000, 0.0000000000000000000 ) ) ;
#3441 = ORIENTED_EDGE ( 'NONE', *, *, #3632, .T. ) ;
#3442 = AXIS2_PLACEMENT_3D ( 'NONE', #1851, #734, #2194 ) ;
#3443 = CARTESIAN_POINT ( 'NONE',  ( 1.296068092967589400, 1.823544768603223100, 0.1797567352483379100 ) ) ;
#3444 = EDGE_CURVE ( 'NONE', #2717, #1764, #3018, .T. ) ;
#3445 = DIRECTION ( 'NONE',  ( 0.0000000000000000000, -0.0000000000000000000, 1.000000000000000000 ) ) ;
#3446 = VERTEX_POINT ( 'NONE', #2154 ) ;
#3447 = DIRECTION ( 'NONE',  ( 0.0000000000000000000, 0.0000000000000000000, 1.000000000000000000 ) ) ;
#3448 = ORIENTED_EDGE ( 'NONE', *, *, #1117, .T. ) ;
#3449 = PLANE ( 'NONE',  #5020 ) ;
#3450 = CARTESIAN_POINT ( 'NONE',  ( -1.463356755343177900, -1.928679116198273500, 0.1728249662123543800 ) ) ;
#3451 = DIRECTION ( 'NONE',  ( -0.0000000000000000000, -0.0000000000000000000, -1.000000000000000000 ) ) ;
#3452 = ORIENTED_EDGE ( 'NONE', *, *, #1072, .F. ) ;
#3453 = APPROVAL_STATUS ( 'not_yet_approved' ) ;
#3454 = EDGE_CURVE ( 'NONE', #6213, #5664, #5441, .T. ) ;
#3455 = PLANE ( 'NONE',  #3161 ) ;
#3456 = FACE_OUTER_BOUND ( 'NONE', #4958, .T. ) ;
#3457 = DIRECTION ( 'NONE',  ( -0.7071067811865469100, -0.7071067811865482400, 0.0000000000000000000 ) ) ;
#3458 = AXIS2_PLACEMENT_3D ( 'NONE', #3412, #1974, #986 ) ;
#3459 = CARTESIAN_POINT ( 'NONE',  ( -1.512634786965261200, -1.949315617320311200, 0.01410812884277648300 ) ) ;
#3460 = CARTESIAN_POINT ( 'NONE',  ( 1.442779140169132100, -1.952154790855013900, 0.6115888097570532100 ) ) ;
#3461 = B_SPLINE_CURVE_WITH_KNOTS ( 'NONE', 3,
 ( #2911, #2499, #4387, #484, #45, #5838, #3876, #3849, #1027, #4367 ),
 .UNSPECIFIED., .F., .F.,
 ( 4, 3, 3, 4 ),
 ( 0.0006136797580215906000, 0.0006301906219738285400, 0.0006767694679904529500, 0.0006835603845077801600 ),
 .UNSPECIFIED. ) ;
#3462 = CARTESIAN_POINT ( 'NONE',  ( 1.058578643762691400, 1.899999999999999500, 1.699999999999999700 ) ) ;
#3463 = LINE ( 'NONE', #1669, #4587 ) ;
#3464 = VERTEX_POINT ( 'NONE', #3043 ) ;
#3465 = LINE ( 'NONE', #3025, #3303 ) ;
#3466 = CARTESIAN_POINT ( 'NONE',  ( 1.364249881347786100, -1.484295057952051700, 0.7423795422438679300 ) ) ;
#3467 = DIRECTION ( 'NONE',  ( 0.0000000000000000000, -0.0000000000000000000, 1.000000000000000000 ) ) ;
#3468 = ADVANCED_FACE ( 'NONE', ( #2112 ), #4086, .F. ) ;
#3469 = CARTESIAN_POINT ( 'NONE',  ( -1.355470019625603500, -1.792460257040345200, 0.1630199869215774900 ) ) ;
#3470 = DIRECTION ( 'NONE',  ( -1.000000000000000000, 0.0000000000000000000, 0.0000000000000000000 ) ) ;
#3471 = VECTOR ( 'NONE', #1541, 1000.000000000000000 ) ;
#3472 = CARTESIAN_POINT ( 'NONE',  ( 1.435358678800893000, -1.907047383553674300, 0.1276369828655455100 ) ) ;
#3473 = ORIENTED_EDGE ( 'NONE', *, *, #5346, .T. ) ;
#3474 = LINE ( 'NONE', #2776, #2039 ) ;
#3475 = DIRECTION ( 'NONE',  ( 0.0000000000000000000, -0.0000000000000000000, -1.000000000000000000 ) ) ;
#3476 = ORIENTED_EDGE ( 'NONE', *, *, #5477, .F. ) ;
#3477 = CARTESIAN_POINT ( 'NONE',  ( -1.300000000000000000, -1.821168910795995200, 0.1798149574845336900 ) ) ;
#3478 = DIRECTION ( 'NONE',  ( 1.000000000000000000, 0.0000000000000000000, 0.0000000000000000000 ) ) ;
#3479 = AXIS2_PLACEMENT_3D ( 'NONE', #2394, #908, #5765 ) ;
#3480 = ORIENTED_EDGE ( 'NONE', *, *, #2347, .F. ) ;
#3481 = DIRECTION ( 'NONE',  ( 0.0000000000000000000, -1.000000000000000000, 0.0000000000000000000 ) ) ;
#3482 = VECTOR ( 'NONE', #1707, 1000.000000000000000 ) ;
#3483 = ORIENTED_EDGE ( 'NONE', *, *, #1025, .T. ) ;
#3484 = AXIS2_PLACEMENT_3D ( 'NONE', #4192, #2734, #4669 ) ;
#3485 = CARTESIAN_POINT ( 'NONE',  ( 1.436610111621885900, -1.893184474451162100, 0.6160267450490597400 ) ) ;
#3486 = EDGE_CURVE ( 'NONE', #553, #3968, #5982, .T. ) ;
#3487 = VERTEX_POINT ( 'NONE', #619 ) ;
#3488 = EDGE_CURVE ( 'NONE', #477, #5624, #4374, .T. ) ;
#3489 = DIRECTION ( 'NONE',  ( -0.0000000000000000000, -0.0000000000000000000, -1.000000000000000000 ) ) ;
#3490 = CARTESIAN_POINT ( 'NONE',  ( -1.058578643762691200, 1.900000000000000100, 1.800000000000000000 ) ) ;
#3491 = DIRECTION ( 'NONE',  ( 0.0000000000000000000, -1.000000000000000000, 0.0000000000000000000 ) ) ;
#3492 = ADVANCED_FACE ( 'NONE', ( #4765 ), #3319, .T. ) ;
#3493 = FACE_OUTER_BOUND ( 'NONE', #3759, .T. ) ;
#3494 = FACE_OUTER_BOUND ( 'NONE', #5300, .T. ) ;
#3495 = DIRECTION ( 'NONE',  ( 0.0000000000000000000, 0.0000000000000000000, -1.000000000000000000 ) ) ;
#3496 = AXIS2_PLACEMENT_3D ( 'NONE', #2463, #2043, #4402 ) ;
#3497 = DIRECTION ( 'NONE',  ( -1.000000000000000000, 0.0000000000000000000, 0.0000000000000000000 ) ) ;
#3498 = LINE ( 'NONE', #5268, #3576 ) ;
#3499 = DIRECTION ( 'NONE',  ( -0.0000000000000000000, 1.000000000000000000, -0.0000000000000000000 ) ) ;
#3500 = CARTESIAN_POINT ( 'NONE',  ( -1.258405654990612000, 1.849029131719921700, 0.1707540055510271000 ) ) ;
#3501 = ADVANCED_FACE ( 'NONE', ( #4140 ), #350, .F. ) ;
#3502 = VERTEX_POINT ( 'NONE', #3629 ) ;
#3503 = DIRECTION ( 'NONE',  ( 1.000000000000000000, 0.0000000000000000000, 0.0000000000000000000 ) ) ;
#3504 = DIRECTION ( 'NONE',  ( -0.6396021490668840600, 0.6396021490668851700, 0.4264014327110609600 ) ) ;
#3505 = LINE ( 'NONE', #334, #226 ) ;
#3506 = CIRCLE ( 'NONE', #4873, 0.06999999999999996500 ) ;
#3507 = CLOSED_SHELL ( 'NONE', ( #1030, #1121, #3007, #2489 ) ) ;
#3508 = CARTESIAN_POINT ( 'NONE',  ( 1.440107049959808500, -1.937122040407498700, 0.6325371921212820100 ) ) ;
#3509 = FACE_OUTER_BOUND ( 'NONE', #1157, .T. ) ;
#3510 = CARTESIAN_POINT ( 'NONE',  ( -1.334841474560593000, -1.802118170193888200, 0.1735490049296512800 ) ) ;
#3511 = ORIENTED_EDGE ( 'NONE', *, *, #3186, .F. ) ;
#3512 = CARTESIAN_POINT ( 'NONE',  ( 1.000000000000000000, 0.0000000000000000000, 0.0000000000000000000 ) ) ;
#3513 = DIRECTION ( 'NONE',  ( 0.0000000000000000000, 1.000000000000000000, 0.0000000000000000000 ) ) ;
#3514 = VERTEX_POINT ( 'NONE', #4650 ) ;
#3515 = AXIS2_PLACEMENT_3D ( 'NONE', #6042, #1792, #2799 ) ;
#3516 = VECTOR ( 'NONE', #2187, 1000.000000000000000 ) ;
#3517 = ORIENTED_EDGE ( 'NONE', *, *, #2308, .F. ) ;
#3518 = EDGE_CURVE ( 'NONE', #5693, #915, #879, .T. ) ;
#3519 = CARTESIAN_POINT ( 'NONE',  ( 1.058578643762690500, -1.900000000000000400, 1.320000000000000100 ) ) ;
#3520 = VERTEX_POINT ( 'NONE', #5646 ) ;
#3521 = DIRECTION ( 'NONE',  ( 0.0000000000000000000, 0.0000000000000000000, 1.000000000000000000 ) ) ;
#3522 = CIRCLE ( 'NONE', #285, 1.345000000000000000 ) ;
#3523 = DIRECTION ( 'NONE',  ( 0.0000000000000000000, -0.0000000000000000000, -1.000000000000000000 ) ) ;
#3524 = CARTESIAN_POINT ( 'NONE',  ( 1.028073280112081800, -0.3856495404879823900, 0.7250645011351178900 ) ) ;
#3525 = CARTESIAN_POINT ( 'NONE',  ( 1.750000000000000000, -1.208578643762689800, -2.699999999999999700 ) ) ;
#3526 = EDGE_LOOP ( 'NONE', ( #1395, #2265, #588, #2365 ) ) ;
#3527 = VERTEX_POINT ( 'NONE', #729 ) ;
#3528 = VECTOR ( 'NONE', #2815, 1000.000000000000000 ) ;
#3529 = DIRECTION ( 'NONE',  ( -0.0000000000000000000, -0.0000000000000000000, -1.000000000000000000 ) ) ;
#3530 = EDGE_CURVE ( 'NONE', #1535, #3547, #6047, .T. ) ;
#3531 = CARTESIAN_POINT ( 'NONE',  ( 1.390058542151576100, -2.020023369881425600, 0.5733596411044144000 ) ) ;
#3532 = CARTESIAN_POINT ( 'NONE',  ( -1.058578643762691200, 1.899999999999999500, 1.699999999999999700 ) ) ;
#3533 = ADVANCED_FACE ( 'NONE', ( #5368 ), #2941, .T. ) ;
#3534 = EDGE_LOOP ( 'NONE', ( #2751, #4843, #3359, #698 ) ) ;
#3535 = ORIENTED_EDGE ( 'NONE', *, *, #2878, .F. ) ;
#3536 = CARTESIAN_POINT ( 'NONE',  ( 1.273050585696832800, -1.828198741644449400, 0.07195111063651593600 ) ) ;
#3537 = CARTESIAN_POINT ( 'NONE',  ( -0.9000000000000000200, 1.102182119232617500E-016, 1.320000000000000100 ) ) ;
#3538 = EDGE_CURVE ( 'NONE', #3688, #4198, #1496, .T. ) ;
#3539 = CARTESIAN_POINT ( 'NONE',  ( -1.460226166453616500, -1.884699595560741700, 0.6746856099885394400 ) ) ;
#3540 = TOROIDAL_SURFACE ( 'NONE', #5659, 0.9750000000000000900, 0.06999999999999996500 ) ;
#3541 =( BOUNDED_CURVE ( )  B_SPLINE_CURVE ( 3, ( #1865, #1453, #5827, #3798 ),
 .UNSPECIFIED., .F., .T. ) 
 B_SPLINE_CURVE_WITH_KNOTS ( ( 4, 4 ),
 ( 4.712388980384689700, 5.497787143782139700 ),
 .UNSPECIFIED. ) 
 CURVE ( )  GEOMETRIC_REPRESENTATION_ITEM ( )  RATIONAL_B_SPLINE_CURVE ( ( 1.000000000000000000, 0.9492530216741910100, 0.9492530216741910100, 1.000000000000000000 ) ) 
 REPRESENTATION_ITEM ( '' )  );
#3542 = DIRECTION ( 'NONE',  ( -1.000000000000000000, 0.0000000000000000000, -0.0000000000000000000 ) ) ;
#3543 = EDGE_LOOP ( 'NONE', ( #3511, #5717, #829, #1284 ) ) ;
#3544 = AXIS2_PLACEMENT_3D ( 'NONE', #889, #4813, #6196 ) ;
#3545 = CARTESIAN_POINT ( 'NONE',  ( -2.023844055306274300E-016, -1.011922027653137100E-016, 0.9300000000000000500 ) ) ;
#3546 = CARTESIAN_POINT ( 'NONE',  ( 1.301391825503288600, -1.940033405005683300, 0.6233856148594836300 ) ) ;
#3547 = VERTEX_POINT ( 'NONE', #5101 ) ;
#3548 = ORIENTED_EDGE ( 'NONE', *, *, #217, .T. ) ;
#3549 = EDGE_LOOP ( 'NONE', ( #1075, #6101, #5329, #3548 ) ) ;
#3550 = ADVANCED_FACE ( 'NONE', ( #2192 ), #2839, .T. ) ;
#3551 = CARTESIAN_POINT ( 'NONE',  ( -1.315815485128940500, 1.811984152175001500, 0.1788888588768357000 ) ) ;
#3552 = CIRCLE ( 'NONE', #4110, 0.5000000000000000000 ) ;
#3553 = DIRECTION ( 'NONE',  ( -1.000000000000000000, 0.0000000000000000000, 0.0000000000000000000 ) ) ;
#3554 = EDGE_LOOP ( 'NONE', ( #5833, #5876, #3912, #2507, #3130, #1543, #5803, #1813, #3243, #4019 ) ) ;
#3555 = CARTESIAN_POINT ( 'NONE',  ( 1.441245686468816300, -1.939086902049096200, 0.5602808843468616300 ) ) ;
#3556 = CARTESIAN_POINT ( 'NONE',  ( -1.384579078692293600, -1.823595636521558000, 0.09254041470447567400 ) ) ;
#3557 = AXIS2_PLACEMENT_3D ( 'NONE', #5743, #6122, #5654 ) ;
#3558 = CARTESIAN_POINT ( 'NONE',  ( 1.194999999999999600, -5.603911303251871200E-017, 1.210000000000000200 ) ) ;
#3559 = ADVANCED_FACE ( 'NONE', ( #1253 ), #2410, .T. ) ;
#3560 = ORIENTED_EDGE ( 'NONE', *, *, #5568, .F. ) ;
#3561 = EDGE_CURVE ( 'NONE', #6016, #4482, #4834, .T. ) ;
#3562 = DIRECTION ( 'NONE',  ( 2.168404344971008900E-016, -1.000000000000000000, 0.0000000000000000000 ) ) ;
#3563 = AXIS2_PLACEMENT_3D ( 'NONE', #5133, #2235, #2739 ) ;
#3564 = CARTESIAN_POINT ( 'NONE',  ( 1.314313444716511900, -1.982509462944181500, 0.6133390814732736500 ) ) ;
#3565 = EDGE_CURVE ( 'NONE', #4139, #4719, #4137, .T. ) ;
#3566 = CARTESIAN_POINT ( 'NONE',  ( 1.301606707022907800, -1.949878288183943200, 0.5602808843468616300 ) ) ;
#3567 = CARTESIAN_POINT ( 'NONE',  ( 1.250417871648259900, -1.629244618251790800, 0.6928390878359053100 ) ) ;
#3568 = CIRCLE ( 'NONE', #193, 0.5000000000000000000 ) ;
#3569 = APPROVAL_PERSON_ORGANIZATION ( #3039, #5126, #5899 ) ;
#3570 = CARTESIAN_POINT ( 'NONE',  ( 1.273050585696832800, -1.828198741644449400, 0.07195111063651593600 ) ) ;
#3571 = VERTEX_POINT ( 'NONE', #1565 ) ;
#3572 = CIRCLE ( 'NONE', #6179, 1.832783353125968500 ) ;
#3573 = CARTESIAN_POINT ( 'NONE',  ( 1.302832396748178100, -1.955101034237787000, 0.1598879352166291700 ) ) ;
#3574 = CARTESIAN_POINT ( 'NONE',  ( -1.386543580108715400, -1.865105986098864600, 0.2597612729610854800 ) ) ;
#3575 = DIRECTION ( 'NONE',  ( -0.0000000000000000000, -0.0000000000000000000, -1.000000000000000000 ) ) ;
#3576 = VECTOR ( 'NONE', #1387, 1000.000000000000000 ) ;
#3577 = FACE_OUTER_BOUND ( 'NONE', #4352, .T. ) ;
#3578 = CARTESIAN_POINT ( 'NONE',  ( -0.9999999999998878700, -2.000000000000000400, -0.02000000000000000000 ) ) ;
#3579 = EDGE_LOOP ( 'NONE', ( #884, #2160, #2364, #3845 ) ) ;
#3580 = CONICAL_SURFACE ( 'NONE', #5298, 0.09999999999999939500, 0.7853981633974439500 ) ;
#3581 = ORIENTED_EDGE ( 'NONE', *, *, #3916, .T. ) ;
#3583 = DIRECTION ( 'NONE',  ( 0.0000000000000000000, -0.0000000000000000000, -1.000000000000000000 ) ) ;
#3582 = LINE ( 'NONE', #5452, #4723 ) ;
#3584 = AXIS2_PLACEMENT_3D ( 'NONE', #1294, #3182, #5630 ) ;
#3585 = CARTESIAN_POINT ( 'NONE',  ( 1.390172818854533500, -2.020885915983396100, 0.5602808843468616300 ) ) ;
#3586 = CARTESIAN_POINT ( 'NONE',  ( -0.9050000000000002500, -5.059610138265685700E-017, 0.7900000000000000400 ) ) ;
#3587 = ADVANCED_FACE ( 'NONE', ( #3756 ), #1947, .T. ) ;
#3588 = CARTESIAN_POINT ( 'NONE',  ( 1.286381907016364900, -1.849215566975223700, 0.6543902509538083200 ) ) ;
#3589 = VERTEX_POINT ( 'NONE', #1648 ) ;
#3590 = CLOSED_SHELL ( 'NONE', ( #4176, #1518, #1252, #5239, #2617, #4093, #1663, #3559, #5305, #4449, #2631, #565 ) ) ;
#3591 = AXIS2_PLACEMENT_3D ( 'NONE', #5586, #1755, #5727 ) ;
#3592 = EDGE_LOOP ( 'NONE', ( #955, #6246, #3394, #2666, #800, #1651 ) ) ;
#3593 = CYLINDRICAL_SURFACE ( 'NONE', #1693, 0.1000000000000000500 ) ;
#3594 = CARTESIAN_POINT ( 'NONE',  ( 1.350000000000001400, 1.749999999999998700, 1.319999999999999600 ) ) ;
#3595 = ORIENTED_EDGE ( 'NONE', *, *, #4288, .T. ) ;
#3596 = FACE_OUTER_BOUND ( 'NONE', #617, .T. ) ;
#3597 = EDGE_CURVE ( 'NONE', #156, #1891, #4978, .T. ) ;
#3598 = CARTESIAN_POINT ( 'NONE',  ( 1.441294827523413000, -1.933627044445874500, 0.5602808843468616300 ) ) ;
#3599 = ORIENTED_EDGE ( 'NONE', *, *, #4922, .F. ) ;
#3600 = EDGE_CURVE ( 'NONE', #1110, #172, #1580, .T. ) ;
#3601 = CARTESIAN_POINT ( 'NONE',  ( 1.390180961904800200, -2.020845679058018300, 0.5625177409292494400 ) ) ;
#3602 = DIRECTION ( 'NONE',  ( -1.000000000000000000, 0.0000000000000000000, 0.0000000000000000000 ) ) ;
#3603 = DIRECTION ( 'NONE',  ( -0.0000000000000000000, -0.0000000000000000000, 1.000000000000000000 ) ) ;
#3604 = FACE_OUTER_BOUND ( 'NONE', #1956, .T. ) ;
#3605 = ORIENTED_EDGE ( 'NONE', *, *, #2379, .T. ) ;
#3606 = EDGE_CURVE ( 'NONE', #3211, #867, #1100, .T. ) ;
#3607 = CARTESIAN_POINT ( 'NONE',  ( -1.336071373534063500, -1.724454865647096400, 0.6826227142568975800 ) ) ;
#3608 = FACE_OUTER_BOUND ( 'NONE', #368, .T. ) ;
#3609 = DIRECTION ( 'NONE',  ( 0.7071067811865482400, 0.7071067811865469100, 0.0000000000000000000 ) ) ;
#3610 = CARTESIAN_POINT ( 'NONE',  ( 1.258351437752427000, -1.765564687251568500, 0.06977255347966870900 ) ) ;
#3611 = CARTESIAN_POINT ( 'NONE',  ( -1.233975312232657300, -1.866966071477678100, 0.2315968356710818000 ) ) ;
#3612 = ORIENTED_EDGE ( 'NONE', *, *, #4211, .F. ) ;
#3613 = ORIENTED_EDGE ( 'NONE', *, *, #5141, .T. ) ;
#3614 = PLANE ( 'NONE',  #4871 ) ;
#3615 = ADVANCED_FACE ( 'NONE', ( #1415 ), #3314, .F. ) ;
#3616 = DIRECTION ( 'NONE',  ( -0.7071067811865506800, -0.7071067811865443500, 0.0000000000000000000 ) ) ;
#3617 = DIRECTION ( 'NONE',  ( -0.9735496498892578500, -0.2284755549298507500, -3.872150616019669200E-016 ) ) ;
#3618 = CIRCLE ( 'NONE', #1305, 0.5000000000000000000 ) ;
#3619 = EDGE_LOOP ( 'NONE', ( #3020, #4840, #1479, #3476 ) ) ;
#3620 = B_SPLINE_CURVE_WITH_KNOTS ( 'NONE', 3,
 ( #106, #2201, #5594, #3627, #6046, #5508, #3555 ),
 .UNSPECIFIED., .F., .F.,
 ( 4, 1, 1, 1, 4 ),
 ( 0.0000000000000000000, 0.1250000000000718600, 0.2500000000001437200, 0.3750000000002156100, 0.4521014041758586500 ),
 .UNSPECIFIED. ) ;
#3621 = CARTESIAN_POINT ( 'NONE',  ( 1.062941362373204700, -0.4934134020951169200, 0.7380160604253255300 ) ) ;
#3622 = DIRECTION ( 'NONE',  ( -0.0000000000000000000, -0.0000000000000000000, -1.000000000000000000 ) ) ;
#3623 = CLOSED_SHELL ( 'NONE', ( #530, #3903, #1564, #2158 ) ) ;
#3624 = ORIENTED_EDGE ( 'NONE', *, *, #3436, .T. ) ;
#3625 = CARTESIAN_POINT ( 'NONE',  ( -1.422302249840032000, -1.261618953293165600, 1.069920971236864900 ) ) ;
#3626 = EDGE_CURVE ( 'NONE', #5430, #4215, #2183, .T. ) ;
#3627 = CARTESIAN_POINT ( 'NONE',  ( 1.390172818854533500, -2.020885915983396100, 0.5602808843468616300 ) ) ;
#3628 = ORIENTED_EDGE ( 'NONE', *, *, #1241, .F. ) ;
#3629 = CARTESIAN_POINT ( 'NONE',  ( -1.355808955202558700, -1.990492459645651500, 0.2114833302046589300 ) ) ;
#3630 = CARTESIAN_POINT ( 'NONE',  ( -2.000000000000000000, -2.000000000000000400, 1.800000000000000000 ) ) ;
#3631 = CARTESIAN_POINT ( 'NONE',  ( 1.323452648163293800, 1.807769975698928100, 0.1777822959910387300 ) ) ;
#3632 = EDGE_CURVE ( 'NONE', #982, #951, #3474, .T. ) ;
#3633 = DIRECTION ( 'NONE',  ( -1.000000000000000000, 0.0000000000000000000, 0.0000000000000000000 ) ) ;
#3634 = LINE ( 'NONE', #4043, #892 ) ;
#3635 = CARTESIAN_POINT ( 'NONE',  ( -1.203553390593275400, -1.896446609406724900, -0.02000000000000000000 ) ) ;
#3636 = AXIS2_PLACEMENT_3D ( 'NONE', #2496, #242, #688 ) ;
#3637 = ORIENTED_EDGE ( 'NONE', *, *, #825, .F. ) ;
#3638 = EDGE_CURVE ( 'NONE', #4932, #5817, #5744, .T. ) ;
#3639 = CARTESIAN_POINT ( 'NONE',  ( 1.125000000000000000, 3.658056213876353100E-017, 0.9300000000000000500 ) ) ;
#3640 = CIRCLE ( 'NONE', #964, 1.044999999999999900 ) ;
#3641 = ADVANCED_FACE ( 'NONE', ( #3228 ), #4760, .T. ) ;
#3642 = DATE_AND_TIME ( #2362, #4930 ) ;
#3643 = ORIENTED_EDGE ( 'NONE', *, *, #3113, .T. ) ;
#3644 = CARTESIAN_POINT ( 'NONE',  ( -1.269434944800748500, -1.959493059042563400, 0.6251467827281420600 ) ) ;
#3645 = VERTEX_POINT ( 'NONE', #4821 ) ;
#3646 = ORIENTED_EDGE ( 'NONE', *, *, #2479, .F. ) ;
#3647 = CARTESIAN_POINT ( 'NONE',  ( 1.395730914163455100, -1.738190822944754900, -0.07014724859975021700 ) ) ;
#3648 = CIRCLE ( 'NONE', #1407, 0.06999999999999996500 ) ;
#3649 = DIRECTION ( 'NONE',  ( 0.0000000000000000000, 0.0000000000000000000, -1.000000000000000000 ) ) ;
#3650 = DIRECTION ( 'NONE',  ( -0.0000000000000000000, -0.0000000000000000000, -1.000000000000000000 ) ) ;
#3651 = AXIS2_PLACEMENT_3D ( 'NONE', #6255, #913, #5295 ) ;
#3652 = ORIENTED_EDGE ( 'NONE', *, *, #2188, .F. ) ;
#3653 = CARTESIAN_POINT ( 'NONE',  ( 1.899999999999999900, 1.649999999999998800, 0.0000000000000000000 ) ) ;
#3654 = FACE_OUTER_BOUND ( 'NONE', #4224, .T. ) ;
#3655 = CIRCLE ( 'NONE', #4655, 0.06999999999999981200 ) ;
#3656 = CYLINDRICAL_SURFACE ( 'NONE', #611, 0.5000000000000000000 ) ;
#3657 = AXIS2_PLACEMENT_3D ( 'NONE', #4369, #487, #2894 ) ;
#3658 = DIRECTION ( 'NONE',  ( -0.0000000000000000000, -0.0000000000000000000, -1.000000000000000000 ) ) ;
#3659 = ORIENTED_EDGE ( 'NONE', *, *, #4275, .T. ) ;
#3660 = CARTESIAN_POINT ( 'NONE',  ( 1.450000000000012800, -1.761606575163157300, 0.1000000000000000100 ) ) ;
#3661 = ORIENTED_EDGE ( 'NONE', *, *, #4703, .T. ) ;
#3662 = LINE ( 'NONE', #3943, #1130 ) ;
#3663 = CARTESIAN_POINT ( 'NONE',  ( 1.299126305906666700, -1.938356250916380500, 0.5786996141736473500 ) ) ;
#3664 = CARTESIAN_POINT ( 'NONE',  ( -1.473096804054491200, -1.803593882100842100, 0.9601028576590977500 ) ) ;
#3665 = AXIS2_PLACEMENT_3D ( 'NONE', #5275, #5293, #6235 ) ;
#3666 = CARTESIAN_POINT ( 'NONE',  ( 1.439129347732674100, -1.923114456547607900, 0.1598879352166292500 ) ) ;
#3667 = VERTEX_POINT ( 'NONE', #5774 ) ;
#3668 = DIRECTION ( 'NONE',  ( -1.000000000000000000, 0.0000000000000000000, 0.0000000000000000000 ) ) ;
#3669 = FACE_OUTER_BOUND ( 'NONE', #4011, .T. ) ;
#3670 = AXIS2_PLACEMENT_3D ( 'NONE', #673, #652, #1161 ) ;
#3671 = EDGE_CURVE ( 'NONE', #470, #5680, #1264, .T. ) ;
#3672 = DIRECTION ( 'NONE',  ( 0.0000000000000000000, -0.0000000000000000000, -1.000000000000000000 ) ) ;
#3673 = DIRECTION ( 'NONE',  ( 0.0000000000000000000, 1.000000000000000000, 0.0000000000000000000 ) ) ;
#3674 = DIRECTION ( 'NONE',  ( 0.7071067811865505700, 0.0000000000000000000, -0.7071067811865444600 ) ) ;
#3675 = CARTESIAN_POINT ( 'NONE',  ( -1.464685523016919300, -1.932280669817684200, 0.1859245259168184300 ) ) ;
#3676 = VECTOR ( 'NONE', #199, 1000.000000000000000 ) ;
#3677 = CARTESIAN_POINT ( 'NONE',  ( 1.296618359540190800, -1.912683908122113900, 0.5709645149388752300 ) ) ;
#3678 = CARTESIAN_POINT ( 'NONE',  ( 1.064027084699680000, -0.6337855333546783500, 0.6894155596249002000 ) ) ;
#3679 = EDGE_CURVE ( 'NONE', #1456, #4538, #3907, .T. ) ;
#3680 = CARTESIAN_POINT ( 'NONE',  ( -1.400446358469909800, -1.246852533465748300, 0.8726690787797839500 ) ) ;
#3681 = VECTOR ( 'NONE', #3813, 1000.000000000000000 ) ;
#3682 = ORIENTED_EDGE ( 'NONE', *, *, #101, .F. ) ;
#3683 = ORIENTED_EDGE ( 'NONE', *, *, #3191, .T. ) ;
#3684 = ORIENTED_EDGE ( 'NONE', *, *, #4747, .F. ) ;
#3685 = DIRECTION ( 'NONE',  ( 0.0000000000000000000, -0.0000000000000000000, -1.000000000000000000 ) ) ;
#3686 = DIRECTION ( 'NONE',  ( 0.4999999999999985000, -0.4999999999999970000, 0.7071067811865506800 ) ) ;
#3687 = CARTESIAN_POINT ( 'NONE',  ( -1.058578643762691200, -1.900000000000001000, 1.800000000000000000 ) ) ;
#3688 = VERTEX_POINT ( 'NONE', #3227 ) ;
#3689 = AXIS2_PLACEMENT_3D ( 'NONE', #710, #4996, #5038 ) ;
#3690 = DIRECTION ( 'NONE',  ( -0.0000000000000000000, -0.0000000000000000000, -1.000000000000000000 ) ) ;
#3691 = ORIENTED_EDGE ( 'NONE', *, *, #3538, .F. ) ;
#3692 = CARTESIAN_POINT ( 'NONE',  ( -0.9999999999998878700, 0.0000000000000000000, 0.0000000000000000000 ) ) ;
#3693 = ORIENTED_EDGE ( 'NONE', *, *, #5807, .F. ) ;
#3694 = CARTESIAN_POINT ( 'NONE',  ( -1.270508807732263700, -1.970951113844897200, 0.2114833302046593700 ) ) ;
#3695 = CARTESIAN_POINT ( 'NONE',  ( -1.899999999999999900, 1.649999999999998800, 0.1000000000000000100 ) ) ;
#3696 = AXIS2_PLACEMENT_3D ( 'NONE', #5938, #604, #3987 ) ;
#3697 = DIRECTION ( 'NONE',  ( 0.0000000000000000000, -1.000000000000000000, 0.0000000000000000000 ) ) ;
#3698 = B_SPLINE_CURVE_WITH_KNOTS ( 'NONE', 3,
 ( #6106, #2213, #3678, #141, #5157, #631, #4015, #1623, #4038, #4614, #3433, #1003, #606, #5944, #2087, #3991, #1527, #5474, #5415, #4893, #2591, #5921 ),
 .UNSPECIFIED., .F., .F.,
 ( 4, 1, 1, 1, 1, 1, 1, 1, 1, 1, 1, 1, 1, 1, 1, 1, 1, 1, 1, 4 ),
 ( 0.0000000000000000000, 0.1868828167594381600, 0.3737656335188763200, 0.4672070418985954700, 0.5606484502783145600, 0.6073691544681740800, 0.6540898586580337100, 0.6774502107529634100, 0.7008105628478932300, 0.7241709149428229300, 0.7358510909902877800, 0.7416911790140203700, 0.7446112230258865600, 0.7460712450318196500, 0.7468012560347862000, 0.7471662615362695300, 0.7473487642870111400, 0.7474400156623819400, 0.7474856413500673400, 0.7475312670377526300 ),
 .UNSPECIFIED. ) ;
#3699 = CARTESIAN_POINT ( 'NONE',  ( 1.262249504321009600, -1.681150319427386000, 0.6449489325939422600 ) ) ;
#3700 = CARTESIAN_POINT ( 'NONE',  ( -1.265543893771830200, -1.917975771667700400, 0.6890504825875879400 ) ) ;
#3701 = EDGE_CURVE ( 'NONE', #5416, #4057, #3214, .T. ) ;
#3702 = DIRECTION ( 'NONE',  ( -0.0000000000000000000, 1.000000000000000000, -0.0000000000000000000 ) ) ;
#3703 = CARTESIAN_POINT ( 'NONE',  ( 1.409597636532388800, -1.797277856179154500, 0.2204502453053451800 ) ) ;
#3704 = CARTESIAN_POINT ( 'NONE',  ( -1.354505394648003700, 1.792885365153435100, 0.1636630702346703900 ) ) ;
#3705 = CARTESIAN_POINT ( 'NONE',  ( 1.058578643762691600, 1.999999999999999600, 0.03905242917518467900 ) ) ;
#3706 = EDGE_CURVE ( 'NONE', #378, #3935, #2175, .T. ) ;
#3707 = LINE ( 'NONE', #5428, #55 ) ;
#3708 = ORIENTED_EDGE ( 'NONE', *, *, #469, .T. ) ;
#3709 = EDGE_CURVE ( 'NONE', #1985, #1106, #137, .T. ) ;
#3710 = CARTESIAN_POINT ( 'NONE',  ( 1.438934968134485600, -1.921792434407620900, 0.5729302117795167500 ) ) ;
#3711 = DIRECTION ( 'NONE',  ( 0.0000000000000000000, 0.0000000000000000000, -1.000000000000000000 ) ) ;
#3712 = DIRECTION ( 'NONE',  ( 0.0000000000000000000, -0.0000000000000000000, -1.000000000000000000 ) ) ;
#3714 = DIRECTION ( 'NONE',  ( -0.0000000000000000000, -0.0000000000000000000, -1.000000000000000000 ) ) ;
#3713 = FACE_OUTER_BOUND ( 'NONE', #2391, .T. ) ;
#3715 = EDGE_CURVE ( 'NONE', #2448, #3211, #1018, .T. ) ;
#3716 = CARTESIAN_POINT ( 'NONE',  ( 1.244529980377501400, -1.859749127360381700, 0.1630199869183413000 ) ) ;
#3717 = ORIENTED_EDGE ( 'NONE', *, *, #1670, .F. ) ;
#3718 = ORIENTED_EDGE ( 'NONE', *, *, #6191, .T. ) ;
#3719 = CARTESIAN_POINT ( 'NONE',  ( 1.301858609285274600, -1.948631093017331000, 0.5891903815668869700 ) ) ;
#3720 = VECTOR ( 'NONE', #1290, 1000.000000000000000 ) ;
#3721 = CARTESIAN_POINT ( 'NONE',  ( 2.304573958375719600E-016, 1.881827446068739000, 0.6956689149482788700 ) ) ;
#3722 = EDGE_LOOP ( 'NONE', ( #5292, #4436, #3910, #3290, #5406, #1020 ) ) ;
#3723 = CIRCLE ( 'NONE', #5271, 0.1000000000000000500 ) ;
#3724 = CARTESIAN_POINT ( 'NONE',  ( 0.9605626939225423400, -0.1947675943966653300, 0.6497294341818854500 ) ) ;
#3725 = DIRECTION ( 'NONE',  ( 0.0000000000000000000, -0.0000000000000000000, 1.000000000000000000 ) ) ;
#3726 = CARTESIAN_POINT ( 'NONE',  ( 1.244529980377501400, -1.859749127360381700, 0.1630199869183413000 ) ) ;
#3727 = LINE ( 'NONE', #376, #2008 ) ;
#3728 = ORIENTED_EDGE ( 'NONE', *, *, #1083, .T. ) ;
#3729 = CARTESIAN_POINT ( 'NONE',  ( -2.023844055306274300E-016, -1.011922027653137100E-016, 0.9300000000000000500 ) ) ;
#3730 = CARTESIAN_POINT ( 'NONE',  ( -1.509332796425252300, -1.244184807059725200, 0.9610874562700474400 ) ) ;
#3731 = AXIS2_PLACEMENT_3D ( 'NONE', #3729, #1322, #4223 ) ;
#3732 = ORIENTED_EDGE ( 'NONE', *, *, #5256, .F. ) ;
#3733 = DIRECTION ( 'NONE',  ( 0.0000000000000000000, 0.0000000000000000000, -1.000000000000000000 ) ) ;
#3734 = EDGE_CURVE ( 'NONE', #915, #2159, #3748, .T. ) ;
#3735 = B_SPLINE_CURVE_WITH_KNOTS ( 'NONE', 3,
 ( #5751, #4797, #6219, #895, #5773, #2874, #3871 ),
 .UNSPECIFIED., .F., .F.,
 ( 4, 3, 4 ),
 ( 0.0000000000000000000, 5.087614663701782100E-005, 6.989955223068956500E-005 ),
 .UNSPECIFIED. ) ;
#3736 = CARTESIAN_POINT ( 'NONE',  ( 1.302753441350712700, -1.954567668041050400, 0.5687253162475676100 ) ) ;
#3737 = ORIENTED_EDGE ( 'NONE', *, *, #4202, .T. ) ;
#3738 = CARTESIAN_POINT ( 'NONE',  ( 1.351788925626319100, -1.857329574801999800, 0.5602808843468617400 ) ) ;
#3739 = CARTESIAN_POINT ( 'NONE',  ( 1.135485586593641300, -0.9956453102622207000, 0.6895768468501819500 ) ) ;
#3740 = CARTESIAN_POINT ( 'NONE',  ( 1.274999999999999700, -4.624193863933988300E-017, 1.210000000000000200 ) ) ;
#3741 =( BOUNDED_CURVE ( )  B_SPLINE_CURVE ( 3, ( #2883, #872, #6279, #1908 ),
 .UNSPECIFIED., .F., .F. ) 
 B_SPLINE_CURVE_WITH_KNOTS ( ( 4, 4 ),
 ( 1.786682958292611600, 1.985887675209147400 ),
 .UNSPECIFIED. ) 
 CURVE ( )  GEOMETRIC_REPRESENTATION_ITEM ( )  RATIONAL_B_SPLINE_CURVE ( ( 1.000000000000000000, 0.9966958563508414600, 0.9966958563508414600, 1.000000000000000000 ) ) 
 REPRESENTATION_ITEM ( '' )  );
#3742 = CIRCLE ( 'NONE', #4810, 0.06999999999999996500 ) ;
#3743 = EDGE_CURVE ( 'NONE', #696, #4106, #1244, .T. ) ;
#3744 = CARTESIAN_POINT ( 'NONE',  ( 1.270845819057999400, -1.818804083253290800, 0.1776970720831367600 ) ) ;
#3745 = DIRECTION ( 'NONE',  ( -1.000000000000000000, 0.0000000000000000000, 0.0000000000000000000 ) ) ;
#3746 = LINE ( 'NONE', #3594, #4898 ) ;
#3747 = CARTESIAN_POINT ( 'NONE',  ( 1.058578643762691600, 1.999999999999999600, 0.6000000000000000900 ) ) ;
#3748 = LINE ( 'NONE', #1962, #344 ) ;
#3749 = AXIS2_PLACEMENT_3D ( 'NONE', #3121, #4082, #5200 ) ;
#3750 = CARTESIAN_POINT ( 'NONE',  ( 1.439098220112690500, -1.922903385232579900, 0.5655712522910146800 ) ) ;
#3751 = EDGE_CURVE ( 'NONE', #1300, #4105, #4852, .T. ) ;
#3752 = ORIENTED_EDGE ( 'NONE', *, *, #2188, .T. ) ;
#3753 = ORIENTED_EDGE ( 'NONE', *, *, #866, .F. ) ;
#3754 = DIRECTION ( 'NONE',  ( 0.6396021490668839500, -0.6396021490668851700, 0.4264014327110612300 ) ) ;
#3755 = CARTESIAN_POINT ( 'NONE',  ( -1.463724340215214700, -1.922024905423679500, 0.6172342849693572800 ) ) ;
#3756 = FACE_OUTER_BOUND ( 'NONE', #1408, .T. ) ;
#3757 = CARTESIAN_POINT ( 'NONE',  ( 1.075624914633297000, -0.2207527022504211800, 0.7250947627627145600 ) ) ;
#3758 = DIRECTION ( 'NONE',  ( -1.000000000000000000, -1.224646799147353200E-016, 0.0000000000000000000 ) ) ;
#3759 = EDGE_LOOP ( 'NONE', ( #5489, #3637, #6260, #2474 ) ) ;
#3760 = CARTESIAN_POINT ( 'NONE',  ( 1.436610111621885900, -1.893184474451162100, 0.6160267450490597400 ) ) ;
#3761 = CARTESIAN_POINT ( 'NONE',  ( -1.370583289059233800, -0.9282153258325106500, 0.8889620089607140900 ) ) ;
#3762 = EDGE_CURVE ( 'NONE', #5245, #3135, #815, .T. ) ;
#3763 = CARTESIAN_POINT ( 'NONE',  ( 0.0000000000000000000, -1.978152832303824700, 0.6000000000000002000 ) ) ;
#3764 = CARTESIAN_POINT ( 'NONE',  ( 1.204999999999999800, -4.218364850714491600E-018, 1.070000000000000100 ) ) ;
#3765 = CARTESIAN_POINT ( 'NONE',  ( -1.315815485128940500, 1.811984152175001500, 0.1788888588768357000 ) ) ;
#3766 = AXIS2_PLACEMENT_3D ( 'NONE', #3917, #4413, #5821 ) ;
#3767 = CARTESIAN_POINT ( 'NONE',  ( 1.302821425944543900, -1.955026637240917100, 0.5634247380349747300 ) ) ;
#3768 = ORIENTED_EDGE ( 'NONE', *, *, #3561, .F. ) ;
#3769 = VERTEX_POINT ( 'NONE', #1981 ) ;
#3770 = CARTESIAN_POINT ( 'NONE',  ( -1.599999999999999900, -2.000000000000000400, -1.574324983095939200E-017 ) ) ;
#3771 = CARTESIAN_POINT ( 'NONE',  ( -1.058578643762690700, -2.000000000000000400, 1.699999999999999700 ) ) ;
#3772 = EDGE_LOOP ( 'NONE', ( #5656, #4757, #1952, #1004 ) ) ;
#3773 = CARTESIAN_POINT ( 'NONE',  ( 1.439118131360746800, -1.923038458664062300, 0.5634524544994303800 ) ) ;
#3774 = MANIFOLD_SOLID_BREP ( 'LPattern6[11]', #2595 ) ;
#3775 = CARTESIAN_POINT ( 'NONE',  ( 1.557106781186549500, -1.749999999999998900, -0.02000000000000000000 ) ) ;
#3776 = CARTESIAN_POINT ( 'NONE',  ( -1.557106781186549300, 1.749999999999998400, 0.1000000000000000100 ) ) ;
#3777 = DIRECTION ( 'NONE',  ( -0.5547001962252607900, 0.0000000000000000000, -0.8320502943378226300 ) ) ;
#3778 = ORIENTED_EDGE ( 'NONE', *, *, #654, .F. ) ;
#3779 = CYLINDRICAL_SURFACE ( 'NONE', #4099, 0.1000000000000000200 ) ;
#3780 = APPROVAL_DATE_TIME ( #4619, #6197 ) ;
#3781 = DIRECTION ( 'NONE',  ( -0.0000000000000000000, -0.0000000000000000000, -1.000000000000000000 ) ) ;
#3782 = CARTESIAN_POINT ( 'NONE',  ( 1.438869856232356300, -1.908586048098206000, 0.6001231588048582300 ) ) ;
#3783 = ORIENTED_EDGE ( 'NONE', *, *, #3270, .T. ) ;
#3784 = CARTESIAN_POINT ( 'NONE',  ( 1.296442328131356800, -1.911712733793022900, 0.5720437303620404800 ) ) ;
#3785 = CIRCLE ( 'NONE', #6097, 0.1000000000000000500 ) ;
#3786 = DIRECTION ( 'NONE',  ( -1.000000000000000000, 0.0000000000000000000, 0.0000000000000000000 ) ) ;
#3787 = LINE ( 'NONE', #1200, #2966 ) ;
#3788 = DIRECTION ( 'NONE',  ( 0.7071067811865469100, -0.7071067811865482400, 0.0000000000000000000 ) ) ;
#3789 = AXIS2_PLACEMENT_3D ( 'NONE', #1246, #6111, #2287 ) ;
#3790 = ORIENTED_EDGE ( 'NONE', *, *, #3404, .F. ) ;
#3791 = DIRECTION ( 'NONE',  ( 0.0000000000000000000, 0.0000000000000000000, -1.000000000000000000 ) ) ;
#3792 = VERTEX_POINT ( 'NONE', #4880 ) ;
#3793 = EDGE_CURVE ( 'NONE', #5793, #1684, #1354, .T. ) ;
#3794 = ORIENTED_EDGE ( 'NONE', *, *, #3387, .T. ) ;
#3795 = CIRCLE ( 'NONE', #1, 0.1000000000000000500 ) ;
#3796 = EDGE_CURVE ( 'NONE', #951, #2610, #4920, .T. ) ;
#3797 = CARTESIAN_POINT ( 'NONE',  ( 1.438686738589670700, -1.920096301345357800, 0.5789166741732673100 ) ) ;
#3798 = CARTESIAN_POINT ( 'NONE',  ( 1.129289321881345300, -1.970710678118655000, 0.08619288125426544100 ) ) ;
#3799 = ORIENTED_EDGE ( 'NONE', *, *, #1111, .T. ) ;
#3800 = EDGE_LOOP ( 'NONE', ( #3349, #3480, #1570, #5187 ) ) ;
#3801 = ORIENTED_EDGE ( 'NONE', *, *, #6149, .T. ) ;
#3802 = ADVANCED_FACE ( 'NONE', ( #53 ), #6061, .T. ) ;
#3803 = FACE_OUTER_BOUND ( 'NONE', #6293, .T. ) ;
#3804 = EDGE_CURVE ( 'NONE', #94, #1798, #524, .T. ) ;
#3805 = CARTESIAN_POINT ( 'NONE',  ( 1.441166075710611500, -1.922419676300818800, 0.5648160196691977000 ) ) ;
#3806 = VECTOR ( 'NONE', #1008, 1000.000000000000000 ) ;
#3807 = CARTESIAN_POINT ( 'NONE',  ( 2.000000000000000000, 1.649999999999998800, 0.1000000000000000100 ) ) ;
#3808 = ORIENTED_EDGE ( 'NONE', *, *, #4579, .F. ) ;
#3809 = CARTESIAN_POINT ( 'NONE',  ( 1.411085086825919300, -1.776236045445810600, 0.6208738340091363200 ) ) ;
#3810 = DIRECTION ( 'NONE',  ( -1.000000000000000000, 3.693158315293192400E-016, 0.0000000000000000000 ) ) ;
#3811 = CARTESIAN_POINT ( 'NONE',  ( -1.011922027653137100E-016, -5.059610138265685700E-017, 0.7900000000000000400 ) ) ;
#3812 = CARTESIAN_POINT ( 'NONE',  ( -1.557106781186549500, -1.749999999999998700, 0.6000000000000003100 ) ) ;
#3813 = DIRECTION ( 'NONE',  ( -1.000000000000000000, 0.0000000000000000000, 0.0000000000000000000 ) ) ;
#3814 = CARTESIAN_POINT ( 'NONE',  ( -0.5500000000002439600, 2.549999999999757300, -0.2999999999996252300 ) ) ;
#3815 = DIRECTION ( 'NONE',  ( -1.000000000000000000, 0.0000000000000000000, 0.0000000000000000000 ) ) ;
#3816 = CARTESIAN_POINT ( 'NONE',  ( -3.035766082959411400E-016, -1.517883041479705700E-016, 1.070000000000000100 ) ) ;
#3817 = AXIS2_PLACEMENT_3D ( 'NONE', #1822, #850, #3840 ) ;
#3818 = DIRECTION ( 'NONE',  ( 0.0000000000000000000, 0.0000000000000000000, -1.000000000000000000 ) ) ;
#3819 = CARTESIAN_POINT ( 'NONE',  ( 1.227324260211954500, -1.493137008067526100, 0.7168860705189041800 ) ) ;
#3820 = EDGE_CURVE ( 'NONE', #73, #3865, #1897, .T. ) ;
#3821 = CARTESIAN_POINT ( 'NONE',  ( 1.425639175826063600, -1.883139273471979000, 0.5602808843468617400 ) ) ;
#3822 = CARTESIAN_POINT ( 'NONE',  ( 1.370980872240426200, -1.939107745392697500, 0.5602808843468616300 ) ) ;
#3823 = ADVANCED_BREP_SHAPE_REPRESENTATION ( 'SDCL1V4020-R', ( #2203, #6038, #665, #2286, #4635, #3853, #3322, #1248, #5192, #3774, #2683, #1540, #2480, #6300, #2012, #3401, #4910, #5643 ), #6166 ) ;
#3824 = LINE ( 'NONE', #3173, #115 ) ;
#3825 = ORIENTED_EDGE ( 'NONE', *, *, #6195, .F. ) ;
#3826 = ORIENTED_EDGE ( 'NONE', *, *, #345, .T. ) ;
#3827 = CARTESIAN_POINT ( 'NONE',  ( 1.293365352002267700, -1.882518973924661100, 0.5953679439095520600 ) ) ;
#3828 = CARTESIAN_POINT ( 'NONE',  ( -1.044999999999999900, -5.059610138265685700E-017, 0.7900000000000000400 ) ) ;
#3829 = ADVANCED_FACE ( 'NONE', ( #1754 ), #5539, .T. ) ;
#3830 = EDGE_CURVE ( 'NONE', #2917, #156, #600, .T. ) ;
#3831 = VERTEX_POINT ( 'NONE', #2173 ) ;
#3832 = CARTESIAN_POINT ( 'NONE',  ( 1.750000000000000700, 0.0000000000000000000, 1.800000000000000000 ) ) ;
#3833 = EDGE_LOOP ( 'NONE', ( #3248, #5142, #4076, #494 ) ) ;
#3834 = ORIENTED_EDGE ( 'NONE', *, *, #185, .F. ) ;
#3835 = DIRECTION ( 'NONE',  ( -1.000000000000000000, 0.0000000000000000000, 0.0000000000000000000 ) ) ;
#3836 = VECTOR ( 'NONE', #1059, 1000.000000000000000 ) ;
#3837 = CARTESIAN_POINT ( 'NONE',  ( 1.557106781186549300, -2.249999999999998700, 0.1000000000000000100 ) ) ;
#3838 = EDGE_CURVE ( 'NONE', #5055, #2297, #5214, .T. ) ;
#3839 = EDGE_LOOP ( 'NONE', ( #4337, #4264, #930, #3145 ) ) ;
#3840 = DIRECTION ( 'NONE',  ( -1.000000000000000000, 0.0000000000000000000, 0.0000000000000000000 ) ) ;
#3841 = ORIENTED_EDGE ( 'NONE', *, *, #5967, .T. ) ;
#3842 = CARTESIAN_POINT ( 'NONE',  ( 1.293493389417041100, -1.894572293629062300, 0.6371063011304486400 ) ) ;
#3843 = DIRECTION ( 'NONE',  ( -1.000000000000000000, 0.0000000000000000000, 0.0000000000000000000 ) ) ;
#3844 = CARTESIAN_POINT ( 'NONE',  ( 1.353631185760527900, -1.856665531878309200, 0.5511373218905163400 ) ) ;
#3845 = ORIENTED_EDGE ( 'NONE', *, *, #3638, .F. ) ;
#3846 = CARTESIAN_POINT ( 'NONE',  ( -3.698563651865939900, -1.749999999999999600, 0.6000000000000003100 ) ) ;
#3847 = AXIS2_PLACEMENT_3D ( 'NONE', #1461, #4471, #5900 ) ;
#3848 = CARTESIAN_POINT ( 'NONE',  ( 1.417910381009720200, -1.820975501025532900, 0.6080285178863909000 ) ) ;
#3849 = CARTESIAN_POINT ( 'NONE',  ( 1.296068092967589400, 1.823544768603223100, 0.1797567352483379100 ) ) ;
#3850 = FACE_OUTER_BOUND ( 'NONE', #2940, .T. ) ;
#3851 = DIRECTION ( 'NONE',  ( -0.0000000000000000000, -0.0000000000000000000, -1.000000000000000000 ) ) ;
#3852 = CARTESIAN_POINT ( 'NONE',  ( -1.385370504512468200, -2.032039050350132200, 0.6594159721729863100 ) ) ;
#3853 = MANIFOLD_SOLID_BREP ( 'LPattern6[7]', #3196 ) ;
#3854 = COORDINATED_UNIVERSAL_TIME_OFFSET ( 8, 0, .AHEAD. ) ;
#3855 = AXIS2_PLACEMENT_3D ( 'NONE', #2596, #1626, #2529 ) ;
#3856 = CARTESIAN_POINT ( 'NONE',  ( 2.000000000000000000, 1.649999999999998800, 0.1000000000000000100 ) ) ;
#3857 = DIRECTION ( 'NONE',  ( 0.0000000000000000000, 0.0000000000000000000, 1.000000000000000000 ) ) ;
#3858 = CARTESIAN_POINT ( 'NONE',  ( -1.323694266692774200, 1.807825149881074200, 0.1769673209446764900 ) ) ;
#3859 = CYLINDRICAL_SURFACE ( 'NONE', #6056, 0.5000000000000000000 ) ;
#3860 = ADVANCED_FACE ( 'NONE', ( #3494 ), #1138, .T. ) ;
#3861 = DIRECTION ( 'NONE',  ( 1.000000000000000000, 0.0000000000000000000, 0.0000000000000000000 ) ) ;
#3862 = VERTEX_POINT ( 'NONE', #322 ) ;
#3863 = PLANE ( 'NONE',  #4908 ) ;
#3864 = LINE ( 'NONE', #4377, #675 ) ;
#3865 = VERTEX_POINT ( 'NONE', #2093 ) ;
#3866 = AXIS2_PLACEMENT_3D ( 'NONE', #3906, #539, #6080 ) ;
#3867 = CIRCLE ( 'NONE', #6286, 1.044999999999999900 ) ;
#3868 = CARTESIAN_POINT ( 'NONE',  ( 1.390180961904800200, -2.020845679058018300, 0.5625177409292494400 ) ) ;
#3869 = LINE ( 'NONE', #5907, #5094 ) ;
#3870 = CARTESIAN_POINT ( 'NONE',  ( -1.203553390593275400, -1.896446609406725200, 0.1357022603955296600 ) ) ;
#3871 = CARTESIAN_POINT ( 'NONE',  ( -1.244529980377476500, 1.859749127360403400, 0.1630199869183177300 ) ) ;
#3872 = ORIENTED_EDGE ( 'NONE', *, *, #34, .T. ) ;
#3873 = EDGE_CURVE ( 'NONE', #3645, #5713, #1433, .T. ) ;
#3874 = CARTESIAN_POINT ( 'NONE',  ( 1.296768966900523600, -1.913324965243767400, 0.5674349300766441400 ) ) ;
#3875 = ORIENTED_EDGE ( 'NONE', *, *, #3186, .T. ) ;
#3876 = CARTESIAN_POINT ( 'NONE',  ( 1.294117293145404600, 1.824751214957810900, 0.1796417763262861100 ) ) ;
#3877 = VERTEX_POINT ( 'NONE', #274 ) ;
#3878 = VECTOR ( 'NONE', #933, 1000.000000000000000 ) ;
#3879 = AXIS2_PLACEMENT_3D ( 'NONE', #1414, #2371, #5801 ) ;
#3880 = VERTEX_POINT ( 'NONE', #4149 ) ;
#3881 = DIRECTION ( 'NONE',  ( -0.6396021490668839500, -0.6396021490668851700, -0.4264014327110612300 ) ) ;
#3882 = EDGE_CURVE ( 'NONE', #3862, #1506, #1272, .T. ) ;
#3883 = EDGE_LOOP ( 'NONE', ( #2667, #2470, #2461, #1925, #5459, #157 ) ) ;
#3884 = CARTESIAN_POINT ( 'NONE',  ( -1.362265670862358200, -1.785511823833646300, 0.8742194226418226200 ) ) ;
#3885 = VECTOR ( 'NONE', #340, 1000.000000000000000 ) ;
#3886 = CARTESIAN_POINT ( 'NONE',  ( -1.557106781186549500, -1.749999999999998400, 0.1000000000000000100 ) ) ;
#3887 = CARTESIAN_POINT ( 'NONE',  ( 1.203553390593275400, -1.896446609406725200, 0.1357022603955299300 ) ) ;
#3888 = VECTOR ( 'NONE', #1673, 1000.000000000000000 ) ;
#3889 = EDGE_CURVE ( 'NONE', #4053, #2980, #3698, .T. ) ;
#3890 = CARTESIAN_POINT ( 'NONE',  ( 1.051733996831162100, -0.2443894218841890000, 0.7365967392146258700 ) ) ;
#3891 = DIRECTION ( 'NONE',  ( 0.0000000000000000000, 0.0000000000000000000, -1.000000000000000000 ) ) ;
#3892 = CARTESIAN_POINT ( 'NONE',  ( 1.235616615442382000, -1.514921259908105700, 0.7439557316890574900 ) ) ;
#3893 = LINE ( 'NONE', #275, #5505 ) ;
#3894 = CARTESIAN_POINT ( 'NONE',  ( 1.425473403076421100, -1.883191879536205000, 0.5623197457924828900 ) ) ;
#3895 = DIRECTION ( 'NONE',  ( 0.0000000000000000000, -0.0000000000000000000, 1.000000000000000000 ) ) ;
#3896 = ADVANCED_FACE ( 'NONE', ( #3850 ), #450, .T. ) ;
#3897 = AXIS2_PLACEMENT_3D ( 'NONE', #599, #4919, #511 ) ;
#3898 = VERTEX_POINT ( 'NONE', #5439 ) ;
#3899 = CARTESIAN_POINT ( 'NONE',  ( 1.252363705399984300, 1.853567974124095100, 0.1678593070617145600 ) ) ;
#3900 = LINE ( 'NONE', #886, #488 ) ;
#3901 = DIRECTION ( 'NONE',  ( 9.457712391025553900E-015, 1.459596332686885800E-014, -1.000000000000000000 ) ) ;
#3902 = CARTESIAN_POINT ( 'NONE',  ( 1.820710678118654600, 1.279289321881344600, 1.320000000000000100 ) ) ;
#3903 = ADVANCED_FACE ( 'NONE', ( #2059 ), #61, .T. ) ;
#3904 = CARTESIAN_POINT ( 'NONE',  ( 1.899999999999999900, 1.749999999999998900, 0.0000000000000000000 ) ) ;
#3905 = ORIENTED_EDGE ( 'NONE', *, *, #5795, .F. ) ;
#3906 = CARTESIAN_POINT ( 'NONE',  ( 1.350000000000001400, -1.749999999999998700, -2.699999999999999700 ) ) ;
#3907 = LINE ( 'NONE', #5301, #267 ) ;
#3908 = CARTESIAN_POINT ( 'NONE',  ( 1.000000000000000000, 1.999999999999999600, 0.0000000000000000000 ) ) ;
#3909 = DIRECTION ( 'NONE',  ( -0.0000000000000000000, -0.0000000000000000000, 1.000000000000000000 ) ) ;
#3910 = ORIENTED_EDGE ( 'NONE', *, *, #2689, .F. ) ;
#3911 = DIRECTION ( 'NONE',  ( -0.0000000000000000000, -0.0000000000000000000, 1.000000000000000000 ) ) ;
#3912 = ORIENTED_EDGE ( 'NONE', *, *, #715, .T. ) ;
#3913 = CARTESIAN_POINT ( 'NONE',  ( -1.270508807732263900, -1.970951113844897200, 0.5915389755548481300 ) ) ;
#3914 = CARTESIAN_POINT ( 'NONE',  ( 1.064947982045381100, -0.3279325223814504900, 0.7558031587111828700 ) ) ;
#3915 = ORIENTED_EDGE ( 'NONE', *, *, #3425, .F. ) ;
#3916 = EDGE_CURVE ( 'NONE', #1021, #538, #5682, .T. ) ;
#3917 = CARTESIAN_POINT ( 'NONE',  ( -1.557106781186549300, 2.249999999999998700, -2.699999999999999700 ) ) ;
#3918 = EDGE_CURVE ( 'NONE', #1995, #4965, #4183, .T. ) ;
#3919 = PLANE ( 'NONE',  #2737 ) ;
#3920 = DIRECTION ( 'NONE',  ( 0.0000000000000000000, -0.0000000000000000000, 1.000000000000000000 ) ) ;
#3921 = ORIENTED_EDGE ( 'NONE', *, *, #3179, .T. ) ;
#3922 = EDGE_CURVE ( 'NONE', #3547, #3094, #4615, .T. ) ;
#3923 = CARTESIAN_POINT ( 'NONE',  ( 1.129289321881346500, 1.970710678118654300, 1.699999999999999700 ) ) ;
#3924 = DIRECTION ( 'NONE',  ( -0.0000000000000000000, -0.0000000000000000000, -1.000000000000000000 ) ) ;
#3925 = ADVANCED_FACE ( 'NONE', ( #369 ), #1924, .T. ) ;
#3926 = DIRECTION ( 'NONE',  ( -1.000000000000000000, 0.0000000000000000000, -0.0000000000000000000 ) ) ;
#3927 = CARTESIAN_POINT ( 'NONE',  ( -1.300000000000000000, -1.821168910795995200, 0.1798149574845336900 ) ) ;
#3928 = CARTESIAN_POINT ( 'NONE',  ( -1.581109102672853700, -2.010033805446405500, 0.1706767411635521600 ) ) ;
#3929 = CARTESIAN_POINT ( 'NONE',  ( 1.272343421534220000, -1.340373336498856800, 0.7899339271811183200 ) ) ;
#3930 = CARTESIAN_POINT ( 'NONE',  ( 1.444453386136204300, -1.962410345629316300, 0.5818884216443115400 ) ) ;
#3931 = LINE ( 'NONE', #3687, #5228 ) ;
#3932 = ORIENTED_EDGE ( 'NONE', *, *, #177, .T. ) ;
#3933 = CARTESIAN_POINT ( 'NONE',  ( 1.435358678800893000, -1.907047383553674300, 0.1276369828655455100 ) ) ;
#3934 = CARTESIAN_POINT ( 'NONE',  ( 1.420467777014403600, -1.843596253190007900, 0.08366854218829920800 ) ) ;
#3935 = VERTEX_POINT ( 'NONE', #3635 ) ;
#3936 = LINE ( 'NONE', #5405, #4624 ) ;
#3937 = CIRCLE ( 'NONE', #4956, 1.055000000000000200 ) ;
#3938 = AXIS2_PLACEMENT_3D ( 'NONE', #1960, #5351, #26 ) ;
#3939 = CARTESIAN_POINT ( 'NONE',  ( 1.096648613137015900, -0.1612027388575982500, 0.6619778244513561100 ) ) ;
#3940 = EDGE_CURVE ( 'NONE', #876, #4215, #4499, .T. ) ;
#3941 = DIRECTION ( 'NONE',  ( 2.628368902995164500E-016, -1.000000000000000000, -0.0000000000000000000 ) ) ;
#3942 = CARTESIAN_POINT ( 'NONE',  ( -1.285455151082096600, 1.829889312330007300, 0.1798149574845336900 ) ) ;
#3943 = CARTESIAN_POINT ( 'NONE',  ( -2.523076923076937200, 1.999999999999999600, 1.015384615384235000 ) ) ;
#3944 = EDGE_LOOP ( 'NONE', ( #702, #4936, #5371, #4488 ) ) ;
#3945 = DIRECTION ( 'NONE',  ( 1.000000000000000000, 0.0000000000000000000, 0.0000000000000000000 ) ) ;
#3946 = CIRCLE ( 'NONE', #5494, 0.9000000000000000200 ) ;
#3947 = CARTESIAN_POINT ( 'NONE',  ( -2.023844055306274300E-016, -1.011922027653137100E-016, 0.9300000000000000500 ) ) ;
#3948 = DIRECTION ( 'NONE',  ( -0.5000000000000018900, 0.5000000000000008900, 0.7071067811865456900 ) ) ;
#3949 = ORIENTED_EDGE ( 'NONE', *, *, #4495, .F. ) ;
#3950 = ORIENTED_EDGE ( 'NONE', *, *, #1492, .F. ) ;
#3951 = B_SPLINE_CURVE_WITH_KNOTS ( 'NONE', 3,
 ( #6205, #1886, #2368, #2698 ),
 .UNSPECIFIED., .F., .F.,
 ( 4, 4 ),
 ( 0.0000000000000000000, 1.000000000000000000 ),
 .UNSPECIFIED. ) ;
#3952 = VECTOR ( 'NONE', #11, 1000.000000000000000 ) ;
#3953 = EDGE_CURVE ( 'NONE', #656, #1268, #2553, .T. ) ;
#3954 = ORIENTED_EDGE ( 'NONE', *, *, #825, .T. ) ;
#3955 = CARTESIAN_POINT ( 'NONE',  ( 1.440016011087341000, -1.916063472542026900, 0.5881077582233920100 ) ) ;
#3956 = CARTESIAN_POINT ( 'NONE',  ( 1.203553390593275400, -1.896446609406725200, 0.1357022603955299300 ) ) ;
#3957 = VECTOR ( 'NONE', #3702, 1000.000000000000000 ) ;
#3958 = ORIENTED_EDGE ( 'NONE', *, *, #43, .F. ) ;
#3959 = ADVANCED_FACE ( 'NONE', ( #5257 ), #302, .F. ) ;
#3960 = AXIS2_PLACEMENT_3D ( 'NONE', #2714, #4634, #6081 ) ;
#3961 = CARTESIAN_POINT ( 'NONE',  ( -1.125000000000000200, -5.059610138265685700E-017, 0.7900000000000000400 ) ) ;
#3962 = EDGE_CURVE ( 'NONE', #2232, #3898, #2843, .T. ) ;
#3963 = CARTESIAN_POINT ( 'NONE',  ( -1.058578643762690700, -2.000000000000000400, 0.6000000000000000900 ) ) ;
#3964 = DIRECTION ( 'NONE',  ( 0.0000000000000000000, 1.000000000000000000, 0.0000000000000000000 ) ) ;
#3965 = ORIENTED_EDGE ( 'NONE', *, *, #345, .F. ) ;
#3966 = FACE_OUTER_BOUND ( 'NONE', #299, .T. ) ;
#3967 = CARTESIAN_POINT ( 'NONE',  ( -1.058578643762690700, -2.000000000000000400, 0.03905242917518359600 ) ) ;
#3968 = VERTEX_POINT ( 'NONE', #1708 ) ;
#3969 = ORIENTED_EDGE ( 'NONE', *, *, #1486, .T. ) ;
#3970 = CARTESIAN_POINT ( 'NONE',  ( -1.125000000000000700, -2.023844055306274300E-016, 1.210000000000000200 ) ) ;
#3971 = VECTOR ( 'NONE', #6253, 1000.000000000000000 ) ;
#3972 = DIRECTION ( 'NONE',  ( -0.0000000000000000000, 1.000000000000000000, -0.0000000000000000000 ) ) ;
#3973 = EDGE_LOOP ( 'NONE', ( #6236, #1048, #2326, #5811 ) ) ;
#3974 = CARTESIAN_POINT ( 'NONE',  ( 1.385778848812553100, -1.995024438740773400, 0.6457918452075521700 ) ) ;
#3975 = CARTESIAN_POINT ( 'NONE',  ( 1.054999999999999700, -7.318416822058165600E-017, 1.210000000000000200 ) ) ;
#3976 = CARTESIAN_POINT ( 'NONE',  ( 1.354505394648011500, -1.792885365153431800, 0.1636630702346721900 ) ) ;
#3977 = AXIS2_PLACEMENT_3D ( 'NONE', #1883, #3791, #414 ) ;
#3978 = CARTESIAN_POINT ( 'NONE',  ( 1.471115925422853000, -2.059411407532103500, 0.1420787983501213300 ) ) ;
#3979 = CARTESIAN_POINT ( 'NONE',  ( -1.323452648163292400, -1.807769975698928700, 0.1777822959910330700 ) ) ;
#3980 = CIRCLE ( 'NONE', #4665, 1.044999999999999900 ) ;
#3981 = CARTESIAN_POINT ( 'NONE',  ( -1.899999999999999900, 1.649999999999998800, 0.6000000000000000900 ) ) ;
#3982 =( BOUNDED_CURVE ( )  B_SPLINE_CURVE ( 3, ( #1051, #1602, #2111, #1627 ),
 .UNSPECIFIED., .F., .F. ) 
 B_SPLINE_CURVE_WITH_KNOTS ( ( 4, 4 ),
 ( 5.387717296373034900, 5.497787143782138800 ),
 .UNSPECIFIED. ) 
 CURVE ( )  GEOMETRIC_REPRESENTATION_ITEM ( )  RATIONAL_B_SPLINE_CURVE ( ( 1.000000000000000000, 0.9989906405287977100, 0.9989906405287977100, 1.000000000000000000 ) ) 
 REPRESENTATION_ITEM ( '' )  );
#3983 = AXIS2_PLACEMENT_3D ( 'NONE', #2349, #5742, #421 ) ;
#3984 = ORIENTED_EDGE ( 'NONE', *, *, #342, .F. ) ;
#3985 = CARTESIAN_POINT ( 'NONE',  ( 1.285455151082096000, -1.829889312330008200, 0.1798149574845394600 ) ) ;
#3986 = ADVANCED_FACE ( 'NONE', ( #993 ), #1275, .T. ) ;
#3987 = DIRECTION ( 'NONE',  ( -1.000000000000000000, 0.0000000000000000000, 0.0000000000000000000 ) ) ;
#3988 = DIRECTION ( 'NONE',  ( 1.000000000000000000, 0.0000000000000000000, 0.0000000000000000000 ) ) ;
#3989 = LINE ( 'NONE', #2435, #3836 ) ;
#3990 = DIRECTION ( 'NONE',  ( 0.0000000000000000000, 0.0000000000000000000, -1.000000000000000000 ) ) ;
#3991 = CARTESIAN_POINT ( 'NONE',  ( 1.302641799884092000, -1.953818016293352900, 0.5733785897380910800 ) ) ;
#3992 = ORIENTED_EDGE ( 'NONE', *, *, #2304, .F. ) ;
#3993 = CARTESIAN_POINT ( 'NONE',  ( 1.316135380386680400, -1.994048441901782500, 0.5737464570555040900 ) ) ;
#3994 = EDGE_CURVE ( 'NONE', #508, #1867, #5696, .T. ) ;
#3995 = CARTESIAN_POINT ( 'NONE',  ( 1.355470019622533300, -1.792460257042104000, 0.1630199869183182000 ) ) ;
#3996 = ORIENTED_EDGE ( 'NONE', *, *, #4572, .F. ) ;
#3997 = CARTESIAN_POINT ( 'NONE',  ( 1.258351437752427000, -1.765564687251568500, 0.06977255347966870900 ) ) ;
#3998 = CARTESIAN_POINT ( 'NONE',  ( -1.417516172017255300, -1.768730418521640400, 0.1216558853218297200 ) ) ;
#3999 = ADVANCED_FACE ( 'NONE', ( #769 ), #4727, .T. ) ;
#4000 = CARTESIAN_POINT ( 'NONE',  ( -2.023844055306274300E-016, -1.011922027653137100E-016, 0.9300000000000000500 ) ) ;
#4001 = CARTESIAN_POINT ( 'NONE',  ( 0.9605436051327134200, -0.1939508939032133200, 0.6637055794273421000 ) ) ;
#4002 = EDGE_CURVE ( 'NONE', #2232, #4206, #4339, .T. ) ;
#4003 = CARTESIAN_POINT ( 'NONE',  ( 1.300000000000000000, -2.000000000000000400, 0.07981495748453368300 ) ) ;
#4004 = CARTESIAN_POINT ( 'NONE',  ( -2.023844055306274300E-016, -1.011922027653137100E-016, 0.9300000000000000500 ) ) ;
#4005 = FACE_OUTER_BOUND ( 'NONE', #3239, .T. ) ;
#4006 = DIRECTION ( 'NONE',  ( -0.0000000000000000000, -0.0000000000000000000, -1.000000000000000000 ) ) ;
#4007 = FACE_OUTER_BOUND ( 'NONE', #3268, .T. ) ;
#4008 = B_SPLINE_CURVE_WITH_KNOTS ( 'NONE', 3,
 ( #5638, #5619, #6159, #370, #5692, #287, #3716 ),
 .UNSPECIFIED., .F., .F.,
 ( 4, 3, 4 ),
 ( 0.0000000000000000000, 5.087614663702070100E-005, 6.989955223065186200E-005 ),
 .UNSPECIFIED. ) ;
#4009 = CARTESIAN_POINT ( 'NONE',  ( -1.385901719866381000, 1.779049073466251400, 0.1427321867557458900 ) ) ;
#4010 = AXIS2_PLACEMENT_3D ( 'NONE', #1989, #4070, #677 ) ;
#4011 = EDGE_LOOP ( 'NONE', ( #3004, #1641, #4564, #4059 ) ) ;
#4012 = CARTESIAN_POINT ( 'NONE',  ( 1.280219153200940800, -1.808111191111310600, 0.6799755335571415800 ) ) ;
#4013 = DIRECTION ( 'NONE',  ( -0.09322616750117042300, -0.9947177660247571400, 0.04295867371975425200 ) ) ;
#4014 = VERTEX_POINT ( 'NONE', #318 ) ;
#4015 = CARTESIAN_POINT ( 'NONE',  ( 1.250417871648259900, -1.629244618251790800, 0.6928390878359053100 ) ) ;
#4016 = LINE ( 'NONE', #5874, #897 ) ;
#4017 = ADVANCED_FACE ( 'NONE', ( #3056 ), #319, .T. ) ;
#4018 = FACE_OUTER_BOUND ( 'NONE', #5153, .T. ) ;
#4019 = ORIENTED_EDGE ( 'NONE', *, *, #560, .F. ) ;
#4020 = CARTESIAN_POINT ( 'NONE',  ( -1.011922027653137100E-016, -5.059610138265685700E-017, 0.7900000000000000400 ) ) ;
#4021 = ORIENTED_EDGE ( 'NONE', *, *, #3151, .F. ) ;
#4022 = EDGE_LOOP ( 'NONE', ( #2779, #2321, #618, #3096 ) ) ;
#4023 = AXIS2_PLACEMENT_3D ( 'NONE', #2715, #3697, #4671 ) ;
#4024 = VECTOR ( 'NONE', #625, 999.9999999999998900 ) ;
#4025 = CARTESIAN_POINT ( 'NONE',  ( 1.270845819057999400, -1.818804083253290800, 0.2031335730073682300 ) ) ;
#4026 = CIRCLE ( 'NONE', #1861, 0.06999999999999996500 ) ;
#4027 = EDGE_CURVE ( 'NONE', #6274, #4260, #3723, .T. ) ;
#4028 = CARTESIAN_POINT ( 'NONE',  ( 1.000000000000000000, -2.000000000000000400, -0.02000000000000000000 ) ) ;
#4029 = CARTESIAN_POINT ( 'NONE',  ( -1.503355967044131900, -2.126457385102339600, 0.2114833302046597900 ) ) ;
#4030 = LINE ( 'NONE', #3288, #3957 ) ;
#4031 = TOROIDAL_SURFACE ( 'NONE', #699, 0.9750000000000000900, 0.06999999999999996500 ) ;
#4032 = CARTESIAN_POINT ( 'NONE',  ( -1.275000000000000400, -1.517883041479705700E-016, 1.070000000000000100 ) ) ;
#4033 = EDGE_CURVE ( 'NONE', #3094, #3487, #1390, .T. ) ;
#4034 = DIRECTION ( 'NONE',  ( -1.000000000000000000, 0.0000000000000000000, 0.0000000000000000000 ) ) ;
#4035 = EDGE_CURVE ( 'NONE', #4414, #1867, #4030, .T. ) ;
#4036 = CARTESIAN_POINT ( 'NONE',  ( 1.138431570450409100, -1.009325346590815000, 0.7179735442956829400 ) ) ;
#4037 = CARTESIAN_POINT ( 'NONE',  ( -1.263783717139398400, -1.802719855372148600, 0.09076944199921020700 ) ) ;
#4038 = CARTESIAN_POINT ( 'NONE',  ( 1.277616483867082300, -1.794447703903237200, 0.6685782776053483800 ) ) ;
#4039 = ORIENTED_EDGE ( 'NONE', *, *, #5593, .F. ) ;
#4040 = FACE_OUTER_BOUND ( 'NONE', #4816, .T. ) ;
#4041 = CARTESIAN_POINT ( 'NONE',  ( 1.450000000000012800, -1.761606575163157300, 0.1000000000000000100 ) ) ;
#4042 = EDGE_CURVE ( 'NONE', #4749, #574, #307, .T. ) ;
#4043 = CARTESIAN_POINT ( 'NONE',  ( 1.129289321881345300, -1.970710678118655000, -2.699999999999999700 ) ) ;
#4044 = DIRECTION ( 'NONE',  ( 0.0000000000000000000, 0.0000000000000000000, -1.000000000000000000 ) ) ;
#4045 = CARTESIAN_POINT ( 'NONE',  ( 1.273300685547894800, -1.829264433869340700, 0.2204502453053511200 ) ) ;
#4046 = TOROIDAL_SURFACE ( 'NONE', #5627, 0.9750000000000000900, 0.06999999999999996500 ) ;
#4047 =( BOUNDED_SURFACE ( )  B_SPLINE_SURFACE ( 3, 3, ( 
 ( #1679, #2602, #1659, #2669, #5575, #3556, #173, #5547 ),
 ( #6030, #3044, #1700, #3574, #214, #2118, #5960, #655 ),
 ( #4049, #2650, #1144, #5977, #6012, #1105, #3611, #4087 ),
 ( #1189, #634, #2628, #5078, #2179, #620, #132, #1608 ),
 ( #4029, #1119, #4521, #5013, #294, #2288, #2707, #1231 ),
 ( #5128, #764, #4693, #1722, #4133, #6091, #4156, #3223 ),
 ( #1799, #2222, #3204, #323, #5102, #5613, #5186, #2684 ) ),
 .UNSPECIFIED., .T., .F., .T. ) 
 B_SPLINE_SURFACE_WITH_KNOTS ( ( 4, 3, 4 ),
 ( 4, 2, 2, 4 ),
 ( 0.0000000000000000000, 0.5000000000000000000, 1.000000000000000000 ),
 ( 0.8705642070561329100, 0.9029231552920997700, 0.9352821035280665100, 1.000000000000000000 ),
 .UNSPECIFIED. ) 
 GEOMETRIC_REPRESENTATION_ITEM ( )  RATIONAL_B_SPLINE_SURFACE ( (
 ( 1.000000000000000000, 1.000000000000000000, 1.000000000000000000, 1.000000000000000000, 1.000000000000000000, 1.000000000000000000, 1.000000000000000000, 1.000000000000000000),
 ( 0.3333333333333333700, 0.3333333333333333700, 0.3333333333333333700, 0.3333333333333333700, 0.3333333333333333700, 0.3333333333333333700, 0.3333333333333333700, 0.3333333333333333700),
 ( 0.3333333333333333700, 0.3333333333333333700, 0.3333333333333333700, 0.3333333333333333700, 0.3333333333333333700, 0.3333333333333333700, 0.3333333333333333700, 0.3333333333333333700),
 ( 1.000000000000000000, 1.000000000000000000, 1.000000000000000000, 1.000000000000000000, 1.000000000000000000, 1.000000000000000000, 1.000000000000000000, 1.000000000000000000),
 ( 0.3333333333333333700, 0.3333333333333333700, 0.3333333333333333700, 0.3333333333333333700, 0.3333333333333333700, 0.3333333333333333700, 0.3333333333333333700, 0.3333333333333333700),
 ( 0.3333333333333333700, 0.3333333333333333700, 0.3333333333333333700, 0.3333333333333333700, 0.3333333333333333700, 0.3333333333333333700, 0.3333333333333333700, 0.3333333333333333700),
 ( 1.000000000000000000, 1.000000000000000000, 1.000000000000000000, 1.000000000000000000, 1.000000000000000000, 1.000000000000000000, 1.000000000000000000, 1.000000000000000000) ) ) 
 REPRESENTATION_ITEM ( '' )  SURFACE ( )  );
#4048 = DIRECTION ( 'NONE',  ( -0.0000000000000000000, -0.0000000000000000000, 1.000000000000000000 ) ) ;
#4049 = CARTESIAN_POINT ( 'NONE',  ( -1.270508807732263700, -1.970951113844897200, 0.2114833302046593700 ) ) ;
#4050 = CARTESIAN_POINT ( 'NONE',  ( 1.300000000000000000, -1.821168910795995200, 0.1798149574845394600 ) ) ;
#4051 = ADVANCED_FACE ( 'NONE', ( #5172 ), #5560, .T. ) ;
#4052 = FACE_OUTER_BOUND ( 'NONE', #5551, .T. ) ;
#4053 = VERTEX_POINT ( 'NONE', #4737 ) ;
#4054 = VERTEX_POINT ( 'NONE', #4645 ) ;
#4055 = CARTESIAN_POINT ( 'NONE',  ( 2.422538534305149700E-016, 1.978152832303824700, 0.6000000000000002000 ) ) ;
#4056 = CARTESIAN_POINT ( 'NONE',  ( 0.9605436051327134200, -0.1939508939032136300, 0.6637055794273421000 ) ) ;
#4057 = VERTEX_POINT ( 'NONE', #2245 ) ;
#4058 = CARTESIAN_POINT ( 'NONE',  ( 1.129289321881346500, 1.970710678118654300, 0.08619288125426587100 ) ) ;
#4059 = ORIENTED_EDGE ( 'NONE', *, *, #136, .T. ) ;
#4060 = CARTESIAN_POINT ( 'NONE',  ( -1.058578643762691200, 1.999999999999999100, -0.02000000000000000000 ) ) ;
#4061 = DIRECTION ( 'NONE',  ( 4.362829542081668900E-016, 1.457167719820517700E-016, -1.000000000000000000 ) ) ;
#4062 = DIRECTION ( 'NONE',  ( -0.0000000000000000000, -0.0000000000000000000, -1.000000000000000000 ) ) ;
#4063 = ORIENTED_EDGE ( 'NONE', *, *, #1318, .T. ) ;
#4064 = EDGE_CURVE ( 'NONE', #6302, #3084, #2832, .T. ) ;
#4065 = CONICAL_SURFACE ( 'NONE', #30, 0.09999999999999939500, 0.7853981633974439500 ) ;
#4066 = ORIENTED_EDGE ( 'NONE', *, *, #3671, .T. ) ;
#4067 = CARTESIAN_POINT ( 'NONE',  ( -0.9750000000000004200, -1.517883041479705700E-016, 1.070000000000000100 ) ) ;
#4068 = DIRECTION ( 'NONE',  ( -0.0000000000000000000, -0.0000000000000000000, 1.000000000000000000 ) ) ;
#4069 = CARTESIAN_POINT ( 'NONE',  ( 1.450000000000012400, -2.000000000000000400, 0.1000000000000000100 ) ) ;
#4070 = DIRECTION ( 'NONE',  ( -0.0000000000000000000, -0.0000000000000000000, -1.000000000000000000 ) ) ;
#4071 = ORIENTED_EDGE ( 'NONE', *, *, #5671, .F. ) ;
#4072 = EDGE_CURVE ( 'NONE', #286, #5901, #1699, .T. ) ;
#4073 = DIRECTION ( 'NONE',  ( -0.0000000000000000000, -0.0000000000000000000, -1.000000000000000000 ) ) ;
#4074 = DIRECTION ( 'NONE',  ( -1.000000000000000000, 0.0000000000000000000, 0.0000000000000000000 ) ) ;
#4075 = AXIS2_PLACEMENT_3D ( 'NONE', #1227, #4601, #4618 ) ;
#4076 = ORIENTED_EDGE ( 'NONE', *, *, #1658, .F. ) ;
#4077 = DIRECTION ( 'NONE',  ( -1.000000000000000000, 0.0000000000000000000, 0.0000000000000000000 ) ) ;
#4078 = EDGE_CURVE ( 'NONE', #5840, #1494, #394, .T. ) ;
#4079 = DIRECTION ( 'NONE',  ( -1.000000000000000000, 0.0000000000000000000, 0.0000000000000000000 ) ) ;
#4080 = VECTOR ( 'NONE', #5385, 1000.000000000000000 ) ;
#4081 = CARTESIAN_POINT ( 'NONE',  ( -1.058578643762691200, 1.899999999999999500, 1.800000000000000000 ) ) ;
#4082 = DIRECTION ( 'NONE',  ( 0.0000000000000000000, 0.0000000000000000000, -1.000000000000000000 ) ) ;
#4083 = TOROIDAL_SURFACE ( 'NONE', #4804, 1.275000000000000100, 0.06999999999999996500 ) ;
#4084 = ORIENTED_EDGE ( 'NONE', *, *, #3793, .F. ) ;
#4085 = LINE ( 'NONE', #5941, #4080 ) ;
#4086 = PLANE ( 'NONE',  #5435 ) ;
#4087 = CARTESIAN_POINT ( 'NONE',  ( -1.218458079691876900, -1.856624653546465400, 0.2305544888524485600 ) ) ;
#4088 = EDGE_LOOP ( 'NONE', ( #4596, #586, #6221, #4897 ) ) ;
#4089 = AXIS2_PLACEMENT_3D ( 'NONE', #2004, #4013, #2614 ) ;
#4090 = DIRECTION ( 'NONE',  ( -0.0000000000000000000, -0.0000000000000000000, -1.000000000000000000 ) ) ;
#4091 = CIRCLE ( 'NONE', #4440, 0.06999999999999996500 ) ;
#4092 = VECTOR ( 'NONE', #5968, 1000.000000000000000 ) ;
#4093 = ADVANCED_FACE ( 'NONE', ( #2974 ), #3225, .T. ) ;
#4094 = EDGE_LOOP ( 'NONE', ( #2574, #1931, #2794, #1363, #2042, #2931, #5870, #4320, #3643, #2623 ) ) ;
#4095 = DIRECTION ( 'NONE',  ( -1.224646799147353200E-016, 1.000000000000000000, 0.0000000000000000000 ) ) ;
#4096 = CARTESIAN_POINT ( 'NONE',  ( -2.000000000000000000, -1.649999999999998600, 0.0000000000000000000 ) ) ;
#4097 = ORIENTED_EDGE ( 'NONE', *, *, #2648, .F. ) ;
#4098 = CIRCLE ( 'NONE', #5993, 0.06999999999999996500 ) ;
#4099 = AXIS2_PLACEMENT_3D ( 'NONE', #701, #4991, #2127 ) ;
#4100 = FACE_OUTER_BOUND ( 'NONE', #1140, .T. ) ;
#4101 = CARTESIAN_POINT ( 'NONE',  ( -1.348261943360985300, -1.854527534188962900, 0.2114833302046593700 ) ) ;
#4102 = CARTESIAN_POINT ( 'NONE',  ( 1.301858609285274600, -1.948631093017331000, 0.5891903815668869700 ) ) ;
#4103 = ORIENTED_EDGE ( 'NONE', *, *, #4376, .F. ) ;
#4104 = DIRECTION ( 'NONE',  ( -0.8320502943379606300, 0.0000000000000000000, -0.5547001962250536200 ) ) ;
#4105 = VERTEX_POINT ( 'NONE', #5134 ) ;
#4106 = VERTEX_POINT ( 'NONE', #1730 ) ;
#4107 = VECTOR ( 'NONE', #1450, 1000.000000000000000 ) ;
#4108 = CARTESIAN_POINT ( 'NONE',  ( -1.385370504512468200, -2.032039050350132200, 0.6594159721729863100 ) ) ;
#4109 = ORIENTED_EDGE ( 'NONE', *, *, #590, .F. ) ;
#4110 = AXIS2_PLACEMENT_3D ( 'NONE', #584, #1499, #1084 ) ;
#4111 = DIRECTION ( 'NONE',  ( -0.0000000000000000000, -0.0000000000000000000, 1.000000000000000000 ) ) ;
#4112 = ORIENTED_EDGE ( 'NONE', *, *, #6067, .F. ) ;
#4113 = CARTESIAN_POINT ( 'NONE',  ( 1.557106781186549300, 2.249999999999998700, 0.6000000000000003100 ) ) ;
#4114 = ADVANCED_FACE ( 'NONE', ( #5409, #5701 ), #5091, .F. ) ;
#4115 = ORIENTED_EDGE ( 'NONE', *, *, #130, .F. ) ;
#4116 = FACE_OUTER_BOUND ( 'NONE', #1920, .T. ) ;
#4117 = AXIS2_PLACEMENT_3D ( 'NONE', #359, #5265, #1859 ) ;
#4118 = EDGE_CURVE ( 'NONE', #3013, #3877, #4255, .T. ) ;
#4119 = CARTESIAN_POINT ( 'NONE',  ( -1.268073755363364800, -1.841747655168693500, 0.1754505496284511400 ) ) ;
#4120 = CARTESIAN_POINT ( 'NONE',  ( -4.489024533872541500E-016, -1.832783353125968500, 1.319999999999999600 ) ) ;
#4121 = ORIENTED_EDGE ( 'NONE', *, *, #1083, .F. ) ;
#4122 = EDGE_CURVE ( 'NONE', #4482, #6016, #543, .T. ) ;
#4123 = CARTESIAN_POINT ( 'NONE',  ( -1.899999999999999900, -1.749999999999998900, 0.1000000000000000100 ) ) ;
#4124 = CARTESIAN_POINT ( 'NONE',  ( -1.129289321881345600, -1.970710678118655000, 1.699999999999999700 ) ) ;
#4125 = CARTESIAN_POINT ( 'NONE',  ( 1.058578643762690500, -1.900000000000001000, 1.800000000000000000 ) ) ;
#4126 = ORIENTED_EDGE ( 'NONE', *, *, #5605, .F. ) ;
#4127 = AXIS2_PLACEMENT_3D ( 'NONE', #2802, #5188, #4762 ) ;
#4128 = CARTESIAN_POINT ( 'NONE',  ( -1.460825841750596800, -1.672663430521942100, 0.9920626917024558700 ) ) ;
#4129 = CC_DESIGN_PERSON_AND_ORGANIZATION_ASSIGNMENT ( #6063, #4358, ( #1872 ) ) ;
#4130 = VECTOR ( 'NONE', #4371, 1000.000000000000000 ) ;
#4131 = CARTESIAN_POINT ( 'NONE',  ( 1.393565863310391100, -1.728965396178026000, 0.2096923555590876600 ) ) ;
#4132 = VECTOR ( 'NONE', #2169, 1000.000000000000000 ) ;
#4133 = CARTESIAN_POINT ( 'NONE',  ( -1.479024718245927300, -1.917071118701702700, -0.009311202610907308400 ) ) ;
#4134 = CIRCLE ( 'NONE', #518, 0.1000000000000000500 ) ;
#4135 = CARTESIAN_POINT ( 'NONE',  ( 1.820710678118654600, 1.279289321881344600, 1.699999999999999700 ) ) ;
#4136 = CARTESIAN_POINT ( 'NONE',  ( 1.334841474560594800, 1.802118170193887300, 0.1735490049296567200 ) ) ;
#4137 = CIRCLE ( 'NONE', #4850, 1.195000000000000100 ) ;
#4138 = DIRECTION ( 'NONE',  ( -1.224646799147353200E-016, 1.000000000000000000, 0.0000000000000000000 ) ) ;
#4139 = VERTEX_POINT ( 'NONE', #402 ) ;
#4140 = FACE_OUTER_BOUND ( 'NONE', #1391, .T. ) ;
#4141 = CARTESIAN_POINT ( 'NONE',  ( -1.820710678118654800, 1.279289321881344400, 1.319999999999999600 ) ) ;
#4142 = PLANE ( 'NONE',  #2708 ) ;
#4143 = CARTESIAN_POINT ( 'NONE',  ( -1.244529980377476500, -2.000000000000000400, 0.1630199869183177300 ) ) ;
#4144 = ADVANCED_FACE ( 'NONE', ( #4100 ), #1539, .T. ) ;
#4145 = AXIS2_PLACEMENT_3D ( 'NONE', #2759, #2782, #3246 ) ;
#4146 = CARTESIAN_POINT ( 'NONE',  ( 1.058578643762691600, 1.999999999999999600, 1.699999999999999700 ) ) ;
#4147 = EDGE_LOOP ( 'NONE', ( #461, #3717, #4441, #2670 ) ) ;
#4148 = CARTESIAN_POINT ( 'NONE',  ( 0.9980377028655249600, -0.3379379259064140300, 0.6300436388629976300 ) ) ;
#4149 = CARTESIAN_POINT ( 'NONE',  ( 1.000000000000000000, 1.999999999999999600, -0.02000000000000000000 ) ) ;
#4150 = CARTESIAN_POINT ( 'NONE',  ( 1.244529980377504500, -2.000000000000000400, 0.1630199869183367500 ) ) ;
#4151 = CARTESIAN_POINT ( 'NONE',  ( -1.579659899926934200, -1.994570896731246300, 0.6515034744142016400 ) ) ;
#4152 = DIRECTION ( 'NONE',  ( -0.0000000000000000000, -0.0000000000000000000, -1.000000000000000000 ) ) ;
#4153 = EDGE_CURVE ( 'NONE', #2559, #5430, #692, .T. ) ;
#4154 = CARTESIAN_POINT ( 'NONE',  ( -0.9750000000000002000, -5.059610138265685700E-017, 0.7900000000000000400 ) ) ;
#4155 = DIRECTION ( 'NONE',  ( -0.0000000000000000000, 1.000000000000000000, -0.0000000000000000000 ) ) ;
#4156 = CARTESIAN_POINT ( 'NONE',  ( -1.347206839080302900, -1.774290060675614500, -0.04648606503401563800 ) ) ;
#4157 = CARTESIAN_POINT ( 'NONE',  ( 1.850000000000000100, 1.208578643762690000, 1.699999999999999700 ) ) ;
#4158 = CARTESIAN_POINT ( 'NONE',  ( 1.085454753969160800, 1.999999999999999600, 0.05696983597948910400 ) ) ;
#4159 = EDGE_CURVE ( 'NONE', #3211, #94, #3127, .T. ) ;
#4160 = CARTESIAN_POINT ( 'NONE',  ( -1.300000000000000300, 1.821168910795995200, 0.1798149574845336900 ) ) ;
#4161 = EDGE_CURVE ( 'NONE', #1474, #4957, #2088, .T. ) ;
#4162 = CARTESIAN_POINT ( 'NONE',  ( 1.086713600068161200, -0.2369094527026080200, 0.7210305637443477100 ) ) ;
#4163 = VECTOR ( 'NONE', #6289, 1000.000000000000000 ) ;
#4164 = PERSON_AND_ORGANIZATION ( #158, #6139 ) ;
#4165 = CARTESIAN_POINT ( 'NONE',  ( 1.296628439471265000, -1.913167670049884100, 0.5699538311132833500 ) ) ;
#4166 = CARTESIAN_POINT ( 'NONE',  ( -1.460226166453616500, -1.884699595560741700, 0.6746856099885394400 ) ) ;
#4167 = CARTESIAN_POINT ( 'NONE',  ( 1.900000000000000800, -1.749999999999998900, -0.02000000000000000000 ) ) ;
#4168 = ORIENTED_EDGE ( 'NONE', *, *, #2565, .F. ) ;
#4169 = DIRECTION ( 'NONE',  ( -0.0000000000000000000, -0.0000000000000000000, -1.000000000000000000 ) ) ;
#4170 = CARTESIAN_POINT ( 'NONE',  ( 1.420467777014403600, -1.843596253190007900, 0.08366854218829920800 ) ) ;
#4171 = CIRCLE ( 'NONE', #3009, 1.205000000000000100 ) ;
#4172 = ORIENTED_EDGE ( 'NONE', *, *, #3444, .F. ) ;
#4173 = DIRECTION ( 'NONE',  ( -0.0000000000000000000, -0.0000000000000000000, -1.000000000000000000 ) ) ;
#4174 = ORIENTED_EDGE ( 'NONE', *, *, #6215, .T. ) ;
#4175 = CARTESIAN_POINT ( 'NONE',  ( -1.300000000000000000, -1.821168910795995200, 0.1798149574845336900 ) ) ;
#4176 = ADVANCED_FACE ( 'NONE', ( #4960, #4654 ), #4349, .T. ) ;
#4177 = DIRECTION ( 'NONE',  ( -0.7071067811865495700, 0.7071067811865454600, 0.0000000000000000000 ) ) ;
#4178 = LINE ( 'NONE', #2564, #6086 ) ;
#4179 = ORIENTED_EDGE ( 'NONE', *, *, #1621, .T. ) ;
#4180 = AXIS2_PLACEMENT_3D ( 'NONE', #844, #1835, #6226 ) ;
#4181 = DIRECTION ( 'NONE',  ( 1.000000000000000000, -3.693158315293192400E-016, 0.0000000000000000000 ) ) ;
#4182 = ORIENTED_EDGE ( 'NONE', *, *, #4570, .T. ) ;
#4183 = B_SPLINE_CURVE_WITH_KNOTS ( 'NONE', 3,
 ( #5388, #3107, #5496, #6053, #5516, #3091, #5555, #716, #3150, #179 ),
 .UNSPECIFIED., .F., .F.,
 ( 4, 3, 3, 4 ),
 ( 0.0006167044498205722100, 0.0006203433764494592600, 0.0006543598560945340000, 0.0006813387129380457000 ),
 .UNSPECIFIED. ) ;
#4184 = VERTEX_POINT ( 'NONE', #3139 ) ;
#4185 = ORIENTED_EDGE ( 'NONE', *, *, #3882, .F. ) ;
#4186 = CARTESIAN_POINT ( 'NONE',  ( 1.275013814533223700, -1.780784216695163700, 0.6571810216535553000 ) ) ;
#4187 = FACE_OUTER_BOUND ( 'NONE', #1447, .T. ) ;
#4188 = CARTESIAN_POINT ( 'NONE',  ( -1.386932387388198200, -2.048704249473618500, 0.5992016825825311500 ) ) ;
#4189 = VERTEX_POINT ( 'NONE', #4123 ) ;
#4190 = AXIS2_PLACEMENT_3D ( 'NONE', #5248, #3363, #2415 ) ;
#4191 = CARTESIAN_POINT ( 'NONE',  ( 1.899999999999999900, 1.649999999999998800, -0.02000000000000000000 ) ) ;
#4192 = CARTESIAN_POINT ( 'NONE',  ( -0.9750000000000003100, -1.011922027653137100E-016, 0.9300000000000000500 ) ) ;
#4193 = EDGE_LOOP ( 'NONE', ( #3282, #4768, #3581, #4879 ) ) ;
#4194 = VECTOR ( 'NONE', #3380, 1000.000000000000000 ) ;
#4195 = EDGE_CURVE ( 'NONE', #1107, #3831, #3063, .T. ) ;
#4196 = DIRECTION ( 'NONE',  ( -0.5553795402051526800, 0.8315969975423872500, 0.0000000000000000000 ) ) ;
#4197 = DIRECTION ( 'NONE',  ( -1.000000000000000000, 0.0000000000000000000, 0.0000000000000000000 ) ) ;
#4198 = VERTEX_POINT ( 'NONE', #1240 ) ;
#4199 = AXIS2_PLACEMENT_3D ( 'NONE', #337, #4169, #2320 ) ;
#4200 = CARTESIAN_POINT ( 'NONE',  ( -1.409694028677024100, -2.042011659208505100, -0.009059409914167194200 ) ) ;
#4201 = CARTESIAN_POINT ( 'NONE',  ( 1.096648613137015900, -0.1612027388575982500, 0.6619778244513561100 ) ) ;
#4202 = EDGE_CURVE ( 'NONE', #953, #3571, #5722, .T. ) ;
#4203 = CARTESIAN_POINT ( 'NONE',  ( -1.203553390593275400, -1.896446609406725200, 0.0000000000000000000 ) ) ;
#4204 = CARTESIAN_POINT ( 'NONE',  ( -1.546330444762441100, -1.638947555424209700, 0.8863129220205018300 ) ) ;
#4205 = EDGE_LOOP ( 'NONE', ( #694, #4493, #4182, #97 ) ) ;
#4206 = VERTEX_POINT ( 'NONE', #719 ) ;
#4207 = CARTESIAN_POINT ( 'NONE',  ( 1.058578643762691600, 1.999999999999999600, 0.03905242917518467900 ) ) ;
#4208 = DIRECTION ( 'NONE',  ( 0.7071067811865469100, 0.7071067811865482400, 0.0000000000000000000 ) ) ;
#4209 = CARTESIAN_POINT ( 'NONE',  ( 0.9605626939225423400, -0.1947675943966653300, 0.6497294341818854500 ) ) ;
#4210 = CARTESIAN_POINT ( 'NONE',  ( -1.129289321881346200, 1.970710678118654300, 0.6000000000000003100 ) ) ;
#4211 = EDGE_CURVE ( 'NONE', #2311, #3898, #1640, .T. ) ;
#4212 = FACE_OUTER_BOUND ( 'NONE', #309, .T. ) ;
#4213 = ORIENTED_EDGE ( 'NONE', *, *, #3191, .F. ) ;
#4215 = VERTEX_POINT ( 'NONE', #2853 ) ;
#4214 = CC_DESIGN_SECURITY_CLASSIFICATION ( #5979, ( #1872 ) ) ;
#4216 = CARTESIAN_POINT ( 'NONE',  ( 1.302753441350712700, -1.954567668041050400, 0.5687253162475676100 ) ) ;
#4217 = CARTESIAN_POINT ( 'NONE',  ( 1.410451414842609100, -1.800915862771379100, 0.2229737837424233800 ) ) ;
#4218 = VECTOR ( 'NONE', #1293, 1000.000000000000000 ) ;
#4219 = CARTESIAN_POINT ( 'NONE',  ( 1.900000000000000800, -1.749999999999998900, 0.1000000000000000100 ) ) ;
#4220 = CARTESIAN_POINT ( 'NONE',  ( -1.350000000000001400, 1.749999999999998700, -2.699999999999999700 ) ) ;
#4221 = CARTESIAN_POINT ( 'NONE',  ( -1.329025201418286800, -1.977727553502346200, 0.1059281604186917700 ) ) ;
#4222 = CARTESIAN_POINT ( 'NONE',  ( -1.248364605395010400, -1.856677731742027300, 0.1655764035977799800 ) ) ;
#4223 = DIRECTION ( 'NONE',  ( -1.000000000000000000, 0.0000000000000000000, 0.0000000000000000000 ) ) ;
#4224 = EDGE_LOOP ( 'NONE', ( #1944, #3287, #1661, #2930 ) ) ;
#4225 = PLANE ( 'NONE',  #3665 ) ;
#4226 = ORIENTED_EDGE ( 'NONE', *, *, #866, .T. ) ;
#4227 = CARTESIAN_POINT ( 'NONE',  ( 1.079892666507224800, -0.4772681733628049100, 0.7474459017648377200 ) ) ;
#4228 = AXIS2_PLACEMENT_3D ( 'NONE', #4592, #3674, #1709 ) ;
#4229 = CARTESIAN_POINT ( 'NONE',  ( 1.190318488937212500, -1.287998584541308400, 0.6927489829532136300 ) ) ;
#4230 = ORIENTED_EDGE ( 'NONE', *, *, #5813, .T. ) ;
#4231 = CARTESIAN_POINT ( 'NONE',  ( 2.217687569756911000E-016, 1.810879325615313500, 0.7905328344508526500 ) ) ;
#4232 = CARTESIAN_POINT ( 'NONE',  ( 1.304112104685737800, -1.906149216814879500, 0.5602808843468618500 ) ) ;
#4233 = DIRECTION ( 'NONE',  ( -1.000000000000000000, 0.0000000000000000000, 0.0000000000000000000 ) ) ;
#4234 = EDGE_CURVE ( 'NONE', #128, #5817, #256, .T. ) ;
#4235 = CARTESIAN_POINT ( 'NONE',  ( 1.222989729061261200, -1.470772526794751300, 0.6896694902027941100 ) ) ;
#4236 = CARTESIAN_POINT ( 'NONE',  ( 1.300000000000000300, 1.821168910795995200, 0.1798149574845394600 ) ) ;
#4237 = AXIS2_PLACEMENT_3D ( 'NONE', #5312, #5354, #1943 ) ;
#4238 = CARTESIAN_POINT ( 'NONE',  ( -1.058578643762690700, -1.900000000000000400, 0.6000000000000003100 ) ) ;
#4239 = DIRECTION ( 'NONE',  ( -1.000000000000000000, 0.0000000000000000000, 0.0000000000000000000 ) ) ;
#4240 = EDGE_CURVE ( 'NONE', #5014, #4749, #1186, .T. ) ;
#4241 = FACE_OUTER_BOUND ( 'NONE', #1788, .T. ) ;
#4242 = ORIENTED_EDGE ( 'NONE', *, *, #5155, .T. ) ;
#4243 = EDGE_CURVE ( 'NONE', #1061, #4500, #4963, .T. ) ;
#4244 = VECTOR ( 'NONE', #5279, 1000.000000000000000 ) ;
#4245 = ORIENTED_EDGE ( 'NONE', *, *, #1146, .T. ) ;
#4246 = CARTESIAN_POINT ( 'NONE',  ( 1.129289321881346200, 1.970710678118653900, -0.02000000000000000000 ) ) ;
#4247 = CIRCLE ( 'NONE', #5161, 1.195000000000000100 ) ;
#4248 = EDGE_CURVE ( 'NONE', #5624, #4831, #3209, .T. ) ;
#4249 = EDGE_LOOP ( 'NONE', ( #5949, #1425, #5112, #3628 ) ) ;
#4250 = CARTESIAN_POINT ( 'NONE',  ( -1.044999999999999900, 0.0000000000000000000, 0.6500000000000000200 ) ) ;
#4251 = CARTESIAN_POINT ( 'NONE',  ( 1.277616483867082300, -1.794447703903237200, 0.6685782776053483800 ) ) ;
#4252 = CARTESIAN_POINT ( 'NONE',  ( 1.202123598153825600, -0.6006163610572818900, 0.6876641299798830200 ) ) ;
#4253 = CARTESIAN_POINT ( 'NONE',  ( 0.0000000000000000000, 0.0000000000000000000, 0.6000000000000000900 ) ) ;
#4254 = FACE_OUTER_BOUND ( 'NONE', #1310, .T. ) ;
#4255 = CIRCLE ( 'NONE', #3960, 1.978152832303824700 ) ;
#4256 = EDGE_LOOP ( 'NONE', ( #5376, #4267, #3691, #5116 ) ) ;
#4257 = CARTESIAN_POINT ( 'NONE',  ( 1.850000000000000100, -1.208578643762689800, 1.699999999999999700 ) ) ;
#4258 = CARTESIAN_POINT ( 'NONE',  ( 1.126668327439370300, -0.5981610176847689300, 0.6032181606039100900 ) ) ;
#4259 = CARTESIAN_POINT ( 'NONE',  ( 1.750000000000000200, -1.208578643762690000, 1.800000000000000000 ) ) ;
#4260 = VERTEX_POINT ( 'NONE', #423 ) ;
#4261 = FACE_OUTER_BOUND ( 'NONE', #4205, .T. ) ;
#4262 = CARTESIAN_POINT ( 'NONE',  ( -1.425808955202558800, -1.990492459645651500, 0.5425692145625744500 ) ) ;
#4263 = ORIENTED_EDGE ( 'NONE', *, *, #1017, .F. ) ;
#4264 = ORIENTED_EDGE ( 'NONE', *, *, #4606, .F. ) ;
#4265 = VECTOR ( 'NONE', #4390, 999.9999999999998900 ) ;
#4266 = CARTESIAN_POINT ( 'NONE',  ( -1.298030297383069300, -1.822349851060083300, 0.1798149574845336900 ) ) ;
#4267 = ORIENTED_EDGE ( 'NONE', *, *, #371, .F. ) ;
#4268 = DIRECTION ( 'NONE',  ( -1.000000000000000000, 0.0000000000000000000, 0.0000000000000000000 ) ) ;
#4269 = DIRECTION ( 'NONE',  ( 1.000000000000000000, 0.0000000000000000000, 0.0000000000000000000 ) ) ;
#4270 = CARTESIAN_POINT ( 'NONE',  ( -1.370583289059233800, -0.9282153258325106500, 0.8889620089607140900 ) ) ;
#4271 = FACE_OUTER_BOUND ( 'NONE', #64, .T. ) ;
#4272 = CIRCLE ( 'NONE', #2125, 0.5000000000000000000 ) ;
#4273 = CARTESIAN_POINT ( 'NONE',  ( 1.000000000000000000, -2.000000000000000400, -0.02000000000000000000 ) ) ;
#4274 = CARTESIAN_POINT ( 'NONE',  ( 1.280219153200940800, -1.808111191111310600, 0.6799755335571415800 ) ) ;
#4275 = EDGE_CURVE ( 'NONE', #390, #1106, #4881, .T. ) ;
#4276 = ORIENTED_EDGE ( 'NONE', *, *, #905, .F. ) ;
#4277 = DIRECTION ( 'NONE',  ( -0.5553795402051526800, 0.8315969975423872500, 0.0000000000000000000 ) ) ;
#4278 = CARTESIAN_POINT ( 'NONE',  ( 1.353452065213351500, -1.856290283050835400, 0.5508811479778656900 ) ) ;
#4279 = ORIENTED_EDGE ( 'NONE', *, *, #5226, .T. ) ;
#4280 = VERTEX_POINT ( 'NONE', #3371 ) ;
#4281 = DIRECTION ( 'NONE',  ( -0.9735496498892591800, -0.2284755549298455600, 0.0000000000000000000 ) ) ;
#4282 = CARTESIAN_POINT ( 'NONE',  ( 0.0000000000000000000, -1.810879325615313500, 0.7905328344508526500 ) ) ;
#4283 = CARTESIAN_POINT ( 'NONE',  ( 1.028710641873837400, -0.1824770193411158500, 0.5789848304666097600 ) ) ;
#4284 = CARTESIAN_POINT ( 'NONE',  ( 1.194999999999999800, -5.443011649861847500E-018, 1.070000000000000100 ) ) ;
#4285 = ADVANCED_FACE ( 'NONE', ( #2157 ), #6280, .T. ) ;
#4286 = CIRCLE ( 'NONE', #971, 0.1000000000000000500 ) ;
#4287 = EDGE_LOOP ( 'NONE', ( #4721, #4973, #107 ) ) ;
#4288 = EDGE_CURVE ( 'NONE', #385, #1337, #258, .T. ) ;
#4289 = CARTESIAN_POINT ( 'NONE',  ( 1.258351437752427000, -1.765564687251568500, 0.06977255347966870900 ) ) ;
#4290 = FACE_OUTER_BOUND ( 'NONE', #354, .T. ) ;
#4291 = CARTESIAN_POINT ( 'NONE',  ( -1.460226166453616500, -1.884699595560741700, 0.6746856099885394400 ) ) ;
#4292 = VECTOR ( 'NONE', #3920, 1000.000000000000000 ) ;
#4293 = EDGE_CURVE ( 'NONE', #2075, #3877, #4682, .T. ) ;
#4294 = DIRECTION ( 'NONE',  ( 0.7071067811865469100, -0.7071067811865482400, 0.0000000000000000000 ) ) ;
#4296 = LINE ( 'NONE', #4925, #5451 ) ;
#4295 = CARTESIAN_POINT ( 'NONE',  ( -1.058578643762690700, -1.900000000000000400, -0.02000000000000000000 ) ) ;
#4297 = CARTESIAN_POINT ( 'NONE',  ( -1.581109102672853700, -2.010033805446406000, 0.5974324212383084200 ) ) ;
#4298 = CARTESIAN_POINT ( 'NONE',  ( -0.9750000000000000900, 0.0000000000000000000, 0.6500000000000000200 ) ) ;
#4299 = CARTESIAN_POINT ( 'NONE',  ( 1.277616483867082300, -1.794447703903237200, 0.6685782776053483800 ) ) ;
#4300 = CARTESIAN_POINT ( 'NONE',  ( 1.058578643762691600, 1.999999999999999600, 1.800000000000000000 ) ) ;
#4301 = ORIENTED_EDGE ( 'NONE', *, *, #1785, .F. ) ;
#4302 = CARTESIAN_POINT ( 'NONE',  ( 1.275186567876941000, -0.9693518177231619200, 0.7020786500180957700 ) ) ;
#4303 =( BOUNDED_CURVE ( )  B_SPLINE_CURVE ( 3, ( #5986, #577, #5479, #3995 ),
 .UNSPECIFIED., .F., .T. ) 
 B_SPLINE_CURVE_WITH_KNOTS ( ( 4, 4 ),
 ( 1.786682958292611600, 1.985887675209147400 ),
 .UNSPECIFIED. ) 
 CURVE ( )  GEOMETRIC_REPRESENTATION_ITEM ( )  RATIONAL_B_SPLINE_CURVE ( ( 1.000000000000000000, 0.9966958563508414600, 0.9966958563508414600, 1.000000000000000000 ) ) 
 REPRESENTATION_ITEM ( '' )  );
#4304 = CYLINDRICAL_SURFACE ( 'NONE', #937, 0.5000000000000000000 ) ;
#4305 = AXIS2_PLACEMENT_3D ( 'NONE', #5535, #272, #5048 ) ;
#4306 = CARTESIAN_POINT ( 'NONE',  ( 1.299555015412732700, -1.941480319307197000, 0.5626198466876954900 ) ) ;
#4307 = ORIENTED_EDGE ( 'NONE', *, *, #1537, .T. ) ;
#4308 = CARTESIAN_POINT ( 'NONE',  ( 1.257268912325894900, -1.760951973868204000, 0.2096923555590876600 ) ) ;
#4309 = DIRECTION ( 'NONE',  ( -0.0000000000000000000, 0.0000000000000000000, -1.000000000000000000 ) ) ;
#4310 = CARTESIAN_POINT ( 'NONE',  ( -1.386932387388198200, -2.048704249473618500, 0.5992016825825311500 ) ) ;
#4311 = ORIENTED_EDGE ( 'NONE', *, *, #4906, .T. ) ;
#4312 = CARTESIAN_POINT ( 'NONE',  ( -4.047688110612548600E-016, -2.023844055306274300E-016, 1.210000000000000200 ) ) ;
#4313 = CARTESIAN_POINT ( 'NONE',  ( 0.0000000000000000000, 0.0000000000000000000, 1.319999999999999600 ) ) ;
#4314 = ORIENTED_EDGE ( 'NONE', *, *, #433, .F. ) ;
#4315 = ADVANCED_FACE ( 'NONE', ( #1364 ), #1520, .T. ) ;
#4316 = DIRECTION ( 'NONE',  ( -0.8320502943379606300, 0.0000000000000000000, -0.5547001962250536200 ) ) ;
#4317 = CARTESIAN_POINT ( 'NONE',  ( 1.306022357364807300, -1.968233446706071600, 0.5683226085792114600 ) ) ;
#4318 = CARTESIAN_POINT ( 'NONE',  ( 2.304573958375719600E-016, 1.881827446068739000, 0.6956689149482788700 ) ) ;
#4319 = CARTESIAN_POINT ( 'NONE',  ( 1.440950537737103500, -1.921369670871272400, 0.5737035612165306600 ) ) ;
#4320 = ORIENTED_EDGE ( 'NONE', *, *, #3709, .F. ) ;
#4321 = FACE_OUTER_BOUND ( 'NONE', #5325, .T. ) ;
#4322 = EDGE_CURVE ( 'NONE', #5788, #5693, #5089, .T. ) ;
#4323 = CARTESIAN_POINT ( 'NONE',  ( 1.299126305906666700, -1.938356250916380500, 0.5786996141736473500 ) ) ;
#4324 = LINE ( 'NONE', #1576, #146 ) ;
#4325 = ORIENTED_EDGE ( 'NONE', *, *, #2697, .T. ) ;
#4326 = CIRCLE ( 'NONE', #4524, 1.055000000000000200 ) ;
#4327 = EDGE_CURVE ( 'NONE', #4260, #2339, #5545, .T. ) ;
#4328 = CARTESIAN_POINT ( 'NONE',  ( -1.386932387386910800, -2.048704249472759200, 0.5425692145625739000 ) ) ;
#4329 = CYLINDRICAL_SURFACE ( 'NONE', #65, 0.1000000000000000500 ) ;
#4330 = CARTESIAN_POINT ( 'NONE',  ( -1.386932387386910800, -2.048704249472759200, 0.5425692145625739000 ) ) ;
#4331 = PLANE ( 'NONE',  #746 ) ;
#4332 = ORIENTED_EDGE ( 'NONE', *, *, #1545, .F. ) ;
#4333 = ORIENTED_EDGE ( 'NONE', *, *, #4064, .F. ) ;
#4334 = EDGE_LOOP ( 'NONE', ( #6121, #4926, #5323, #4354 ) ) ;
#4335 = CIRCLE ( 'NONE', #2385, 0.06999999999999996500 ) ;
#4336 = AXIS2_PLACEMENT_3D ( 'NONE', #4448, #5916, #2541 ) ;
#4337 = ORIENTED_EDGE ( 'NONE', *, *, #4863, .F. ) ;
#4338 = CARTESIAN_POINT ( 'NONE',  ( 1.300713685312848900, -1.941196673231943400, 0.6011100325224259000 ) ) ;
#4339 = LINE ( 'NONE', #4257, #4948 ) ;
#4340 = CARTESIAN_POINT ( 'NONE',  ( -1.425808955202558800, -1.990492459645651500, 0.2114833302046589300 ) ) ;
#4341 = ORIENTED_EDGE ( 'NONE', *, *, #5302, .F. ) ;
#4342 = CC_DESIGN_PERSON_AND_ORGANIZATION_ASSIGNMENT ( #5085, #2419, ( #5979 ) ) ;
#4343 = CARTESIAN_POINT ( 'NONE',  ( 1.425473403076421100, -1.883191879536205000, 0.5623197457924828900 ) ) ;
#4344 = FACE_OUTER_BOUND ( 'NONE', #924, .T. ) ;
#4345 = EDGE_LOOP ( 'NONE', ( #5553, #308, #4097 ) ) ;
#4346 = CARTESIAN_POINT ( 'NONE',  ( 1.296964392755444200, -1.913346925167138900, 0.5621836619145739200 ) ) ;
#4347 = CARTESIAN_POINT ( 'NONE',  ( -1.110285042102435100, 1.989714957897565700, 0.07352336140166441900 ) ) ;
#4348 = ADVANCED_FACE ( 'NONE', ( #2964 ), #2209, .F. ) ;
#4349 = TOROIDAL_SURFACE ( 'NONE', #5603, 1.125000000000000200, 0.06999999999999996500 ) ;
#4350 = AXIS2_PLACEMENT_3D ( 'NONE', #4585, #4563, #1636 ) ;
#4351 = DIRECTION ( 'NONE',  ( -0.0000000000000000000, -0.0000000000000000000, -1.000000000000000000 ) ) ;
#4352 = EDGE_LOOP ( 'NONE', ( #3684, #5495, #2381, #2949 ) ) ;
#4353 = CIRCLE ( 'NONE', #6270, 1.205000000000000100 ) ;
#4354 = ORIENTED_EDGE ( 'NONE', *, *, #5026, .T. ) ;
#4355 = CARTESIAN_POINT ( 'NONE',  ( -1.055000000000000600, -2.023844055306274300E-016, 1.210000000000000200 ) ) ;
#4356 = DIRECTION ( 'NONE',  ( -0.0000000000000000000, 1.000000000000000000, -0.0000000000000000000 ) ) ;
#4357 = AXIS2_PLACEMENT_3D ( 'NONE', #3462, #19, #5367 ) ;
#4358 = PERSON_AND_ORGANIZATION_ROLE ( 'creator' ) ;
#4359 = VERTEX_POINT ( 'NONE', #2571 ) ;
#4360 = DIRECTION ( 'NONE',  ( 0.0000000000000000000, 0.0000000000000000000, -1.000000000000000000 ) ) ;
#4361 = EDGE_CURVE ( 'NONE', #574, #807, #6072, .T. ) ;
#4362 = DIRECTION ( 'NONE',  ( -1.000000000000000000, -3.693158315293192400E-016, 0.0000000000000000000 ) ) ;
#4363 = CIRCLE ( 'NONE', #887, 0.06999999999999996500 ) ;
#4364 = ORIENTED_EDGE ( 'NONE', *, *, #6118, .F. ) ;
#4365 = CARTESIAN_POINT ( 'NONE',  ( 1.444774885341955500, -1.964777497261073900, 0.5652593502282459200 ) ) ;
#4366 = EDGE_CURVE ( 'NONE', #5887, #385, #5929, .T. ) ;
#4367 = CARTESIAN_POINT ( 'NONE',  ( 1.300000000000000300, 1.821168910795995200, 0.1798149574845394600 ) ) ;
#4368 = EDGE_CURVE ( 'NONE', #3877, #3013, #3129, .T. ) ;
#4369 = CARTESIAN_POINT ( 'NONE',  ( 0.0000000000000000000, 1.900000000000000100, 1.800000000000000000 ) ) ;
#4370 = CARTESIAN_POINT ( 'NONE',  ( -1.129289321881346200, 1.970710678118654300, -2.699999999999999700 ) ) ;
#4371 = DIRECTION ( 'NONE',  ( -0.0000000000000000000, -0.0000000000000000000, -1.000000000000000000 ) ) ;
#4372 = ORIENTED_EDGE ( 'NONE', *, *, #2227, .F. ) ;
#4373 = ORIENTED_EDGE ( 'NONE', *, *, #1235, .T. ) ;
#4374 = CIRCLE ( 'NONE', #5747, 0.06999999999999985400 ) ;
#4375 = CARTESIAN_POINT ( 'NONE',  ( -1.750000000000000700, -1.208578643762690400, 1.800000000000000000 ) ) ;
#4376 = EDGE_CURVE ( 'NONE', #1997, #3166, #6228, .T. ) ;
#4377 = CARTESIAN_POINT ( 'NONE',  ( 1.058578643762691800, 1.899999999999999900, 1.800000000000000000 ) ) ;
#4378 = VERTEX_POINT ( 'NONE', #4911 ) ;
#4379 = ORIENTED_EDGE ( 'NONE', *, *, #2955, .T. ) ;
#4380 = CARTESIAN_POINT ( 'NONE',  ( -1.230204462991023600, -1.871223347428907100, 0.1534696419940202200 ) ) ;
#4381 = ADVANCED_FACE ( 'NONE', ( #1542 ), #4432, .F. ) ;
#4382 = DIRECTION ( 'NONE',  ( -0.0000000000000000000, -0.0000000000000000000, -1.000000000000000000 ) ) ;
#4383 = CARTESIAN_POINT ( 'NONE',  ( 1.300000000000000000, -2.000000000000000400, 0.07981495748453368300 ) ) ;
#4384 = VERTEX_POINT ( 'NONE', #16 ) ;
#4385 = DIRECTION ( 'NONE',  ( -1.000000000000000000, 0.0000000000000000000, 0.0000000000000000000 ) ) ;
#4386 = CARTESIAN_POINT ( 'NONE',  ( 1.444831122440171300, -1.964917444062676000, 0.5602808843468616300 ) ) ;
#4387 = CARTESIAN_POINT ( 'NONE',  ( 1.252363705399984300, 1.853567974124095100, 0.1678593070617145600 ) ) ;
#4388 = CARTESIAN_POINT ( 'NONE',  ( -1.450000000000000200, -1.761606575163160000, 0.1000000000000000100 ) ) ;
#4389 = EDGE_LOOP ( 'NONE', ( #772, #4301, #2809, #3102 ) ) ;
#4390 = DIRECTION ( 'NONE',  ( -0.7071067811865469100, 0.7071067811865482400, 0.0000000000000000000 ) ) ;
#4391 = DIRECTION ( 'NONE',  ( 0.0000000000000000000, 0.0000000000000000000, -1.000000000000000000 ) ) ;
#4392 = DIRECTION ( 'NONE',  ( -0.0000000000000000000, -0.0000000000000000000, 1.000000000000000000 ) ) ;
#4393 = AXIS2_PLACEMENT_3D ( 'NONE', #5449, #252, #2171 ) ;
#4394 = CIRCLE ( 'NONE', #1221, 0.1000000000000000500 ) ;
#4395 = VECTOR ( 'NONE', #3513, 1000.000000000000000 ) ;
#4396 = DIRECTION ( 'NONE',  ( -0.7071067811865469100, 0.7071067811865482400, 0.0000000000000000000 ) ) ;
#4397 = CARTESIAN_POINT ( 'NONE',  ( -2.023844055306274300E-016, -1.011922027653137100E-016, 0.9300000000000000500 ) ) ;
#4398 = EDGE_CURVE ( 'NONE', #1535, #4621, #4722, .T. ) ;
#4399 = LINE ( 'NONE', #1191, #3106 ) ;
#4400 = DIRECTION ( 'NONE',  ( -0.8320502943379608500, 0.0000000000000000000, 0.5547001962250534000 ) ) ;
#4401 = CYLINDRICAL_SURFACE ( 'NONE', #5229, 0.1000000000000000500 ) ;
#4402 = DIRECTION ( 'NONE',  ( -1.000000000000000000, 0.0000000000000000000, 0.0000000000000000000 ) ) ;
#4403 = APPLICATION_CONTEXT ( 'configuration controlled 3d designs of mechanical parts and assemblies' ) ;
#4404 = ORIENTED_EDGE ( 'NONE', *, *, #793, .T. ) ;
#4405 = DIRECTION ( 'NONE',  ( 0.0000000000000000000, -1.000000000000000000, 0.0000000000000000000 ) ) ;
#4406 = DIRECTION ( 'NONE',  ( 0.0000000000000000000, 0.0000000000000000000, -1.000000000000000000 ) ) ;
#4407 = LINE ( 'NONE', #5454, #5016 ) ;
#4408 = LINE ( 'NONE', #3012, #305 ) ;
#4409 = VERTEX_POINT ( 'NONE', #2467 ) ;
#4410 = EDGE_CURVE ( 'NONE', #349, #2255, #105, .T. ) ;
#4411 = CARTESIAN_POINT ( 'NONE',  ( 1.441120066951075800, -1.922636511230841900, 0.5604754605029694800 ) ) ;
#4412 = ORIENTED_EDGE ( 'NONE', *, *, #5593, .T. ) ;
#4413 = DIRECTION ( 'NONE',  ( 0.0000000000000000000, 0.0000000000000000000, -1.000000000000000000 ) ) ;
#4414 = VERTEX_POINT ( 'NONE', #3927 ) ;
#4415 = ADVANCED_FACE ( 'NONE', ( #2249 ), #1141, .T. ) ;
#4416 = VECTOR ( 'NONE', #4777, 1000.000000000000000 ) ;
#4417 = AXIS2_PLACEMENT_3D ( 'NONE', #4687, #1796, #5030 ) ;
#4418 = VECTOR ( 'NONE', #814, 1000.000000000000000 ) ;
#4419 = EDGE_CURVE ( 'NONE', #2390, #998, #481, .T. ) ;
#4420 = ORIENTED_EDGE ( 'NONE', *, *, #2284, .F. ) ;
#4421 = ORIENTED_EDGE ( 'NONE', *, *, #663, .T. ) ;
#4422 = ORIENTED_EDGE ( 'NONE', *, *, #6215, .F. ) ;
#4423 = CARTESIAN_POINT ( 'NONE',  ( -1.216531799096824700, 1.883468200903175100, 0.1443545327312254800 ) ) ;
#4424 = TOROIDAL_SURFACE ( 'NONE', #2724, 1.275000000000000100, 0.06999999999999996500 ) ;
#4425 = ORIENTED_EDGE ( 'NONE', *, *, #3626, .F. ) ;
#4426 = CARTESIAN_POINT ( 'NONE',  ( -1.058578643762690700, -2.000000000000000400, 1.699999999999999700 ) ) ;
#4427 = CARTESIAN_POINT ( 'NONE',  ( 1.315446645228201900, -1.989446625509702700, 0.5951128751312425600 ) ) ;
#4428 = VECTOR ( 'NONE', #1159, 1000.000000000000000 ) ;
#4429 = CARTESIAN_POINT ( 'NONE',  ( 1.302832396748178300, -1.955101034237787000, 0.2031335730073686200 ) ) ;
#4430 = ADVANCED_FACE ( 'NONE', ( #176 ), #520, .T. ) ;
#4431 = ORIENTED_EDGE ( 'NONE', *, *, #5914, .F. ) ;
#4432 = PLANE ( 'NONE',  #2475 ) ;
#4433 = AXIS2_PLACEMENT_3D ( 'NONE', #1672, #3174, #3602 ) ;
#4434 = CARTESIAN_POINT ( 'NONE',  ( -1.464685523016919300, -1.932280669817684200, 0.1859245259168184300 ) ) ;
#4435 = CARTESIAN_POINT ( 'NONE',  ( 1.385778848812553100, -1.995024438740773400, 0.6457918452075521700 ) ) ;
#4436 = ORIENTED_EDGE ( 'NONE', *, *, #2330, .T. ) ;
#4437 = CIRCLE ( 'NONE', #2561, 0.9050000000000001400 ) ;
#4438 = CARTESIAN_POINT ( 'NONE',  ( 1.404143536177242100, -1.688173118223766500, 0.6804722293460705500 ) ) ;
#4439 = CARTESIAN_POINT ( 'NONE',  ( -1.557106781186549500, -1.749999999999998400, 0.1000000000000000100 ) ) ;
#4440 = AXIS2_PLACEMENT_3D ( 'NONE', #3241, #1308, #5699 ) ;
#4441 = ORIENTED_EDGE ( 'NONE', *, *, #748, .T. ) ;
#4442 = CARTESIAN_POINT ( 'NONE',  ( 1.439129347732674100, -1.923114456547607900, 0.1598879352166292500 ) ) ;
#4443 = CARTESIAN_POINT ( 'NONE',  ( -1.307816724202899300, 1.816482373719215100, 0.1798149574845336900 ) ) ;
#4444 = CIRCLE ( 'NONE', #1401, 1.195000000000000100 ) ;
#4445 = DIRECTION ( 'NONE',  ( 0.0000000000000000000, -0.0000000000000000000, -1.000000000000000000 ) ) ;
#4446 = CARTESIAN_POINT ( 'NONE',  ( -1.275000000000000400, -1.011922027653137100E-016, 0.9300000000000000500 ) ) ;
#4447 = AXIS2_PLACEMENT_3D ( 'NONE', #2668, #2649, #676 ) ;
#4448 = CARTESIAN_POINT ( 'NONE',  ( -3.698563651865939900, -1.749999999999999600, -2.699999999999999700 ) ) ;
#4449 = ADVANCED_FACE ( 'NONE', ( #2532 ), #1041, .F. ) ;
#4450 = CARTESIAN_POINT ( 'NONE',  ( 1.069841914349663400, -0.2212742241204517800, 0.7280097547080344200 ) ) ;
#4451 = FACE_OUTER_BOUND ( 'NONE', #3233, .T. ) ;
#4452 =( BOUNDED_CURVE ( )  B_SPLINE_CURVE ( 3, ( #5450, #2558, #4541, #2621 ),
 .UNSPECIFIED., .F., .T. ) 
 B_SPLINE_CURVE_WITH_KNOTS ( ( 4, 4 ),
 ( 4.297297631973010300, 4.496502348886974900 ),
 .UNSPECIFIED. ) 
 CURVE ( )  GEOMETRIC_REPRESENTATION_ITEM ( )  RATIONAL_B_SPLINE_CURVE ( ( 1.000000000000000000, 0.9966958563509266100, 0.9966958563509266100, 1.000000000000000000 ) ) 
 REPRESENTATION_ITEM ( '' )  );
#4453 = ORIENTED_EDGE ( 'NONE', *, *, #2881, .T. ) ;
#4454 = CARTESIAN_POINT ( 'NONE',  ( 1.028596109134864500, -0.1775768163804055900, 0.6628417019393489900 ) ) ;
#4455 = DIRECTION ( 'NONE',  ( 0.0000000000000000000, 0.0000000000000000000, -1.000000000000000000 ) ) ;
#4456 = B_SPLINE_CURVE_WITH_KNOTS ( 'NONE', 3,
 ( #1282, #4684, #4709, #2702, #253, #738, #4664 ),
 .UNSPECIFIED., .F., .F.,
 ( 4, 1, 1, 1, 4 ),
 ( 0.5000000000000000000, 0.6250000000000000000, 0.7500000000000000000, 0.8750000000000000000, 1.000000000000000000 ),
 .UNSPECIFIED. ) ;
#4457 = AXIS2_PLACEMENT_3D ( 'NONE', #4032, #5042, #2137 ) ;
#4458 = CARTESIAN_POINT ( 'NONE',  ( 1.425639175826063600, -1.883139273471979000, 0.5602808843468617400 ) ) ;
#4459 = EDGE_CURVE ( 'NONE', #1268, #1350, #4085, .T. ) ;
#4460 = CARTESIAN_POINT ( 'NONE',  ( -2.000000000000000000, -1.649999999999998600, 0.1000000000000000100 ) ) ;
#4461 = VERTEX_POINT ( 'NONE', #95 ) ;
#4462 = CARTESIAN_POINT ( 'NONE',  ( -1.011922027653137100E-016, -5.059610138265685700E-017, 0.7900000000000000400 ) ) ;
#4463 = CARTESIAN_POINT ( 'NONE',  ( -1.450000000000000200, -1.761606575163160000, 0.1000000000000000100 ) ) ;
#4464 = CARTESIAN_POINT ( 'NONE',  ( -1.495808955202558600, -1.990492459645651500, 0.5425692145625737900 ) ) ;
#4465 = EDGE_LOOP ( 'NONE', ( #4341, #4245, #2080, #6176 ) ) ;
#4466 = ORIENTED_EDGE ( 'NONE', *, *, #457, .F. ) ;
#4467 = CARTESIAN_POINT ( 'NONE',  ( 1.129289321881345300, -1.970710678118655000, 0.6000000000000003100 ) ) ;
#4468 = AXIS2_PLACEMENT_3D ( 'NONE', #5683, #1338, #6203 ) ;
#4469 =( BOUNDED_CURVE ( )  B_SPLINE_CURVE ( 3, ( #6058, #1715, #3155, #5117 ),
 .UNSPECIFIED., .F., .T. ) 
 B_SPLINE_CURVE_WITH_KNOTS ( ( 4, 4 ),
 ( 4.712388980384689700, 5.497787143782139700 ),
 .UNSPECIFIED. ) 
 CURVE ( )  GEOMETRIC_REPRESENTATION_ITEM ( )  RATIONAL_B_SPLINE_CURVE ( ( 1.000000000000000000, 0.9492530216741910100, 0.9492530216741910100, 1.000000000000000000 ) ) 
 REPRESENTATION_ITEM ( '' )  );
#4470 = CARTESIAN_POINT ( 'NONE',  ( -1.271173739504839000, 1.839517614735848500, 0.1765939623538019500 ) ) ;
#4471 = DIRECTION ( 'NONE',  ( -1.224646799147353200E-016, 1.000000000000000000, 0.0000000000000000000 ) ) ;
#4472 = CARTESIAN_POINT ( 'NONE',  ( -1.386932387388198200, -2.048704249473618500, 0.5992016825825311500 ) ) ;
#4473 = CARTESIAN_POINT ( 'NONE',  ( 1.316283297675922900, -1.995081188971000500, 0.5618530676555016900 ) ) ;
#4474 = ADVANCED_FACE ( 'NONE', ( #5057 ), #233, .T. ) ;
#4475 = CARTESIAN_POINT ( 'NONE',  ( -0.9750000000000005300, -2.023844055306274300E-016, 1.210000000000000200 ) ) ;
#4476 = ORIENTED_EDGE ( 'NONE', *, *, #5842, .F. ) ;
#4477 = CARTESIAN_POINT ( 'NONE',  ( 1.395730914163455100, -1.738190822944754900, -0.07014724859975021700 ) ) ;
#4478 = CARTESIAN_POINT ( 'NONE',  ( 1.054999999999999900, 2.800803454473206500E-017, 0.9300000000000000500 ) ) ;
#4479 = DIRECTION ( 'NONE',  ( -1.000000000000000000, 0.0000000000000000000, 0.0000000000000000000 ) ) ;
#4480 = CIRCLE ( 'NONE', #1416, 1.044999999999999900 ) ;
#4481 = VECTOR ( 'NONE', #3504, 1000.000000000000000 ) ;
#4482 = VERTEX_POINT ( 'NONE', #2671 ) ;
#4483 = DIRECTION ( 'NONE',  ( 1.000000000000000000, 0.0000000000000000000, 0.0000000000000000000 ) ) ;
#4484 = FACE_OUTER_BOUND ( 'NONE', #3061, .T. ) ;
#4485 = EDGE_CURVE ( 'NONE', #3547, #1388, #2890, .T. ) ;
#4486 = CARTESIAN_POINT ( 'NONE',  ( -1.353953762612646300, -1.778795973155167900, 0.09417428574362254900 ) ) ;
#4487 = DIRECTION ( 'NONE',  ( -1.000000000000000000, 0.0000000000000000000, 0.0000000000000000000 ) ) ;
#4488 = ORIENTED_EDGE ( 'NONE', *, *, #871, .F. ) ;
#4489 = CARTESIAN_POINT ( 'NONE',  ( -1.386932387388197800, -2.048704249473618100, 0.2114833302046589300 ) ) ;
#4490 = LINE ( 'NONE', #1489, #2971 ) ;
#4491 = DIRECTION ( 'NONE',  ( 0.0000000000000000000, 1.000000000000000000, 0.0000000000000000000 ) ) ;
#4492 = CARTESIAN_POINT ( 'NONE',  ( 1.036581447675585700, -0.4606677859271673400, 0.7200524253291483700 ) ) ;
#4493 = ORIENTED_EDGE ( 'NONE', *, *, #4366, .T. ) ;
#4494 = CIRCLE ( 'NONE', #5344, 0.1000000000000000500 ) ;
#4495 = EDGE_CURVE ( 'NONE', #4215, #876, #2530, .T. ) ;
#4496 = CARTESIAN_POINT ( 'NONE',  ( 1.316266028856159600, -1.994943008620346600, 0.5653267575058724700 ) ) ;
#4497 = EDGE_LOOP ( 'NONE', ( #1403, #5462, #2388, #3646 ) ) ;
#4498 = CARTESIAN_POINT ( 'NONE',  ( 1.300716058012035800, -1.939128588736298800, 0.5602808843468616300 ) ) ;
#4499 = CIRCLE ( 'NONE', #4533, 0.06999999999999996500 ) ;
#4500 = VERTEX_POINT ( 'NONE', #685 ) ;
#4501 = FACE_OUTER_BOUND ( 'NONE', #3722, .T. ) ;
#4502 = CARTESIAN_POINT ( 'NONE',  ( -1.354505394648003700, 1.792885365153435100, 0.1636630702346703900 ) ) ;
#4503 = EDGE_CURVE ( 'NONE', #239, #1039, #3050, .T. ) ;
#4504 = CARTESIAN_POINT ( 'NONE',  ( -1.262431466229506400, -0.9387213527527666900, 0.8006186328411393200 ) ) ;
#4505 = ORIENTED_EDGE ( 'NONE', *, *, #5671, .T. ) ;
#4506 = DIRECTION ( 'NONE',  ( -1.000000000000000000, 0.0000000000000000000, 0.0000000000000000000 ) ) ;
#4507 = EDGE_LOOP ( 'NONE', ( #5033, #3875, #5249, #2647 ) ) ;
#4508 = DIRECTION ( 'NONE',  ( -1.000000000000000000, 0.0000000000000000000, 0.0000000000000000000 ) ) ;
#4509 = ADVANCED_FACE ( 'NONE', ( #3608 ), #2929, .T. ) ;
#4510 = ORIENTED_EDGE ( 'NONE', *, *, #2981, .F. ) ;
#4511 = CARTESIAN_POINT ( 'NONE',  ( 1.900000000000000800, -1.649999999999998600, 0.1000000000000000100 ) ) ;
#4512 = AXIS2_PLACEMENT_3D ( 'NONE', #1424, #3262, #3786 ) ;
#4513 = CARTESIAN_POINT ( 'NONE',  ( 1.316288991556964900, -1.995038563466009700, 0.5632204644827972800 ) ) ;
#4514 = CARTESIAN_POINT ( 'NONE',  ( 1.353531742865377900, -1.793318096522785100, 0.1642879330264847800 ) ) ;
#4515 = AXIS2_PLACEMENT_3D ( 'NONE', #3961, #2973, #3036 ) ;
#4516 = CARTESIAN_POINT ( 'NONE',  ( 1.334818974438357200, -2.091397985222282600, 0.2031335730073682300 ) ) ;
#4517 = ORIENTED_EDGE ( 'NONE', *, *, #3395, .F. ) ;
#4518 = DIRECTION ( 'NONE',  ( -1.000000000000000000, 0.0000000000000000000, 0.0000000000000000000 ) ) ;
#4519 = ORIENTED_EDGE ( 'NONE', *, *, #5445, .F. ) ;
#4520 = DIRECTION ( 'NONE',  ( -1.000000000000000000, 0.0000000000000000000, 0.0000000000000000000 ) ) ;
#4521 = CARTESIAN_POINT ( 'NONE',  ( -1.480638938908101200, -2.105963740556629400, 0.07614376814202467000 ) ) ;
#4522 = CYLINDRICAL_SURFACE ( 'NONE', #366, 0.1000000000000000500 ) ;
#4523 = EDGE_LOOP ( 'NONE', ( #3384, #1654, #3049, #6113 ) ) ;
#4524 = AXIS2_PLACEMENT_3D ( 'NONE', #1058, #2583, #5957 ) ;
#4525 = VERTEX_POINT ( 'NONE', #3136 ) ;
#4526 = CARTESIAN_POINT ( 'NONE',  ( -1.227228388700322800, -1.862460158998119300, 0.09093648489344342800 ) ) ;
#4527 = FACE_OUTER_BOUND ( 'NONE', #1742, .T. ) ;
#4528 = EDGE_CURVE ( 'NONE', #2610, #574, #310, .T. ) ;
#4529 = DIRECTION ( 'NONE',  ( -0.0000000000000000000, -0.0000000000000000000, -1.000000000000000000 ) ) ;
#4530 = ORIENTED_EDGE ( 'NONE', *, *, #1443, .F. ) ;
#4531 = ORIENTED_EDGE ( 'NONE', *, *, #6191, .F. ) ;
#4532 = CARTESIAN_POINT ( 'NONE',  ( -4.435375139513822000E-016, -1.810879325615313500, 0.7905328344508526500 ) ) ;
#4533 = AXIS2_PLACEMENT_3D ( 'NONE', #4700, #3208, #3711 ) ;
#4534 = CARTESIAN_POINT ( 'NONE',  ( 1.389855981158072900, -2.018744209378688900, 0.5821696756548441200 ) ) ;
#4535 = EDGE_CURVE ( 'NONE', #2560, #3865, #4353, .T. ) ;
#4536 = CARTESIAN_POINT ( 'NONE',  ( -1.850000000000000100, 1.208578643762689800, 1.699999999999999700 ) ) ;
#4537 = ADVANCED_FACE ( 'NONE', ( #5577 ), #60, .T. ) ;
#4538 = VERTEX_POINT ( 'NONE', #1147 ) ;
#4539 = CARTESIAN_POINT ( 'NONE',  ( -1.011922027653137100E-016, -5.059610138265685700E-017, 0.7900000000000000400 ) ) ;
#4540 = CARTESIAN_POINT ( 'NONE',  ( 1.450000000000012800, 1.761606575163157300, 0.1000000000000000100 ) ) ;
#4541 = CARTESIAN_POINT ( 'NONE',  ( 1.417516172017268200, 1.768730418521636400, 0.1216558853218314800 ) ) ;
#4542 = CARTESIAN_POINT ( 'NONE',  ( -1.058578643762690700, -1.900000000000000400, 1.699999999999999700 ) ) ;
#4543 = EDGE_LOOP ( 'NONE', ( #3682, #160, #5642, #5657, #317 ) ) ;
#4544 = EDGE_CURVE ( 'NONE', #3346, #128, #5864, .T. ) ;
#4545 = DIRECTION ( 'NONE',  ( 0.0000000000000000000, 0.0000000000000000000, 1.000000000000000000 ) ) ;
#4546 = DIRECTION ( 'NONE',  ( 0.0000000000000000000, 0.0000000000000000000, -1.000000000000000000 ) ) ;
#4547 = FACE_OUTER_BOUND ( 'NONE', #2803, .T. ) ;
#4548 = DIRECTION ( 'NONE',  ( -0.0000000000000000000, -0.0000000000000000000, 1.000000000000000000 ) ) ;
#4549 = CARTESIAN_POINT ( 'NONE',  ( -3.956305664607649800, -1.978152832303824000, 0.6000000000000002000 ) ) ;
#4550 = ORIENTED_EDGE ( 'NONE', *, *, #3315, .F. ) ;
#4551 = CARTESIAN_POINT ( 'NONE',  ( 0.9950380983217025400, -0.3405624403870352000, 0.6722755728265281700 ) ) ;
#4552 = CARTESIAN_POINT ( 'NONE',  ( 1.557106781186549300, -2.249999999999998700, -0.02000000000000000000 ) ) ;
#4553 = EDGE_LOOP ( 'NONE', ( #205, #733 ) ) ;
#4554 = CIRCLE ( 'NONE', #3379, 0.1000000000000000500 ) ;
#4555 = CIRCLE ( 'NONE', #1723, 0.06999999999999996500 ) ;
#4556 = CARTESIAN_POINT ( 'NONE',  ( 1.192253751590982100, -1.297539750792267500, 0.7067793632369967500 ) ) ;
#4557 = CARTESIAN_POINT ( 'NONE',  ( 1.350000000000001400, -1.749999999999998700, 0.6000000000000003100 ) ) ;
#4558 = DIRECTION ( 'NONE',  ( -1.000000000000000000, 0.0000000000000000000, 0.0000000000000000000 ) ) ;
#4559 = ORIENTED_EDGE ( 'NONE', *, *, #2145, .F. ) ;
#4560 = CARTESIAN_POINT ( 'NONE',  ( -1.350000000000001400, -1.749999999999998700, -2.699999999999999700 ) ) ;
#4561 = ORIENTED_EDGE ( 'NONE', *, *, #5998, .F. ) ;
#4562 = DIRECTION ( 'NONE',  ( 0.0000000000000000000, -0.0000000000000000000, 1.000000000000000000 ) ) ;
#4563 = DIRECTION ( 'NONE',  ( 0.0000000000000000000, -1.000000000000000000, 0.0000000000000000000 ) ) ;
#4564 = ORIENTED_EDGE ( 'NONE', *, *, #6037, .T. ) ;
#4565 = ADVANCED_FACE ( 'NONE', ( #4484 ), #5983, .F. ) ;
#4566 = ORIENTED_EDGE ( 'NONE', *, *, #3820, .T. ) ;
#4567 = AXIS2_PLACEMENT_3D ( 'NONE', #5543, #211, #4520 ) ;
#4568 = ORIENTED_EDGE ( 'NONE', *, *, #3940, .T. ) ;
#4569 = DIRECTION ( 'NONE',  ( -1.000000000000000000, -2.168404344971008900E-016, 0.0000000000000000000 ) ) ;
#4570 = EDGE_CURVE ( 'NONE', #385, #3589, #5060, .T. ) ;
#4571 = CIRCLE ( 'NONE', #5911, 0.06999999999999996500 ) ;
#4572 = EDGE_CURVE ( 'NONE', #2963, #5211, #2360, .T. ) ;
#4573 = CARTESIAN_POINT ( 'NONE',  ( 1.302641799884092000, -1.953818016293352900, 0.5733785897380910800 ) ) ;
#4574 = ORIENTED_EDGE ( 'NONE', *, *, #3179, .F. ) ;
#4575 = CARTESIAN_POINT ( 'NONE',  ( 1.370980872240426200, -1.939107745392697500, 0.2031335730073686500 ) ) ;
#4576 = ORIENTED_EDGE ( 'NONE', *, *, #3355, .T. ) ;
#4577 = TOROIDAL_SURFACE ( 'NONE', #776, 1.275000000000000100, 0.06999999999999996500 ) ;
#4578 = DIRECTION ( 'NONE',  ( 0.7071067811865482400, 0.7071067811865469100, 0.0000000000000000000 ) ) ;
#4579 = EDGE_CURVE ( 'NONE', #1885, #5035, #2798, .T. ) ;
#4580 = CARTESIAN_POINT ( 'NONE',  ( -1.450000000000000200, -1.761606575163160000, 0.1000000000000000100 ) ) ;
#4581 = ORIENTED_EDGE ( 'NONE', *, *, #3830, .F. ) ;
#4582 = ORIENTED_EDGE ( 'NONE', *, *, #3436, .F. ) ;
#4583 = LINE ( 'NONE', #3692, #3146 ) ;
#4584 = DIRECTION ( 'NONE',  ( -1.000000000000000000, -1.264769453577745100E-015, 0.0000000000000000000 ) ) ;
#4585 = CARTESIAN_POINT ( 'NONE',  ( -1.125000000000000200, -5.059610138265685700E-017, 0.7900000000000000400 ) ) ;
#4586 = CARTESIAN_POINT ( 'NONE',  ( 1.300000000000000300, 1.821168910795995200, 0.1798149574845394600 ) ) ;
#4587 = VECTOR ( 'NONE', #2636, 1000.000000000000000 ) ;
#4588 = ORIENTED_EDGE ( 'NONE', *, *, #4072, .F. ) ;
#4589 = CARTESIAN_POINT ( 'NONE',  ( -1.233975312232657300, -1.866966071477678100, 0.2315968356710818000 ) ) ;
#4590 = TOROIDAL_SURFACE ( 'NONE', #2153, 0.9750000000000000900, 0.06999999999999996500 ) ;
#4591 = CARTESIAN_POINT ( 'NONE',  ( -1.203553390593275400, 1.896446609406725200, 0.1357022603955296600 ) ) ;
#4592 = CARTESIAN_POINT ( 'NONE',  ( -1.750000000000000700, 0.0000000000000000000, 1.800000000000000000 ) ) ;
#4593 = CARTESIAN_POINT ( 'NONE',  ( -1.348261943360985300, -1.854527534188962900, 0.2011723106700855400 ) ) ;
#4594 = CARTESIAN_POINT ( 'NONE',  ( -2.023844055306274300E-016, -1.011922027653137100E-016, 0.9300000000000000500 ) ) ;
#4595 = ORIENTED_EDGE ( 'NONE', *, *, #5226, .F. ) ;
#4596 = ORIENTED_EDGE ( 'NONE', *, *, #2654, .F. ) ;
#4597 = ADVANCED_FACE ( 'NONE', ( #1993 ), #639, .F. ) ;
#4598 = AXIS2_PLACEMENT_3D ( 'NONE', #3816, #5381, #2487 ) ;
#4599 = CARTESIAN_POINT ( 'NONE',  ( 0.9050000000000001400, 1.108305353228354800E-016, 0.6500000000000000200 ) ) ;
#4600 = CARTESIAN_POINT ( 'NONE',  ( -1.446902506726196200, -1.742536923914297600, 0.7685061492741782600 ) ) ;
#4601 = DIRECTION ( 'NONE',  ( -0.0000000000000000000, -0.0000000000000000000, 1.000000000000000000 ) ) ;
#4602 = EDGE_CURVE ( 'NONE', #5198, #4993, #2483, .T. ) ;
#4603 = ORIENTED_EDGE ( 'NONE', *, *, #598, .T. ) ;
#4604 = CARTESIAN_POINT ( 'NONE',  ( -2.023844055306274300E-016, -1.011922027653137100E-016, 0.9300000000000000500 ) ) ;
#4605 = ORIENTED_EDGE ( 'NONE', *, *, #3278, .T. ) ;
#4606 = EDGE_CURVE ( 'NONE', #5817, #128, #5738, .T. ) ;
#4607 = CARTESIAN_POINT ( 'NONE',  ( -1.899999999999999900, 1.749999999999998900, 0.1000000000000000100 ) ) ;
#4608 = EDGE_LOOP ( 'NONE', ( #5334, #4992, #6287, #4126 ) ) ;
#4609 = EDGE_CURVE ( 'NONE', #705, #5624, #533, .T. ) ;
#4610 = DIRECTION ( 'NONE',  ( -1.000000000000000000, 0.0000000000000000000, 0.0000000000000000000 ) ) ;
#4611 = DIRECTION ( 'NONE',  ( -0.8320502943378226300, 0.0000000000000000000, 0.5547001962252607900 ) ) ;
#4612 = DIRECTION ( 'NONE',  ( -0.0000000000000000000, -0.0000000000000000000, -1.000000000000000000 ) ) ;
#4613 = DIRECTION ( 'NONE',  ( -0.7071067811865444600, 0.0000000000000000000, -0.7071067811865505700 ) ) ;
#4614 = CARTESIAN_POINT ( 'NONE',  ( 1.286381907016364900, -1.849215566975223700, 0.6543902509538083200 ) ) ;
#4615 = LINE ( 'NONE', #4096, #135 ) ;
#4616 = DIRECTION ( 'NONE',  ( 0.7071067811865482400, -0.7071067811865469100, 0.0000000000000000000 ) ) ;
#4617 = CARTESIAN_POINT ( 'NONE',  ( -1.463724340215214700, -1.922024905423679500, 0.6172342849693572800 ) ) ;
#4618 = DIRECTION ( 'NONE',  ( -1.000000000000000000, 0.0000000000000000000, 0.0000000000000000000 ) ) ;
#4619 = DATE_AND_TIME ( #57, #219 ) ;
#4620 = CARTESIAN_POINT ( 'NONE',  ( 1.430484139186198200, -1.886276643608636900, -0.05563669936582494500 ) ) ;
#4621 = VERTEX_POINT ( 'NONE', #6119 ) ;
#4622 = ORIENTED_EDGE ( 'NONE', *, *, #3082, .T. ) ;
#4623 = CARTESIAN_POINT ( 'NONE',  ( 1.348935829415953000, 1.795339860339765000, 0.1673761137235264500 ) ) ;
#4624 = VECTOR ( 'NONE', #3451, 1000.000000000000000 ) ;
#4625 = CARTESIAN_POINT ( 'NONE',  ( 1.355470019625613500, 1.792460257040340700, 0.1630199869215777600 ) ) ;
#4626 = VECTOR ( 'NONE', #2061, 1000.000000000000000 ) ;
#4627 = ORIENTED_EDGE ( 'NONE', *, *, #4159, .F. ) ;
#4628 = CARTESIAN_POINT ( 'NONE',  ( 1.370980872240426200, -1.939107745392697500, 0.2031335730073686500 ) ) ;
#4629 = LINE ( 'NONE', #3902, #759 ) ;
#4630 = CARTESIAN_POINT ( 'NONE',  ( 1.298577911906772200, -1.890540957026350100, 0.6842953012229181500 ) ) ;
#4631 = ORIENTED_EDGE ( 'NONE', *, *, #2429, .T. ) ;
#4632 = LINE ( 'NONE', #945, #5783 ) ;
#4633 = AXIS2_PLACEMENT_3D ( 'NONE', #485, #1509, #4901 ) ;
#4634 = DIRECTION ( 'NONE',  ( -0.0000000000000000000, -0.0000000000000000000, 1.000000000000000000 ) ) ;
#4635 = MANIFOLD_SOLID_BREP ( 'LPattern6[6]', #2101 ) ;
#4636 = DIRECTION ( 'NONE',  ( -1.000000000000000000, 0.0000000000000000000, 0.0000000000000000000 ) ) ;
#4637 = ORIENTED_EDGE ( 'NONE', *, *, #476, .F. ) ;
#4638 = ORIENTED_EDGE ( 'NONE', *, *, #5310, .F. ) ;
#4639 = CARTESIAN_POINT ( 'NONE',  ( 0.9644895860166088400, -0.1954653338108368900, 0.6217277792630870900 ) ) ;
#4640 = LINE ( 'NONE', #3814, #2701 ) ;
#4641 = CARTESIAN_POINT ( 'NONE',  ( -1.348261943360985500, -1.854527534188963300, 0.5821070071829418400 ) ) ;
#4642 = EDGE_LOOP ( 'NONE', ( #3388, #6015, #1333, #5520 ) ) ;
#4643 = AXIS2_PLACEMENT_3D ( 'NONE', #3022, #129, #3542 ) ;
#4644 = ORIENTED_EDGE ( 'NONE', *, *, #6188, .F. ) ;
#4645 = CARTESIAN_POINT ( 'NONE',  ( -1.244529980377476500, 1.859749127360403400, 0.1630199869183177300 ) ) ;
#4646 = LINE ( 'NONE', #5051, #6304 ) ;
#4647 = DIRECTION ( 'NONE',  ( 0.0000000000000000000, -1.000000000000000000, 0.0000000000000000000 ) ) ;
#4648 = DIRECTION ( 'NONE',  ( -0.0000000000000000000, -0.0000000000000000000, -1.000000000000000000 ) ) ;
#4649 = EDGE_CURVE ( 'NONE', #5772, #2672, #751, .T. ) ;
#4650 = CARTESIAN_POINT ( 'NONE',  ( 1.069841914349663400, -0.2212742241204517800, 0.7280097547080344200 ) ) ;
#4651 = ORIENTED_EDGE ( 'NONE', *, *, #1367, .F. ) ;
#4652 = CARTESIAN_POINT ( 'NONE',  ( 2.000000000000000900, -1.649999999999998600, 0.1000000000000000100 ) ) ;
#4653 = FACE_OUTER_BOUND ( 'NONE', #5959, .T. ) ;
#4654 = FACE_OUTER_BOUND ( 'NONE', #4523, .T. ) ;
#4655 = AXIS2_PLACEMENT_3D ( 'NONE', #4628, #5578, #265 ) ;
#4656 = CARTESIAN_POINT ( 'NONE',  ( -1.557106781186549300, -2.249999999999998700, 0.1000000000000000100 ) ) ;
#4657 = EDGE_CURVE ( 'NONE', #3327, #6213, #3655, .T. ) ;
#4658 = CARTESIAN_POINT ( 'NONE',  ( -1.248364605395010400, -1.856677731742027300, 0.1655764035977799800 ) ) ;
#4659 = DIRECTION ( 'NONE',  ( -1.000000000000000000, 0.0000000000000000000, 0.0000000000000000000 ) ) ;
#4660 = CARTESIAN_POINT ( 'NONE',  ( -1.376880059045143100, -1.818453869530699500, 0.2353983609530473600 ) ) ;
#4661 = ADVANCED_FACE ( 'NONE', ( #3352 ), #1919, .T. ) ;
#4662 = CARTESIAN_POINT ( 'NONE',  ( 1.297130622040681700, -1.913298046722719400, 0.5602808843468618500 ) ) ;
#4663 = DIRECTION ( 'NONE',  ( -1.000000000000000000, 0.0000000000000000000, -0.0000000000000000000 ) ) ;
#4664 = CARTESIAN_POINT ( 'NONE',  ( 0.9605436051327134200, -0.1939508939032133200, 0.6637055794273421000 ) ) ;
#4665 = AXIS2_PLACEMENT_3D ( 'NONE', #1517, #1948, #5382 ) ;
#4666 = CARTESIAN_POINT ( 'NONE',  ( -1.501306064224187100, -2.104585041657701400, 0.6936851616178312300 ) ) ;
#4667 = DIRECTION ( 'NONE',  ( -0.0000000000000000000, -0.0000000000000000000, -1.000000000000000000 ) ) ;
#4668 = CARTESIAN_POINT ( 'NONE',  ( 1.250417871648259900, -1.629244618251790800, 0.6928390878359053100 ) ) ;
#4669 = DIRECTION ( 'NONE',  ( 0.0000000000000000000, 0.0000000000000000000, -1.000000000000000000 ) ) ;
#4670 = FACE_OUTER_BOUND ( 'NONE', #3839, .T. ) ;
#4671 = DIRECTION ( 'NONE',  ( 0.0000000000000000000, 0.0000000000000000000, -1.000000000000000000 ) ) ;
#4672 = CARTESIAN_POINT ( 'NONE',  ( 1.900000000000000800, -1.749999999999998900, -2.699999999999999700 ) ) ;
#4673 = ORIENTED_EDGE ( 'NONE', *, *, #4033, .F. ) ;
#4674 = DIRECTION ( 'NONE',  ( -0.0000000000000000000, -0.0000000000000000000, -1.000000000000000000 ) ) ;
#4675 = AXIS2_PLACEMENT_3D ( 'NONE', #6068, #1206, #787 ) ;
#4676 = CARTESIAN_POINT ( 'NONE',  ( 1.344999999999999500, -3.766941104530842300E-017, 1.210000000000000200 ) ) ;
#4677 = ORIENTED_EDGE ( 'NONE', *, *, #5223, .F. ) ;
#4678 = ORIENTED_EDGE ( 'NONE', *, *, #2770, .F. ) ;
#4679 = CARTESIAN_POINT ( 'NONE',  ( -1.341959090447943300, -0.4043621318664536400, 1.063540507220092700 ) ) ;
#4680 = CARTESIAN_POINT ( 'NONE',  ( 1.108644545272377200, -0.3337978459831024700, 0.7274292651984252100 ) ) ;
#4681 = AXIS2_PLACEMENT_3D ( 'NONE', #2122, #2162, #6035 ) ;
#4682 = B_SPLINE_CURVE_WITH_KNOTS ( 'NONE', 3,
 ( #916, #5768, #4318, #2928 ),
 .UNSPECIFIED., .F., .F.,
 ( 4, 4 ),
 ( 0.0000000000000000000, 1.000000000000000000 ),
 .UNSPECIFIED. ) ;
#4683 = CARTESIAN_POINT ( 'NONE',  ( 1.263224983734475800, -1.708007124177230100, 0.6698440388803761400 ) ) ;
#4684 = CARTESIAN_POINT ( 'NONE',  ( 1.096629524347187100, -0.1603860383641467200, 0.6759539696968127600 ) ) ;
#4685 = CARTESIAN_POINT ( 'NONE',  ( -1.457582277139964200, -1.856489450896625400, 0.7002271286508383600 ) ) ;
#4686 = CARTESIAN_POINT ( 'NONE',  ( 1.439129347732674100, -1.923114456547607900, 0.5602808843468616300 ) ) ;
#4687 = CARTESIAN_POINT ( 'NONE',  ( 1.557106781186549300, 2.249999999999998700, -2.699999999999999700 ) ) ;
#4688 = EDGE_CURVE ( 'NONE', #6213, #3375, #5486, .T. ) ;
#4689 = CARTESIAN_POINT ( 'NONE',  ( 1.248055898357760300, -1.616827997682748900, 0.6799088133497944700 ) ) ;
#4690 = CARTESIAN_POINT ( 'NONE',  ( 1.370980872240426200, -1.939107745392697500, 0.5602808843468616300 ) ) ;
#4691 = VERTEX_POINT ( 'NONE', #1745 ) ;
#4692 = AXIS2_PLACEMENT_3D ( 'NONE', #1927, #4809, #3340 ) ;
#4693 = CARTESIAN_POINT ( 'NONE',  ( -1.567149750153709700, -1.997996953930663900, 0.1003316097959663200 ) ) ;
#4694 = EDGE_CURVE ( 'NONE', #1850, #4461, #549, .T. ) ;
#4695 = CARTESIAN_POINT ( 'NONE',  ( -1.899999999999999900, 1.749999999999998900, 0.0000000000000000000 ) ) ;
#4696 = DIRECTION ( 'NONE',  ( 0.0000000000000000000, -1.000000000000000000, 0.0000000000000000000 ) ) ;
#4697 = EDGE_CURVE ( 'NONE', #5181, #807, #765, .T. ) ;
#4698 = CARTESIAN_POINT ( 'NONE',  ( -1.372616850124901200, -2.006840104277551400, -0.02474555439098327300 ) ) ;
#4699 = CARTESIAN_POINT ( 'NONE',  ( -1.252363705399977900, -1.853567974124100000, 0.1678593070617050700 ) ) ;
#4700 = CARTESIAN_POINT ( 'NONE',  ( -1.275000000000000400, -1.517883041479705700E-016, 1.070000000000000100 ) ) ;
#4701 = CARTESIAN_POINT ( 'NONE',  ( -1.446902506726196200, -1.742536923914297600, 0.7685061492741782600 ) ) ;
#4702 = FACE_OUTER_BOUND ( 'NONE', #2107, .T. ) ;
#4703 = EDGE_CURVE ( 'NONE', #4621, #3094, #2226, .T. ) ;
#4704 = CARTESIAN_POINT ( 'NONE',  ( -1.557106781186549300, 2.249999999999998700, 0.1000000000000000100 ) ) ;
#4705 = CARTESIAN_POINT ( 'NONE',  ( -2.000000000000000000, -1.649999999999998600, 0.1000000000000000100 ) ) ;
#4706 = LINE ( 'NONE', #2761, #3184 ) ;
#4707 = CARTESIAN_POINT ( 'NONE',  ( 1.299359624508204600, -1.940095398275226300, 0.5730948019558472800 ) ) ;
#4708 = CARTESIAN_POINT ( 'NONE',  ( 1.557106781186549300, 2.249999999999998700, 0.1000000000000000100 ) ) ;
#4709 = CARTESIAN_POINT ( 'NONE',  ( 1.092702632253120600, -0.1596882989499751300, 0.7039556246156111200 ) ) ;
#4710 = ORIENTED_EDGE ( 'NONE', *, *, #371, .T. ) ;
#4711 = CARTESIAN_POINT ( 'NONE',  ( 2.244512266936270800E-016, 1.832783353125968500, 1.319999999999999600 ) ) ;
#4712 = CARTESIAN_POINT ( 'NONE',  ( -2.023844055306274300E-016, -1.011922027653137100E-016, 0.9300000000000000500 ) ) ;
#4713 = VECTOR ( 'NONE', #4356, 1000.000000000000000 ) ;
#4714 = DIRECTION ( 'NONE',  ( 1.000000000000000000, -6.323847267888725300E-016, 0.0000000000000000000 ) ) ;
#4715 = CARTESIAN_POINT ( 'NONE',  ( 1.295297073742701000, -1.911711386567973300, 0.6104768837220759800 ) ) ;
#4716 = FACE_OUTER_BOUND ( 'NONE', #5955, .T. ) ;
#4717 = DIRECTION ( 'NONE',  ( 0.0000000000000000000, 0.0000000000000000000, -1.000000000000000000 ) ) ;
#4718 = CIRCLE ( 'NONE', #4756, 0.06999999999999981200 ) ;
#4719 = VERTEX_POINT ( 'NONE', #5165 ) ;
#4720 = DIRECTION ( 'NONE',  ( -0.0000000000000000000, -0.0000000000000000000, -1.000000000000000000 ) ) ;
#4721 = ORIENTED_EDGE ( 'NONE', *, *, #1658, .T. ) ;
#4722 = LINE ( 'NONE', #5902, #2598 ) ;
#4723 = VECTOR ( 'NONE', #5485, 1000.000000000000000 ) ;
#4724 = CARTESIAN_POINT ( 'NONE',  ( 1.434801758482618000, -1.893673962794263600, 0.6149769303916115000 ) ) ;
#4725 = ORIENTED_EDGE ( 'NONE', *, *, #3270, .F. ) ;
#4726 =( BOUNDED_CURVE ( )  B_SPLINE_CURVE ( 3, ( #3469, #1050, #3998, #4463 ),
 .UNSPECIFIED., .F., .T. ) 
 B_SPLINE_CURVE_WITH_KNOTS ( ( 4, 4 ),
 ( 4.297297631972982800, 4.496502348886949100 ),
 .UNSPECIFIED. ) 
 CURVE ( )  GEOMETRIC_REPRESENTATION_ITEM ( )  RATIONAL_B_SPLINE_CURVE ( ( 1.000000000000000000, 0.9966958563509266100, 0.9966958563509266100, 1.000000000000000000 ) ) 
 REPRESENTATION_ITEM ( '' )  );
#4727 = CONICAL_SURFACE ( 'NONE', #3563, 0.09999999999999939500, 0.7853981633974439500 ) ;
#4728 = CARTESIAN_POINT ( 'NONE',  ( 1.104966188473083000, -0.4070164414387853500, 0.7432613112919870300 ) ) ;
#4729 = ORIENTED_EDGE ( 'NONE', *, *, #942, .T. ) ;
#4730 = EDGE_CURVE ( 'NONE', #4184, #4139, #1544, .T. ) ;
#4731 = ADVANCED_FACE ( 'NONE', ( #2551 ), #5327, .T. ) ;
#4732 = ORIENTED_EDGE ( 'NONE', *, *, #4376, .T. ) ;
#4733 = CARTESIAN_POINT ( 'NONE',  ( 1.296322279235521300, -1.909757273382913300, 0.5743079734104756800 ) ) ;
#4734 = DIRECTION ( 'NONE',  ( -0.6309146462307444500, 0.02564182491039819100, -0.7754284015863740500 ) ) ;
#4735 = EDGE_LOOP ( 'NONE', ( #3872, #4828, #175, #3783, #1211, #2197, #3794, #3652 ) ) ;
#4736 = CARTESIAN_POINT ( 'NONE',  ( 1.850000000000000100, 1.208578643762690000, 1.800000000000000000 ) ) ;
#4737 = CARTESIAN_POINT ( 'NONE',  ( 0.9605436051327134200, -0.1939508939032133200, 0.6637055794273421000 ) ) ;
#4738 = ORIENTED_EDGE ( 'NONE', *, *, #6272, .T. ) ;
#4739 = LINE ( 'NONE', #6264, #1719 ) ;
#4740 = EDGE_CURVE ( 'NONE', #4500, #2150, #4335, .T. ) ;
#4741 = CARTESIAN_POINT ( 'NONE',  ( 1.409597636532388800, -1.797277856179154500, 0.2204502453053451800 ) ) ;
#4742 = DIRECTION ( 'NONE',  ( -1.000000000000000000, 0.0000000000000000000, 0.0000000000000000000 ) ) ;
#4743 = CARTESIAN_POINT ( 'NONE',  ( 1.110285042102435100, 1.989714957897565700, 0.07352336140166448900 ) ) ;
#4744 = VERTEX_POINT ( 'NONE', #4676 ) ;
#4745 = CARTESIAN_POINT ( 'NONE',  ( 1.438164922592548400, -1.916505029136021100, 0.5873564011581969800 ) ) ;
#4746 = LINE ( 'NONE', #5616, #1404 ) ;
#4747 = EDGE_CURVE ( 'NONE', #4280, #953, #1224, .T. ) ;
#4748 = DIRECTION ( 'NONE',  ( -0.0000000000000000000, -0.0000000000000000000, 1.000000000000000000 ) ) ;
#4749 = VERTEX_POINT ( 'NONE', #4591 ) ;
#4750 = TOROIDAL_SURFACE ( 'NONE', #633, 0.9750000000000000900, 0.06999999999999996500 ) ;
#4751 = CARTESIAN_POINT ( 'NONE',  ( 1.302832396748178100, -1.955101034237787000, 0.5602808843468616300 ) ) ;
#4752 = CARTESIAN_POINT ( 'NONE',  ( 1.431868466829395700, -1.861752052820678600, 0.6355319577641712600 ) ) ;
#4753 = CARTESIAN_POINT ( 'NONE',  ( 3.956305664607649300, -1.978152832303824900, 0.6000000000000002000 ) ) ;
#4754 = CIRCLE ( 'NONE', #2211, 1.205000000000000100 ) ;
#4755 = ORIENTED_EDGE ( 'NONE', *, *, #1315, .F. ) ;
#4757 = ORIENTED_EDGE ( 'NONE', *, *, #2981, .T. ) ;
#4756 = AXIS2_PLACEMENT_3D ( 'NONE', #4575, #1716, #1687 ) ;
#4758 = CARTESIAN_POINT ( 'NONE',  ( 1.298620019754372000, -1.934705881437414700, 0.5865555561163234800 ) ) ;
#4759 = PLANE ( 'NONE',  #6048 ) ;
#4760 = TOROIDAL_SURFACE ( 'NONE', #2275, 1.125000000000000200, 0.06999999999999996500 ) ;
#4761 = CARTESIAN_POINT ( 'NONE',  ( 1.273050585696832800, -1.828198741644449400, 0.07195111063651593600 ) ) ;
#4762 = DIRECTION ( 'NONE',  ( -0.5553795402051547900, 0.8315969975423858100, 0.0000000000000000000 ) ) ;
#4763 = ORIENTED_EDGE ( 'NONE', *, *, #4815, .T. ) ;
#4764 = AXIS2_PLACEMENT_3D ( 'NONE', #3309, #5681, #4734 ) ;
#4765 = FACE_OUTER_BOUND ( 'NONE', #1915, .T. ) ;
#4766 = CARTESIAN_POINT ( 'NONE',  ( -1.464685523016919300, -1.932280669817684200, 0.2114833302046589300 ) ) ;
#4767 = DIRECTION ( 'NONE',  ( -1.224646799147353200E-016, 1.000000000000000000, 0.0000000000000000000 ) ) ;
#4768 = ORIENTED_EDGE ( 'NONE', *, *, #2036, .F. ) ;
#4769 = ORIENTED_EDGE ( 'NONE', *, *, #3762, .F. ) ;
#4770 = ADVANCED_FACE ( 'NONE', ( #2838 ), #6052, .F. ) ;
#4771 = CARTESIAN_POINT ( 'NONE',  ( 1.301391825503288600, -1.940033405005683300, 0.6233856148594836300 ) ) ;
#4772 = CARTESIAN_POINT ( 'NONE',  ( -1.203553390593275400, 1.896446609406725200, 0.1357022603955296600 ) ) ;
#4773 = CARTESIAN_POINT ( 'NONE',  ( 1.273822341954230500, -0.9915760635389756500, 0.7447279488568231400 ) ) ;
#4774 = CARTESIAN_POINT ( 'NONE',  ( 1.058578643762690700, -1.900000000000000600, 1.800000000000000000 ) ) ;
#4775 = DIRECTION ( 'NONE',  ( -0.0000000000000000000, -0.0000000000000000000, -1.000000000000000000 ) ) ;
#4776 = CARTESIAN_POINT ( 'NONE',  ( 1.353054150310435900, -1.856655219074657500, 0.5527252960330024700 ) ) ;
#4777 = DIRECTION ( 'NONE',  ( -0.0000000000000000000, -0.0000000000000000000, 1.000000000000000000 ) ) ;
#4778 = AXIS2_PLACEMENT_3D ( 'NONE', #4312, #491, #5845 ) ;
#4779 = CARTESIAN_POINT ( 'NONE',  ( -1.129289321881345600, -1.970710678118655000, 0.08619288125426499700 ) ) ;
#4780 = EDGE_CURVE ( 'NONE', #2856, #5055, #332, .T. ) ;
#4781 = CARTESIAN_POINT ( 'NONE',  ( -1.375854020117678100, -1.930498717294072200, 0.7873447738827070700 ) ) ;
#4782 = TOROIDAL_SURFACE ( 'NONE', #2089, 0.9750000000000000900, 0.06999999999999996500 ) ;
#4783 = CARTESIAN_POINT ( 'NONE',  ( 1.058578643762691600, 1.999999999999999600, 0.03905242917518467900 ) ) ;
#4784 = CARTESIAN_POINT ( 'NONE',  ( -0.9050000000000004700, -1.517883041479705700E-016, 1.070000000000000100 ) ) ;
#4785 = ORIENTED_EDGE ( 'NONE', *, *, #2607, .T. ) ;
#4786 = CARTESIAN_POINT ( 'NONE',  ( -1.300000000000000000, -1.821168910795995200, 0.1798149574845336900 ) ) ;
#4787 = DIRECTION ( 'NONE',  ( -1.000000000000000000, 0.0000000000000000000, 0.0000000000000000000 ) ) ;
#4788 = DIRECTION ( 'NONE',  ( 0.7071067811865469100, -0.7071067811865482400, 0.0000000000000000000 ) ) ;
#4789 = TOROIDAL_SURFACE ( 'NONE', #4675, 1.125000000000000200, 0.06999999999999996500 ) ;
#4790 = COORDINATED_UNIVERSAL_TIME_OFFSET ( 8, 0, .AHEAD. ) ;
#4791 = AXIS2_PLACEMENT_3D ( 'NONE', #58, #1038, #972 ) ;
#4792 = ORIENTED_EDGE ( 'NONE', *, *, #5274, .F. ) ;
#4793 = DIRECTION ( 'NONE',  ( 1.000000000000000000, -0.0000000000000000000, 0.0000000000000000000 ) ) ;
#4794 = FACE_OUTER_BOUND ( 'NONE', #5205, .T. ) ;
#4795 = VERTEX_POINT ( 'NONE', #346 ) ;
#4796 = CARTESIAN_POINT ( 'NONE',  ( 1.353226320789421700, -1.855876373179306900, 0.5524863294308871600 ) ) ;
#4797 = CARTESIAN_POINT ( 'NONE',  ( -1.285455151082096600, 1.829889312330007300, 0.1798149574845336900 ) ) ;
#4798 = VERTEX_POINT ( 'NONE', #6207 ) ;
#4799 = CARTESIAN_POINT ( 'NONE',  ( 1.295289679315916300, -1.898101245887083600, 0.5856426358504909200 ) ) ;
#4800 = ORIENTED_EDGE ( 'NONE', *, *, #6231, .T. ) ;
#4801 = ORIENTED_EDGE ( 'NONE', *, *, #3953, .T. ) ;
#4802 = ADVANCED_FACE ( 'NONE', ( #3654 ), #326, .F. ) ;
#4803 = LINE ( 'NONE', #3403, #2077 ) ;
#4804 = AXIS2_PLACEMENT_3D ( 'NONE', #1942, #5781, #472 ) ;
#4805 = CARTESIAN_POINT ( 'NONE',  ( 1.407142770042495200, -1.786817505563111900, 0.1776970720831376700 ) ) ;
#4806 = DIRECTION ( 'NONE',  ( -0.5553795402051511200, 0.8315969975423881400, 6.195440985631449400E-015 ) ) ;
#4807 = ORIENTED_EDGE ( 'NONE', *, *, #43, .T. ) ;
#4808 = FACE_OUTER_BOUND ( 'NONE', #4193, .T. ) ;
#4809 = DIRECTION ( 'NONE',  ( -0.0000000000000000000, 1.000000000000000000, -0.0000000000000000000 ) ) ;
#4810 = AXIS2_PLACEMENT_3D ( 'NONE', #1150, #5581, #246 ) ;
#4811 = CLOSED_SHELL ( 'NONE', ( #3429, #4857, #411, #2350 ) ) ;
#4812 = VECTOR ( 'NONE', #178, 1000.000000000000000 ) ;
#4813 = DIRECTION ( 'NONE',  ( 0.0000000000000000000, -0.0000000000000000000, 1.000000000000000000 ) ) ;
#4814 = CARTESIAN_POINT ( 'NONE',  ( 1.252779844938759700, -1.641661238820832900, 0.7057693623220162600 ) ) ;
#4815 = EDGE_CURVE ( 'NONE', #4378, #4954, #911, .T. ) ;
#4816 = EDGE_LOOP ( 'NONE', ( #5224, #1344, #4763, #82 ) ) ;
#4817 = DIRECTION ( 'NONE',  ( -1.224646799147353200E-016, 1.000000000000000000, 0.0000000000000000000 ) ) ;
#4818 = CARTESIAN_POINT ( 'NONE',  ( 1.264998994524942500, -0.9506185279076802000, 0.6595467461410047200 ) ) ;
#4819 = CARTESIAN_POINT ( 'NONE',  ( -1.464685523016919600, -1.932280669817684400, 0.5897697142106247400 ) ) ;
#4820 = ORIENTED_EDGE ( 'NONE', *, *, #5888, .T. ) ;
#4821 = CARTESIAN_POINT ( 'NONE',  ( 0.9000000000000000200, 0.0000000000000000000, 0.6000000000000000900 ) ) ;
#4822 = CARTESIAN_POINT ( 'NONE',  ( 1.280772024748520800, -1.401056384913970100, 0.6202044208735358900 ) ) ;
#4823 = DIRECTION ( 'NONE',  ( 0.0000000000000000000, -1.000000000000000000, 0.0000000000000000000 ) ) ;
#4824 = EDGE_CURVE ( 'NONE', #278, #4414, #374, .T. ) ;
#4825 = CARTESIAN_POINT ( 'NONE',  ( 1.064963563717707700, -0.6371527025186237700, 0.7036489680162902900 ) ) ;
#4826 = CARTESIAN_POINT ( 'NONE',  ( -1.464685523014831500, -1.932280669816289500, 0.5425692145625750100 ) ) ;
#4827 = CARTESIAN_POINT ( 'NONE',  ( 1.350000000000001400, 1.749999999999998700, -2.699999999999999700 ) ) ;
#4828 = ORIENTED_EDGE ( 'NONE', *, *, #2199, .T. ) ;
#4829 = EDGE_CURVE ( 'NONE', #1995, #2660, #238, .T. ) ;
#4831 = VERTEX_POINT ( 'NONE', #4766 ) ;
#4830 = CARTESIAN_POINT ( 'NONE',  ( 0.0000000000000000000, -1.978152832303824700, 0.6000000000000003100 ) ) ;
#4832 = CARTESIAN_POINT ( 'NONE',  ( 0.9750000000000000900, 1.194030629168669600E-016, 0.6500000000000000200 ) ) ;
#4833 = CARTESIAN_POINT ( 'NONE',  ( -1.464685523016919600, -1.932280669817684400, 0.5897697142106247400 ) ) ;
#4834 = CIRCLE ( 'NONE', #2264, 1.044999999999999900 ) ;
#4835 = ADVANCED_FACE ( 'NONE', ( #616 ), #1617, .T. ) ;
#4836 = ORIENTED_EDGE ( 'NONE', *, *, #1318, .F. ) ;
#4837 = ORIENTED_EDGE ( 'NONE', *, *, #957, .T. ) ;
#4838 = CARTESIAN_POINT ( 'NONE',  ( 1.444791888100032100, -1.964922772508364700, 0.5618853590300231200 ) ) ;
#4839 = CARTESIAN_POINT ( 'NONE',  ( 1.282277492783613400, -1.806600412919151500, 0.6227597077815831800 ) ) ;
#4840 = ORIENTED_EDGE ( 'NONE', *, *, #5482, .T. ) ;
#4841 = DIRECTION ( 'NONE',  ( -0.0000000000000000000, -0.0000000000000000000, 1.000000000000000000 ) ) ;
#4842 = DIRECTION ( 'NONE',  ( -0.2283446744697818800, 0.9729919594785214600, -0.03384311497833278300 ) ) ;
#4843 = ORIENTED_EDGE ( 'NONE', *, *, #5598, .F. ) ;
#4844 = DIRECTION ( 'NONE',  ( 2.628368902995165000E-016, -1.000000000000000000, 0.0000000000000000000 ) ) ;
#4845 = CARTESIAN_POINT ( 'NONE',  ( 1.750000000000000000, 1.208578643762690000, 1.320000000000000100 ) ) ;
#4846 = DATE_TIME_ROLE ( 'classification_date' ) ;
#4847 = DIRECTION ( 'NONE',  ( 0.0000000000000000000, 0.0000000000000000000, -1.000000000000000000 ) ) ;
#4848 = CARTESIAN_POINT ( 'NONE',  ( 1.302802032159012800, -1.954895436786072500, 0.5655734472823263900 ) ) ;
#4849 = LOCAL_TIME ( 13, 48, 54.00000000000000000, #3854 ) ;
#4850 = AXIS2_PLACEMENT_3D ( 'NONE', #4539, #2262, #2109 ) ;
#4851 = CARTESIAN_POINT ( 'NONE',  ( 0.9643750532776352900, -0.1905651308501266300, 0.7055846507358265500 ) ) ;
#4852 = LINE ( 'NONE', #10, #1969 ) ;
#4853 = EDGE_CURVE ( 'NONE', #2825, #1494, #5254, .T. ) ;
#4854 = CARTESIAN_POINT ( 'NONE',  ( 1.441076447032452900, -1.922657505437748400, 0.5602808843468616300 ) ) ;
#4855 = TOROIDAL_SURFACE ( 'NONE', #5208, 1.125000000000000200, 0.06999999999999996500 ) ;
#4856 = CARTESIAN_POINT ( 'NONE',  ( -1.899999999999999900, -1.649999999999998600, 0.0000000000000000000 ) ) ;
#4857 = ADVANCED_FACE ( 'NONE', ( #3803 ), #4424, .T. ) ;
#4858 = AXIS2_PLACEMENT_3D ( 'NONE', #4253, #5158, #5365 ) ;
#4859 = ORIENTED_EDGE ( 'NONE', *, *, #2697, .F. ) ;
#4860 = CARTESIAN_POINT ( 'NONE',  ( 1.058578643762691600, 1.999999999999999600, -0.02000000000000000000 ) ) ;
#4861 = CARTESIAN_POINT ( 'NONE',  ( -2.000000000000000000, 1.649999999999998800, -0.02000000000000000000 ) ) ;
#4862 = VECTOR ( 'NONE', #5356, 1000.000000000000000 ) ;
#4863 = EDGE_CURVE ( 'NONE', #128, #3346, #6224, .T. ) ;
#4864 = CARTESIAN_POINT ( 'NONE',  ( -1.058578643762690700, -2.000000000000000400, 0.03905242917518359600 ) ) ;
#4865 = CLOSED_SHELL ( 'NONE', ( #1096, #1596, #1937, #2384, #6162, #826, #3860, #5649 ) ) ;
#4866 = FACE_OUTER_BOUND ( 'NONE', #1616, .T. ) ;
#4867 = VECTOR ( 'NONE', #5422, 1000.000000000000100 ) ;
#4868 = DIRECTION ( 'NONE',  ( -1.000000000000000000, 0.0000000000000000000, 0.0000000000000000000 ) ) ;
#4869 = CARTESIAN_POINT ( 'NONE',  ( 1.129289321881346200, 1.970710678118653900, -0.02000000000000000000 ) ) ;
#4870 = VECTOR ( 'NONE', #6168, 999.9999999999998900 ) ;
#4871 = AXIS2_PLACEMENT_3D ( 'NONE', #3630, #731, #3165 ) ;
#4872 = ORIENTED_EDGE ( 'NONE', *, *, #2749, .F. ) ;
#4873 = AXIS2_PLACEMENT_3D ( 'NONE', #3970, #3481, #519 ) ;
#4874 = CARTESIAN_POINT ( 'NONE',  ( 1.028481576395891700, -0.1726766134196957800, 0.7466985734120882300 ) ) ;
#4875 = CARTESIAN_POINT ( 'NONE',  ( -2.000000000000000000, 1.649999999999998800, 0.0000000000000000000 ) ) ;
#4876 = CARTESIAN_POINT ( 'NONE',  ( 1.137880793344360000, -0.6384443403049598900, 0.7740123293093721400 ) ) ;
#4877 = VERTEX_POINT ( 'NONE', #5737 ) ;
#4878 = CARTESIAN_POINT ( 'NONE',  ( -1.058578643762690700, -2.000000000000000400, 1.800000000000000000 ) ) ;
#4879 = ORIENTED_EDGE ( 'NONE', *, *, #1785, .T. ) ;
#4880 = CARTESIAN_POINT ( 'NONE',  ( 1.129289321881345300, -1.970710678118655000, 0.08619288125426544100 ) ) ;
#4881 = LINE ( 'NONE', #4300, #1089 ) ;
#4882 = ORIENTED_EDGE ( 'NONE', *, *, #5885, .F. ) ;
#4883 = VECTOR ( 'NONE', #5610, 1000.000000000000000 ) ;
#4884 =( BOUNDED_CURVE ( )  B_SPLINE_CURVE ( 3, ( #5777, #507, #4347, #3378 ),
 .UNSPECIFIED., .F., .T. ) 
 B_SPLINE_CURVE_WITH_KNOTS ( ( 4, 4 ),
 ( 4.712388980384689700, 5.497787143782139700 ),
 .UNSPECIFIED. ) 
 CURVE ( )  GEOMETRIC_REPRESENTATION_ITEM ( )  RATIONAL_B_SPLINE_CURVE ( ( 1.000000000000000000, 0.9492530216741910100, 0.9492530216741910100, 1.000000000000000000 ) ) 
 REPRESENTATION_ITEM ( '' )  );
#4885 = CARTESIAN_POINT ( 'NONE',  ( -1.203553390593274900, 1.896446609406725600, -0.02000000000000000000 ) ) ;
#4886 = CARTESIAN_POINT ( 'NONE',  ( -0.9050000000000005800, -2.023844055306274300E-016, 1.210000000000000200 ) ) ;
#4887 = AXIS2_PLACEMENT_3D ( 'NONE', #1929, #2882, #3324 ) ;
#4888 = ADVANCED_FACE ( 'NONE', ( #1846 ), #159, .T. ) ;
#4889 = ORIENTED_EDGE ( 'NONE', *, *, #136, .F. ) ;
#4890 = CARTESIAN_POINT ( 'NONE',  ( 1.060137257612835600, -0.2276443161796503100, 0.7330126222552729700 ) ) ;
#4891 = CARTESIAN_POINT ( 'NONE',  ( -1.058578643762690700, -1.900000000000001000, 1.800000000000000000 ) ) ;
#4892 = CARTESIAN_POINT ( 'NONE',  ( -1.347206839080302900, -1.774290060675614500, -0.04648606503401563800 ) ) ;
#4893 = CARTESIAN_POINT ( 'NONE',  ( 1.302830242661224800, -1.955086403793034200, 0.5619304884552794900 ) ) ;
#4894 = CARTESIAN_POINT ( 'NONE',  ( -1.240573555799122700, -1.651543722911034800, 0.8202365210949423800 ) ) ;
#4895 = CARTESIAN_POINT ( 'NONE',  ( -1.058578643762690700, -1.900000000000000400, -2.699999999999999700 ) ) ;
#4896 = AXIS2_PLACEMENT_3D ( 'NONE', #5247, #2847, #2346 ) ;
#4897 = ORIENTED_EDGE ( 'NONE', *, *, #1269, .F. ) ;
#4898 = VECTOR ( 'NONE', #1662, 999.9999999999998900 ) ;
#4899 = CARTESIAN_POINT ( 'NONE',  ( 1.434770937030967800, -1.905986285361771700, 0.6607828043221740700 ) ) ;
#4900 = EDGE_CURVE ( 'NONE', #2901, #1154, #5178, .T. ) ;
#4901 = DIRECTION ( 'NONE',  ( 1.000000000000000000, 0.0000000000000000000, 0.0000000000000000000 ) ) ;
#4902 = EDGE_CURVE ( 'NONE', #5788, #845, #1459, .T. ) ;
#4903 = EDGE_LOOP ( 'NONE', ( #5182, #2586, #3448, #2058 ) ) ;
#4904 = ORIENTED_EDGE ( 'NONE', *, *, #3706, .T. ) ;
#4905 = CARTESIAN_POINT ( 'NONE',  ( -1.230204462991023800, 1.871223347428906800, 0.1534696419940203800 ) ) ;
#4906 = EDGE_CURVE ( 'NONE', #3428, #1764, #5567, .T. ) ;
#4907 = CARTESIAN_POINT ( 'NONE',  ( -1.333577262677622300, 1.802608175322401900, 0.1745569797625530500 ) ) ;
#4909 = ORIENTED_EDGE ( 'NONE', *, *, #1195, .T. ) ;
#4908 = AXIS2_PLACEMENT_3D ( 'NONE', #958, #2440, #1480 ) ;
#4910 = MANIFOLD_SOLID_BREP ( 'Boss-Extrude6', #709 ) ;
#4911 = CARTESIAN_POINT ( 'NONE',  ( -1.129289321881346200, 1.970710678118654300, 1.699999999999999700 ) ) ;
#4912 = CARTESIAN_POINT ( 'NONE',  ( -1.463356755343177900, -1.928679116198273500, 0.1728249662123543800 ) ) ;
#4913 = CARTESIAN_POINT ( 'NONE',  ( 1.389395245552792300, -2.015844219521625300, 0.5962724781805317500 ) ) ;
#4914 = ORIENTED_EDGE ( 'NONE', *, *, #4153, .T. ) ;
#4915 = CARTESIAN_POINT ( 'NONE',  ( 1.444742883487223100, -1.964503453462037400, 0.5683434176369730500 ) ) ;
#4916 = ADVANCED_FACE ( 'NONE', ( #5632 ), #2624, .T. ) ;
#4917 = ORIENTED_EDGE ( 'NONE', *, *, #583, .F. ) ;
#4918 = CARTESIAN_POINT ( 'NONE',  ( 1.138431570450409100, -1.009325346590815000, 0.7179735442956829400 ) ) ;
#4919 = DIRECTION ( 'NONE',  ( -0.0000000000000000000, -0.0000000000000000000, -1.000000000000000000 ) ) ;
#4920 = CIRCLE ( 'NONE', #4075, 0.1000000000000000500 ) ;
#4921 = CARTESIAN_POINT ( 'NONE',  ( 1.092817164992094100, -0.1645885019106851900, 0.6200987531428716600 ) ) ;
#4922 = EDGE_CURVE ( 'NONE', #286, #3446, #2763, .T. ) ;
#4923 = CIRCLE ( 'NONE', #5779, 1.055000000000000200 ) ;
#4924 = CARTESIAN_POINT ( 'NONE',  ( 1.557106781186549300, -2.249999999999998700, 0.1000000000000000100 ) ) ;
#4925 = CARTESIAN_POINT ( 'NONE',  ( 1.440980872240426000, -1.939107745392697500, 0.5602808843468616300 ) ) ;
#4926 = ORIENTED_EDGE ( 'NONE', *, *, #5399, .T. ) ;
#4927 = CARTESIAN_POINT ( 'NONE',  ( -0.9999999999998878700, 1.999999999999999600, -0.02000000000000000000 ) ) ;
#4928 = CARTESIAN_POINT ( 'NONE',  ( 1.058578643762691400, 1.899999999999999500, -0.02000000000000000000 ) ) ;
#4929 = CYLINDRICAL_SURFACE ( 'NONE', #641, 0.1000000000000000500 ) ;
#4930 = LOCAL_TIME ( 13, 48, 54.00000000000000000, #5542 ) ;
#4931 = B_SPLINE_CURVE_WITH_KNOTS ( 'NONE', 3,
 ( #2961, #35, #3450, #2018, #15, #1572, #4486, #3426 ),
 .UNSPECIFIED., .F., .F.,
 ( 4, 2, 2, 4 ),
 ( 0.8705642070561329100, 0.9029231552920997700, 0.9352821035280665100, 1.000000000000000000 ),
 .UNSPECIFIED. ) ;
#4932 = VERTEX_POINT ( 'NONE', #4355 ) ;
#4933 = EDGE_CURVE ( 'NONE', #2159, #926, #5945, .T. ) ;
#4934 = CARTESIAN_POINT ( 'NONE',  ( 1.092702632253120600, -0.1596882989499751300, 0.7039556246156111200 ) ) ;
#4935 = CARTESIAN_POINT ( 'NONE',  ( -1.055000000000000400, -1.517883041479705700E-016, 1.070000000000000100 ) ) ;
#4936 = ORIENTED_EDGE ( 'NONE', *, *, #4035, .T. ) ;
#4937 = FACE_OUTER_BOUND ( 'NONE', #5688, .T. ) ;
#4938 = AXIS2_PLACEMENT_3D ( 'NONE', #312, #5502, #5969 ) ;
#4939 = CARTESIAN_POINT ( 'NONE',  ( 1.394648388736923200, -1.733578109561390200, 0.06977255347966872200 ) ) ;
#4940 = CARTESIAN_POINT ( 'NONE',  ( -1.355470019625603500, -1.792460257040345200, 0.1630199869215774900 ) ) ;
#4941 = EDGE_CURVE ( 'NONE', #3132, #6154, #4944, .T. ) ;
#4942 = CARTESIAN_POINT ( 'NONE',  ( -1.355470019622523300, 1.792460257042108400, 0.1630199869183177900 ) ) ;
#4943 = EDGE_LOOP ( 'NONE', ( #2416, #2511, #2996, #4836 ) ) ;
#4944 = LINE ( 'NONE', #451, #3878 ) ;
#4945 = ORIENTED_EDGE ( 'NONE', *, *, #2850, .F. ) ;
#4946 = DIRECTION ( 'NONE',  ( 0.0000000000000000000, 0.0000000000000000000, -1.000000000000000000 ) ) ;
#4947 = CARTESIAN_POINT ( 'NONE',  ( -1.248952953232109100, 1.856206486454500900, 0.1659686354894370200 ) ) ;
#4948 = VECTOR ( 'NONE', #667, 1000.000000000000000 ) ;
#4949 = EDGE_LOOP ( 'NONE', ( #1748, #3072, #417, #6001 ) ) ;
#4950 = CARTESIAN_POINT ( 'NONE',  ( -1.300000000000000000, -2.000000000000000400, 0.1798149574845336900 ) ) ;
#4951 = ADVANCED_FACE ( 'NONE', ( #2372 ), #4331, .F. ) ;
#4952 = LINE ( 'NONE', #4878, #3806 ) ;
#4953 = CARTESIAN_POINT ( 'NONE',  ( 1.028537583229807800, -0.4108779685532332200, 0.7210089398062369300 ) ) ;
#4954 = VERTEX_POINT ( 'NONE', #1477 ) ;
#4955 = DIRECTION ( 'NONE',  ( -0.9721786286021625300, -0.2339153931829642300, 0.01234110697132726100 ) ) ;
#4956 = AXIS2_PLACEMENT_3D ( 'NONE', #2170, #695, #186 ) ;
#4957 = VERTEX_POINT ( 'NONE', #475 ) ;
#4958 = EDGE_LOOP ( 'NONE', ( #5423, #3752, #1987, #3065 ) ) ;
#4959 = TOROIDAL_SURFACE ( 'NONE', #3817, 0.9750000000000000900, 0.06999999999999996500 ) ;
#4960 = FACE_BOUND ( 'NONE', #5932, .T. ) ;
#4961 = CARTESIAN_POINT ( 'NONE',  ( 1.070752810671523200, -0.6430861250812414100, 0.7320758084111584900 ) ) ;
#4962 = CARTESIAN_POINT ( 'NONE',  ( 1.300000000000000300, 1.821168910795995200, 0.1798149574845394600 ) ) ;
#4963 = CIRCLE ( 'NONE', #2695, 0.9050000000000001400 ) ;
#4964 = AXIS2_PLACEMENT_3D ( 'NONE', #4238, #5307, #5222 ) ;
#4965 = VERTEX_POINT ( 'NONE', #1431 ) ;
#4966 = CARTESIAN_POINT ( 'NONE',  ( 1.302832396748178100, -1.955101034237787000, 0.1598879352166291700 ) ) ;
#4967 = CARTESIAN_POINT ( 'NONE',  ( -1.311492962020298600, -1.814278275891648500, 0.1798149574845336900 ) ) ;
#4968 = CARTESIAN_POINT ( 'NONE',  ( 1.394648388736923200, -1.733578109561390200, 0.06977255347966872200 ) ) ;
#4969 = CARTESIAN_POINT ( 'NONE',  ( -1.058578643762690700, -2.000000000000000400, -0.02000000000000000000 ) ) ;
#4970 = ORIENTED_EDGE ( 'NONE', *, *, #6033, .T. ) ;
#4971 = AXIS2_PLACEMENT_3D ( 'NONE', #6276, #2848, #3857 ) ;
#4972 = CARTESIAN_POINT ( 'NONE',  ( -1.058578643762691200, 1.999999999999999600, 1.320000000000000100 ) ) ;
#4973 = ORIENTED_EDGE ( 'NONE', *, *, #948, .F. ) ;
#4974 = FACE_BOUND ( 'NONE', #341, .T. ) ;
#4975 = EDGE_CURVE ( 'NONE', #1154, #2165, #4640, .T. ) ;
#4976 = LINE ( 'NONE', #1595, #3676 ) ;
#4977 = CARTESIAN_POINT ( 'NONE',  ( 1.900000000000000800, -1.749999999999998900, 0.0000000000000000000 ) ) ;
#4978 = LINE ( 'NONE', #4167, #2259 ) ;
#4979 = AXIS2_PLACEMENT_3D ( 'NONE', #4454, #5438, #4955 ) ;
#4980 = CARTESIAN_POINT ( 'NONE',  ( 0.9605245163428843800, -0.1931341934097619300, 0.6776817246727986400 ) ) ;
#4981 = EDGE_CURVE ( 'NONE', #5863, #517, #3052, .T. ) ;
#4982 = CIRCLE ( 'NONE', #1392, 0.1000000000000000500 ) ;
#4983 = VERTEX_POINT ( 'NONE', #6275 ) ;
#4984 = DIRECTION ( 'NONE',  ( -0.5553795402051511200, 0.8315969975423881400, 6.195440985631449400E-015 ) ) ;
#4985 = ORIENTED_EDGE ( 'NONE', *, *, #6278, .T. ) ;
#4986 = ADVANCED_FACE ( 'NONE', ( #1070 ), #437, .T. ) ;
#4987 = CARTESIAN_POINT ( 'NONE',  ( -1.203553390593275200, 1.896446609406725400, -0.02000000000000000000 ) ) ;
#4988 = CARTESIAN_POINT ( 'NONE',  ( 1.461119721069397400, -2.016816910928194200, 0.03482372042574585800 ) ) ;
#4989 = DIRECTION ( 'NONE',  ( 0.0000000000000000000, 0.0000000000000000000, -1.000000000000000000 ) ) ;
#4990 = CYLINDRICAL_SURFACE ( 'NONE', #2603, 0.1000000000000057900 ) ;
#4991 = DIRECTION ( 'NONE',  ( -0.0000000000000000000, 1.000000000000000000, -0.0000000000000000000 ) ) ;
#4992 = ORIENTED_EDGE ( 'NONE', *, *, #556, .T. ) ;
#4993 = VERTEX_POINT ( 'NONE', #3886 ) ;
#4994 = AXIS2_PLACEMENT_3D ( 'NONE', #3653, #2709, #1724 ) ;
#4995 =( BOUNDED_SURFACE ( )  B_SPLINE_SURFACE ( 3, 3, ( 
 ( #5006, #2114, #5032, #6008, #5076, #6044, #3539, #5989, #5054, #1098 ),
 ( #168, #4504, #3083, #191, #3607, #669, #209, #315, #4641, #2775 ),
 ( #1243, #3177, #782, #2703, #5139, #2216, #3700, #3644, #6142, #1263 ),
 ( #798, #1720, #2243, #2732, #1285, #2200, #2748, #4108, #4188, #230 ),
 ( #5625, #3218, #3625, #4128, #3664, #6130, #2285, #4666, #726, #5179 ),
 ( #5641, #2719, #1203, #1756, #5662, #758, #3199, #4151, #3160, #6108 ),
 ( #276, #290, #3680, #739, #4600, #4685, #4166, #4617, #1795, #1775 ) ),
 .UNSPECIFIED., .T., .F., .T. ) 
 B_SPLINE_SURFACE_WITH_KNOTS ( ( 4, 3, 4 ),
 ( 4, 2, 2, 2, 4 ),
 ( 0.0000000000000000000, 0.5000000000000000000, 1.000000000000000000 ),
 ( 0.0000000000000000000, 0.3656516770693527500, 0.5484775156040291300, 0.6398904348713673200, 0.7313033541387055100 ),
 .UNSPECIFIED. ) 
 GEOMETRIC_REPRESENTATION_ITEM ( )  RATIONAL_B_SPLINE_SURFACE ( (
 ( 1.000000000000000000, 1.000000000000000000, 1.000000000000000000, 1.000000000000000000, 1.000000000000000000, 1.000000000000000000, 1.000000000000000000, 1.000000000000000000, 1.000000000000000000, 1.000000000000000000),
 ( 0.3333333333333333700, 0.3333333333333333700, 0.3333333333333333700, 0.3333333333333333700, 0.3333333333333333700, 0.3333333333333333700, 0.3333333333333333700, 0.3333333333333333700, 0.3333333333333333700, 0.3333333333333333700),
 ( 0.3333333333333333700, 0.3333333333333333700, 0.3333333333333333700, 0.3333333333333333700, 0.3333333333333333700, 0.3333333333333333700, 0.3333333333333333700, 0.3333333333333333700, 0.3333333333333333700, 0.3333333333333333700),
 ( 1.000000000000000000, 1.000000000000000000, 1.000000000000000000, 1.000000000000000000, 1.000000000000000000, 1.000000000000000000, 1.000000000000000000, 1.000000000000000000, 1.000000000000000000, 1.000000000000000000),
 ( 0.3333333333333333700, 0.3333333333333333700, 0.3333333333333333700, 0.3333333333333333700, 0.3333333333333333700, 0.3333333333333333700, 0.3333333333333333700, 0.3333333333333333700, 0.3333333333333333700, 0.3333333333333333700),
 ( 0.3333333333333333700, 0.3333333333333333700, 0.3333333333333333700, 0.3333333333333333700, 0.3333333333333333700, 0.3333333333333333700, 0.3333333333333333700, 0.3333333333333333700, 0.3333333333333333700, 0.3333333333333333700),
 ( 1.000000000000000000, 1.000000000000000000, 1.000000000000000000, 1.000000000000000000, 1.000000000000000000, 1.000000000000000000, 1.000000000000000000, 1.000000000000000000, 1.000000000000000000, 1.000000000000000000) ) ) 
 REPRESENTATION_ITEM ( '' )  SURFACE ( )  );
#4996 = DIRECTION ( 'NONE',  ( 0.0000000000000000000, -1.000000000000000000, 0.0000000000000000000 ) ) ;
#4997 = DIRECTION ( 'NONE',  ( 0.0000000000000000000, -1.000000000000000000, 0.0000000000000000000 ) ) ;
#4998 = EDGE_LOOP ( 'NONE', ( #4732, #4622, #6098, #5852, #1619, #1339, #1317, #5077, #4230, #6182, #6216, #2893, #5936, #3162 ) ) ;
#4999 = DIRECTION ( 'NONE',  ( 1.000000000000000000, 0.0000000000000000000, 0.0000000000000000000 ) ) ;
#5000 = CARTESIAN_POINT ( 'NONE',  ( -1.244529980377476500, -1.859749127360403900, 0.1630199869183177300 ) ) ;
#5001 = AXIS2_PLACEMENT_3D ( 'NONE', #4220, #2842, #5162 ) ;
#5002 = CARTESIAN_POINT ( 'NONE',  ( 1.388356294567819600, -2.009457889790165400, 0.6185901777635096600 ) ) ;
#5003 = CARTESIAN_POINT ( 'NONE',  ( 1.820710678118654600, 1.279289321881344600, 1.699999999999999700 ) ) ;
#5004 = CARTESIAN_POINT ( 'NONE',  ( 1.244529980377501400, 1.859749127360379700, 0.1630199869183413000 ) ) ;
#5005 = VECTOR ( 'NONE', #2184, 1000.000000000000000 ) ;
#5006 = CARTESIAN_POINT ( 'NONE',  ( -1.322454819323493700, -0.4146873628067433400, 0.8667843814858894300 ) ) ;
#5007 = FACE_OUTER_BOUND ( 'NONE', #3123, .T. ) ;
#5008 = LINE ( 'NONE', #1371, #1827 ) ;
#5009 = AXIS2_PLACEMENT_3D ( 'NONE', #5756, #5234, #4714 ) ;
#5010 = DIRECTION ( 'NONE',  ( -1.000000000000000000, 0.0000000000000000000, 0.0000000000000000000 ) ) ;
#5011 = VERTEX_POINT ( 'NONE', #3421 ) ;
#5012 = EDGE_CURVE ( 'NONE', #2573, #5487, #4803, .T. ) ;
#5013 = CARTESIAN_POINT ( 'NONE',  ( -1.409694028677024100, -2.042011659208505100, -0.009059409914167194200 ) ) ;
#5014 = VERTEX_POINT ( 'NONE', #515 ) ;
#5015 = CARTESIAN_POINT ( 'NONE',  ( 1.344999999999999800, 6.352279172000528500E-017, 0.9300000000000000500 ) ) ;
#5016 = VECTOR ( 'NONE', #2982, 1000.000000000000000 ) ;
#5017 = ADVANCED_FACE ( 'NONE', ( #5792 ), #313, .T. ) ;
#5018 = LINE ( 'NONE', #2577, #4092 ) ;
#5019 = DIRECTION ( 'NONE',  ( 1.000000000000000000, -1.264769453577744300E-015, 0.0000000000000000000 ) ) ;
#5020 = AXIS2_PLACEMENT_3D ( 'NONE', #1056, #2536, #87 ) ;
#5021 = ORIENTED_EDGE ( 'NONE', *, *, #108, .F. ) ;
#5022 = DIRECTION ( 'NONE',  ( -1.000000000000000000, 0.0000000000000000000, 0.0000000000000000000 ) ) ;
#5023 = EDGE_CURVE ( 'NONE', #2946, #2560, #4026, .T. ) ;
#5024 = ORIENTED_EDGE ( 'NONE', *, *, #1492, .T. ) ;
#5025 = LINE ( 'NONE', #3334, #6010 ) ;
#5026 = EDGE_CURVE ( 'NONE', #3520, #1325, #3198, .T. ) ;
#5027 = EDGE_LOOP ( 'NONE', ( #5861, #231, #2140, #637, #1136 ) ) ;
#5028 = CARTESIAN_POINT ( 'NONE',  ( 1.303884312879614900, -1.955264709408126400, 0.6057261067928896300 ) ) ;
#5029 = CIRCLE ( 'NONE', #4357, 0.1000000000000000500 ) ;
#5030 = DIRECTION ( 'NONE',  ( -1.000000000000000000, 0.0000000000000000000, 0.0000000000000000000 ) ) ;
#5031 = EDGE_CURVE ( 'NONE', #4054, #1154, #49, .T. ) ;
#5032 = CARTESIAN_POINT ( 'NONE',  ( -1.400446358469909800, -1.246852533465748300, 0.8726690787797839500 ) ) ;
#5033 = ORIENTED_EDGE ( 'NONE', *, *, #1502, .F. ) ;
#5034 = CARTESIAN_POINT ( 'NONE',  ( -1.263783717139398400, -1.802719855372148600, 0.09076944199921020700 ) ) ;
#5035 = VERTEX_POINT ( 'NONE', #4969 ) ;
#5036 = CARTESIAN_POINT ( 'NONE',  ( 1.268636311931321100, -1.809389225325525500, 0.2113772390490840600 ) ) ;
#5037 = DIRECTION ( 'NONE',  ( -1.000000000000000000, 0.0000000000000000000, 0.0000000000000000000 ) ) ;
#5038 = DIRECTION ( 'NONE',  ( 0.0000000000000000000, 0.0000000000000000000, -1.000000000000000000 ) ) ;
#5039 = VERTEX_POINT ( 'NONE', #1082 ) ;
#5040 = DIRECTION ( 'NONE',  ( -1.000000000000000000, 0.0000000000000000000, 0.0000000000000000000 ) ) ;
#5041 = CIRCLE ( 'NONE', #1806, 0.06999999999999985400 ) ;
#5042 = DIRECTION ( 'NONE',  ( 0.0000000000000000000, -1.000000000000000000, 0.0000000000000000000 ) ) ;
#5043 = CARTESIAN_POINT ( 'NONE',  ( 1.306230681480123200, -1.936417716978114500, 0.6625072637889631900 ) ) ;
#5044 = CARTESIAN_POINT ( 'NONE',  ( -4.845077068610299400E-016, -1.978152832303824700, 0.6000000000000002000 ) ) ;
#5045 =( BOUNDED_CURVE ( )  B_SPLINE_CURVE ( 3, ( #1550, #62, #6298, #2045 ),
 .UNSPECIFIED., .F., .T. ) 
 B_SPLINE_CURVE_WITH_KNOTS ( ( 4, 4 ),
 ( 4.712388980384689700, 5.497787143782139700 ),
 .UNSPECIFIED. ) 
 CURVE ( )  GEOMETRIC_REPRESENTATION_ITEM ( )  RATIONAL_B_SPLINE_CURVE ( ( 1.000000000000000000, 0.9492530216741910100, 0.9492530216741910100, 1.000000000000000000 ) ) 
 REPRESENTATION_ITEM ( '' )  );
#5046 = CARTESIAN_POINT ( 'NONE',  ( -1.463356755343177900, -1.928679116198273500, 0.1728249662123543800 ) ) ;
#5047 = CARTESIAN_POINT ( 'NONE',  ( 1.064027084699680000, -0.6337855333546783500, 0.6894155596249002000 ) ) ;
#5048 = DIRECTION ( 'NONE',  ( 1.000000000000000000, 0.0000000000000000000, 0.0000000000000000000 ) ) ;
#5049 = ADVANCED_FACE ( 'NONE', ( #4261 ), #3449, .F. ) ;
#5050 = AXIS2_PLACEMENT_3D ( 'NONE', #2010, #6271, #5823 ) ;
#5051 = CARTESIAN_POINT ( 'NONE',  ( -2.000000000000000000, 1.999999999999999600, 0.6000000000000000900 ) ) ;
#5052 = CYLINDRICAL_SURFACE ( 'NONE', #5253, 0.5000000000000000000 ) ;
#5053 = VERTEX_POINT ( 'NONE', #4467 ) ;
#5054 = CARTESIAN_POINT ( 'NONE',  ( -1.464685523016919600, -1.932280669817684400, 0.5897697142106247400 ) ) ;
#5055 = VERTEX_POINT ( 'NONE', #5895 ) ;
#5056 = EDGE_CURVE ( 'NONE', #1891, #3428, #4178, .T. ) ;
#5057 = FACE_OUTER_BOUND ( 'NONE', #1511, .T. ) ;
#5058 = DIRECTION ( 'NONE',  ( -0.7071067811865469100, 0.7071067811865482400, 0.0000000000000000000 ) ) ;
#5059 = DIRECTION ( 'NONE',  ( -0.0000000000000000000, -0.0000000000000000000, 1.000000000000000000 ) ) ;
#5060 = LINE ( 'NONE', #1123, #2166 ) ;
#5061 = ORIENTED_EDGE ( 'NONE', *, *, #1309, .F. ) ;
#5062 = ORIENTED_EDGE ( 'NONE', *, *, #5379, .T. ) ;
#5063 = CARTESIAN_POINT ( 'NONE',  ( 1.334841474560594800, 1.802118170193887300, 0.1735490049296567200 ) ) ;
#5064 = CARTESIAN_POINT ( 'NONE',  ( 1.203553390593275600, -1.896446609406725200, -0.02000000000000000000 ) ) ;
#5065 = ADVANCED_FACE ( 'NONE', ( #1705 ), #5707, .T. ) ;
#5066 = EDGE_CURVE ( 'NONE', #4053, #2856, #5068, .T. ) ;
#5067 = ORIENTED_EDGE ( 'NONE', *, *, #590, .T. ) ;
#5068 = B_SPLINE_CURVE_WITH_KNOTS ( 'NONE', 3,
 ( #4001, #2582, #2094, #3040, #4921, #2599, #3939 ),
 .UNSPECIFIED., .F., .F.,
 ( 4, 1, 1, 1, 4 ),
 ( 0.0000000000000000000, 0.1250000000000000000, 0.2500000000000000000, 0.3750000000000000000, 0.5000000000000000000 ),
 .UNSPECIFIED. ) ;
#5069 = DIRECTION ( 'NONE',  ( -0.7071067811865469100, 0.7071067811865482400, 0.0000000000000000000 ) ) ;
#5070 = AXIS2_PLACEMENT_3D ( 'NONE', #5525, #277, #648 ) ;
#5071 = CARTESIAN_POINT ( 'NONE',  ( 1.557106781186549500, -1.749999999999998700, 0.0000000000000000000 ) ) ;
#5072 = EDGE_CURVE ( 'NONE', #2232, #6154, #4494, .T. ) ;
#5073 = DIRECTION ( 'NONE',  ( -0.0000000000000000000, -0.0000000000000000000, 1.000000000000000000 ) ) ;
#5074 = ORIENTED_EDGE ( 'NONE', *, *, #5346, .F. ) ;
#5075 = ORIENTED_EDGE ( 'NONE', *, *, #5708, .F. ) ;
#5076 = CARTESIAN_POINT ( 'NONE',  ( -1.446902506726196200, -1.742536923914297600, 0.7685061492741782600 ) ) ;
#5077 = ORIENTED_EDGE ( 'NONE', *, *, #3597, .T. ) ;
#5078 = CARTESIAN_POINT ( 'NONE',  ( -1.346648425248751400, -1.999906843597784700, 0.1137671621449871500 ) ) ;
#5079 = AXIS2_PLACEMENT_3D ( 'NONE', #4704, #3733, #2314 ) ;
#5080 = ADVANCED_FACE ( 'NONE', ( #700 ), #5913, .T. ) ;
#5081 = DIRECTION ( 'NONE',  ( 0.7071067811865469100, 0.7071067811865482400, 0.0000000000000000000 ) ) ;
#5082 = CARTESIAN_POINT ( 'NONE',  ( -1.218458079691876900, -1.856624653546465400, 0.2305544888524485600 ) ) ;
#5083 = DIRECTION ( 'NONE',  ( -1.000000000000000000, 0.0000000000000000000, 0.0000000000000000000 ) ) ;
#5084 = FACE_OUTER_BOUND ( 'NONE', #2215, .T. ) ;
#5085 = PERSON_AND_ORGANIZATION ( #158, #6139 ) ;
#5086 = CARTESIAN_POINT ( 'NONE',  ( 2.217687569756911000E-016, 1.810879325615313500, 0.7905328344508526500 ) ) ;
#5087 = AXIS2_PLACEMENT_3D ( 'NONE', #2011, #3901, #992 ) ;
#5088 = VERTEX_POINT ( 'NONE', #5931 ) ;
#5089 = CIRCLE ( 'NONE', #6156, 0.1000000000000000500 ) ;
#5090 = CARTESIAN_POINT ( 'NONE',  ( -1.359563760532646300, -1.859361278465883100, 0.2453183226287422600 ) ) ;
#5091 = PLANE ( 'NONE',  #3442 ) ;
#5092 = LINE ( 'NONE', #5242, #5232 ) ;
#5093 = FACE_OUTER_BOUND ( 'NONE', #6128, .T. ) ;
#5094 = VECTOR ( 'NONE', #1094, 999.9999999999998900 ) ;
#5095 = CARTESIAN_POINT ( 'NONE',  ( 0.9605436051327134200, -0.1939508939032136300, 0.6637055794273421000 ) ) ;
#5096 = ORIENTED_EDGE ( 'NONE', *, *, #4211, .T. ) ;
#5097 = AXIS2_PLACEMENT_3D ( 'NONE', #5976, #2539, #3497 ) ;
#5098 = CARTESIAN_POINT ( 'NONE',  ( 1.299061727816396700, -1.939033961243860700, 0.1276369828655536100 ) ) ;
#5099 = FACE_OUTER_BOUND ( 'NONE', #3592, .T. ) ;
#5100 = ORIENTED_EDGE ( 'NONE', *, *, #6231, .F. ) ;
#5101 = CARTESIAN_POINT ( 'NONE',  ( -2.000000000000000000, -1.649999999999998600, -0.02000000000000000000 ) ) ;
#5102 = CARTESIAN_POINT ( 'NONE',  ( -1.435433069539317400, -1.887958567926494100, 0.1213625121987677200 ) ) ;
#5103 = VERTEX_POINT ( 'NONE', #3021 ) ;
#5104 = CARTESIAN_POINT ( 'NONE',  ( -1.129289321881346200, 1.970710678118654300, -2.699999999999999700 ) ) ;
#5105 = CARTESIAN_POINT ( 'NONE',  ( -2.000000000000000000, -2.000000000000000400, 0.6000000000000000900 ) ) ;
#5106 = ORIENTED_EDGE ( 'NONE', *, *, #1972, .T. ) ;
#5107 = VECTOR ( 'NONE', #1903, 1000.000000000000000 ) ;
#5108 = CARTESIAN_POINT ( 'NONE',  ( 1.125000000000000200, 8.717666352142038200E-017, 0.7900000000000000400 ) ) ;
#5109 = EDGE_CURVE ( 'NONE', #5181, #1556, #467, .T. ) ;
#5110 = CARTESIAN_POINT ( 'NONE',  ( -1.300000000000000000, -1.821168910795995200, 0.1798149574845336900 ) ) ;
#5111 = VECTOR ( 'NONE', #4491, 1000.000000000000000 ) ;
#5112 = ORIENTED_EDGE ( 'NONE', *, *, #1534, .T. ) ;
#5113 = CIRCLE ( 'NONE', #2052, 0.9050000000000001400 ) ;
#5114 = CARTESIAN_POINT ( 'NONE',  ( -3.763654892137477100, 1.881827446068739400, 0.6956689149482788700 ) ) ;
#5115 =( BOUNDED_CURVE ( )  B_SPLINE_CURVE ( 3, ( #5523, #2642, #2110, #5988 ),
 .UNSPECIFIED., .F., .F. ) 
 B_SPLINE_CURVE_WITH_KNOTS ( ( 4, 4 ),
 ( 0.7853981633974477200, 0.8954680108064795300 ),
 .UNSPECIFIED. ) 
 CURVE ( )  GEOMETRIC_REPRESENTATION_ITEM ( )  RATIONAL_B_SPLINE_CURVE ( ( 1.000000000000000000, 0.9989906405287991600, 0.9989906405287991600, 1.000000000000000000 ) ) 
 REPRESENTATION_ITEM ( '' )  );
#5116 = ORIENTED_EDGE ( 'NONE', *, *, #1588, .F. ) ;
#5117 = CARTESIAN_POINT ( 'NONE',  ( 1.129289321881345300, -1.970710678118655000, 0.08619288125426544100 ) ) ;
#5118 = DIRECTION ( 'NONE',  ( -1.000000000000000000, 0.0000000000000000000, 0.0000000000000000000 ) ) ;
#5119 = CLOSED_SHELL ( 'NONE', ( #1691, #4348, #3501, #3300, #4565, #2568, #1624, #6152, #5470, #3415, #645, #3550, #2736, #4474, #2983, #37, #2044, #6003, #5448, #2098, #935, #3366, #5991, #2594, #4731, #2953, #3533, #4802, #2071, #297, #6093, #1156, #4537, #441, #3829, #4951, #2454, #5891, #5791, #466, #4114, #593, #2497, #3925, #4509, #1353, #5148, #5017, #3492, #5755, #5886, #999, #775, #5276, #5950, #963, #5336, #3226, #4430, #1964, #4051, #3986, #1355, #5174, #3014, #4986, #4285, #2007, #3999, #2868, #681, #3335 ) ) ;
#5120 = CARTESIAN_POINT ( 'NONE',  ( 1.289055612953757800, -1.851303522505270300, 0.6094858615454403800 ) ) ;
#5121 = LINE ( 'NONE', #2943, #2563 ) ;
#5122 = EDGE_CURVE ( 'NONE', #996, #2726, #3582, .T. ) ;
#5123 = CARTESIAN_POINT ( 'NONE',  ( -2.523076923076937200, 1.999999999999999600, 1.015384615384235000 ) ) ;
#5124 = DIRECTION ( 'NONE',  ( 0.0000000000000000000, 0.0000000000000000000, 1.000000000000000000 ) ) ;
#5125 = ORIENTED_EDGE ( 'NONE', *, *, #4195, .T. ) ;
#5126 = APPROVAL ( #1501, 'UNSPECIFIED' ) ;
#5127 = CARTESIAN_POINT ( 'NONE',  ( 1.324822770084898700, -2.048803488618381200, 0.03482372042575608600 ) ) ;
#5128 = CARTESIAN_POINT ( 'NONE',  ( -1.581109102672853700, -2.010033805446405500, 0.2114833302046593700 ) ) ;
#5129 = DIRECTION ( 'NONE',  ( -0.0000000000000000000, -0.0000000000000000000, -1.000000000000000000 ) ) ;
#5130 = AXIS2_PLACEMENT_3D ( 'NONE', #2937, #2916, #3400 ) ;
#5131 = ORIENTED_EDGE ( 'NONE', *, *, #748, .F. ) ;
#5132 = CARTESIAN_POINT ( 'NONE',  ( 1.124999999999999800, -6.461164062655017700E-017, 1.210000000000000200 ) ) ;
#5133 = CARTESIAN_POINT ( 'NONE',  ( 1.750000000000000000, 1.208578643762690000, 1.699999999999999700 ) ) ;
#5134 = CARTESIAN_POINT ( 'NONE',  ( -1.557106781186549500, -1.749999999999998400, 0.1000000000000000100 ) ) ;
#5135 = VECTOR ( 'NONE', #236, 1000.000000000000000 ) ;
#5136 = CARTESIAN_POINT ( 'NONE',  ( -1.045000000000000400, -1.011922027653137100E-016, 0.9300000000000000500 ) ) ;
#5137 = AXIS2_PLACEMENT_3D ( 'NONE', #361, #4648, #1247 ) ;
#5138 = CARTESIAN_POINT ( 'NONE',  ( 1.302393996091100200, -1.952165345198809900, 0.5799923892506452200 ) ) ;
#5139 = CARTESIAN_POINT ( 'NONE',  ( -1.251434537670225400, -1.767429765566451300, 0.7883359876245472600 ) ) ;
#5140 = ORIENTED_EDGE ( 'NONE', *, *, #1746, .F. ) ;
#5141 = EDGE_CURVE ( 'NONE', #3487, #6302, #1143, .T. ) ;
#5142 = ORIENTED_EDGE ( 'NONE', *, *, #1862, .F. ) ;
#5143 = ORIENTED_EDGE ( 'NONE', *, *, #1017, .T. ) ;
#5144 = CARTESIAN_POINT ( 'NONE',  ( 1.302393996091100200, -1.952165345198809900, 0.5799923892506452200 ) ) ;
#5145 = CARTESIAN_POINT ( 'NONE',  ( 1.439129347732674100, -1.923114456547607900, 0.2031335730073686500 ) ) ;
#5146 = CARTESIAN_POINT ( 'NONE',  ( 1.350000000000001400, -1.749999999999998700, -2.699999999999999700 ) ) ;
#5147 = ORIENTED_EDGE ( 'NONE', *, *, #5122, .F. ) ;
#5148 = ADVANCED_FACE ( 'NONE', ( #1991 ), #601, .F. ) ;
#5149 = ORIENTED_EDGE ( 'NONE', *, *, #4824, .T. ) ;
#5150 = EDGE_CURVE ( 'NONE', #2980, #5039, #3620, .T. ) ;
#5151 = DIRECTION ( 'NONE',  ( -1.000000000000000000, -1.224646799147354200E-016, 0.0000000000000000000 ) ) ;
#5152 = CARTESIAN_POINT ( 'NONE',  ( -1.252363705399977900, -1.853567974124100000, 0.1678593070617050700 ) ) ;
#5153 = EDGE_LOOP ( 'NONE', ( #1847, #1372, #4582, #3954, #777, #4063, #3181, #2038 ) ) ;
#5154 = CARTESIAN_POINT ( 'NONE',  ( -1.296211215320598900, -1.740201073890531600, 0.2305544888524485300 ) ) ;
#5155 = EDGE_CURVE ( 'NONE', #2711, #486, #3648, .T. ) ;
#5156 = CARTESIAN_POINT ( 'NONE',  ( 1.061363203729015000, -0.3210383521223335600, 0.5870626071790432400 ) ) ;
#5157 = CARTESIAN_POINT ( 'NONE',  ( 1.192253751590982100, -1.297539750792267500, 0.7067793632369967500 ) ) ;
#5158 = DIRECTION ( 'NONE',  ( 0.0000000000000000000, 0.0000000000000000000, 1.000000000000000000 ) ) ;
#5159 = DATE_AND_TIME ( #2891, #5930 ) ;
#5160 = CARTESIAN_POINT ( 'NONE',  ( 1.293493389417041100, -1.894572293629062300, 0.6371063011304486400 ) ) ;
#5161 = AXIS2_PLACEMENT_3D ( 'NONE', #6000, #1155, #4079 ) ;
#5162 = DIRECTION ( 'NONE',  ( 0.7071067811865469100, 0.7071067811865482400, 0.0000000000000000000 ) ) ;
#5163 = VECTOR ( 'NONE', #2723, 1000.000000000000000 ) ;
#5164 = ORIENTED_EDGE ( 'NONE', *, *, #5150, .T. ) ;
#5165 = CARTESIAN_POINT ( 'NONE',  ( -1.195000000000000100, -5.059610138265685700E-017, 0.7900000000000000400 ) ) ;
#5166 = VECTOR ( 'NONE', #2477, 1000.000000000000000 ) ;
#5167 = FACE_OUTER_BOUND ( 'NONE', #479, .T. ) ;
#5168 = CIRCLE ( 'NONE', #482, 0.06999999999999997900 ) ;
#5169 = AXIS2_PLACEMENT_3D ( 'NONE', #5647, #2758, #6135 ) ;
#5170 = CARTESIAN_POINT ( 'NONE',  ( -1.273052949287037900, -1.967328065091843200, 0.2211304809748006200 ) ) ;
#5171 = DIRECTION ( 'NONE',  ( 0.0000000000000000000, 0.0000000000000000000, 1.000000000000000000 ) ) ;
#5172 = FACE_OUTER_BOUND ( 'NONE', #2082, .T. ) ;
#5173 = ORIENTED_EDGE ( 'NONE', *, *, #1410, .T. ) ;
#5174 = ADVANCED_FACE ( 'NONE', ( #691 ), #2220, .T. ) ;
#5175 = ORIENTED_EDGE ( 'NONE', *, *, #3530, .F. ) ;
#5176 = B_SPLINE_CURVE_WITH_KNOTS ( 'NONE', 3,
 ( #4586, #282, #2182, #5063, #2156, #4623, #1743 ),
 .UNSPECIFIED., .F., .F.,
 ( 4, 3, 4 ),
 ( 0.0000000000000000000, 4.020101029160099600E-005, 6.530400411259697900E-005 ),
 .UNSPECIFIED. ) ;
#5177 = CARTESIAN_POINT ( 'NONE',  ( 1.190394633012945300, -1.268300770751007400, 0.6646163285565663800 ) ) ;
#5178 = LINE ( 'NONE', #1412, #3952 ) ;
#5179 = CARTESIAN_POINT ( 'NONE',  ( -1.503355967044131900, -2.126457385102339600, 0.5425692145625747900 ) ) ;
#5180 = ORIENTED_EDGE ( 'NONE', *, *, #4459, .F. ) ;
#5181 = VERTEX_POINT ( 'NONE', #3124 ) ;
#5182 = ORIENTED_EDGE ( 'NONE', *, *, #957, .F. ) ;
#5183 = DIRECTION ( 'NONE',  ( 0.0000000000000000000, -0.0000000000000000000, -1.000000000000000000 ) ) ;
#5184 = EDGE_CURVE ( 'NONE', #5035, #378, #6155, .T. ) ;
#5185 = ORIENTED_EDGE ( 'NONE', *, *, #5605, .T. ) ;
#5186 = CARTESIAN_POINT ( 'NONE',  ( -1.353953762612646300, -1.778795973155167900, 0.09417428574362254900 ) ) ;
#5187 = ORIENTED_EDGE ( 'NONE', *, *, #1814, .F. ) ;
#5188 = DIRECTION ( 'NONE',  ( 0.8303201804605341300, 0.5545268217779103500, -0.05539315705821072600 ) ) ;
#5189 = ORIENTED_EDGE ( 'NONE', *, *, #1934, .F. ) ;
#5190 = CARTESIAN_POINT ( 'NONE',  ( -1.283956131129152300, -1.917832437981010300, -0.05271868991277186400 ) ) ;
#5191 = EDGE_CURVE ( 'NONE', #3880, #28, #1914, .T. ) ;
#5192 = MANIFOLD_SOLID_BREP ( 'LPattern6[10]', #3623 ) ;
#5193 = ORIENTED_EDGE ( 'NONE', *, *, #2191, .F. ) ;
#5194 = LINE ( 'NONE', #2214, #1158 ) ;
#5195 = DIRECTION ( 'NONE',  ( -1.000000000000000000, 0.0000000000000000000, 0.0000000000000000000 ) ) ;
#5196 = CARTESIAN_POINT ( 'NONE',  ( 1.296964392755444200, -1.913346925167138900, 0.5621836619145739200 ) ) ;
#5197 = CARTESIAN_POINT ( 'NONE',  ( 1.044999999999999900, 7.737948912824154100E-017, 0.7900000000000000400 ) ) ;
#5198 = VERTEX_POINT ( 'NONE', #4580 ) ;
#5199 = AXIS2_PLACEMENT_3D ( 'NONE', #4113, #6031, #215 ) ;
#5200 = DIRECTION ( 'NONE',  ( -1.000000000000000000, 0.0000000000000000000, 0.0000000000000000000 ) ) ;
#5201 = AXIS2_PLACEMENT_3D ( 'NONE', #544, #3909, #5919 ) ;
#5202 = CARTESIAN_POINT ( 'NONE',  ( 1.297543057746083100, -1.927128637055760500, 0.5964939582519620500 ) ) ;
#5203 = DIRECTION ( 'NONE',  ( -1.000000000000000000, 0.0000000000000000000, 0.0000000000000000000 ) ) ;
#5204 = VECTOR ( 'NONE', #3616, 1000.000000000000100 ) ;
#5205 = EDGE_LOOP ( 'NONE', ( #3396, #4453, #4213 ) ) ;
#5206 = CARTESIAN_POINT ( 'NONE',  ( -1.899999999999999900, -1.649999999999998600, 0.6000000000000000900 ) ) ;
#5207 = ORIENTED_EDGE ( 'NONE', *, *, #387, .F. ) ;
#5208 = AXIS2_PLACEMENT_3D ( 'NONE', #6136, #5808, #3338 ) ;
#5209 = CARTESIAN_POINT ( 'NONE',  ( -1.503355967044131900, -2.126457385102339600, 0.2114833302046597900 ) ) ;
#5210 = CARTESIAN_POINT ( 'NONE',  ( -1.280920018506460400, -1.832912894950594400, 0.1788640725099989200 ) ) ;
#5211 = VERTEX_POINT ( 'NONE', #1631 ) ;
#5212 = EDGE_LOOP ( 'NONE', ( #6019, #3008, #832, #4677 ) ) ;
#5213 = CARTESIAN_POINT ( 'NONE',  ( 1.069841914349663400, -0.2212742241204517800, 0.7280097547080344200 ) ) ;
#5214 = B_SPLINE_CURVE_WITH_KNOTS ( 'NONE', 3,
 ( #4686, #2814, #1757, #3738, #4232, #5676, #1104 ),
 .UNSPECIFIED., .F., .F.,
 ( 4, 1, 1, 1, 4 ),
 ( 0.5000000000000000000, 0.6250000000000718300, 0.7500000000001436600, 0.8750000000002156100, 0.9521014041758572000 ),
 .UNSPECIFIED. ) ;
#5215 = ORIENTED_EDGE ( 'NONE', *, *, #1713, .F. ) ;
#5216 = CARTESIAN_POINT ( 'NONE',  ( 1.402609949183965400, -1.722480411809455400, 0.6321560870795213100 ) ) ;
#5217 = CARTESIAN_POINT ( 'NONE',  ( 3.763654892137477100, -1.881827446068739200, 0.6956689149482788700 ) ) ;
#5218 = DIRECTION ( 'NONE',  ( -1.000000000000000000, 0.0000000000000000000, 0.0000000000000000000 ) ) ;
#5219 = ORIENTED_EDGE ( 'NONE', *, *, #4829, .T. ) ;
#5220 = DIRECTION ( 'NONE',  ( 0.0000000000000000000, 1.000000000000000000, -0.0000000000000000000 ) ) ;
#5221 = ORIENTED_EDGE ( 'NONE', *, *, #301, .T. ) ;
#5222 = DIRECTION ( 'NONE',  ( -1.000000000000000000, 0.0000000000000000000, 0.0000000000000000000 ) ) ;
#5223 = EDGE_CURVE ( 'NONE', #6041, #3192, #3795, .T. ) ;
#5224 = ORIENTED_EDGE ( 'NONE', *, *, #3425, .T. ) ;
#5225 = EDGE_CURVE ( 'NONE', #915, #5788, #5408, .T. ) ;
#5226 = EDGE_CURVE ( 'NONE', #134, #5360, #1377, .T. ) ;
#5227 = CARTESIAN_POINT ( 'NONE',  ( 1.306055859648036500, -1.968717982317115300, 0.5606009663055289100 ) ) ;
#5228 = VECTOR ( 'NONE', #6117, 1000.000000000000000 ) ;
#5229 = AXIS2_PLACEMENT_3D ( 'NONE', #1091, #114, #3988 ) ;
#5230 = CARTESIAN_POINT ( 'NONE',  ( 1.390989226516754900, -1.650737285618545400, 0.6432588883243084400 ) ) ;
#5231 = ORIENTED_EDGE ( 'NONE', *, *, #4322, .F. ) ;
#5232 = VECTOR ( 'NONE', #5733, 1000.000000000000000 ) ;
#5233 = ORIENTED_EDGE ( 'NONE', *, *, #1283, .T. ) ;
#5234 = DIRECTION ( 'NONE',  ( -6.323847267888725300E-016, -1.000000000000000000, 0.0000000000000000000 ) ) ;
#5235 = CARTESIAN_POINT ( 'NONE',  ( 1.289055612953757800, -1.851303522505270300, 0.6094858615454403800 ) ) ;
#5236 = CIRCLE ( 'NONE', #4350, 0.06999999999999996500 ) ;
#5237 = DIRECTION ( 'NONE',  ( -1.000000000000000000, 0.0000000000000000000, -0.0000000000000000000 ) ) ;
#5238 = FACE_OUTER_BOUND ( 'NONE', #1675, .T. ) ;
#5239 = ADVANCED_FACE ( 'NONE', ( #3430 ), #2543, .T. ) ;
#5240 = VERTEX_POINT ( 'NONE', #2116 ) ;
#5241 = CARTESIAN_POINT ( 'NONE',  ( 1.302832396748178100, -1.955101034237787000, 0.2031335730073686500 ) ) ;
#5242 = CARTESIAN_POINT ( 'NONE',  ( 1.300980872240426100, -1.939107745392697500, 0.5602808843468616300 ) ) ;
#5243 = ORIENTED_EDGE ( 'NONE', *, *, #1790, .T. ) ;
#5244 = DIRECTION ( 'NONE',  ( -0.0000000000000000000, -0.0000000000000000000, -1.000000000000000000 ) ) ;
#5245 = VERTEX_POINT ( 'NONE', #3180 ) ;
#5246 = LINE ( 'NONE', #1917, #4416 ) ;
#5247 = CARTESIAN_POINT ( 'NONE',  ( 0.9749999999999999800, 6.880696153421008700E-017, 0.7900000000000000400 ) ) ;
#5248 = CARTESIAN_POINT ( 'NONE',  ( -1.899999999999999900, -1.649999999999998600, 1.800000000000000000 ) ) ;
#5249 = ORIENTED_EDGE ( 'NONE', *, *, #2841, .T. ) ;
#5250 = CARTESIAN_POINT ( 'NONE',  ( 1.300980872240426100, -1.939107745392697500, 0.2031335730073686200 ) ) ;
#5251 = CARTESIAN_POINT ( 'NONE',  ( -1.557733639918329000, -1.760618982181498400, 0.8543895842914589500 ) ) ;
#5252 = ORIENTED_EDGE ( 'NONE', *, *, #2579, .F. ) ;
#5253 = AXIS2_PLACEMENT_3D ( 'NONE', #70, #4455, #2064 ) ;
#5254 = CIRCLE ( 'NONE', #4896, 0.06999999999999996500 ) ;
#5255 = DIRECTION ( 'NONE',  ( 0.0000000000000000000, 0.0000000000000000000, -1.000000000000000000 ) ) ;
#5256 = EDGE_CURVE ( 'NONE', #378, #1250, #3348, .T. ) ;
#5257 = FACE_OUTER_BOUND ( 'NONE', #4943, .T. ) ;
#5258 = DIRECTION ( 'NONE',  ( -0.0000000000000000000, -0.0000000000000000000, -1.000000000000000000 ) ) ;
#5259 = ORIENTED_EDGE ( 'NONE', *, *, #2575, .T. ) ;
#5260 = CARTESIAN_POINT ( 'NONE',  ( 1.364249881347786100, -1.484295057952051700, 0.7423795422438679300 ) ) ;
#5261 = FACE_OUTER_BOUND ( 'NONE', #4507, .T. ) ;
#5262 = CARTESIAN_POINT ( 'NONE',  ( -1.291559920514567600, -1.249520259871771000, 0.7842507012895212300 ) ) ;
#5263 = ORIENTED_EDGE ( 'NONE', *, *, #2387, .F. ) ;
#5264 = CARTESIAN_POINT ( 'NONE',  ( 1.353631185760527900, -1.856665531878309200, 0.5511373218905163400 ) ) ;
#5265 = DIRECTION ( 'NONE',  ( 0.0000000000000000000, 0.0000000000000000000, -1.000000000000000000 ) ) ;
#5266 = LINE ( 'NONE', #4875, #2780 ) ;
#5267 = EDGE_CURVE ( 'NONE', #5840, #5404, #4098, .T. ) ;
#5268 = CARTESIAN_POINT ( 'NONE',  ( -0.9999999999998878700, 1.999999999999999600, -0.02000000000000000000 ) ) ;
#5269 = CARTESIAN_POINT ( 'NONE',  ( -1.129289321881345600, -1.970710678118655000, 0.08619288125426499700 ) ) ;
#5270 = ORIENTED_EDGE ( 'NONE', *, *, #3232, .F. ) ;
#5271 = AXIS2_PLACEMENT_3D ( 'NONE', #576, #2195, #3503 ) ;
#5272 = CARTESIAN_POINT ( 'NONE',  ( 1.422931803025833100, -1.816942687188000300, 0.6525686399175679700 ) ) ;
#5273 = LINE ( 'NONE', #244, #6028 ) ;
#5274 = EDGE_CURVE ( 'NONE', #3166, #5887, #392, .T. ) ;
#5275 = CARTESIAN_POINT ( 'NONE',  ( -2.000000000000000000, 1.999999999999999600, 1.800000000000000000 ) ) ;
#5276 = ADVANCED_FACE ( 'NONE', ( #2142 ), #6297, .F. ) ;
#5277 = ORIENTED_EDGE ( 'NONE', *, *, #5708, .T. ) ;
#5278 = CARTESIAN_POINT ( 'NONE',  ( 1.136958578522025300, -1.002485328426517800, 0.7037751955729324400 ) ) ;
#5279 = DIRECTION ( 'NONE',  ( 0.0000000000000000000, -0.0000000000000000000, 1.000000000000000000 ) ) ;
#5280 = CARTESIAN_POINT ( 'NONE',  ( 1.441207306788320400, -1.922594522817028300, 0.5608646128151850700 ) ) ;
#5281 = CARTESIAN_POINT ( 'NONE',  ( -1.446902506726196200, -1.742536923914297600, 0.7685061492741782600 ) ) ;
#5282 = ORIENTED_EDGE ( 'NONE', *, *, #985, .F. ) ;
#5283 = CARTESIAN_POINT ( 'NONE',  ( 1.196569550637495800, -0.9467647735385966700, 0.6177070109125872800 ) ) ;
#5284 = DIRECTION ( 'NONE',  ( -1.000000000000000000, -1.224646799147354200E-016, 0.0000000000000000000 ) ) ;
#5285 = CARTESIAN_POINT ( 'NONE',  ( -1.557106781186549500, -1.749999999999998400, -0.02000000000000000000 ) ) ;
#5286 = ORIENTED_EDGE ( 'NONE', *, *, #4240, .F. ) ;
#5287 = AXIS2_PLACEMENT_3D ( 'NONE', #5349, #2456, #1978 ) ;
#5288 = CARTESIAN_POINT ( 'NONE',  ( -1.446902506726196200, -1.742536923914297600, 0.7685061492741782600 ) ) ;
#5289 = CARTESIAN_POINT ( 'NONE',  ( -1.850000000000000100, 1.208578643762689800, 1.319999999999999600 ) ) ;
#5290 = CARTESIAN_POINT ( 'NONE',  ( -1.345000000000000200, -1.011922027653137100E-016, 0.9300000000000000500 ) ) ;
#5291 = CARTESIAN_POINT ( 'NONE',  ( -4.047688110612548600E-016, -2.023844055306274300E-016, 1.210000000000000200 ) ) ;
#5292 = ORIENTED_EDGE ( 'NONE', *, *, #1309, .T. ) ;
#5293 = DIRECTION ( 'NONE',  ( 0.0000000000000000000, -1.000000000000000000, 0.0000000000000000000 ) ) ;
#5294 = VERTEX_POINT ( 'NONE', #2754 ) ;
#5295 = DIRECTION ( 'NONE',  ( -1.000000000000000000, 0.0000000000000000000, 0.0000000000000000000 ) ) ;
#5296 = CARTESIAN_POINT ( 'NONE',  ( 1.192253751590982100, -1.297539750792267500, 0.7067793632369967500 ) ) ;
#5297 = CARTESIAN_POINT ( 'NONE',  ( -2.023844055306274300E-016, -1.011922027653137100E-016, 0.9300000000000000500 ) ) ;
#5298 = AXIS2_PLACEMENT_3D ( 'NONE', #952, #438, #3815 ) ;
#5299 = CARTESIAN_POINT ( 'NONE',  ( 1.376005003150026800, -1.560982698683645300, 0.6521876807160458300 ) ) ;
#5300 = EDGE_LOOP ( 'NONE', ( #1560, #2151 ) ) ;
#5301 = CARTESIAN_POINT ( 'NONE',  ( -0.9999999999998878700, 0.0000000000000000000, 0.0000000000000000000 ) ) ;
#5302 = EDGE_CURVE ( 'NONE', #5947, #1061, #3190, .T. ) ;
#5303 = CARTESIAN_POINT ( 'NONE',  ( 1.193518716343006800, -0.5921355983010435600, 0.6450523775990078000 ) ) ;
#5304 = CARTESIAN_POINT ( 'NONE',  ( 1.344999999999999800, 1.292669033734841200E-017, 1.070000000000000100 ) ) ;
#5305 = ADVANCED_FACE ( 'NONE', ( #5099 ), #835, .T. ) ;
#5306 = AXIS2_PLACEMENT_3D ( 'NONE', #2310, #1802, #419 ) ;
#5307 = DIRECTION ( 'NONE',  ( -0.0000000000000000000, -0.0000000000000000000, 1.000000000000000000 ) ) ;
#5308 = PLANE ( 'NONE',  #5617 ) ;
#5309 = CARTESIAN_POINT ( 'NONE',  ( 1.058578643762691600, 1.999999999999999600, 1.699999999999999700 ) ) ;
#5310 = EDGE_CURVE ( 'NONE', #1388, #5341, #1065, .T. ) ;
#5311 = CARTESIAN_POINT ( 'NONE',  ( 0.9049999999999996900, -9.155387020779195000E-017, 1.210000000000000200 ) ) ;
#5312 = CARTESIAN_POINT ( 'NONE',  ( 0.0000000000000000000, -1.900000000000001000, 1.800000000000000000 ) ) ;
#5313 = VECTOR ( 'NONE', #2580, 1000.000000000000000 ) ;
#5314 = PLANE ( 'NONE',  #2720 ) ;
#5315 = TOROIDAL_SURFACE ( 'NONE', #2854, 1.125000000000000200, 0.06999999999999996500 ) ;
#5316 = AXIS2_PLACEMENT_3D ( 'NONE', #1680, #5597, #1702 ) ;
#5317 = ORIENTED_EDGE ( 'NONE', *, *, #1443, .T. ) ;
#5318 = DIRECTION ( 'NONE',  ( 0.0000000000000000000, -0.0000000000000000000, -1.000000000000000000 ) ) ;
#5319 = CARTESIAN_POINT ( 'NONE',  ( -1.345992166213187500, -1.830309144499059100, 0.6124710532889025000 ) ) ;
#5320 = CIRCLE ( 'NONE', #3332, 0.06999999999999996500 ) ;
#5321 = CARTESIAN_POINT ( 'NONE',  ( -1.350000000000001400, 1.749999999999998700, 1.319999999999999600 ) ) ;
#5322 = CARTESIAN_POINT ( 'NONE',  ( 1.230204462991041400, -1.871223347428891500, 0.1534696419940324300 ) ) ;
#5323 = ORIENTED_EDGE ( 'NONE', *, *, #1410, .F. ) ;
#5324 = CARTESIAN_POINT ( 'NONE',  ( 1.296322279235521300, -1.909757273382913300, 0.5743079734104756800 ) ) ;
#5325 = EDGE_LOOP ( 'NONE', ( #248, #4904, #4421, #2622, #5829, #2765, #6039, #5782, #3624, #2789, #2412, #1772, #4800, #712 ) ) ;
#5326 = CARTESIAN_POINT ( 'NONE',  ( 0.0000000000000000000, 0.0000000000000000000, 0.6000000000000000900 ) ) ;
#5327 = CYLINDRICAL_SURFACE ( 'NONE', #3032, 0.1000000000000000500 ) ;
#5328 = AXIS2_PLACEMENT_3D ( 'NONE', #194, #5488, #4545 ) ;
#5329 = ORIENTED_EDGE ( 'NONE', *, *, #4528, .F. ) ;
#5330 = CARTESIAN_POINT ( 'NONE',  ( 1.268073755363360800, 1.841747655168696400, 0.1754505496284558800 ) ) ;
#5331 = DIRECTION ( 'NONE',  ( -0.0000000000000000000, -0.0000000000000000000, -1.000000000000000000 ) ) ;
#5332 = FACE_OUTER_BOUND ( 'NONE', #3543, .T. ) ;
#5333 = AXIS2_PLACEMENT_3D ( 'NONE', #5665, #1045, #1561 ) ;
#5334 = ORIENTED_EDGE ( 'NONE', *, *, #2095, .F. ) ;
#5335 = CARTESIAN_POINT ( 'NONE',  ( -1.203553390593275400, -1.896446609406725200, 0.1357022603955296600 ) ) ;
#5336 = ADVANCED_FACE ( 'NONE', ( #3509 ), #3272, .T. ) ;
#5337 = CARTESIAN_POINT ( 'NONE',  ( 1.042589554437436600, -0.2746346201241710000, 0.7380411189096636200 ) ) ;
#5338 = CARTESIAN_POINT ( 'NONE',  ( 1.302831678719193600, -1.955096157422869800, 0.5608307523830009500 ) ) ;
#5339 = ORIENTED_EDGE ( 'NONE', *, *, #988, .F. ) ;
#5340 = CARTESIAN_POINT ( 'NONE',  ( 1.124999999999999800, -6.461164062655017700E-017, 1.210000000000000200 ) ) ;
#5341 = VERTEX_POINT ( 'NONE', #2835 ) ;
#5342 = DIRECTION ( 'NONE',  ( -0.7071067811865469100, -0.7071067811865482400, 0.0000000000000000000 ) ) ;
#5343 = TOROIDAL_SURFACE ( 'NONE', #1259, 1.125000000000000200, 0.06999999999999996500 ) ;
#5344 = AXIS2_PLACEMENT_3D ( 'NONE', #3003, #3475, #1036 ) ;
#5345 = CARTESIAN_POINT ( 'NONE',  ( 1.444797538228675300, -1.964878501130312700, 0.5632429910196049500 ) ) ;
#5346 = EDGE_CURVE ( 'NONE', #3192, #845, #2830, .T. ) ;
#5347 = CARTESIAN_POINT ( 'NONE',  ( -4.047688110612548600E-016, -2.023844055306274300E-016, 1.210000000000000200 ) ) ;
#5348 = EDGE_CURVE ( 'NONE', #867, #4983, #232, .T. ) ;
#5349 = CARTESIAN_POINT ( 'NONE',  ( 1.058578643762690500, -1.900000000000000400, 1.699999999999999700 ) ) ;
#5350 = DIRECTION ( 'NONE',  ( 0.0000000000000000000, 1.000000000000000000, 0.0000000000000000000 ) ) ;
#5351 = DIRECTION ( 'NONE',  ( 1.000000000000000000, 0.0000000000000000000, -0.0000000000000000000 ) ) ;
#5352 = CARTESIAN_POINT ( 'NONE',  ( -1.350699698774859600, -1.662103576716488200, 0.9061496063986987900 ) ) ;
#5353 = DIRECTION ( 'NONE',  ( 0.0000000000000000000, -1.000000000000000000, 0.0000000000000000000 ) ) ;
#5354 = DIRECTION ( 'NONE',  ( -0.0000000000000000000, -0.7071067811865505700, 0.7071067811865444600 ) ) ;
#5355 = EDGE_CURVE ( 'NONE', #6027, #4744, #3125, .T. ) ;
#5357 = EDGE_LOOP ( 'NONE', ( #1922, #4769, #4364, #2682 ) ) ;
#5356 = DIRECTION ( 'NONE',  ( -1.000000000000000000, -0.0000000000000000000, -0.0000000000000000000 ) ) ;
#5358 = PRODUCT_DEFINITION_SHAPE ( 'NONE', 'NONE',  #110 ) ;
#5359 = CARTESIAN_POINT ( 'NONE',  ( 1.302753441350712700, -1.954567668041050400, 0.5687253162475676100 ) ) ;
#5360 = VERTEX_POINT ( 'NONE', #4284 ) ;
#5361 = DIRECTION ( 'NONE',  ( -1.000000000000000000, 0.0000000000000000000, 0.0000000000000000000 ) ) ;
#5362 = ORIENTED_EDGE ( 'NONE', *, *, #552, .F. ) ;
#5363 = CARTESIAN_POINT ( 'NONE',  ( 1.214212503234918300, -1.028611453886622700, 0.7880718902310129800 ) ) ;
#5364 = CARTESIAN_POINT ( 'NONE',  ( -1.348261943360985500, -1.854527534188963300, 0.5821070071829418400 ) ) ;
#5365 = DIRECTION ( 'NONE',  ( 1.000000000000000000, 0.0000000000000000000, 0.0000000000000000000 ) ) ;
#5366 = PLANE ( 'NONE',  #4228 ) ;
#5367 = DIRECTION ( 'NONE',  ( 1.000000000000000000, -2.168404344971007700E-015, 0.0000000000000000000 ) ) ;
#5368 = FACE_OUTER_BOUND ( 'NONE', #5212, .T. ) ;
#5369 = CARTESIAN_POINT ( 'NONE',  ( 1.272343421534220000, -1.340373336498856800, 0.7899339271811183200 ) ) ;
#5370 = ORIENTED_EDGE ( 'NONE', *, *, #2145, .T. ) ;
#5371 = ORIENTED_EDGE ( 'NONE', *, *, #3994, .F. ) ;
#5372 = ADVANCED_FACE ( 'NONE', ( #5698 ), #843, .F. ) ;
#5373 = DIRECTION ( 'NONE',  ( 0.0000000000000000000, 1.000000000000000000, 0.0000000000000000000 ) ) ;
#5374 = CARTESIAN_POINT ( 'NONE',  ( 0.0000000000000000000, 0.0000000000000000000, 0.6500000000000000200 ) ) ;
#5375 = DIRECTION ( 'NONE',  ( -1.000000000000000000, 0.0000000000000000000, 0.0000000000000000000 ) ) ;
#5376 = ORIENTED_EDGE ( 'NONE', *, *, #4419, .T. ) ;
#5377 = DIRECTION ( 'NONE',  ( 1.000000000000000000, 0.0000000000000000000, 0.0000000000000000000 ) ) ;
#5378 = DIRECTION ( 'NONE',  ( -0.0000000000000000000, -0.0000000000000000000, -1.000000000000000000 ) ) ;
#5379 = EDGE_CURVE ( 'NONE', #172, #2221, #2542, .T. ) ;
#5380 = PLANE ( 'NONE',  #2637 ) ;
#5381 = DIRECTION ( 'NONE',  ( -0.0000000000000000000, -0.0000000000000000000, -1.000000000000000000 ) ) ;
#5382 = DIRECTION ( 'NONE',  ( -1.000000000000000000, 0.0000000000000000000, 0.0000000000000000000 ) ) ;
#5383 = ORIENTED_EDGE ( 'NONE', *, *, #6006, .T. ) ;
#5384 = DIRECTION ( 'NONE',  ( 0.0000000000000000000, 0.0000000000000000000, -1.000000000000000000 ) ) ;
#5385 = DIRECTION ( 'NONE',  ( 2.168404344971008900E-016, -1.000000000000000000, 0.0000000000000000000 ) ) ;
#5386 = CARTESIAN_POINT ( 'NONE',  ( -1.581109102672853700, -2.010033805446405500, 0.2114833302046593700 ) ) ;
#5387 = CARTESIAN_POINT ( 'NONE',  ( 1.444831122440171300, -1.964917444062676000, 0.5602808843468616300 ) ) ;
#5388 = CARTESIAN_POINT ( 'NONE',  ( 1.355470019622533300, -1.792460257042104000, 0.1630199869183182000 ) ) ;
#5389 = CARTESIAN_POINT ( 'NONE',  ( -1.375854020117678100, -1.930498717294072200, 0.7873447738827070700 ) ) ;
#5390 = B_SPLINE_CURVE_WITH_KNOTS ( 'NONE', 3,
 ( #1472, #3399, #3899, #9, #5330, #2457, #1445, #3443, #3381, #2386 ),
 .UNSPECIFIED., .F., .F.,
 ( 4, 3, 3, 4 ),
 ( 0.0006136797580215906000, 0.0006301906219738285400, 0.0006767694679904529500, 0.0006835603845077801600 ),
 .UNSPECIFIED. ) ;
#5391 = EDGE_CURVE ( 'NONE', #5053, #3792, #2455, .T. ) ;
#5392 = CARTESIAN_POINT ( 'NONE',  ( 1.199136357323343300, -0.6122907154032881700, 0.7304535063930129900 ) ) ;
#5393 = AXIS2_PLACEMENT_3D ( 'NONE', #4340, #1463, #4277 ) ;
#5394 = ORIENTED_EDGE ( 'NONE', *, *, #3600, .F. ) ;
#5395 = CARTESIAN_POINT ( 'NONE',  ( 1.430484139186198200, -1.886276643608636900, -0.05563669936582494500 ) ) ;
#5396 = CARTESIAN_POINT ( 'NONE',  ( -1.011922027653137100E-016, -5.059610138265685700E-017, 0.7900000000000000400 ) ) ;
#5397 = PLANE ( 'NONE',  #3938 ) ;
#5398 = CIRCLE ( 'NONE', #2509, 0.07000000000000004800 ) ;
#5399 = EDGE_CURVE ( 'NONE', #1985, #4691, #5025, .T. ) ;
#5400 = CARTESIAN_POINT ( 'NONE',  ( -1.557106781186549300, -2.249999999999998700, -0.02000000000000000000 ) ) ;
#5401 = ORIENTED_EDGE ( 'NONE', *, *, #5795, .T. ) ;
#5402 = VECTOR ( 'NONE', #1848, 999.9999999999998900 ) ;
#5403 = DIRECTION ( 'NONE',  ( 1.000000000000000000, 0.0000000000000000000, 0.0000000000000000000 ) ) ;
#5404 = VERTEX_POINT ( 'NONE', #3828 ) ;
#5405 = CARTESIAN_POINT ( 'NONE',  ( 1.058578643762691600, 1.999999999999999600, 1.800000000000000000 ) ) ;
#5406 = ORIENTED_EDGE ( 'NONE', *, *, #4609, .F. ) ;
#5407 = ADVANCED_FACE ( 'NONE', ( #987 ), #542, .F. ) ;
#5408 = LINE ( 'NONE', #727, #610 ) ;
#5409 = FACE_OUTER_BOUND ( 'NONE', #5596, .T. ) ;
#5410 = CARTESIAN_POINT ( 'NONE',  ( 1.058578643762690500, -2.000000000000000400, 1.320000000000000100 ) ) ;
#5411 = AXIS2_PLACEMENT_3D ( 'NONE', #5500, #3055, #630 ) ;
#5412 = EDGE_LOOP ( 'NONE', ( #5504, #2653 ) ) ;
#5413 = CARTESIAN_POINT ( 'NONE',  ( -1.309109354586919500, -1.748815057197832000, -0.04901560485402813700 ) ) ;
#5414 = CARTESIAN_POINT ( 'NONE',  ( 1.390139944316616000, -2.020560990978709900, 0.5678711305440444800 ) ) ;
#5415 = CARTESIAN_POINT ( 'NONE',  ( 1.302821425944543900, -1.955026637240917100, 0.5634247380349747300 ) ) ;
#5416 = VERTEX_POINT ( 'NONE', #4236 ) ;
#5417 = B_SPLINE_CURVE_WITH_KNOTS ( 'NONE', 3,
 ( #1326, #352, #4227, #773, #3279, #4728, #1260, #4680, #1825, #2281, #6103, #810, #4162, #3193, #3757, #5213 ),
 .UNSPECIFIED., .F., .F.,
 ( 4, 2, 2, 2, 2, 2, 2, 4 ),
 ( 0.0003063254117819288500, 0.0003446160882546698600, 0.0003829067647274108100, 0.0004594881176728927800, 0.0005360694706183748000, 0.0005743601470911158700, 0.0005935054853274863500, 0.0006126508235638569300 ),
 .UNSPECIFIED. ) ;
#5418 = VECTOR ( 'NONE', #5785, 1000.000000000000000 ) ;
#5419 = EDGE_LOOP ( 'NONE', ( #257, #5317, #4566, #241 ) ) ;
#5420 = CARTESIAN_POINT ( 'NONE',  ( 1.425150132491740600, -1.882964108931130600, 0.5689040848410509300 ) ) ;
#5421 = ORIENTED_EDGE ( 'NONE', *, *, #12, .F. ) ;
#5422 = DIRECTION ( 'NONE',  ( -0.4999999999999985000, -0.4999999999999970000, 0.7071067811865506800 ) ) ;
#5423 = ORIENTED_EDGE ( 'NONE', *, *, #1829, .T. ) ;
#5424 = TOROIDAL_SURFACE ( 'NONE', #490, 0.9750000000000000900, 0.06999999999999996500 ) ;
#5425 = AXIS2_PLACEMENT_3D ( 'NONE', #4081, #5507, #1603 ) ;
#5426 = CARTESIAN_POINT ( 'NONE',  ( 0.0000000000000000000, 0.0000000000000000000, 0.6500000000000000200 ) ) ;
#5427 = CARTESIAN_POINT ( 'NONE',  ( -1.353531742865372400, 1.793318096522787700, 0.1642879330264814300 ) ) ;
#5428 = CARTESIAN_POINT ( 'NONE',  ( -1.244529980377476500, -2.000000000000000400, 0.1630199869183177300 ) ) ;
#5429 = PLANE ( 'NONE',  #1890 ) ;
#5430 = VERTEX_POINT ( 'NONE', #5304 ) ;
#5431 = CIRCLE ( 'NONE', #1963, 0.06999999999999996500 ) ;
#5432 = DIRECTION ( 'NONE',  ( 0.0000000000000000000, -0.0000000000000000000, 1.000000000000000000 ) ) ;
#5433 = CARTESIAN_POINT ( 'NONE',  ( 1.557106781186549300, -2.249999999999998700, -2.699999999999999700 ) ) ;
#5434 = DIRECTION ( 'NONE',  ( -0.6396021490668840600, 0.6396021490668851700, 0.4264014327110609600 ) ) ;
#5435 = AXIS2_PLACEMENT_3D ( 'NONE', #2601, #1188, #4584 ) ;
#5436 = CARTESIAN_POINT ( 'NONE',  ( 1.064058914066029700, -0.2217957459904825200, 0.7309247466533542700 ) ) ;
#5437 = VECTOR ( 'NONE', #3754, 1000.000000000000100 ) ;
#5438 = DIRECTION ( 'NONE',  ( 0.2342367498876011300, -0.9705052957910989000, 0.05703170910576935100 ) ) ;
#5439 = CARTESIAN_POINT ( 'NONE',  ( 1.850000000000000100, -1.208578643762689800, 1.320000000000000100 ) ) ;
#5440 = CARTESIAN_POINT ( 'NONE',  ( -1.385370504512468200, -2.032039050350132200, 0.6594159721729863100 ) ) ;
#5441 = B_SPLINE_CURVE_WITH_KNOTS ( 'NONE', 3,
 ( #5958, #3573, #2627, #5546, #2096, #3610 ),
 .UNSPECIFIED., .F., .F.,
 ( 4, 2, 4 ),
 ( 0.8923344729113776900, 0.9461672364556887900, 1.000000000000000000 ),
 .UNSPECIFIED. ) ;
#5442 = AXIS2_PLACEMENT_3D ( 'NONE', #2276, #1765, #3617 ) ;
#5443 = ORIENTED_EDGE ( 'NONE', *, *, #3882, .T. ) ;
#5444 = CARTESIAN_POINT ( 'NONE',  ( 1.440950537737103500, -1.921369670871272400, 0.5737035612165306600 ) ) ;
#5445 = EDGE_CURVE ( 'NONE', #4280, #5181, #5246, .T. ) ;
#5446 = CARTESIAN_POINT ( 'NONE',  ( -1.450000000000000200, -1.761606575163160000, 0.1000000000000000100 ) ) ;
#5447 = DIRECTION ( 'NONE',  ( -0.0000000000000000000, -0.0000000000000000000, -1.000000000000000000 ) ) ;
#5448 = ADVANCED_FACE ( 'NONE', ( #4937 ), #1839, .F. ) ;
#5449 = CARTESIAN_POINT ( 'NONE',  ( -2.023844055306274300E-016, -1.011922027653137100E-016, 0.9300000000000000500 ) ) ;
#5450 = CARTESIAN_POINT ( 'NONE',  ( 1.355470019625613500, 1.792460257040340700, 0.1630199869215777600 ) ) ;
#5451 = VECTOR ( 'NONE', #2488, 1000.000000000000000 ) ;
#5452 = CARTESIAN_POINT ( 'NONE',  ( -1.058578643762691200, 1.900000000000000100, 1.800000000000000000 ) ) ;
#5453 = EDGE_CURVE ( 'NONE', #4206, #6154, #5558, .T. ) ;
#5454 = CARTESIAN_POINT ( 'NONE',  ( 1.300000000000000000, -2.000000000000000400, 0.1798149574845394600 ) ) ;
#5455 = ORIENTED_EDGE ( 'NONE', *, *, #3387, .F. ) ;
#5456 = CARTESIAN_POINT ( 'NONE',  ( 1.900000000000000800, -1.749999999999998900, -0.02000000000000000000 ) ) ;
#5457 = CARTESIAN_POINT ( 'NONE',  ( -1.899999999999999900, 1.749999999999998900, -0.02000000000000000000 ) ) ;
#5458 = CARTESIAN_POINT ( 'NONE',  ( 1.062941362373204700, -0.4934134020951169200, 0.7380160604253255300 ) ) ;
#5459 = ORIENTED_EDGE ( 'NONE', *, *, #3488, .F. ) ;
#5460 = CARTESIAN_POINT ( 'NONE',  ( 1.235616615442382000, -1.514921259908105700, 0.7439557316890574900 ) ) ;
#5461 = CARTESIAN_POINT ( 'NONE',  ( -0.9750000000000004200, -1.517883041479705700E-016, 1.070000000000000100 ) ) ;
#5462 = ORIENTED_EDGE ( 'NONE', *, *, #5072, .T. ) ;
#5463 = CARTESIAN_POINT ( 'NONE',  ( 1.284170826029907600, -1.875582830880177400, 0.08366854218829025700 ) ) ;
#5464 = CARTESIAN_POINT ( 'NONE',  ( -1.352550158557974400, 1.793758191154304600, 0.1648942195613273500 ) ) ;
#5465 = DIRECTION ( 'NONE',  ( 0.0000000000000000000, -0.0000000000000000000, 1.000000000000000000 ) ) ;
#5466 = EDGE_CURVE ( 'NONE', #1830, #4184, #1215, .T. ) ;
#5467 = CARTESIAN_POINT ( 'NONE',  ( 1.557106781186549500, -1.749999999999998900, 0.1000000000000000100 ) ) ;
#5468 = CARTESIAN_POINT ( 'NONE',  ( 1.058578643762691400, 1.899999999999999500, -2.699999999999999700 ) ) ;
#5469 = DIRECTION ( 'NONE',  ( -0.0000000000000000000, 1.000000000000000000, -0.0000000000000000000 ) ) ;
#5470 = ADVANCED_FACE ( 'NONE', ( #4254 ), #4759, .F. ) ;
#5471 = CARTESIAN_POINT ( 'NONE',  ( -0.9050000000000001400, 0.0000000000000000000, 0.6500000000000000200 ) ) ;
#5472 = DIRECTION ( 'NONE',  ( -1.000000000000000000, 0.0000000000000000000, 0.0000000000000000000 ) ) ;
#5473 = VECTOR ( 'NONE', #5909, 1000.000000000000000 ) ;
#5474 = CARTESIAN_POINT ( 'NONE',  ( 1.302802032159012800, -1.954895436786072500, 0.5655734472823263900 ) ) ;
#5475 = LOCAL_TIME ( 13, 48, 54.00000000000000000, #2291 ) ;
#5476 = ORIENTED_EDGE ( 'NONE', *, *, #3751, .F. ) ;
#5477 = EDGE_CURVE ( 'NONE', #1506, #3862, #5865, .T. ) ;
#5478 = CARTESIAN_POINT ( 'NONE',  ( 1.268183497639340000, -1.734299895924043200, 0.6944497573326534600 ) ) ;
#5479 = CARTESIAN_POINT ( 'NONE',  ( 1.385901719866393900, -1.779049073466246700, 0.1427321867557492500 ) ) ;
#5480 = VECTOR ( 'NONE', #1006, 1000.000000000000000 ) ;
#5481 = CARTESIAN_POINT ( 'NONE',  ( 1.259433963178959100, -1.770177400634932700, -0.07014724859975024500 ) ) ;
#5482 = EDGE_CURVE ( 'NONE', #5713, #3645, #3946, .T. ) ;
#5483 = EDGE_LOOP ( 'NONE', ( #3683, #1888, #222, #4021 ) ) ;
#5484 = ORIENTED_EDGE ( 'NONE', *, *, #4368, .T. ) ;
#5485 = DIRECTION ( 'NONE',  ( -1.000000000000000000, 0.0000000000000000000, -0.0000000000000000000 ) ) ;
#5486 = CIRCLE ( 'NONE', #5442, 0.06999999999999981200 ) ;
#5487 = VERTEX_POINT ( 'NONE', #1383 ) ;
#5488 = DIRECTION ( 'NONE',  ( -0.0000000000000000000, 1.000000000000000000, -0.0000000000000000000 ) ) ;
#5489 = ORIENTED_EDGE ( 'NONE', *, *, #4064, .T. ) ;
#5490 = ORIENTED_EDGE ( 'NONE', *, *, #3709, .T. ) ;
#5491 = DIRECTION ( 'NONE',  ( -0.0000000000000000000, -0.0000000000000000000, -1.000000000000000000 ) ) ;
#5492 = TOROIDAL_SURFACE ( 'NONE', #4393, 0.9750000000000000900, 0.06999999999999996500 ) ;
#5493 = DIRECTION ( 'NONE',  ( -1.000000000000000000, 0.0000000000000000000, 0.0000000000000000000 ) ) ;
#5494 = AXIS2_PLACEMENT_3D ( 'NONE', #5326, #527, #6268 ) ;
#5495 = ORIENTED_EDGE ( 'NONE', *, *, #5445, .T. ) ;
#5496 = CARTESIAN_POINT ( 'NONE',  ( 1.353531742865377900, -1.793318096522785100, 0.1642879330264847800 ) ) ;
#5497 = CARTESIAN_POINT ( 'NONE',  ( 1.899999999999999900, 1.749999999999998900, 0.6000000000000003100 ) ) ;
#5498 = CIRCLE ( 'NONE', #3731, 1.195000000000000100 ) ;
#5499 = CARTESIAN_POINT ( 'NONE',  ( 1.252779844938759700, -1.641661238820832900, 0.7057693623220162600 ) ) ;
#5500 = CARTESIAN_POINT ( 'NONE',  ( 0.0000000000000000000, 0.0000000000000000000, 0.0000000000000000000 ) ) ;
#5501 = CARTESIAN_POINT ( 'NONE',  ( -1.425808955202558800, -1.990492459645651500, 0.2114833302046589300 ) ) ;
#5502 = DIRECTION ( 'NONE',  ( 0.0000000000000000000, 0.0000000000000000000, 1.000000000000000000 ) ) ;
#5503 = ADVANCED_FACE ( 'NONE', ( #2693 ), #6218, .T. ) ;
#5504 = ORIENTED_EDGE ( 'NONE', *, *, #3873, .F. ) ;
#5505 = VECTOR ( 'NONE', #2792, 1000.000000000000000 ) ;
#5506 = PLANE ( 'NONE',  #6248 ) ;
#5507 = DIRECTION ( 'NONE',  ( 0.0000000000000000000, 0.0000000000000000000, 1.000000000000000000 ) ) ;
#5508 = CARTESIAN_POINT ( 'NONE',  ( 1.441857673494982800, -1.947875319771004100, 0.5602808843468616300 ) ) ;
#5509 = CARTESIAN_POINT ( 'NONE',  ( 0.9953375321344922800, -0.3411403631127159500, 0.6863374724539624800 ) ) ;
#5510 = AXIS2_PLACEMENT_3D ( 'NONE', #3770, #1357, #2303 ) ;
#5511 = DIRECTION ( 'NONE',  ( 1.000000000000000000, 0.0000000000000000000, 0.0000000000000000000 ) ) ;
#5512 = ORIENTED_EDGE ( 'NONE', *, *, #2237, .F. ) ;
#5513 = EDGE_CURVE ( 'NONE', #1337, #5741, #3461, .T. ) ;
#5514 = ORIENTED_EDGE ( 'NONE', *, *, #4900, .T. ) ;
#5515 = DIRECTION ( 'NONE',  ( 0.0000000000000000000, 1.000000000000000000, 0.0000000000000000000 ) ) ;
#5516 = CARTESIAN_POINT ( 'NONE',  ( 1.343462271940650600, -1.797832757222623400, 0.1705074544559457800 ) ) ;
#5517 = CARTESIAN_POINT ( 'NONE',  ( -3.956305664607649300, 1.978152832303825300, 0.6000000000000002000 ) ) ;
#5518 = CARTESIAN_POINT ( 'NONE',  ( 1.305923975259979200, -1.967540634311479400, 0.5736623775203350000 ) ) ;
#5519 = EDGE_CURVE ( 'NONE', #982, #4409, #4884, .T. ) ;
#5520 = ORIENTED_EDGE ( 'NONE', *, *, #1033, .T. ) ;
#5521 = CARTESIAN_POINT ( 'NONE',  ( 1.307816724202899700, -1.816482373719215100, 0.1798149574845394600 ) ) ;
#5522 = ORIENTED_EDGE ( 'NONE', *, *, #5225, .F. ) ;
#5523 = CARTESIAN_POINT ( 'NONE',  ( -1.203553390593275400, -1.896446609406725200, 0.1357022603955296600 ) ) ;
#5524 = CIRCLE ( 'NONE', #291, 0.06999999999999996500 ) ;
#5525 = CARTESIAN_POINT ( 'NONE',  ( 1.274999999999999900, 5.495026412597382500E-017, 0.9300000000000000500 ) ) ;
#5526 = ORIENTED_EDGE ( 'NONE', *, *, #505, .F. ) ;
#5527 = ORIENTED_EDGE ( 'NONE', *, *, #4863, .T. ) ;
#5528 = DIRECTION ( 'NONE',  ( 0.0000000000000000000, 0.0000000000000000000, -1.000000000000000000 ) ) ;
#5529 = CC_DESIGN_APPROVAL ( #5126, ( #110 ) ) ;
#5530 = ADVANCED_FACE ( 'NONE', ( #2366 ), #2072, .T. ) ;
#5531 = ORIENTED_EDGE ( 'NONE', *, *, #1274, .F. ) ;
#5532 = CARTESIAN_POINT ( 'NONE',  ( 2.244512266936270800E-016, 1.832783353125968500, 1.319999999999999600 ) ) ;
#5533 = AXIS2_PLACEMENT_3D ( 'NONE', #5954, #2533, #1011 ) ;
#5534 = CARTESIAN_POINT ( 'NONE',  ( 1.296355900838102000, -1.908757992707869500, 0.6459432015043691200 ) ) ;
#5535 = CARTESIAN_POINT ( 'NONE',  ( 0.0000000000000000000, 0.0000000000000000000, 0.6000000000000000900 ) ) ;
#5536 = CARTESIAN_POINT ( 'NONE',  ( 1.333577262677624600, -1.802608175322400400, 0.1745569797625583500 ) ) ;
#5537 = LINE ( 'NONE', #5457, #216 ) ;
#5538 = DIRECTION ( 'NONE',  ( -0.9735496498892578500, -0.2284755549298507500, -3.872150616019669200E-016 ) ) ;
#5539 = CYLINDRICAL_SURFACE ( 'NONE', #3229, 0.1000000000000000500 ) ;
#5540 = DIRECTION ( 'NONE',  ( -0.0000000000000000000, 1.000000000000000000, -0.0000000000000000000 ) ) ;
#5541 = CIRCLE ( 'NONE', #4127, 0.06999999999999997900 ) ;
#5542 = COORDINATED_UNIVERSAL_TIME_OFFSET ( 8, 0, .AHEAD. ) ;
#5543 = CARTESIAN_POINT ( 'NONE',  ( -1.899999999999999900, 1.649999999999998800, 0.1000000000000000100 ) ) ;
#5544 = ORIENTED_EDGE ( 'NONE', *, *, #1451, .T. ) ;
#5545 = LINE ( 'NONE', #6301, #4244 ) ;
#5546 = CARTESIAN_POINT ( 'NONE',  ( 1.284170826029907600, -1.875582830880177400, 0.08366854218829025700 ) ) ;
#5547 = CARTESIAN_POINT ( 'NONE',  ( -1.302660284953759200, -1.744508065544181800, 0.09076944199921020700 ) ) ;
#5548 = CIRCLE ( 'NONE', #4764, 0.06999999999999999300 ) ;
#5549 = TOROIDAL_SURFACE ( 'NONE', #1042, 1.275000000000000100, 0.06999999999999996500 ) ;
#5550 = AXIS2_PLACEMENT_3D ( 'NONE', #2267, #5183, #5203 ) ;
#5551 = EDGE_LOOP ( 'NONE', ( #1721, #5706, #5207, #2015, #5797, #4550, #5394, #5362 ) ) ;
#5552 = CARTESIAN_POINT ( 'NONE',  ( -1.058578643762691200, 1.899999999999999500, 1.800000000000000000 ) ) ;
#5553 = ORIENTED_EDGE ( 'NONE', *, *, #3538, .T. ) ;
#5554 = EDGE_CURVE ( 'NONE', #1885, #86, #4632, .T. ) ;
#5555 = CARTESIAN_POINT ( 'NONE',  ( 1.323694266692776000, -1.807825149881073100, 0.1769673209446819800 ) ) ;
#5556 = CARTESIAN_POINT ( 'NONE',  ( -1.899999999999999900, 1.649999999999998800, 0.0000000000000000000 ) ) ;
#5557 = EDGE_LOOP ( 'NONE', ( #3053, #255, #1911, #2639 ) ) ;
#5558 = LINE ( 'NONE', #4259, #1536 ) ;
#5559 = EDGE_CURVE ( 'NONE', #3645, #3862, #4490, .T. ) ;
#5560 = CONICAL_SURFACE ( 'NONE', #1239, 0.09999999999999939500, 0.7853981633974439500 ) ;
#5561 = DIRECTION ( 'NONE',  ( -1.000000000000000000, 0.0000000000000000000, 0.0000000000000000000 ) ) ;
#5562 = ORIENTED_EDGE ( 'NONE', *, *, #3444, .T. ) ;
#5563 = CARTESIAN_POINT ( 'NONE',  ( 2.000000000000000000, 1.649999999999998800, 0.1000000000000000100 ) ) ;
#5564 = ORIENTED_EDGE ( 'NONE', *, *, #4740, .T. ) ;
#5565 = ORIENTED_EDGE ( 'NONE', *, *, #1746, .T. ) ;
#5566 = ORIENTED_EDGE ( 'NONE', *, *, #4361, .F. ) ;
#5567 = CIRCLE ( 'NONE', #6187, 0.5000000000000000000 ) ;
#5568 = EDGE_CURVE ( 'NONE', #148, #4106, #980, .T. ) ;
#5569 = CARTESIAN_POINT ( 'NONE',  ( 1.316288991556964900, -1.995038563466009700, 0.5632204644827972800 ) ) ;
#5570 = EDGE_LOOP ( 'NONE', ( #348, #1607, #6223, #5971, #126, #2909, #4859, #2189, #1180, #2263 ) ) ;
#5571 = ORIENTED_EDGE ( 'NONE', *, *, #2679, .F. ) ;
#5572 = FACE_OUTER_BOUND ( 'NONE', #1374, .T. ) ;
#5573 = DIRECTION ( 'NONE',  ( -0.7071067811865444600, 0.0000000000000000000, -0.7071067811865505700 ) ) ;
#5574 = ORIENTED_EDGE ( 'NONE', *, *, #3273, .T. ) ;
#5575 = CARTESIAN_POINT ( 'NONE',  ( -1.435433069539317400, -1.887958567926494100, 0.1213625121987677200 ) ) ;
#5576 = DIRECTION ( 'NONE',  ( 0.0000000000000000000, -1.000000000000000000, 0.0000000000000000000 ) ) ;
#5577 = FACE_OUTER_BOUND ( 'NONE', #4497, .T. ) ;
#5578 = DIRECTION ( 'NONE',  ( 4.362829542081668900E-016, 1.457167719820517700E-016, -1.000000000000000000 ) ) ;
#5579 = ORIENTED_EDGE ( 'NONE', *, *, #3159, .T. ) ;
#5580 = CARTESIAN_POINT ( 'NONE',  ( -1.489048137010669200, -1.973793673732087800, 0.8581207737622053000 ) ) ;
#5581 = DIRECTION ( 'NONE',  ( -1.224646799147353200E-016, 1.000000000000000000, 0.0000000000000000000 ) ) ;
#5582 = EDGE_LOOP ( 'NONE', ( #3402, #397, #2688, #2079 ) ) ;
#5583 = ORIENTED_EDGE ( 'NONE', *, *, #5355, .F. ) ;
#5584 = DIRECTION ( 'NONE',  ( 0.0000000000000000000, 1.000000000000000000, 0.0000000000000000000 ) ) ;
#5585 = VECTOR ( 'NONE', #5718, 1000.000000000000000 ) ;
#5586 = CARTESIAN_POINT ( 'NONE',  ( -1.425808955202558800, -1.990492459645651500, 0.2114833302046589300 ) ) ;
#5587 = CARTESIAN_POINT ( 'NONE',  ( 1.058578643762690500, -2.000000000000000400, 1.800000000000000000 ) ) ;
#5588 = AXIS2_PLACEMENT_3D ( 'NONE', #5992, #3523, #2099 ) ;
#5589 = CARTESIAN_POINT ( 'NONE',  ( 1.900000000000000800, -1.649999999999998600, 1.800000000000000000 ) ) ;
#5590 = LINE ( 'NONE', #1704, #1650 ) ;
#5591 = ORIENTED_EDGE ( 'NONE', *, *, #3273, .F. ) ;
#5592 = CARTESIAN_POINT ( 'NONE',  ( -1.850000000000000100, 1.208578643762689800, 1.320000000000000100 ) ) ;
#5593 = EDGE_CURVE ( 'NONE', #349, #2232, #1369, .T. ) ;
#5594 = CARTESIAN_POINT ( 'NONE',  ( 1.316322568654789500, -1.995076217313415800, 0.5602808843468615200 ) ) ;
#5595 = DIRECTION ( 'NONE',  ( -1.000000000000000000, 0.0000000000000000000, 0.0000000000000000000 ) ) ;
#5596 = EDGE_LOOP ( 'NONE', ( #6075, #4179, #1332, #686, #830, #1609, #5180, #3728, #3452, #3216, #5173, #270, #4373, #1421, #1053, #774, #6232, #2979, #2280, #2975, #2581, #1842, #5062, #2020 ) ) ;
#5597 = DIRECTION ( 'NONE',  ( -0.0000000000000000000, -0.0000000000000000000, 1.000000000000000000 ) ) ;
#5598 = EDGE_CURVE ( 'NONE', #546, #881, #5860, .T. ) ;
#5599 =( BOUNDED_SURFACE ( )  B_SPLINE_SURFACE ( 3, 3, ( 
 ( #5532, #221, #717, #4120 ),
 ( #5086, #180, #2694, #4532 ),
 ( #1216, #5114, #3170, #5602 ),
 ( #4055, #5517, #4549, #5044 ) ),
 .UNSPECIFIED., .F., .F., .T. ) 
 B_SPLINE_SURFACE_WITH_KNOTS ( ( 4, 4 ),
 ( 4, 4 ),
 ( 0.0000000000000000000, 1.000000000000000000 ),
 ( 0.0000000000000000000, 1.000000000000000000 ),
 .UNSPECIFIED. ) 
 GEOMETRIC_REPRESENTATION_ITEM ( )  RATIONAL_B_SPLINE_SURFACE ( (
 ( 1.000000000000000000, 0.3333333333333334300, 0.3333333333333334300, 1.000000000000000000),
 ( 1.000000000000000000, 0.3333333333333334300, 0.3333333333333334300, 1.000000000000000000),
 ( 1.000000000000000000, 0.3333333333333334300, 0.3333333333333334300, 1.000000000000000000),
 ( 1.000000000000000000, 0.3333333333333334300, 0.3333333333333334300, 1.000000000000000000) ) ) 
 REPRESENTATION_ITEM ( '' )  SURFACE ( )  );
#5600 = DIRECTION ( 'NONE',  ( 0.0000000000000000000, -1.000000000000000000, 0.0000000000000000000 ) ) ;
#5601 = ORIENTED_EDGE ( 'NONE', *, *, #3486, .F. ) ;
#5602 = CARTESIAN_POINT ( 'NONE',  ( -4.609147916751439200E-016, -1.881827446068739000, 0.6956689149482788700 ) ) ;
#5603 = AXIS2_PLACEMENT_3D ( 'NONE', #1175, #2696, #1686 ) ;
#5604 = CARTESIAN_POINT ( 'NONE',  ( 1.293493389417041100, -1.894572293629062300, 0.6371063011304486400 ) ) ;
#5605 = EDGE_CURVE ( 'NONE', #6027, #4461, #4171, .T. ) ;
#5606 =( NAMED_UNIT ( * ) PLANE_ANGLE_UNIT ( ) SI_UNIT ( $, .RADIAN. ) );
#5607 = ORIENTED_EDGE ( 'NONE', *, *, #3064, .F. ) ;
#5608 = CARTESIAN_POINT ( 'NONE',  ( 1.330978092676908800, -1.698758083726786600, 0.5966785597878265800 ) ) ;
#5609 = DIRECTION ( 'NONE',  ( -1.000000000000000000, 0.0000000000000000000, 0.0000000000000000000 ) ) ;
#5610 = DIRECTION ( 'NONE',  ( -1.000000000000000000, -1.264769453577745100E-015, 0.0000000000000000000 ) ) ;
#5611 = CARTESIAN_POINT ( 'NONE',  ( 1.273050585696832800, -1.828198741644449400, 0.07195111063651593600 ) ) ;
#5612 = CARTESIAN_POINT ( 'NONE',  ( -1.899999999999999900, -1.649999999999998600, 0.1000000000000000100 ) ) ;
#5613 = CARTESIAN_POINT ( 'NONE',  ( -1.384579078692293600, -1.823595636521558000, 0.09254041470447567400 ) ) ;
#5614 = AXIS2_PLACEMENT_3D ( 'NONE', #2523, #2106, #3076 ) ;
#5615 = DIRECTION ( 'NONE',  ( -1.000000000000000000, 0.0000000000000000000, 0.0000000000000000000 ) ) ;
#5616 = CARTESIAN_POINT ( 'NONE',  ( 2.000000000000000000, 1.649999999999998800, 0.0000000000000000000 ) ) ;
#5617 = AXIS2_PLACEMENT_3D ( 'NONE', #947, #5350, #2936 ) ;
#5618 = ORIENTED_EDGE ( 'NONE', *, *, #12, .T. ) ;
#5619 = CARTESIAN_POINT ( 'NONE',  ( 1.285455151082096000, -1.829889312330008200, 0.1798149574845394600 ) ) ;
#5620 = FACE_OUTER_BOUND ( 'NONE', #4608, .T. ) ;
#5621 = ADVANCED_FACE ( 'NONE', ( #4018 ), #1210, .F. ) ;
#5622 = PERSON_AND_ORGANIZATION ( #158, #6139 ) ;
#5623 = CARTESIAN_POINT ( 'NONE',  ( 1.063090605681652500, -0.6304183641907329400, 0.6751821512335102200 ) ) ;
#5624 = VERTEX_POINT ( 'NONE', #6284 ) ;
#5625 = CARTESIAN_POINT ( 'NONE',  ( -1.341959090447943300, -0.4043621318664536400, 1.063540507220092700 ) ) ;
#5626 = DIRECTION ( 'NONE',  ( -0.0000000000000000000, -0.0000000000000000000, -1.000000000000000000 ) ) ;
#5627 = AXIS2_PLACEMENT_3D ( 'NONE', #5291, #3364, #3275 ) ;
#5628 = TOROIDAL_SURFACE ( 'NONE', #922, 1.275000000000000100, 0.06999999999999996500 ) ;
#5629 = PLANE ( 'NONE',  #3062 ) ;
#5630 = DIRECTION ( 'NONE',  ( -1.000000000000000000, -1.224646799147354200E-016, 0.0000000000000000000 ) ) ;
#5631 = ORIENTED_EDGE ( 'NONE', *, *, #4902, .F. ) ;
#5632 = FACE_OUTER_BOUND ( 'NONE', #651, .T. ) ;
#5633 = CARTESIAN_POINT ( 'NONE',  ( -1.899999999999999900, -1.649999999999998600, 0.1000000000000000100 ) ) ;
#5634 = EDGE_CURVE ( 'NONE', #4798, #2700, #537, .T. ) ;
#5635 = ORIENTED_EDGE ( 'NONE', *, *, #3151, .T. ) ;
#5636 = CARTESIAN_POINT ( 'NONE',  ( -1.294117293145407500, -1.824751214957809300, 0.1796417763262804800 ) ) ;
#5637 = FACE_OUTER_BOUND ( 'NONE', #2248, .T. ) ;
#5638 = CARTESIAN_POINT ( 'NONE',  ( 1.300000000000000000, -1.821168910795995200, 0.1798149574845394600 ) ) ;
#5639 = CARTESIAN_POINT ( 'NONE',  ( 1.302821425944543900, -1.955026637240917100, 0.5634247380349747300 ) ) ;
#5640 = AXIS2_PLACEMENT_3D ( 'NONE', #3271, #4674, #1316 ) ;
#5641 = CARTESIAN_POINT ( 'NONE',  ( -1.430287140920247300, -0.4007722763789980400, 0.9549805309980000700 ) ) ;
#5642 = ORIENTED_EDGE ( 'NONE', *, *, #4248, .T. ) ;
#5643 = AXIS2_PLACEMENT_3D ( 'NONE', #1983, #5869, #3861 ) ;
#5644 = DIRECTION ( 'NONE',  ( 0.0000000000000000000, 0.0000000000000000000, 1.000000000000000000 ) ) ;
#5645 = VECTOR ( 'NONE', #5746, 1000.000000000000000 ) ;
#5646 = CARTESIAN_POINT ( 'NONE',  ( 1.203553390593275400, 1.896446609406725200, 0.6000000000000003100 ) ) ;
#5647 = CARTESIAN_POINT ( 'NONE',  ( -4.047688110612548600E-016, -2.023844055306274300E-016, 1.210000000000000200 ) ) ;
#5648 = DIRECTION ( 'NONE',  ( 0.0000000000000000000, -0.7071067811865444600, 0.7071067811865505700 ) ) ;
#5649 = ADVANCED_FACE ( 'NONE', ( #5238 ), #1508, .F. ) ;
#5650 = AXIS2_PLACEMENT_3D ( 'NONE', #1034, #3491, #4445 ) ;
#5651 = EDGE_LOOP ( 'NONE', ( #3834, #1701, #2620, #5024 ) ) ;
#5652 =( BOUNDED_CURVE ( )  B_SPLINE_CURVE ( 3, ( #1411, #1473, #5843, #883 ),
 .UNSPECIFIED., .F., .T. ) 
 B_SPLINE_CURVE_WITH_KNOTS ( ( 4, 4 ),
 ( 0.7853981633974469500, 1.570796326794896800 ),
 .UNSPECIFIED. ) 
 CURVE ( )  GEOMETRIC_REPRESENTATION_ITEM ( )  RATIONAL_B_SPLINE_CURVE ( ( 1.000000000000000000, 0.9492530216741910100, 0.9492530216741910100, 1.000000000000000000 ) ) 
 REPRESENTATION_ITEM ( '' )  );
#5653 = CARTESIAN_POINT ( 'NONE',  ( 1.311649607284030900, -1.967485029237790800, 0.6340941373217745500 ) ) ;
#5654 = DIRECTION ( 'NONE',  ( -1.000000000000000000, 0.0000000000000000000, 0.0000000000000000000 ) ) ;
#5655 = CARTESIAN_POINT ( 'NONE',  ( -1.503355967044131900, -2.126457385102339600, 0.5425692145625747900 ) ) ;
#5656 = ORIENTED_EDGE ( 'NONE', *, *, #4694, .F. ) ;
#5657 = ORIENTED_EDGE ( 'NONE', *, *, #3398, .T. ) ;
#5658 = CARTESIAN_POINT ( 'NONE',  ( -1.300000000000000300, 1.821168910795995200, 0.1798149574845336900 ) ) ;
#5659 = AXIS2_PLACEMENT_3D ( 'NONE', #2727, #3529, #4074 ) ;
#5660 = B_SPLINE_CURVE_WITH_KNOTS ( 'NONE', 3,
 ( #2845, #2343, #435, #1429, #5288, #449, #4291, #5762, #2389, #4826 ),
 .UNSPECIFIED., .F., .F.,
 ( 4, 2, 2, 2, 4 ),
 ( 0.0000000000000000000, 0.3656516770693527500, 0.5484775156040291300, 0.6398904348713673200, 0.7313033541387055100 ),
 .UNSPECIFIED. ) ;
#5661 = CARTESIAN_POINT ( 'NONE',  ( 1.295289679315916300, -1.898101245887083600, 0.5856426358504909200 ) ) ;
#5662 = CARTESIAN_POINT ( 'NONE',  ( -1.557733639918329000, -1.760618982181498400, 0.8543895842914589500 ) ) ;
#5663 = DIRECTION ( 'NONE',  ( -1.000000000000000000, 0.0000000000000000000, 0.0000000000000000000 ) ) ;
#5664 = VERTEX_POINT ( 'NONE', #3035 ) ;
#5665 = CARTESIAN_POINT ( 'NONE',  ( -1.244529980377476500, -2.000000000000000400, 0.1630199869183177300 ) ) ;
#5666 = ORIENTED_EDGE ( 'NONE', *, *, #1741, .F. ) ;
#5667 = CARTESIAN_POINT ( 'NONE',  ( 1.302832396748178100, -1.955101034237787000, 0.5602808843468616300 ) ) ;
#5668 = AXIS2_PLACEMENT_3D ( 'NONE', #4542, #5974, #5010 ) ;
#5669 = DIRECTION ( 'NONE',  ( -0.0000000000000000000, -0.0000000000000000000, -1.000000000000000000 ) ) ;
#5670 = EDGE_LOOP ( 'NONE', ( #4476, #2003, #2760, #2074 ) ) ;
#5671 = EDGE_CURVE ( 'NONE', #4105, #4621, #682, .T. ) ;
#5672 = ORIENTED_EDGE ( 'NONE', *, *, #668, .F. ) ;
#5673 = EDGE_CURVE ( 'NONE', #3238, #3769, #5168, .T. ) ;
#5674 = CARTESIAN_POINT ( 'NONE',  ( 1.439128619201252900, -1.923109524111801900, 0.5608395495076016200 ) ) ;
#5675 = CARTESIAN_POINT ( 'NONE',  ( -1.350000000000001400, -1.749999999999998700, 1.699999999999999700 ) ) ;
#5676 = CARTESIAN_POINT ( 'NONE',  ( 1.300104070985870000, -1.930340171014391000, 0.5602808843468618500 ) ) ;
#5677 = EDGE_CURVE ( 'NONE', #2917, #517, #5018, .T. ) ;
#5678 = CARTESIAN_POINT ( 'NONE',  ( -0.9999999999998878700, 1.999999999999999600, -0.02000000000000000000 ) ) ;
#5679 = CARTESIAN_POINT ( 'NONE',  ( 1.126668327439370300, -0.5981610176847689300, 0.6032181606039100900 ) ) ;
#5680 = VERTEX_POINT ( 'NONE', #3956 ) ;
#5681 = DIRECTION ( 'NONE',  ( -0.09322616750117038200, -0.9947177660247572600, 0.04295867371975430800 ) ) ;
#5682 = CIRCLE ( 'NONE', #1362, 0.9050000000000001400 ) ;
#5683 = CARTESIAN_POINT ( 'NONE',  ( 1.850000000000000100, -1.249999999999998900, 0.6000000000000000900 ) ) ;
#5684 = TOROIDAL_SURFACE ( 'NONE', #5533, 0.9750000000000000900, 0.06999999999999996500 ) ;
#5685 = ORIENTED_EDGE ( 'NONE', *, *, #5716, .F. ) ;
#5686 = CARTESIAN_POINT ( 'NONE',  ( 1.200191577713609000, -0.6011486263222430800, 0.6876937339852587900 ) ) ;
#5687 = LINE ( 'NONE', #5309, #5166 ) ;
#5688 = EDGE_LOOP ( 'NONE', ( #932, #1689, #5566, #444, #5286, #5282, #3950, #1824 ) ) ;
#5689 = FACE_OUTER_BOUND ( 'NONE', #6066, .T. ) ;
#5690 = AXIS2_PLACEMENT_3D ( 'NONE', #3086, #4068, #653 ) ;
#5691 = EDGE_LOOP ( 'NONE', ( #2181, #3841, #4404, #33 ) ) ;
#5692 = CARTESIAN_POINT ( 'NONE',  ( 1.253596122045569100, -1.852611967832986700, 0.1685541873551815200 ) ) ;
#5693 = VERTEX_POINT ( 'NONE', #5948 ) ;
#5694 = EDGE_CURVE ( 'NONE', #6041, #4260, #3869, .T. ) ;
#5695 = CARTESIAN_POINT ( 'NONE',  ( 1.302831678719193600, -1.955096157422869800, 0.5608307523830009500 ) ) ;
#5696 = B_SPLINE_CURVE_WITH_KNOTS ( 'NONE', 3,
 ( #3323, #3704, #1880, #6133, #3264, #4907, #3858, #3765, #6165, #2149 ),
 .UNSPECIFIED., .F., .F.,
 ( 4, 3, 3, 4 ),
 ( 0.0006167044498205450000, 0.0006203433764494239100, 0.0006543598560944968100, 0.0006813387129380064600 ),
 .UNSPECIFIED. ) ;
#5697 = CARTESIAN_POINT ( 'NONE',  ( 1.425280913691176800, -1.883170883597492500, 0.5677110504151590100 ) ) ;
#5698 = FACE_OUTER_BOUND ( 'NONE', #1467, .T. ) ;
#5699 = DIRECTION ( 'NONE',  ( -1.000000000000000000, -1.224646799147353200E-016, 0.0000000000000000000 ) ) ;
#5700 = DIRECTION ( 'NONE',  ( 0.8303201804605342400, 0.5545268217779104600, -0.05539315705821073300 ) ) ;
#5701 = FACE_BOUND ( 'NONE', #5412, .T. ) ;
#5702 = ORIENTED_EDGE ( 'NONE', *, *, #6125, .T. ) ;
#5703 = CARTESIAN_POINT ( 'NONE',  ( 1.265704240686907700, -1.721153510050636800, 0.6821468981065147400 ) ) ;
#5704 = EDGE_LOOP ( 'NONE', ( #4729, #391, #6190, #5259 ) ) ;
#5705 = CARTESIAN_POINT ( 'NONE',  ( -1.850000000000000100, -1.249999999999999100, 1.320000000000000100 ) ) ;
#5706 = ORIENTED_EDGE ( 'NONE', *, *, #1677, .F. ) ;
#5707 = CYLINDRICAL_SURFACE ( 'NONE', #3353, 0.1000000000000000500 ) ;
#5708 = EDGE_CURVE ( 'NONE', #4378, #1798, #6147, .T. ) ;
#5709 = CARTESIAN_POINT ( 'NONE',  ( 1.274154463858110800, -1.832902440461548400, 0.2229737837424165500 ) ) ;
#5710 = DIRECTION ( 'NONE',  ( -0.0000000000000000000, -0.0000000000000000000, -1.000000000000000000 ) ) ;
#5711 = ORIENTED_EDGE ( 'NONE', *, *, #3804, .F. ) ;
#5712 = DIRECTION ( 'NONE',  ( -1.000000000000000000, 0.0000000000000000000, 0.0000000000000000000 ) ) ;
#5713 = VERTEX_POINT ( 'NONE', #162 ) ;
#5714 = FACE_OUTER_BOUND ( 'NONE', #4287, .T. ) ;
#5715 = DIRECTION ( 'NONE',  ( -0.0000000000000000000, -0.0000000000000000000, -1.000000000000000000 ) ) ;
#5716 = EDGE_CURVE ( 'NONE', #1764, #1995, #4303, .T. ) ;
#5717 = ORIENTED_EDGE ( 'NONE', *, *, #1033, .F. ) ;
#5718 = DIRECTION ( 'NONE',  ( 0.0000000000000000000, -0.0000000000000000000, -1.000000000000000000 ) ) ;
#5719 = DIRECTION ( 'NONE',  ( 0.0000000000000000000, -0.0000000000000000000, 1.000000000000000000 ) ) ;
#5720 = EDGE_LOOP ( 'NONE', ( #4307, #1532, #5476, #3414, #573, #2138, #5149, #3969 ) ) ;
#5721 = LINE ( 'NONE', #3286, #1081 ) ;
#5722 = CIRCLE ( 'NONE', #5839, 0.5000000000000000000 ) ;
#5723 = CARTESIAN_POINT ( 'NONE',  ( -1.275000000000000400, -1.011922027653137100E-016, 0.9300000000000000500 ) ) ;
#5724 = CARTESIAN_POINT ( 'NONE',  ( 0.9950380983217025400, -0.3405624403870352000, 0.6722755728265281700 ) ) ;
#5725 = CARTESIAN_POINT ( 'NONE',  ( 1.441157584061157000, -1.922545341814141800, 0.5624401713904546600 ) ) ;
#5726 = EDGE_LOOP ( 'NONE', ( #5514, #973, #644, #2547 ) ) ;
#5727 = DIRECTION ( 'NONE',  ( -0.5553795402051526800, 0.8315969975423872500, 0.0000000000000000000 ) ) ;
#5728 = FACE_OUTER_BOUND ( 'NONE', #4088, .T. ) ;
#5729 = AXIS2_PLACEMENT_3D ( 'NONE', #2742, #6126, #3213 ) ;
#5730 = CARTESIAN_POINT ( 'NONE',  ( 1.351788925626319100, -1.857329574801999800, 0.5602808843468617400 ) ) ;
#5731 = DIRECTION ( 'NONE',  ( -1.000000000000000000, 0.0000000000000000000, 0.0000000000000000000 ) ) ;
#5732 = ORIENTED_EDGE ( 'NONE', *, *, #4322, .T. ) ;
#5733 = DIRECTION ( 'NONE',  ( 0.0000000000000000000, 0.0000000000000000000, -1.000000000000000000 ) ) ;
#5734 = CARTESIAN_POINT ( 'NONE',  ( -1.311492962020298600, -1.814278275891648500, 0.1798149574845336900 ) ) ;
#5735 = AXIS2_PLACEMENT_3D ( 'NONE', #3382, #5331, #1884 ) ;
#5736 = CARTESIAN_POINT ( 'NONE',  ( 1.850000000000000100, 1.208578643762690000, 1.320000000000000100 ) ) ;
#5737 = CARTESIAN_POINT ( 'NONE',  ( -0.9999999999998878700, 1.999999999999999600, 0.0000000000000000000 ) ) ;
#5738 = CIRCLE ( 'NONE', #860, 0.06999999999999996500 ) ;
#5739 = ORIENTED_EDGE ( 'NONE', *, *, #4275, .F. ) ;
#5741 = VERTEX_POINT ( 'NONE', #4962 ) ;
#5740 = CARTESIAN_POINT ( 'NONE',  ( -4.047688110612548600E-016, -2.023844055306274300E-016, 1.210000000000000200 ) ) ;
#5742 = DIRECTION ( 'NONE',  ( -1.224646799147353200E-016, 1.000000000000000000, 0.0000000000000000000 ) ) ;
#5743 = CARTESIAN_POINT ( 'NONE',  ( -2.023844055306274300E-016, -1.011922027653137100E-016, 0.9300000000000000500 ) ) ;
#5744 = CIRCLE ( 'NONE', #1939, 1.055000000000000200 ) ;
#5745 = DIRECTION ( 'NONE',  ( 0.0000000000000000000, -1.000000000000000000, 0.0000000000000000000 ) ) ;
#5746 = DIRECTION ( 'NONE',  ( -0.0000000000000000000, -1.000000000000000000, 0.0000000000000000000 ) ) ;
#5747 = AXIS2_PLACEMENT_3D ( 'NONE', #1634, #2117, #4196 ) ;
#5748 = ORIENTED_EDGE ( 'NONE', *, *, #2764, .F. ) ;
#5749 = CARTESIAN_POINT ( 'NONE',  ( 1.092817164992094100, -0.1645885019106851900, 0.6200987531428716600 ) ) ;
#5750 = CARTESIAN_POINT ( 'NONE',  ( 1.394648388736923200, -1.733578109561390200, 0.06977255347966872200 ) ) ;
#5751 = CARTESIAN_POINT ( 'NONE',  ( -1.300000000000000300, 1.821168910795995200, 0.1798149574845336900 ) ) ;
#5752 = CARTESIAN_POINT ( 'NONE',  ( 1.247304237979296500, -1.591428645125420300, 0.6538133213726466900 ) ) ;
#5753 = DIRECTION ( 'NONE',  ( 0.4999999999999992800, -0.4999999999999977200, -0.7071067811865496800 ) ) ;
#5754 = EDGE_LOOP ( 'NONE', ( #626, #5571, #1015, #2993 ) ) ;
#5755 = ADVANCED_FACE ( 'NONE', ( #3117 ), #1601, .F. ) ;
#5756 = CARTESIAN_POINT ( 'NONE',  ( -1.899999999999999900, 1.749999999999998900, 0.0000000000000000000 ) ) ;
#5757 = AXIS2_PLACEMENT_3D ( 'NONE', #3362, #5826, #4868 ) ;
#5758 = CARTESIAN_POINT ( 'NONE',  ( 1.410451414842609100, -1.800915862771379100, 0.2229737837424233800 ) ) ;
#5759 = DIRECTION ( 'NONE',  ( -0.0000000000000000000, -0.0000000000000000000, 1.000000000000000000 ) ) ;
#5760 = EDGE_CURVE ( 'NONE', #2297, #2980, #523, .T. ) ;
#5761 = CARTESIAN_POINT ( 'NONE',  ( -1.386932387388197800, -2.048704249473618100, 0.2114833302046589300 ) ) ;
#5762 = CARTESIAN_POINT ( 'NONE',  ( -1.463724340215214700, -1.922024905423679500, 0.6172342849693572800 ) ) ;
#5763 = ORIENTED_EDGE ( 'NONE', *, *, #2136, .F. ) ;
#5764 = CARTESIAN_POINT ( 'NONE',  ( 3.698563651865939900, -1.749999999999999600, 0.6000000000000003100 ) ) ;
#5765 = DIRECTION ( 'NONE',  ( -1.000000000000000000, 0.0000000000000000000, 0.0000000000000000000 ) ) ;
#5766 = CARTESIAN_POINT ( 'NONE',  ( -1.400446358469909800, -1.246852533465748300, 0.8726690787797839500 ) ) ;
#5767 = EDGE_CURVE ( 'NONE', #243, #2255, #1768, .T. ) ;
#5768 = CARTESIAN_POINT ( 'NONE',  ( 2.217687569756911000E-016, 1.810879325615313500, 0.7905328344508526500 ) ) ;
#5769 = PRODUCT_RELATED_PRODUCT_CATEGORY ( 'detail', '', ( #2550 ) ) ;
#5770 = CARTESIAN_POINT ( 'NONE',  ( 1.352023385429209600, -1.841337106027547900, 0.5596307053805906800 ) ) ;
#5771 = DIRECTION ( 'NONE',  ( 0.0000000000000000000, 0.0000000000000000000, -1.000000000000000000 ) ) ;
#5772 = VERTEX_POINT ( 'NONE', #5446 ) ;
#5773 = CARTESIAN_POINT ( 'NONE',  ( -1.253596122045561400, 1.852611967832992000, 0.1685541873551716100 ) ) ;
#5774 = CARTESIAN_POINT ( 'NONE',  ( 1.439129347732673900, -1.923114456547607900, 0.2031335730073686700 ) ) ;
#5775 = CARTESIAN_POINT ( 'NONE',  ( 1.299607497790350900, -1.941474332528624600, 0.5610605384604729900 ) ) ;
#5776 = LINE ( 'NONE', #3512, #5473 ) ;
#5777 = CARTESIAN_POINT ( 'NONE',  ( -1.058578643762691200, 1.999999999999999600, 0.03905242917518446400 ) ) ;
#5778 = CIRCLE ( 'NONE', #3651, 0.09999999999999961700 ) ;
#5779 = AXIS2_PLACEMENT_3D ( 'NONE', #4000, #3060, #3553 ) ;
#5780 = ORIENTED_EDGE ( 'NONE', *, *, #5012, .F. ) ;
#5781 = DIRECTION ( 'NONE',  ( -0.0000000000000000000, -0.0000000000000000000, -1.000000000000000000 ) ) ;
#5782 = ORIENTED_EDGE ( 'NONE', *, *, #2277, .T. ) ;
#5783 = VECTOR ( 'NONE', #4841, 1000.000000000000000 ) ;
#5784 = DIRECTION ( 'NONE',  ( -0.0000000000000000000, -0.0000000000000000000, 1.000000000000000000 ) ) ;
#5785 = DIRECTION ( 'NONE',  ( -0.0000000000000000000, 0.0000000000000000000, -1.000000000000000000 ) ) ;
#5786 = DIRECTION ( 'NONE',  ( -0.0000000000000000000, -0.0000000000000000000, 1.000000000000000000 ) ) ;
#5787 = CARTESIAN_POINT ( 'NONE',  ( -2.000000000000000000, -1.649999999999998600, 0.1000000000000000100 ) ) ;
#5788 = VERTEX_POINT ( 'NONE', #4536 ) ;
#5789 = ORIENTED_EDGE ( 'NONE', *, *, #396, .F. ) ;
#5790 = AXIS2_PLACEMENT_3D ( 'NONE', #224, #3622, #4610 ) ;
#5791 = ADVANCED_FACE ( 'NONE', ( #5689 ), #1131, .F. ) ;
#5792 = FACE_OUTER_BOUND ( 'NONE', #1184, .T. ) ;
#5793 = VERTEX_POINT ( 'NONE', #4460 ) ;
#5794 = VERTEX_POINT ( 'NONE', #4935 ) ;
#5795 = EDGE_CURVE ( 'NONE', #486, #2711, #2687, .T. ) ;
#5796 = DIRECTION ( 'NONE',  ( -0.7071067811865469100, 0.7071067811865482400, 0.0000000000000000000 ) ) ;
#5797 = ORIENTED_EDGE ( 'NONE', *, *, #1632, .F. ) ;
#5798 = ORIENTED_EDGE ( 'NONE', *, *, #1202, .T. ) ;
#5799 = CARTESIAN_POINT ( 'NONE',  ( 1.425141857577135100, -1.883297091664656800, 0.5663974686837253100 ) ) ;
#5800 = VECTOR ( 'NONE', #1737, 1000.000000000000000 ) ;
#5801 = DIRECTION ( 'NONE',  ( -1.000000000000000000, 0.0000000000000000000, 0.0000000000000000000 ) ) ;
#5802 = CARTESIAN_POINT ( 'NONE',  ( 1.216531799096833200, -1.883468200903166900, 0.1443545327312313100 ) ) ;
#5803 = ORIENTED_EDGE ( 'NONE', *, *, #2846, .T. ) ;
#5804 = CARTESIAN_POINT ( 'NONE',  ( 1.351257739287990300, -1.417330299236468700, 0.6606959769173012000 ) ) ;
#5805 = ORIENTED_EDGE ( 'NONE', *, *, #816, .F. ) ;
#5806 = DIRECTION ( 'NONE',  ( -1.000000000000000000, -1.264769453577745100E-015, 0.0000000000000000000 ) ) ;
#5807 = EDGE_CURVE ( 'NONE', #1798, #2448, #4408, .T. ) ;
#5808 = DIRECTION ( 'NONE',  ( -0.0000000000000000000, -0.0000000000000000000, -1.000000000000000000 ) ) ;
#5809 = ORIENTED_EDGE ( 'NONE', *, *, #5716, .T. ) ;
#5810 = VERTEX_POINT ( 'NONE', #3141 ) ;
#5811 = ORIENTED_EDGE ( 'NONE', *, *, #1613, .F. ) ;
#5812 = DIRECTION ( 'NONE',  ( -0.0000000000000000000, -0.0000000000000000000, 1.000000000000000000 ) ) ;
#5813 = EDGE_CURVE ( 'NONE', #1891, #5810, #68, .T. ) ;
#5814 = APPLICATION_PROTOCOL_DEFINITION ( 'international standard', 'config_control_design', 1994, #4403 ) ;
#5815 = CARTESIAN_POINT ( 'NONE',  ( -1.058578643762691200, -1.900000000000000800, 1.800000000000000000 ) ) ;
#5816 = CARTESIAN_POINT ( 'NONE',  ( 1.444774885341955500, -1.964777497261073900, 0.5652593502282459200 ) ) ;
#5817 = VERTEX_POINT ( 'NONE', #3975 ) ;
#5818 = ORIENTED_EDGE ( 'NONE', *, *, #4906, .F. ) ;
#5819 = AXIS2_PLACEMENT_3D ( 'NONE', #4552, #5073, #4636 ) ;
#5820 = CARTESIAN_POINT ( 'NONE',  ( 1.299633738979160100, -1.941471339139337900, 0.5602808843468617400 ) ) ;
#5821 = DIRECTION ( 'NONE',  ( -1.000000000000000000, 0.0000000000000000000, 0.0000000000000000000 ) ) ;
#5822 = ADVANCED_FACE ( 'NONE', ( #828 ), #1692, .T. ) ;
#5823 = DIRECTION ( 'NONE',  ( -1.000000000000000000, 0.0000000000000000000, 0.0000000000000000000 ) ) ;
#5824 = ORIENTED_EDGE ( 'NONE', *, *, #5842, .T. ) ;
#5825 = EDGE_LOOP ( 'NONE', ( #4172, #1296, #1803, #5685 ) ) ;
#5826 = DIRECTION ( 'NONE',  ( -0.0000000000000000000, -0.0000000000000000000, -1.000000000000000000 ) ) ;
#5827 = CARTESIAN_POINT ( 'NONE',  ( 1.110285042102434200, -1.989714957897566400, 0.07352336140166400300 ) ) ;
#5828 = PLANE ( 'NONE',  #3866 ) ;
#5829 = ORIENTED_EDGE ( 'NONE', *, *, #3530, .T. ) ;
#5830 = CARTESIAN_POINT ( 'NONE',  ( 1.900000000000000800, -1.649999999999998600, 0.1000000000000000100 ) ) ;
#5831 = CARTESIAN_POINT ( 'NONE',  ( 1.302830242661224800, -1.955086403793034200, 0.5619304884552794900 ) ) ;
#5832 = DIRECTION ( 'NONE',  ( -1.000000000000000000, 0.0000000000000000000, 0.0000000000000000000 ) ) ;
#5833 = ORIENTED_EDGE ( 'NONE', *, *, #6188, .T. ) ;
#5834 = CARTESIAN_POINT ( 'NONE',  ( 0.9998343057422646200, -0.3414054622604982300, 0.7144150366276038600 ) ) ;
#5835 = EDGE_LOOP ( 'NONE', ( #400, #6100, #1220 ) ) ;
#5836 = EDGE_CURVE ( 'NONE', #5011, #5794, #3937, .T. ) ;
#5837 = CARTESIAN_POINT ( 'NONE',  ( 1.440616794131858200, -1.919673446130141900, 0.5796993309886033800 ) ) ;
#5838 = CARTESIAN_POINT ( 'NONE',  ( 1.280920018506456900, 1.832912894950596800, 0.1788640725100041600 ) ) ;
#5839 = AXIS2_PLACEMENT_3D ( 'NONE', #2423, #1910, #2401 ) ;
#5840 = VERTEX_POINT ( 'NONE', #3586 ) ;
#5841 = CARTESIAN_POINT ( 'NONE',  ( 1.326499913244675100, -1.749571398406479400, 0.06977255347966870900 ) ) ;
#5842 = EDGE_CURVE ( 'NONE', #1769, #1546, #3263, .T. ) ;
#5843 = CARTESIAN_POINT ( 'NONE',  ( -1.085454753969159700, -2.000000000000000400, 0.05696983597948812600 ) ) ;
#5844 = VECTOR ( 'NONE', #3447, 1000.000000000000000 ) ;
#5845 = DIRECTION ( 'NONE',  ( -1.000000000000000000, 0.0000000000000000000, 0.0000000000000000000 ) ) ;
#5846 = FACE_OUTER_BOUND ( 'NONE', #4642, .T. ) ;
#5847 = CIRCLE ( 'NONE', #3847, 0.06999999999999996500 ) ;
#5848 = CARTESIAN_POINT ( 'NONE',  ( 1.315928420342123800, -1.992611839077489000, 0.5820646238724631600 ) ) ;
#5849 = ADVANCED_FACE ( 'NONE', ( #3713 ), #5549, .T. ) ;
#5850 = PERSON_AND_ORGANIZATION_ROLE ( 'creator' ) ;
#5851 = AXIS2_PLACEMENT_3D ( 'NONE', #5830, #2922, #6296 ) ;
#5852 = ORIENTED_EDGE ( 'NONE', *, *, #6195, .T. ) ;
#5853 = DIRECTION ( 'NONE',  ( 1.000000000000000000, 0.0000000000000000000, 0.0000000000000000000 ) ) ;
#5854 = FACE_OUTER_BOUND ( 'NONE', #3294, .T. ) ;
#5855 =( BOUNDED_CURVE ( )  B_SPLINE_CURVE ( 3, ( #5269, #2895, #6273, #4864 ),
 .UNSPECIFIED., .F., .T. ) 
 B_SPLINE_CURVE_WITH_KNOTS ( ( 4, 4 ),
 ( 0.7853981633974469500, 1.570796326794896800 ),
 .UNSPECIFIED. ) 
 CURVE ( )  GEOMETRIC_REPRESENTATION_ITEM ( )  RATIONAL_B_SPLINE_CURVE ( ( 1.000000000000000000, 0.9492530216741910100, 0.9492530216741910100, 1.000000000000000000 ) ) 
 REPRESENTATION_ITEM ( '' )  );
#5856 = DIRECTION ( 'NONE',  ( -1.000000000000000000, 0.0000000000000000000, 0.0000000000000000000 ) ) ;
#5857 = EDGE_LOOP ( 'NONE', ( #4263, #48, #1177, #150, #3753, #1219, #2836, #823, #3326, #1612 ) ) ;
#5858 = FACE_OUTER_BOUND ( 'NONE', #4735, .T. ) ;
#5859 = CARTESIAN_POINT ( 'NONE',  ( 1.444654209259394400, -1.963863522350894500, 0.5735432309432825200 ) ) ;
#5860 = LINE ( 'NONE', #1936, #227 ) ;
#5861 = ORIENTED_EDGE ( 'NONE', *, *, #5066, .T. ) ;
#5862 = CARTESIAN_POINT ( 'NONE',  ( 1.333248567662038900, -1.689605564785402500, 0.7683518305545198300 ) ) ;
#5863 = VERTEX_POINT ( 'NONE', #5563 ) ;
#5864 = CIRCLE ( 'NONE', #1194, 1.195000000000000100 ) ;
#5865 = CIRCLE ( 'NONE', #6243, 0.9000000000000000200 ) ;
#5866 = EDGE_LOOP ( 'NONE', ( #501, #407, #5484, #237 ) ) ;
#5867 = CARTESIAN_POINT ( 'NONE',  ( 2.000000000000000000, 1.649999999999998800, 0.1000000000000000100 ) ) ;
#5868 = DESIGN_CONTEXT ( 'detailed design', #2438, 'design' ) ;
#5869 = DIRECTION ( 'NONE',  ( 0.0000000000000000000, 0.0000000000000000000, 1.000000000000000000 ) ) ;
#5870 = ORIENTED_EDGE ( 'NONE', *, *, #342, .T. ) ;
#5871 = DIRECTION ( 'NONE',  ( -1.000000000000000000, 0.0000000000000000000, 0.0000000000000000000 ) ) ;
#5872 = EDGE_LOOP ( 'NONE', ( #190, #5918, #5824, #5131 ) ) ;
#5873 = DIRECTION ( 'NONE',  ( -1.224646799147353200E-016, 1.000000000000000000, 0.0000000000000000000 ) ) ;
#5874 = CARTESIAN_POINT ( 'NONE',  ( -0.5500000000002439600, -2.549999999999757300, -0.2999999999996252300 ) ) ;
#5875 = AXIS2_PLACEMENT_3D ( 'NONE', #1758, #316, #2641 ) ;
#5876 = ORIENTED_EDGE ( 'NONE', *, *, #1632, .T. ) ;
#5877 = ORIENTED_EDGE ( 'NONE', *, *, #2679, .T. ) ;
#5878 = DIRECTION ( 'NONE',  ( 0.0000000000000000000, 0.0000000000000000000, -1.000000000000000000 ) ) ;
#5879 = CARTESIAN_POINT ( 'NONE',  ( 1.064947982045381100, -0.3279325223814504900, 0.7558031587111828700 ) ) ;
#5880 = CLOSED_SHELL ( 'NONE', ( #4888, #3959, #5621, #1490, #2531, #1064, #821, #6277, #1590, #174, #2418, #5981, #81, #3468, #5530, #4381, #1881, #2525, #5372, #3000 ) ) ;
#5881 = FACE_OUTER_BOUND ( 'NONE', #1139, .T. ) ;
#5882 = B_SPLINE_CURVE_WITH_KNOTS ( 'NONE', 3,
 ( #104, #4967, #3979, #3510, #612, #5953, #4940 ),
 .UNSPECIFIED., .F., .F.,
 ( 4, 3, 4 ),
 ( 0.0000000000000000000, 4.020101029159905200E-005, 6.530400411258479500E-005 ),
 .UNSPECIFIED. ) ;
#5883 = AXIS2_PLACEMENT_3D ( 'NONE', #4511, #5964, #5472 ) ;
#5884 = CARTESIAN_POINT ( 'NONE',  ( 1.425184463344306000, -1.882402319848970800, 0.5679266801167837100 ) ) ;
#5885 = EDGE_CURVE ( 'NONE', #4378, #2726, #2755, .T. ) ;
#5886 = ADVANCED_FACE ( 'NONE', ( #1833 ), #4142, .T. ) ;
#5887 = VERTEX_POINT ( 'NONE', #4058 ) ;
#5888 = EDGE_CURVE ( 'NONE', #6209, #4198, #2135, .T. ) ;
#5889 = CARTESIAN_POINT ( 'NONE',  ( 1.294187188201704200, -1.918263221298806400, -0.05563669936583605400 ) ) ;
#5890 = CARTESIAN_POINT ( 'NONE',  ( 0.9050000000000000300, 6.023443394017860900E-017, 0.7900000000000000400 ) ) ;
#5891 = ADVANCED_FACE ( 'NONE', ( #2446 ), #1449, .T. ) ;
#5892 = LINE ( 'NONE', #4246, #3971 ) ;
#5893 = CARTESIAN_POINT ( 'NONE',  ( 1.439129347732674100, -1.923114456547607900, 0.1598879352166292500 ) ) ;
#5894 = CARTESIAN_POINT ( 'NONE',  ( -1.129289321881345600, -1.970710678118655000, -2.699999999999999700 ) ) ;
#5895 = CARTESIAN_POINT ( 'NONE',  ( 1.439129347732674100, -1.923114456547607900, 0.5602808843468616300 ) ) ;
#5896 = EDGE_CURVE ( 'NONE', #1769, #198, #4247, .T. ) ;
#5897 = VECTOR ( 'NONE', #5469, 1000.000000000000000 ) ;
#5898 = CC_DESIGN_PERSON_AND_ORGANIZATION_ASSIGNMENT ( #749, #6254, ( #1872 ) ) ;
#5899 = APPROVAL_ROLE ( '' ) ;
#5900 = DIRECTION ( 'NONE',  ( -1.000000000000000000, -1.224646799147353200E-016, 0.0000000000000000000 ) ) ;
#5901 = VERTEX_POINT ( 'NONE', #1218 ) ;
#5902 = CARTESIAN_POINT ( 'NONE',  ( -1.899999999999999900, -1.749999999999998900, 0.0000000000000000000 ) ) ;
#5903 = ORIENTED_EDGE ( 'NONE', *, *, #552, .T. ) ;
#5904 = CARTESIAN_POINT ( 'NONE',  ( 1.418127209399716400, -1.804324926089561300, 0.7005482961344974300 ) ) ;
#5905 = CARTESIAN_POINT ( 'NONE',  ( 1.425280913691176800, -1.883170883597492500, 0.5677110504151590100 ) ) ;
#5906 = DIRECTION ( 'NONE',  ( 1.000000000000000000, 0.0000000000000000000, 0.0000000000000000000 ) ) ;
#5907 = CARTESIAN_POINT ( 'NONE',  ( -1.350000000000001400, -1.749999999999998700, 1.319999999999999600 ) ) ;
#5908 = ORIENTED_EDGE ( 'NONE', *, *, #4981, .F. ) ;
#5909 = DIRECTION ( 'NONE',  ( 0.0000000000000000000, 1.000000000000000000, 0.0000000000000000000 ) ) ;
#5910 = CARTESIAN_POINT ( 'NONE',  ( -2.000000000000000000, -2.000000000000000400, 1.800000000000000000 ) ) ;
#5911 = AXIS2_PLACEMENT_3D ( 'NONE', #1581, #3010, #98 ) ;
#5912 = ORIENTED_EDGE ( 'NONE', *, *, #4159, .T. ) ;
#5913 = PLANE ( 'NONE',  #2519 ) ;
#5914 = EDGE_CURVE ( 'NONE', #3667, #3327, #4718, .T. ) ;
#5915 = CARTESIAN_POINT ( 'NONE',  ( -1.820710678118654800, -1.279289321881344400, 1.699999999999999700 ) ) ;
#5916 = DIRECTION ( 'NONE',  ( -3.693158315293192400E-016, 1.000000000000000000, 0.0000000000000000000 ) ) ;
#5917 = ADVANCED_FACE ( 'NONE', ( #153 ), #1178, .F. ) ;
#5918 = ORIENTED_EDGE ( 'NONE', *, *, #1869, .T. ) ;
#5919 = DIRECTION ( 'NONE',  ( 1.000000000000000000, 0.0000000000000000000, 0.0000000000000000000 ) ) ;
#5920 = DIRECTION ( 'NONE',  ( 0.6396021490668839500, -0.6396021490668851700, 0.4264014327110612300 ) ) ;
#5921 = CARTESIAN_POINT ( 'NONE',  ( 1.302832396748178100, -1.955101034237787000, 0.5602808843468616300 ) ) ;
#5922 = EDGE_CURVE ( 'NONE', #4749, #4409, #3787, .T. ) ;
#5923 = CARTESIAN_POINT ( 'NONE',  ( 1.424963359843718100, -1.875573819057232000, 0.5771062946593574800 ) ) ;
#5924 = AXIS2_PLACEMENT_3D ( 'NONE', #3389, #5258, #5832 ) ;
#5925 = CARTESIAN_POINT ( 'NONE',  ( -0.9750000000000002000, -5.059610138265685700E-017, 0.7900000000000000400 ) ) ;
#5926 = ADVANCED_FACE ( 'NONE', ( #1291 ), #5628, .T. ) ;
#5927 = EDGE_CURVE ( 'NONE', #1684, #4280, #2618, .T. ) ;
#5928 = CARTESIAN_POINT ( 'NONE',  ( 0.0000000000000000000, 0.0000000000000000000, 0.6500000000000000200 ) ) ;
#5929 = LINE ( 'NONE', #63, #66 ) ;
#5930 = LOCAL_TIME ( 13, 48, 54.00000000000000000, #4790 ) ;
#5931 = CARTESIAN_POINT ( 'NONE',  ( 1.557106781186549300, 1.749999999999998400, 0.1000000000000000100 ) ) ;
#5932 = EDGE_LOOP ( 'NONE', ( #4738, #5940 ) ) ;
#5933 = DIRECTION ( 'NONE',  ( -0.8320502943379608500, 0.0000000000000000000, 0.5547001962250534000 ) ) ;
#5934 = DIRECTION ( 'NONE',  ( -1.000000000000000000, -1.224646799147353200E-016, 0.0000000000000000000 ) ) ;
#5935 = CARTESIAN_POINT ( 'NONE',  ( 1.058578643762691800, 1.899999999999999900, 1.800000000000000000 ) ) ;
#5936 = ORIENTED_EDGE ( 'NONE', *, *, #2398, .T. ) ;
#5937 = CARTESIAN_POINT ( 'NONE',  ( -1.557106781186549300, -2.249999999999998700, 0.1000000000000000100 ) ) ;
#5938 = CARTESIAN_POINT ( 'NONE',  ( -1.011922027653137100E-016, -5.059610138265685700E-017, 0.7900000000000000400 ) ) ;
#5939 = CARTESIAN_POINT ( 'NONE',  ( 1.044876677300363300, -0.4840132040023260600, 0.7246027280152461700 ) ) ;
#5940 = ORIENTED_EDGE ( 'NONE', *, *, #5994, .T. ) ;
#5941 = CARTESIAN_POINT ( 'NONE',  ( 2.000000000000000000, 1.999999999999999600, 0.6000000000000000900 ) ) ;
#5942 = AXIS2_PLACEMENT_3D ( 'NONE', #2382, #1406, #5731 ) ;
#5943 = ORIENTED_EDGE ( 'NONE', *, *, #5348, .F. ) ;
#5944 = CARTESIAN_POINT ( 'NONE',  ( 1.301858609285274600, -1.948631093017331000, 0.5891903815668869700 ) ) ;
#5945 = LINE ( 'NONE', #4375, #5107 ) ;
#5946 = CARTESIAN_POINT ( 'NONE',  ( 1.380084682862500200, -1.964329009395511200, 0.6807203025922496900 ) ) ;
#5947 = VERTEX_POINT ( 'NONE', #5136 ) ;
#5948 = CARTESIAN_POINT ( 'NONE',  ( -1.820710678118654800, 1.279289321881344400, 1.699999999999999700 ) ) ;
#5949 = ORIENTED_EDGE ( 'NONE', *, *, #4853, .F. ) ;
#5950 = ADVANCED_FACE ( 'NONE', ( #2535 ), #2256, .T. ) ;
#5951 = AXIS2_PLACEMENT_3D ( 'NONE', #1900, #882, #6202 ) ;
#5952 = DIRECTION ( 'NONE',  ( 0.0000000000000000000, -1.000000000000000000, 0.0000000000000000000 ) ) ;
#5953 = CARTESIAN_POINT ( 'NONE',  ( -1.348935829415945500, -1.795339860339768800, 0.1673761137235237900 ) ) ;
#5954 = CARTESIAN_POINT ( 'NONE',  ( -3.035766082959411400E-016, -1.517883041479705700E-016, 1.070000000000000100 ) ) ;
#5955 = EDGE_LOOP ( 'NONE', ( #251, #1809, #918, #4985 ) ) ;
#5956 = ORIENTED_EDGE ( 'NONE', *, *, #1198, .T. ) ;
#5957 = DIRECTION ( 'NONE',  ( -1.000000000000000000, 0.0000000000000000000, 0.0000000000000000000 ) ) ;
#5958 = CARTESIAN_POINT ( 'NONE',  ( 1.302832396748178300, -1.955101034237787000, 0.2031335730073686200 ) ) ;
#5959 = EDGE_LOOP ( 'NONE', ( #1460, #4372, #5780, #4121 ) ) ;
#5960 = CARTESIAN_POINT ( 'NONE',  ( -1.360700686144989700, -1.783301885634721600, 0.2348346365212607100 ) ) ;
#5961 = AXIS2_PLACEMENT_3D ( 'NONE', #13, #5378, #1478 ) ;
#5962 = CARTESIAN_POINT ( 'NONE',  ( -1.386932387388198000, -2.048704249473618100, 0.1803519583435947700 ) ) ;
#5963 = ORIENTED_EDGE ( 'NONE', *, *, #1977, .F. ) ;
#5964 = DIRECTION ( 'NONE',  ( 0.0000000000000000000, 0.0000000000000000000, -1.000000000000000000 ) ) ;
#5965 = AXIS2_PLACEMENT_3D ( 'NONE', #1786, #3690, #5083 ) ;
#5966 = CARTESIAN_POINT ( 'NONE',  ( 0.9643750532776352900, -0.1905651308501266300, 0.7055846507358265500 ) ) ;
#5967 = EDGE_CURVE ( 'NONE', #5294, #3311, #4008, .T. ) ;
#5968 = DIRECTION ( 'NONE',  ( -0.0000000000000000000, -0.0000000000000000000, 1.000000000000000000 ) ) ;
#5969 = DIRECTION ( 'NONE',  ( 1.000000000000000000, 0.0000000000000000000, 0.0000000000000000000 ) ) ;
#5970 = CARTESIAN_POINT ( 'NONE',  ( -1.333577262677622300, 1.802608175322401900, 0.1745569797625530500 ) ) ;
#5971 = ORIENTED_EDGE ( 'NONE', *, *, #442, .T. ) ;
#5972 = CARTESIAN_POINT ( 'NONE',  ( -1.557106781186549300, 1.749999999999998400, 0.0000000000000000000 ) ) ;
#5973 = ORIENTED_EDGE ( 'NONE', *, *, #3321, .T. ) ;
#5974 = DIRECTION ( 'NONE',  ( 0.0000000000000000000, -0.0000000000000000000, -1.000000000000000000 ) ) ;
#5975 = AXIS2_PLACEMENT_3D ( 'NONE', #1837, #5244, #5712 ) ;
#5976 = CARTESIAN_POINT ( 'NONE',  ( -3.035766082959411400E-016, -1.517883041479705700E-016, 1.070000000000000100 ) ) ;
#5977 = CARTESIAN_POINT ( 'NONE',  ( -1.283602821820478700, -1.957802027987063400, 0.2365937342041417900 ) ) ;
#5978 = ORIENTED_EDGE ( 'NONE', *, *, #3804, .T. ) ;
#5980 = VERTEX_POINT ( 'NONE', #5678 ) ;
#5979 = SECURITY_CLASSIFICATION ( '', '', #3368 ) ;
#5981 = ADVANCED_FACE ( 'NONE', ( #6211 ), #2296, .F. ) ;
#5982 = LINE ( 'NONE', #4028, #2336 ) ;
#5983 = PLANE ( 'NONE',  #431 ) ;
#5984 = AXIS2_PLACEMENT_3D ( 'NONE', #2486, #562, #585 ) ;
#5985 = CARTESIAN_POINT ( 'NONE',  ( 1.145316206528192800, -1.022308102053611300, 0.7463157877217593300 ) ) ;
#5986 = CARTESIAN_POINT ( 'NONE',  ( 1.450000000000012800, -1.761606575163157300, 0.1000000000000000100 ) ) ;
#5987 = ORIENTED_EDGE ( 'NONE', *, *, #1621, .F. ) ;
#5988 = CARTESIAN_POINT ( 'NONE',  ( -1.244529980377476500, -1.859749127360403900, 0.1630199869183177300 ) ) ;
#5989 = CARTESIAN_POINT ( 'NONE',  ( -1.463724340215214700, -1.922024905423679500, 0.6172342849693572800 ) ) ;
#5990 = DIRECTION ( 'NONE',  ( 0.0000000000000000000, 0.0000000000000000000, -1.000000000000000000 ) ) ;
#5991 = ADVANCED_FACE ( 'NONE', ( #3048 ), #4329, .T. ) ;
#5992 = CARTESIAN_POINT ( 'NONE',  ( -1.058578643762690700, -1.900000000000000400, 1.699999999999999700 ) ) ;
#5993 = AXIS2_PLACEMENT_3D ( 'NONE', #4154, #4647, #4717 ) ;
#5994 = EDGE_CURVE ( 'NONE', #2100, #3514, #5417, .T. ) ;
#5995 = TOROIDAL_SURFACE ( 'NONE', #5975, 1.275000000000000100, 0.06999999999999996500 ) ;
#5996 = CARTESIAN_POINT ( 'NONE',  ( 1.440355037457944400, -1.928337202601451600, 0.5602808843468616300 ) ) ;
#5997 = EDGE_LOOP ( 'NONE', ( #3921, #1261, #2998, #5193 ) ) ;
#5998 = EDGE_CURVE ( 'NONE', #2150, #4500, #2295, .T. ) ;
#5999 = CARTESIAN_POINT ( 'NONE',  ( 1.306105469909717400, -1.968692488278871400, 0.5612411302228633700 ) ) ;
#6000 = CARTESIAN_POINT ( 'NONE',  ( -2.023844055306274300E-016, -1.011922027653137100E-016, 0.9300000000000000500 ) ) ;
#6001 = ORIENTED_EDGE ( 'NONE', *, *, #2926, .F. ) ;
#6002 = VECTOR ( 'NONE', #201, 1000.000000000000000 ) ;
#6003 = ADVANCED_FACE ( 'NONE', ( #3577 ), #2729, .F. ) ;
#6004 = CIRCLE ( 'NONE', #1251, 0.06999999999999996500 ) ;
#6005 = CARTESIAN_POINT ( 'NONE',  ( 1.064027084699680000, -0.6337855333546783500, 0.6894155596249002000 ) ) ;
#6006 = EDGE_CURVE ( 'NONE', #2560, #2946, #6004, .T. ) ;
#6007 = ORIENTED_EDGE ( 'NONE', *, *, #5554, .T. ) ;
#6008 = CARTESIAN_POINT ( 'NONE',  ( -1.436204301786711200, -1.628387701618748900, 0.8003998367167447500 ) ) ;
#6009 = CARTESIAN_POINT ( 'NONE',  ( 1.407142770042495200, -1.786817505563111900, 0.2031335730073690900 ) ) ;
#6010 = VECTOR ( 'NONE', #2361, 1000.000000000000000 ) ;
#6011 = CARTESIAN_POINT ( 'NONE',  ( -1.557106781186549300, 2.249999999999998700, -0.02000000000000000000 ) ) ;
#6012 = CARTESIAN_POINT ( 'NONE',  ( -1.285433552711672500, -1.948615002727140700, 0.2366018752283668100 ) ) ;
#6013 = CARTESIAN_POINT ( 'NONE',  ( -1.276257111482010900, -1.912690670990145200, 0.09013925633579991700 ) ) ;
#6014 = EDGE_LOOP ( 'NONE', ( #1622, #1498, #1197, #90 ) ) ;
#6015 = ORIENTED_EDGE ( 'NONE', *, *, #4730, .F. ) ;
#6016 = VERTEX_POINT ( 'NONE', #4250 ) ;
#6017 = LINE ( 'NONE', #3005, #848 ) ;
#6018 = CARTESIAN_POINT ( 'NONE',  ( 1.192253751590982100, -1.297539750792267500, 0.7067793632369967500 ) ) ;
#6019 = ORIENTED_EDGE ( 'NONE', *, *, #721, .F. ) ;
#6020 = DIRECTION ( 'NONE',  ( 0.0000000000000000000, -0.0000000000000000000, 1.000000000000000000 ) ) ;
#6021 = VERTEX_POINT ( 'NONE', #4207 ) ;
#6022 = LINE ( 'NONE', #5321, #852 ) ;
#6023 = VECTOR ( 'NONE', #117, 1000.000000000000000 ) ;
#6024 = EDGE_CURVE ( 'NONE', #6291, #6016, #4555, .T. ) ;
#6025 = CARTESIAN_POINT ( 'NONE',  ( -1.058578643762690700, -1.900000000000000400, -0.02000000000000000000 ) ) ;
#6026 = ORIENTED_EDGE ( 'NONE', *, *, #1283, .F. ) ;
#6027 = VERTEX_POINT ( 'NONE', #2399 ) ;
#6028 = VECTOR ( 'NONE', #1343, 1000.000000000000000 ) ;
#6029 = DIRECTION ( 'NONE',  ( 0.0000000000000000000, -1.000000000000000000, 0.0000000000000000000 ) ) ;
#6030 = CARTESIAN_POINT ( 'NONE',  ( -1.348261943360985300, -1.854527534188962900, 0.2114833302046593700 ) ) ;
#6031 = DIRECTION ( 'NONE',  ( 0.0000000000000000000, 0.0000000000000000000, -1.000000000000000000 ) ) ;
#6032 = ORIENTED_EDGE ( 'NONE', *, *, #4293, .F. ) ;
#6033 = EDGE_CURVE ( 'NONE', #2159, #2390, #2896, .T. ) ;
#6034 = CYLINDRICAL_SURFACE ( 'NONE', #4994, 0.1000000000000000500 ) ;
#6035 = DIRECTION ( 'NONE',  ( 1.000000000000000000, 0.0000000000000000000, 0.0000000000000000000 ) ) ;
#6036 = TOROIDAL_SURFACE ( 'NONE', #5790, 1.275000000000000100, 0.06999999999999996500 ) ;
#6037 = EDGE_CURVE ( 'NONE', #4500, #1061, #384, .T. ) ;
#6038 = MANIFOLD_SOLID_BREP ( 'LPattern6[2]', #1090 ) ;
#6039 = ORIENTED_EDGE ( 'NONE', *, *, #5310, .T. ) ;
#6040 = DIRECTION ( 'NONE',  ( -0.0000000000000000000, -0.0000000000000000000, -1.000000000000000000 ) ) ;
#6041 = VERTEX_POINT ( 'NONE', #3369 ) ;
#6042 = CARTESIAN_POINT ( 'NONE',  ( -4.047688110612548600E-016, -2.023844055306274300E-016, 1.210000000000000200 ) ) ;
#6043 = CARTESIAN_POINT ( 'NONE',  ( 1.326499913244675100, -1.749571398406479400, 0.06977255347966870900 ) ) ;
#6044 = CARTESIAN_POINT ( 'NONE',  ( -1.457582277139964200, -1.856489450896625400, 0.7002271286508383600 ) ) ;
#6045 = EDGE_LOOP ( 'NONE', ( #5021, #2924, #5219, #624 ) ) ;
#6046 = CARTESIAN_POINT ( 'NONE',  ( 1.437849639795115500, -1.972066273970515700, 0.5602808843468616300 ) ) ;
#6047 = CIRCLE ( 'NONE', #1265, 0.1000000000000000500 ) ;
#6048 = AXIS2_PLACEMENT_3D ( 'NONE', #410, #2859, #3810 ) ;
#6049 = CARTESIAN_POINT ( 'NONE',  ( 1.244529980377501400, -1.859749127360381700, 0.1630199869183413000 ) ) ;
#6050 = CARTESIAN_POINT ( 'NONE',  ( -1.376845944097569600, -2.036645902824236300, 0.1486371245584125800 ) ) ;
#6051 =( BOUNDED_CURVE ( )  B_SPLINE_CURVE ( 3, ( #1469, #1028, #140, #5004 ),
 .UNSPECIFIED., .F., .T. ) 
 B_SPLINE_CURVE_WITH_KNOTS ( ( 4, 4 ),
 ( 0.7853981633974473900, 0.8954680108065532500 ),
 .UNSPECIFIED. ) 
 CURVE ( )  GEOMETRIC_REPRESENTATION_ITEM ( )  RATIONAL_B_SPLINE_CURVE ( ( 1.000000000000000000, 0.9989906405287977100, 0.9989906405287977100, 1.000000000000000000 ) ) 
 REPRESENTATION_ITEM ( '' )  );
#6052 = PLANE ( 'NONE',  #981 ) ;
#6053 = CARTESIAN_POINT ( 'NONE',  ( 1.352550158557977800, -1.793758191154303000, 0.1648942195613320400 ) ) ;
#6054 = DIRECTION ( 'NONE',  ( -0.0000000000000000000, -0.0000000000000000000, 1.000000000000000000 ) ) ;
#6055 = CARTESIAN_POINT ( 'NONE',  ( 1.044999999999999900, 2.678338774558468400E-017, 0.9300000000000000500 ) ) ;
#6056 = AXIS2_PLACEMENT_3D ( 'NONE', #1080, #4391, #4479 ) ;
#6057 = DIRECTION ( 'NONE',  ( 0.0000000000000000000, -0.0000000000000000000, -1.000000000000000000 ) ) ;
#6058 = CARTESIAN_POINT ( 'NONE',  ( 1.058578643762690500, -2.000000000000000400, 0.03905242917518403400 ) ) ;
#6059 = CARTESIAN_POINT ( 'NONE',  ( 1.300000000000000000, -1.821168910795995200, 0.1798149574845394600 ) ) ;
#6060 = ADVANCED_FACE ( 'NONE', ( #2823 ), #2420, .F. ) ;
#6061 = TOROIDAL_SURFACE ( 'NONE', #1031, 0.9750000000000000900, 0.06999999999999996500 ) ;
#6062 = LINE ( 'NONE', #3120, #2522 ) ;
#6063 = PERSON_AND_ORGANIZATION ( #158, #6139 ) ;
#6064 = AXIS2_PLACEMENT_3D ( 'NONE', #4295, #2899, #3383 ) ;
#6065 = CARTESIAN_POINT ( 'NONE',  ( 1.302832396748178100, -1.955101034237787000, 0.1598879352166291700 ) ) ;
#6066 = EDGE_LOOP ( 'NONE', ( #3099, #1591, #5805, #2811 ) ) ;
#6067 = EDGE_CURVE ( 'NONE', #243, #349, #1279, .T. ) ;
#6068 = CARTESIAN_POINT ( 'NONE',  ( -4.047688110612548600E-016, -2.023844055306274300E-016, 1.210000000000000200 ) ) ;
#6069 = DIRECTION ( 'NONE',  ( -1.000000000000000000, -1.224646799147354200E-016, 0.0000000000000000000 ) ) ;
#6070 = VERTEX_POINT ( 'NONE', #401 ) ;
#6071 = CIRCLE ( 'NONE', #3584, 0.06999999999999996500 ) ;
#6072 = CIRCLE ( 'NONE', #822, 0.5000000000000000000 ) ;
#6073 = VECTOR ( 'NONE', #6237, 1000.000000000000000 ) ;
#6074 = AXIS2_PLACEMENT_3D ( 'NONE', #5552, #2589, #4999 ) ;
#6075 = ORIENTED_EDGE ( 'NONE', *, *, #3743, .T. ) ;
#6076 = DIRECTION ( 'NONE',  ( -1.000000000000000000, -1.224646799147353200E-016, 0.0000000000000000000 ) ) ;
#6077 = EDGE_CURVE ( 'NONE', #134, #5794, #5320, .T. ) ;
#6078 = DIRECTION ( 'NONE',  ( 0.0000000000000000000, -1.000000000000000000, 0.0000000000000000000 ) ) ;
#6079 = CARTESIAN_POINT ( 'NONE',  ( -1.820710678118654800, -1.279289321881344400, 1.699999999999999700 ) ) ;
#6080 = DIRECTION ( 'NONE',  ( -0.7071067811865469100, -0.7071067811865482400, 0.0000000000000000000 ) ) ;
#6081 = DIRECTION ( 'NONE',  ( 1.000000000000000000, 0.0000000000000000000, 0.0000000000000000000 ) ) ;
#6082 = DIRECTION ( 'NONE',  ( 0.0000000000000000000, 0.0000000000000000000, -1.000000000000000000 ) ) ;
#6083 = EDGE_LOOP ( 'NONE', ( #1642, #4412, #684, #3612 ) ) ;
#6084 = ORIENTED_EDGE ( 'NONE', *, *, #3034, .F. ) ;
#6085 = CARTESIAN_POINT ( 'NONE',  ( 1.319623674072899700, -1.628661746984093800, 0.6059177612353218200 ) ) ;
#6086 = VECTOR ( 'NONE', #1592, 1000.000000000000000 ) ;
#6087 = EDGE_CURVE ( 'NONE', #1615, #1695, #3741, .T. ) ;
#6088 = DIRECTION ( 'NONE',  ( 0.8320502943379608500, 0.0000000000000000000, -0.5547001962250534000 ) ) ;
#6089 = CARTESIAN_POINT ( 'NONE',  ( 1.435358678800893000, -1.907047383553674300, 0.1276369828655455100 ) ) ;
#6090 = EDGE_LOOP ( 'NONE', ( #3661, #847, #5175, #303 ) ) ;
#6091 = CARTESIAN_POINT ( 'NONE',  ( -1.392278098339444300, -1.828737403512416600, -0.05031753154409610700 ) ) ;
#6092 = ORIENTED_EDGE ( 'NONE', *, *, #2472, .F. ) ;
#6093 = ADVANCED_FACE ( 'NONE', ( #3419 ), #2063, .T. ) ;
#6094 = CARTESIAN_POINT ( 'NONE',  ( 1.058578643762691600, 1.999999999999999600, 1.800000000000000000 ) ) ;
#6095 = LINE ( 'NONE', #2031, #3528 ) ;
#6096 = VECTOR ( 'NONE', #1749, 1000.000000000000000 ) ;
#6097 = AXIS2_PLACEMENT_3D ( 'NONE', #3519, #3924, #1516 ) ;
#6098 = ORIENTED_EDGE ( 'NONE', *, *, #2284, .T. ) ;
#6099 = CARTESIAN_POINT ( 'NONE',  ( -1.278290794087341600, -0.4164822905504714200, 0.9210643695969357200 ) ) ;
#6100 = ORIENTED_EDGE ( 'NONE', *, *, #5072, .F. ) ;
#6101 = ORIENTED_EDGE ( 'NONE', *, *, #4042, .T. ) ;
#6102 = FACE_OUTER_BOUND ( 'NONE', #5835, .T. ) ;
#6103 = CARTESIAN_POINT ( 'NONE',  ( 1.095784751771165900, -0.2603839084864697000, 0.7196690874806646000 ) ) ;
#6104 = CARTESIAN_POINT ( 'NONE',  ( 1.295297073742701000, -1.911711386567973300, 0.6104768837220759800 ) ) ;
#6105 = CARTESIAN_POINT ( 'NONE',  ( 1.370980872240426200, -1.939107745392697500, 0.2031335730073686500 ) ) ;
#6106 = CARTESIAN_POINT ( 'NONE',  ( 0.9605436051327134200, -0.1939508939032133200, 0.6637055794273421000 ) ) ;
#6107 = ORIENTED_EDGE ( 'NONE', *, *, #4657, .T. ) ;
#6108 = CARTESIAN_POINT ( 'NONE',  ( -1.581109102672853700, -2.010033805446405500, 0.5425692145625744500 ) ) ;
#6109 = EDGE_CURVE ( 'NONE', #148, #1474, #5008, .T. ) ;
#6110 = CARTESIAN_POINT ( 'NONE',  ( 1.298344449622994800, -1.925872395786828500, 0.6169312492907798000 ) ) ;
#6111 = DIRECTION ( 'NONE',  ( -0.0000000000000000000, 1.000000000000000000, -0.0000000000000000000 ) ) ;
#6112 = LINE ( 'NONE', #4987, #636 ) ;
#6113 = ORIENTED_EDGE ( 'NONE', *, *, #2269, .F. ) ;
#6114 = CARTESIAN_POINT ( 'NONE',  ( -1.300000000000000000, -2.000000000000000400, 0.07981495748453368300 ) ) ;
#6115 = DIRECTION ( 'NONE',  ( -1.224646799147353200E-016, 1.000000000000000000, 0.0000000000000000000 ) ) ;
#6116 = FACE_OUTER_BOUND ( 'NONE', #704, .T. ) ;
#6117 = DIRECTION ( 'NONE',  ( -0.4999999999999977800, -0.4999999999999962800, -0.7071067811865517900 ) ) ;
#6118 = EDGE_CURVE ( 'NONE', #2978, #5245, #5778, .T. ) ;
#6119 = CARTESIAN_POINT ( 'NONE',  ( -1.899999999999999900, -1.749999999999998900, 0.1000000000000000100 ) ) ;
#6120 = ORIENTED_EDGE ( 'NONE', *, *, #1315, .T. ) ;
#6121 = ORIENTED_EDGE ( 'NONE', *, *, #3113, .F. ) ;
#6122 = DIRECTION ( 'NONE',  ( -0.0000000000000000000, -0.0000000000000000000, -1.000000000000000000 ) ) ;
#6123 = CARTESIAN_POINT ( 'NONE',  ( -1.503355967044132300, -2.126457385102340500, 0.6068643896102153800 ) ) ;
#6124 = CARTESIAN_POINT ( 'NONE',  ( -1.391841420832707500, -1.858846017151285500, 0.2520362270084427500 ) ) ;
#6125 = EDGE_CURVE ( 'NONE', #5793, #4795, #2744, .T. ) ;
#6126 = DIRECTION ( 'NONE',  ( -1.224646799147353200E-016, 1.000000000000000000, 0.0000000000000000000 ) ) ;
#6127 = EDGE_LOOP ( 'NONE', ( #3768, #3068, #1519, #1674 ) ) ;
#6128 = EDGE_LOOP ( 'NONE', ( #5526, #6164, #2363, #3535, #1368 ) ) ;
#6129 = CARTESIAN_POINT ( 'NONE',  ( 1.290630877995980300, -1.880386594550254900, 0.6282694007565281500 ) ) ;
#6130 = CARTESIAN_POINT ( 'NONE',  ( -1.489048137010669200, -1.973793673732087800, 0.8581207737622053000 ) ) ;
#6131 = CARTESIAN_POINT ( 'NONE',  ( 0.9947386645089125700, -0.3399845176613545100, 0.6582136731990937400 ) ) ;
#6132 = CARTESIAN_POINT ( 'NONE',  ( 1.294187188201704200, -1.918263221298806400, -0.05563669936583605400 ) ) ;
#6133 = CARTESIAN_POINT ( 'NONE',  ( -1.352550158557974400, 1.793758191154304600, 0.1648942195613273500 ) ) ;
#6134 = CARTESIAN_POINT ( 'NONE',  ( 1.058578643762690500, -1.900000000000001000, 1.800000000000000000 ) ) ;
#6135 = DIRECTION ( 'NONE',  ( -1.000000000000000000, 0.0000000000000000000, 0.0000000000000000000 ) ) ;
#6136 = CARTESIAN_POINT ( 'NONE',  ( -3.035766082959411400E-016, -1.517883041479705700E-016, 1.070000000000000100 ) ) ;
#6137 = CARTESIAN_POINT ( 'NONE',  ( -3.698563651865939900, 1.749999999999999600, 0.6000000000000003100 ) ) ;
#6138 = DIRECTION ( 'NONE',  ( 0.0000000000000000000, -0.0000000000000000000, -1.000000000000000000 ) ) ;
#6139 = ORGANIZATION ( 'UNSPECIFIED', 'UNSPECIFIED', '' ) ;
#6140 = CARTESIAN_POINT ( 'NONE',  ( 1.296015108042786200, -1.905895356030205700, 0.5793039224278616600 ) ) ;
#6141 = ORIENTED_EDGE ( 'NONE', *, *, #1153, .F. ) ;
#6142 = CARTESIAN_POINT ( 'NONE',  ( -1.270508807732263900, -1.970951113844897200, 0.5915389755548481300 ) ) ;
#6143 = DIRECTION ( 'NONE',  ( -1.000000000000000000, 0.0000000000000000000, 0.0000000000000000000 ) ) ;
#6144 = CARTESIAN_POINT ( 'NONE',  ( -1.203553390593275400, 1.896446609406725200, 0.6000000000000003100 ) ) ;
#6145 = VECTOR ( 'NONE', #281, 1000.000000000000000 ) ;
#6146 = CARTESIAN_POINT ( 'NONE',  ( 1.404933262915796500, -1.777402647635344200, 0.2113772390490827900 ) ) ;
#6147 = CIRCLE ( 'NONE', #2492, 0.1000000000000000500 ) ;
#6148 = ORIENTED_EDGE ( 'NONE', *, *, #4410, .T. ) ;
#6149 = EDGE_CURVE ( 'NONE', #2453, #283, #5847, .T. ) ;
#6150 = CARTESIAN_POINT ( 'NONE',  ( -2.000000000000000000, 1.999999999999999600, 0.6000000000000000900 ) ) ;
#6151 = DIRECTION ( 'NONE',  ( 1.000000000000000000, 0.0000000000000000000, 0.0000000000000000000 ) ) ;
#6152 = ADVANCED_FACE ( 'NONE', ( #4007 ), #3863, .F. ) ;
#6153 = CARTESIAN_POINT ( 'NONE',  ( 1.129289321881346500, 1.970710678118654300, 0.08619288125426587100 ) ) ;
#6154 = VERTEX_POINT ( 'NONE', #1434 ) ;
#6155 = CIRCLE ( 'NONE', #2185, 0.09999999999999982500 ) ;
#6156 = AXIS2_PLACEMENT_3D ( 'NONE', #443, #2885, #1419 ) ;
#6157 = DIRECTION ( 'NONE',  ( -0.0000000000000000000, -0.0000000000000000000, -1.000000000000000000 ) ) ;
#6158 = EDGE_CURVE ( 'NONE', #3135, #2165, #5045, .T. ) ;
#6159 = CARTESIAN_POINT ( 'NONE',  ( 1.271173739504837500, -1.839517614735849800, 0.1765939623538075000 ) ) ;
#6160 = VERTEX_POINT ( 'NONE', #2466 ) ;
#6161 = CARTESIAN_POINT ( 'NONE',  ( 1.280772024748520800, -1.401056384913970100, 0.6202044208735358900 ) ) ;
#6162 = ADVANCED_FACE ( 'NONE', ( #1605 ), #298, .T. ) ;
#6163 = CARTESIAN_POINT ( 'NONE',  ( 0.0000000000000000000, -1.881827446068739000, 0.6956689149482788700 ) ) ;
#6164 = ORIENTED_EDGE ( 'NONE', *, *, #891, .T. ) ;
#6165 = CARTESIAN_POINT ( 'NONE',  ( -1.307816724202899300, 1.816482373719215100, 0.1798149574845336900 ) ) ;
#6166 =( GEOMETRIC_REPRESENTATION_CONTEXT ( 3 ) GLOBAL_UNCERTAINTY_ASSIGNED_CONTEXT ( ( #1393 ) ) GLOBAL_UNIT_ASSIGNED_CONTEXT ( ( #1780, #5606, #3386 ) ) REPRESENTATION_CONTEXT ( 'NONE', 'WORKASPACE' ) );
#6167 = CARTESIAN_POINT ( 'NONE',  ( 1.064027084699680000, -0.6337855333546783500, 0.6894155596249002000 ) ) ;
#6168 = DIRECTION ( 'NONE',  ( 0.7071067811865469100, -0.7071067811865482400, 0.0000000000000000000 ) ) ;
#6169 = ORIENTED_EDGE ( 'NONE', *, *, #1588, .T. ) ;
#6170 = CARTESIAN_POINT ( 'NONE',  ( 1.299061727816396700, -1.939033961243860700, 0.1276369828655536100 ) ) ;
#6171 = DIRECTION ( 'NONE',  ( -1.000000000000000000, 0.0000000000000000000, 0.0000000000000000000 ) ) ;
#6172 = CARTESIAN_POINT ( 'NONE',  ( -1.296068092967591200, -1.823544768603222000, 0.1797567352483321600 ) ) ;
#6173 = FACE_OUTER_BOUND ( 'NONE', #3833, .T. ) ;
#6174 = CARTESIAN_POINT ( 'NONE',  ( -2.523076923076937200, -2.000000000000000400, 1.015384615384235000 ) ) ;
#6175 = ORIENTED_EDGE ( 'NONE', *, *, #4153, .F. ) ;
#6176 = ORIENTED_EDGE ( 'NONE', *, *, #4243, .F. ) ;
#6177 = CIRCLE ( 'NONE', #3126, 0.09999999999999993600 ) ;
#6178 = CARTESIAN_POINT ( 'NONE',  ( 1.274999999999999900, 4.354162743316976500E-018, 1.070000000000000100 ) ) ;
#6179 = AXIS2_PLACEMENT_3D ( 'NONE', #4313, #5786, #2393 ) ;
#6180 = CARTESIAN_POINT ( 'NONE',  ( 1.441120066951075800, -1.922636511230841900, 0.5604754605029694800 ) ) ;
#6181 = CARTESIAN_POINT ( 'NONE',  ( 1.316309478328500800, -1.995077874532611000, 0.5608049454497416900 ) ) ;
#6182 = ORIENTED_EDGE ( 'NONE', *, *, #2191, .T. ) ;
#6183 = DIRECTION ( 'NONE',  ( -0.0000000000000000000, 0.0000000000000000000, 1.000000000000000000 ) ) ;
#6184 = ORIENTED_EDGE ( 'NONE', *, *, #4602, .T. ) ;
#6185 = CARTESIAN_POINT ( 'NONE',  ( 1.300713685312848900, -1.941196673231943400, 0.6011100325224259000 ) ) ;
#6186 = DIRECTION ( 'NONE',  ( -0.0000000000000000000, 0.0000000000000000000, 1.000000000000000000 ) ) ;
#6187 = AXIS2_PLACEMENT_3D ( 'NONE', #3837, #5812, #967 ) ;
#6188 = EDGE_CURVE ( 'NONE', #1694, #2006, #2210, .T. ) ;
#6189 = CARTESIAN_POINT ( 'NONE',  ( -1.334841474560593000, -1.802118170193888200, 0.1735490049296512800 ) ) ;
#6190 = ORIENTED_EDGE ( 'NONE', *, *, #5191, .T. ) ;
#6191 = EDGE_CURVE ( 'NONE', #4954, #94, #3256, .T. ) ;
#6192 = CARTESIAN_POINT ( 'NONE',  ( 1.131162934662546900, -0.3078513680124800300, 0.6705497942959903800 ) ) ;
#6193 = CARTESIAN_POINT ( 'NONE',  ( -1.478735111888961100, -0.9177092989122549400, 0.9773053850802887500 ) ) ;
#6194 = EDGE_LOOP ( 'NONE', ( #3984, #861, #2762, #3441, #2428, #3659 ) ) ;
#6195 = EDGE_CURVE ( 'NONE', #5103, #286, #2129, .T. ) ;
#6196 = DIRECTION ( 'NONE',  ( 1.000000000000000000, 0.0000000000000000000, 0.0000000000000000000 ) ) ;
#6197 = APPROVAL ( #3453, 'UNSPECIFIED' ) ;
#6198 = CARTESIAN_POINT ( 'NONE',  ( 1.441076447032452900, -1.922657505437748400, 0.5602808843468616300 ) ) ;
#6199 = VERTEX_POINT ( 'NONE', #38 ) ;
#6200 = CARTESIAN_POINT ( 'NONE',  ( 1.058578643762690500, -2.000000000000000400, 0.03905242917518403400 ) ) ;
#6201 = CARTESIAN_POINT ( 'NONE',  ( 1.061363203729015000, -0.3210383521223335600, 0.5870626071790432400 ) ) ;
#6202 = DIRECTION ( 'NONE',  ( -1.000000000000000000, 0.0000000000000000000, 0.0000000000000000000 ) ) ;
#6203 = DIRECTION ( 'NONE',  ( 0.0000000000000000000, 0.0000000000000000000, -1.000000000000000000 ) ) ;
#6204 = CYLINDRICAL_SURFACE ( 'NONE', #5425, 0.1000000000000000500 ) ;
#6205 = CARTESIAN_POINT ( 'NONE',  ( 0.0000000000000000000, -1.832783353125968500, 1.319999999999999600 ) ) ;
#6206 = ORIENTED_EDGE ( 'NONE', *, *, #1153, .T. ) ;
#6207 = CARTESIAN_POINT ( 'NONE',  ( -1.355808955202558700, -1.990492459645651500, 0.5425692145625751200 ) ) ;
#6208 = PLANE ( 'NONE',  #6064 ) ;
#6209 = VERTEX_POINT ( 'NONE', #5410 ) ;
#6210 = VECTOR ( 'NONE', #149, 1000.000000000000000 ) ;
#6211 = FACE_OUTER_BOUND ( 'NONE', #2871, .T. ) ;
#6212 = ADVANCED_FACE ( 'NONE', ( #755 ), #5315, .T. ) ;
#6213 = VERTEX_POINT ( 'NONE', #4429 ) ;
#6214 = CARTESIAN_POINT ( 'NONE',  ( -2.023844055306274300E-016, -1.011922027653137100E-016, 0.9300000000000000500 ) ) ;
#6215 = EDGE_CURVE ( 'NONE', #548, #2075, #820, .T. ) ;
#6216 = ORIENTED_EDGE ( 'NONE', *, *, #213, .T. ) ;
#6217 = CARTESIAN_POINT ( 'NONE',  ( 1.353054150310435900, -1.856655219074657500, 0.5527252960330024700 ) ) ;
#6218 = TOROIDAL_SURFACE ( 'NONE', #3458, 0.9750000000000000900, 0.06999999999999996500 ) ;
#6219 = CARTESIAN_POINT ( 'NONE',  ( -1.271173739504839000, 1.839517614735848500, 0.1765939623538019500 ) ) ;
#6220 = CARTESIAN_POINT ( 'NONE',  ( 1.126384348775731700, -0.3071042007074713000, 0.6284166279615837100 ) ) ;
#6221 = ORIENTED_EDGE ( 'NONE', *, *, #2422, .T. ) ;
#6222 = DIRECTION ( 'NONE',  ( -1.224646799147353200E-016, 1.000000000000000000, 0.0000000000000000000 ) ) ;
#6223 = ORIENTED_EDGE ( 'NONE', *, *, #4366, .F. ) ;
#6224 = CIRCLE ( 'NONE', #4778, 1.195000000000000100 ) ;
#6225 = EDGE_CURVE ( 'NONE', #4932, #3346, #3506, .T. ) ;
#6226 = DIRECTION ( 'NONE',  ( -1.000000000000000000, -2.168404344971007700E-015, 0.0000000000000000000 ) ) ;
#6227 = CARTESIAN_POINT ( 'NONE',  ( -1.355470019622523300, 1.792460257042108400, 0.1630199869183177900 ) ) ;
#6228 = CIRCLE ( 'NONE', #1491, 0.09999999999999982500 ) ;
#6229 = AXIS2_PLACEMENT_3D ( 'NONE', #3545, #4006, #2548 ) ;
#6230 = DIRECTION ( 'NONE',  ( -0.0000000000000000000, -0.0000000000000000000, 1.000000000000000000 ) ) ;
#6231 = EDGE_CURVE ( 'NONE', #5980, #1885, #1127, .T. ) ;
#6232 = ORIENTED_EDGE ( 'NONE', *, *, #4697, .F. ) ;
#6233 = DIRECTION ( 'NONE',  ( -1.000000000000000000, 3.693158315293192400E-016, 0.0000000000000000000 ) ) ;
#6234 = ORIENTED_EDGE ( 'NONE', *, *, #5519, .T. ) ;
#6235 = DIRECTION ( 'NONE',  ( 0.0000000000000000000, -0.0000000000000000000, -1.000000000000000000 ) ) ;
#6236 = ORIENTED_EDGE ( 'NONE', *, *, #177, .F. ) ;
#6237 = DIRECTION ( 'NONE',  ( 0.0000000000000000000, 0.0000000000000000000, 1.000000000000000000 ) ) ;
#6238 = CARTESIAN_POINT ( 'NONE',  ( 1.350000000000001400, 1.749999999999998700, 1.699999999999999700 ) ) ;
#6239 = CARTESIAN_POINT ( 'NONE',  ( 1.411085086825919300, -1.776236045445810600, 0.6208738340091363200 ) ) ;
#6240 = ORIENTED_EDGE ( 'NONE', *, *, #2952, .T. ) ;
#6241 = ORIENTED_EDGE ( 'NONE', *, *, #4495, .T. ) ;
#6242 = CARTESIAN_POINT ( 'NONE',  ( -4.047688110612548600E-016, -2.023844055306274300E-016, 1.210000000000000200 ) ) ;
#6243 = AXIS2_PLACEMENT_3D ( 'NONE', #2933, #464, #2451 ) ;
#6244 = CARTESIAN_POINT ( 'NONE',  ( 1.273830303165948600, -1.752861738319080500, 0.6338118819472274800 ) ) ;
#6245 = ADVANCED_FACE ( 'NONE', ( #1441 ), #3455, .T. ) ;
#6246 = ORIENTED_EDGE ( 'NONE', *, *, #5150, .F. ) ;
#6247 = CARTESIAN_POINT ( 'NONE',  ( -1.379777894012259100, -1.972366222729381400, 0.7512650392872245500 ) ) ;
#6248 = AXIS2_PLACEMENT_3D ( 'NONE', #2663, #4578, #187 ) ;
#6249 = CARTESIAN_POINT ( 'NONE',  ( 1.557106781186549300, 2.249999999999998700, -0.02000000000000000000 ) ) ;
#6250 = LINE ( 'NONE', #512, #3471 ) ;
#6252 = ORIENTED_EDGE ( 'NONE', *, *, #5026, .F. ) ;
#6251 = CARTESIAN_POINT ( 'NONE',  ( 1.302832396748178100, -1.955101034237787000, 0.5602808843468616300 ) ) ;
#6253 = DIRECTION ( 'NONE',  ( 0.7071067811865505700, -0.7071067811865444600, 0.0000000000000000000 ) ) ;
#6254 = PERSON_AND_ORGANIZATION_ROLE ( 'design_supplier' ) ;
#6255 = CARTESIAN_POINT ( 'NONE',  ( -1.058578643762691200, 1.899999999999999500, -0.02000000000000000000 ) ) ;
#6256 = CARTESIAN_POINT ( 'NONE',  ( 1.296355900838102000, -1.908757992707869500, 0.6459432015043691200 ) ) ;
#6257 = ORIENTED_EDGE ( 'NONE', *, *, #3606, .T. ) ;
#6258 = CARTESIAN_POINT ( 'NONE',  ( 1.203553390593275400, 1.896446609406725200, 0.1357022603955299300 ) ) ;
#6259 = AXIS2_PLACEMENT_3D ( 'NONE', #1844, #3777, #304 ) ;
#6260 = ORIENTED_EDGE ( 'NONE', *, *, #2277, .F. ) ;
#6261 = CARTESIAN_POINT ( 'NONE',  ( 1.424821687161636400, -1.816342559747710300, 0.6530167176844566800 ) ) ;
#6262 = CARTESIAN_POINT ( 'NONE',  ( -1.326078158810981600, -1.617827847813287500, 0.7144867514129882300 ) ) ;
#6263 = DIRECTION ( 'NONE',  ( -1.000000000000000000, -1.224646799147354200E-016, 0.0000000000000000000 ) ) ;
#6264 = CARTESIAN_POINT ( 'NONE',  ( -1.450000000000000000, -2.000000000000000400, 0.1000000000000000200 ) ) ;
#6265 = TOROIDAL_SURFACE ( 'NONE', #4447, 1.275000000000000100, 0.06999999999999996500 ) ;
#6266 = CARTESIAN_POINT ( 'NONE',  ( 1.376005003150026800, -1.560982698683645300, 0.6521876807160458300 ) ) ;
#6267 = ORIENTED_EDGE ( 'NONE', *, *, #3820, .F. ) ;
#6268 = DIRECTION ( 'NONE',  ( 1.000000000000000000, 0.0000000000000000000, 0.0000000000000000000 ) ) ;
#6269 = EDGE_LOOP ( 'NONE', ( #2555, #5527, #607, #6084 ) ) ;
#6270 = AXIS2_PLACEMENT_3D ( 'NONE', #4004, #4529, #2608 ) ;
#6271 = DIRECTION ( 'NONE',  ( -0.0000000000000000000, -0.0000000000000000000, 1.000000000000000000 ) ) ;
#6272 = EDGE_CURVE ( 'NONE', #3514, #2100, #69, .T. ) ;
#6273 = CARTESIAN_POINT ( 'NONE',  ( -1.085454753969159700, -2.000000000000000400, 0.05696983597948812600 ) ) ;
#6274 = VERTEX_POINT ( 'NONE', #2021 ) ;
#6275 = CARTESIAN_POINT ( 'NONE',  ( 1.129289321881346500, 1.970710678118654300, 1.699999999999999700 ) ) ;
#6276 = CARTESIAN_POINT ( 'NONE',  ( -1.850000000000000100, -1.249999999999999100, 0.6000000000000000900 ) ) ;
#6277 = ADVANCED_FACE ( 'NONE', ( #1975 ), #4401, .T. ) ;
#6278 = EDGE_CURVE ( 'NONE', #324, #3132, #4324, .T. ) ;
#6279 = CARTESIAN_POINT ( 'NONE',  ( 1.385901719866393900, -1.779049073466246700, 0.1427321867557492500 ) ) ;
#6280 = PLANE ( 'NONE',  #3318 ) ;
#6281 = CARTESIAN_POINT ( 'NONE',  ( 1.137880793344360000, -0.6384443403049598900, 0.7740123293093721400 ) ) ;
#6282 = CARTESIAN_POINT ( 'NONE',  ( 1.190394633012945300, -1.268300770751007400, 0.6646163285565663800 ) ) ;
#6283 = CIRCLE ( 'NONE', #5316, 0.1000000000000000500 ) ;
#6284 = CARTESIAN_POINT ( 'NONE',  ( -1.495808955202558600, -1.990492459645651500, 0.2114833302046589300 ) ) ;
#6285 = VECTOR ( 'NONE', #496, 1000.000000000000000 ) ;
#6286 = AXIS2_PLACEMENT_3D ( 'NONE', #4604, #3650, #3668 ) ;
#6287 = ORIENTED_EDGE ( 'NONE', *, *, #4694, .T. ) ;
#6288 = FACE_OUTER_BOUND ( 'NONE', #3800, .T. ) ;
#6289 = DIRECTION ( 'NONE',  ( 0.0000000000000000000, -0.0000000000000000000, 1.000000000000000000 ) ) ;
#6290 = VECTOR ( 'NONE', #6020, 1000.000000000000000 ) ;
#6291 = VERTEX_POINT ( 'NONE', #5471 ) ;
#6292 = VERTEX_POINT ( 'NONE', #3281 ) ;
#6293 = EDGE_LOOP ( 'NONE', ( #3949, #2274, #1895, #2397 ) ) ;
#6294 = EDGE_LOOP ( 'NONE', ( #794, #5490, #5739, #5531 ) ) ;
#6295 = AXIS2_PLACEMENT_3D ( 'NONE', #3217, #4616, #314 ) ;
#6296 = DIRECTION ( 'NONE',  ( -1.000000000000000000, 0.0000000000000000000, 0.0000000000000000000 ) ) ;
#6297 = CYLINDRICAL_SURFACE ( 'NONE', #3789, 0.1000000000000057900 ) ;
#6298 = CARTESIAN_POINT ( 'NONE',  ( -1.110285042102435100, 1.989714957897565700, 0.07352336140166441900 ) ) ;
#6299 = EDGE_CURVE ( 'NONE', #2091, #690, #453, .T. ) ;
#6300 = MANIFOLD_SOLID_BREP ( 'Sweep8', #4865 ) ;
#6301 = CARTESIAN_POINT ( 'NONE',  ( -1.129289321881345600, -1.970710678118655000, -2.699999999999999700 ) ) ;
#6302 = VERTEX_POINT ( 'NONE', #1373 ) ;
#6303 = CARTESIAN_POINT ( 'NONE',  ( 1.145316206528192800, -1.022308102053611300, 0.7463157877217593300 ) ) ;
#6304 = VECTOR ( 'NONE', #228, 1000.000000000000000 ) ;
#6305 = CARTESIAN_POINT ( 'NONE',  ( -1.262659903224687200, -1.887203760856057000, 0.7165687740032087300 ) ) ;
ENDSEC;
END-ISO-10303-21;
