ISO-10303-21;
HEADER;
FILE_DESCRIPTION (( 'STEP AP214' ),
    '1' );
FILE_NAME ('CUI_DEVICES_TS04-66-43-BK-260-SMT.step',
    '2024-05-13T16:05:06',
    ( '' ),
    ( '' ),
    'SwSTEP 2.0',
    'SolidWorks 2024',
    '' );
FILE_SCHEMA (( 'AUTOMOTIVE_DESIGN' ));
ENDSEC;

DATA;
#1 = EDGE_CURVE ( 'NONE', #2874, #1923, #3096, .T. ) ;
#2 = CIRCLE ( 'NONE', #1246, 0.01574803149606299885 ) ;
#3 = PLANE ( 'NONE',  #3517 ) ;
#4 = FACE_OUTER_BOUND ( 'NONE', #9, .T. ) ;
#5 = CARTESIAN_POINT ( 'NONE',  ( 0.08858267716535433989, 0.1377952755905511861, 0.08858267716535433989 ) ) ;
#6 = DIRECTION ( 'NONE',  ( 0.000000000000000000, 0.000000000000000000, 1.000000000000000000 ) ) ;
#7 = MECHANICAL_DESIGN_GEOMETRIC_PRESENTATION_REPRESENTATION (  '', ( #1713 ), #744 ) ;
#8 = AXIS2_PLACEMENT_3D ( 'NONE', #3368, #901, #1450 ) ;
#9 = EDGE_LOOP ( 'NONE', ( #1583, #3444, #2038, #2142 ) ) ;
#10 = CIRCLE ( 'NONE', #2282, 0.003937007874015758385 ) ;
#11 = ORIENTED_EDGE ( 'NONE', *, *, #520, .T. ) ;
#12 = AXIS2_PLACEMENT_3D ( 'NONE', #1977, #2635, #327 ) ;
#13 = VECTOR ( 'NONE', #810, 39.37007874015748143 ) ;
#14 = CARTESIAN_POINT ( 'NONE',  ( -0.08858267716535433989, 0.1456692913385826960, 0.06496062992125986590 ) ) ;
#15 = ORIENTED_EDGE ( 'NONE', *, *, #57, .F. ) ;
#16 = CIRCLE ( 'NONE', #2007, 0.01181102362204724046 ) ;
#17 = VECTOR ( 'NONE', #3020, 39.37007874015748143 ) ;
#18 = CARTESIAN_POINT ( 'NONE',  ( -0.1181102362204724532, 0.03149606299212598381, -0.1023622047244094613 ) ) ;
#19 = DIRECTION ( 'NONE',  ( 0.000000000000000000, 0.000000000000000000, 1.000000000000000000 ) ) ;
#20 = VERTEX_POINT ( 'NONE', #3414 ) ;
#21 = DIRECTION ( 'NONE',  ( -1.000000000000000000, 0.000000000000000000, 0.000000000000000000 ) ) ;
#22 = ADVANCED_FACE ( 'NONE', ( #3114 ), #2829, .T. ) ;
#23 = EDGE_CURVE ( 'NONE', #1390, #3413, #3431, .T. ) ;
#24 = CARTESIAN_POINT ( 'NONE',  ( -0.1181102362204724532, 0.03149606299212598381, 0.07480314960629921850 ) ) ;
#25 =( NAMED_UNIT ( * ) PLANE_ANGLE_UNIT ( ) SI_UNIT ( $, .RADIAN. ) );
#26 = FACE_OUTER_BOUND ( 'NONE', #1735, .T. ) ;
#27 = ORIENTED_EDGE ( 'NONE', *, *, #2220, .F. ) ;
#28 = ORIENTED_EDGE ( 'NONE', *, *, #1912, .T. ) ;
#29 = DIRECTION ( 'NONE',  ( -7.228014483236699514E-17, 0.000000000000000000, -1.000000000000000000 ) ) ;
#30 = ORIENTED_EDGE ( 'NONE', *, *, #2826, .F. ) ;
#31 = CARTESIAN_POINT ( 'NONE',  ( -0.08858267716535433989, 0.1377952755905511861, 0.1043307086614173457 ) ) ;
#32 = DIRECTION ( 'NONE',  ( -1.734723475976804925E-15, -1.000000000000000000, 0.000000000000000000 ) ) ;
#33 = LINE ( 'NONE', #598, #977 ) ;
#34 = ORIENTED_EDGE ( 'NONE', *, *, #23, .T. ) ;
#35 = EDGE_LOOP ( 'NONE', ( #161, #2500 ) ) ;
#36 = FACE_OUTER_BOUND ( 'NONE', #1053, .T. ) ;
#37 = ADVANCED_FACE ( 'NONE', ( #945 ), #2268, .F. ) ;
#38 = CARTESIAN_POINT ( 'NONE',  ( 0.1181102362204724532, 0.03937007874015747977, -0.1023622047244094613 ) ) ;
#39 = CARTESIAN_POINT ( 'NONE',  ( 0.1496062992125984370, 0.02755905511811023584, -0.07480314960629921850 ) ) ;
#40 = EDGE_CURVE ( 'NONE', #880, #1379, #1133, .T. ) ;
#41 = EDGE_LOOP ( 'NONE', ( #96, #1734, #2464, #2219 ) ) ;
#42 = EDGE_CURVE ( 'NONE', #1482, #629, #2099, .T. ) ;
#43 = EDGE_LOOP ( 'NONE', ( #2101, #1833, #718, #473 ) ) ;
#44 = DIRECTION ( 'NONE',  ( -1.000000000000000000, 0.000000000000000000, 0.000000000000000000 ) ) ;
#45 = VERTEX_POINT ( 'NONE', #2056 ) ;
#46 = CARTESIAN_POINT ( 'NONE',  ( 0.08858267716535433989, 0.1823374350353732243, 0.08858267716535433989 ) ) ;
#47 = CARTESIAN_POINT ( 'NONE',  ( -0.1653543307086614567, -0.003937007874015747977, -0.07480314960629921850 ) ) ;
#48 = DIRECTION ( 'NONE',  ( 1.000000000000000000, 0.000000000000000000, 0.000000000000000000 ) ) ;
#49 = AXIS2_PLACEMENT_3D ( 'NONE', #1725, #429, #1445 ) ;
#50 = ORIENTED_EDGE ( 'NONE', *, *, #2491, .T. ) ;
#51 =( GEOMETRIC_REPRESENTATION_CONTEXT ( 3 ) GLOBAL_UNCERTAINTY_ASSIGNED_CONTEXT ( ( #1633 ) ) GLOBAL_UNIT_ASSIGNED_CONTEXT ( ( #2525, #2540, #878 ) ) REPRESENTATION_CONTEXT ( 'NONE', 'WORKASPACE' ) );
#52 = CARTESIAN_POINT ( 'NONE',  ( -0.1122047244094488277, 0.1299212598425196763, -0.1122047244094488277 ) ) ;
#53 = AXIS2_PLACEMENT_3D ( 'NONE', #2608, #2846, #376 ) ;
#54 = EDGE_LOOP ( 'NONE', ( #246, #2191, #181, #882 ) ) ;
#55 = VECTOR ( 'NONE', #1835, 39.37007874015748143 ) ;
#56 = EDGE_CURVE ( 'NONE', #2132, #2015, #2623, .T. ) ;
#57 = EDGE_CURVE ( 'NONE', #3057, #375, #667, .T. ) ;
#58 = VECTOR ( 'NONE', #2255, 39.37007874015748143 ) ;
#59 = COLOUR_RGB ( '',0.7921568627450980005, 0.8196078431372548767, 0.9333333333333333481 ) ;
#60 = CARTESIAN_POINT ( 'NONE',  ( 0.1122047244094488277, 0.1299212598425196763, 0.1181102362204724532 ) ) ;
#61 = ORIENTED_EDGE ( 'NONE', *, *, #3109, .T. ) ;
#62 = FACE_OUTER_BOUND ( 'NONE', #3214, .T. ) ;
#63 = CARTESIAN_POINT ( 'NONE',  ( 0.1496062992125984370, 0.02755905511811023584, -0.07480314960629921850 ) ) ;
#64 = CIRCLE ( 'NONE', #458, 0.07283464566929134798 ) ;
#65 = CIRCLE ( 'NONE', #2054, 0.003937007874015741038 ) ;
#66 = DIRECTION ( 'NONE',  ( 1.224646799147353454E-16, 0.000000000000000000, -1.000000000000000000 ) ) ;
#67 = VECTOR ( 'NONE', #475, 39.37007874015748143 ) ;
#68 = EDGE_LOOP ( 'NONE', ( #1281, #1135, #2009, #3119 ) ) ;
#69 = CARTESIAN_POINT ( 'NONE',  ( 0.1614173228346456879, 0.02755905511811023584, 0.1023622047244094613 ) ) ;
#70 = CARTESIAN_POINT ( 'NONE',  ( -0.1653543307086614567, 0.003937007874015747977, 0.1023622047244094613 ) ) ;
#71 = LENGTH_MEASURE_WITH_UNIT ( LENGTH_MEASURE( 0.02539999999999999897 ), #2834 );
#72 = ORIENTED_EDGE ( 'NONE', *, *, #1805, .F. ) ;
#73 = VERTEX_POINT ( 'NONE', #681 ) ;
#74 = ORIENTED_EDGE ( 'NONE', *, *, #424, .F. ) ;
#75 = CARTESIAN_POINT ( 'NONE',  ( -0.08858267716535433989, 0.1377952755905511861, -0.08858267716535433989 ) ) ;
#76 = DIRECTION ( 'NONE',  ( 0.000000000000000000, 1.000000000000000000, 0.000000000000000000 ) ) ;
#77 = EDGE_CURVE ( 'NONE', #2607, #2197, #2898, .T. ) ;
#78 = DIRECTION ( 'NONE',  ( -1.000000000000000000, 0.000000000000000000, 0.000000000000000000 ) ) ;
#79 = ORIENTED_EDGE ( 'NONE', *, *, #621, .F. ) ;
#80 = DIRECTION ( 'NONE',  ( 0.000000000000000000, 0.000000000000000000, 1.000000000000000000 ) ) ;
#81 = MANIFOLD_SOLID_BREP ( 'Fillet1', #1302 ) ;
#82 = DIRECTION ( 'NONE',  ( 1.000000000000000000, 0.000000000000000000, 0.000000000000000000 ) ) ;
#83 = CARTESIAN_POINT ( 'NONE',  ( -0.08858267716535433989, 0.1823374350353732243, -0.1043307086614173457 ) ) ;
#84 = ORIENTED_EDGE ( 'NONE', *, *, #2278, .F. ) ;
#85 = EDGE_LOOP ( 'NONE', ( #72, #84, #663, #737 ) ) ;
#86 = DIRECTION ( 'NONE',  ( 0.000000000000000000, -1.000000000000000000, 0.000000000000000000 ) ) ;
#87 = DIRECTION ( 'NONE',  ( 0.000000000000000000, -1.000000000000000000, 0.000000000000000000 ) ) ;
#88 = CARTESIAN_POINT ( 'NONE',  ( 0.08858267716535433989, 0.1377952755905511861, -0.08858267716535433989 ) ) ;
#89 =( NAMED_UNIT ( * ) SI_UNIT ( $, .STERADIAN. ) SOLID_ANGLE_UNIT ( ) );
#90 = ORIENTED_EDGE ( 'NONE', *, *, #2886, .F. ) ;
#91 = EDGE_CURVE ( 'NONE', #1581, #2785, #1594, .T. ) ;
#92 = EDGE_CURVE ( 'NONE', #2043, #2998, #2980, .T. ) ;
#93 = CARTESIAN_POINT ( 'NONE',  ( -0.1181102362204724532, 0.03937007874015747977, -0.07480314960629921850 ) ) ;
#94 = CLOSED_SHELL ( 'NONE', ( #735, #2987, #237, #2160, #1971, #3130, #689, #442, #500, #589, #2432, #2503, #1308, #3567, #190, #1685, #2005, #338, #543, #2195, #1836, #892, #1334, #1209, #1577, #1208, #1641, #1784, #1862, #1278, #2064, #133, #3244, #1861 ) ) ;
#95 = CARTESIAN_POINT ( 'NONE',  ( 0.1122047244094488277, 0.1299212598425196763, -0.1122047244094488277 ) ) ;
#96 = ORIENTED_EDGE ( 'NONE', *, *, #156, .T. ) ;
#97 = EDGE_LOOP ( 'NONE', ( #1289, #3264 ) ) ;
#98 = AXIS2_PLACEMENT_3D ( 'NONE', #1949, #586, #1681 ) ;
#99 = DIRECTION ( 'NONE',  ( 0.000000000000000000, 0.000000000000000000, 1.000000000000000000 ) ) ;
#100 = CARTESIAN_POINT ( 'NONE',  ( 0.1653543307086614567, 0.007874015748031495954, 0.07480314960629921850 ) ) ;
#101 = CARTESIAN_POINT ( 'NONE',  ( 0.1496062992125984370, 0.02755905511811023584, 0.1023622047244094613 ) ) ;
#102 = VECTOR ( 'NONE', #818, 39.37007874015748143 ) ;
#103 = AXIS2_PLACEMENT_3D ( 'NONE', #2362, #2109, #2911 ) ;
#104 = ORIENTED_EDGE ( 'NONE', *, *, #2259, .T. ) ;
#105 = VECTOR ( 'NONE', #1850, 39.37007874015748143 ) ;
#106 = DIRECTION ( 'NONE',  ( 0.000000000000000000, -1.000000000000000000, 0.000000000000000000 ) ) ;
#107 = AXIS2_PLACEMENT_3D ( 'NONE', #724, #2628, #1071 ) ;
#108 = DIRECTION ( 'NONE',  ( 0.000000000000000000, 1.000000000000000000, 0.000000000000000000 ) ) ;
#109 = EDGE_CURVE ( 'NONE', #1524, #1996, #2838, .T. ) ;
#110 = AXIS2_PLACEMENT_3D ( 'NONE', #2604, #1935, #3007 ) ;
#111 = CYLINDRICAL_SURFACE ( 'NONE', #1841, 0.01574803149606299191 ) ;
#112 = CARTESIAN_POINT ( 'NONE',  ( 0.08858267716535433989, 0.1299212598425196763, 0.1043307086614173457 ) ) ;
#113 = VERTEX_POINT ( 'NONE', #1425 ) ;
#114 = EDGE_LOOP ( 'NONE', ( #3472, #841, #129, #3077, #2079, #2667, #1490, #1024, #2590, #2390, #2094, #608 ) ) ;
#115 = EDGE_LOOP ( 'NONE', ( #1411, #3101, #2422, #2638 ) ) ;
#116 = ADVANCED_FACE ( 'NONE', ( #1715 ), #2216, .F. ) ;
#117 = CARTESIAN_POINT ( 'NONE',  ( 0.08858267716535433989, 0.1377952755905511861, -0.08858267716535433989 ) ) ;
#118 = CARTESIAN_POINT ( 'NONE',  ( -0.1968503937007874127, 0.003937007874015747977, -0.1023622047244094613 ) ) ;
#119 = DIRECTION ( 'NONE',  ( 0.000000000000000000, 0.000000000000000000, 1.000000000000000000 ) ) ;
#120 = DIRECTION ( 'NONE',  ( 0.000000000000000000, 0.000000000000000000, 1.000000000000000000 ) ) ;
#121 = ORIENTED_EDGE ( 'NONE', *, *, #2003, .F. ) ;
#122 = DIRECTION ( 'NONE',  ( 0.000000000000000000, 0.000000000000000000, -1.000000000000000000 ) ) ;
#123 = EDGE_LOOP ( 'NONE', ( #3436, #3339, #411, #3456 ) ) ;
#124 = LINE ( 'NONE', #1220, #976 ) ;
#125 = CARTESIAN_POINT ( 'NONE',  ( -0.1535433070866141780, 0.02755905511811023584, -0.1023622047244094613 ) ) ;
#126 = DIRECTION ( 'NONE',  ( 1.000000000000000000, 0.000000000000000000, 0.000000000000000000 ) ) ;
#127 = FACE_BOUND ( 'NONE', #1353, .T. ) ;
#128 = DIRECTION ( 'NONE',  ( 0.000000000000000000, 1.000000000000000000, 0.000000000000000000 ) ) ;
#129 = ORIENTED_EDGE ( 'NONE', *, *, #876, .F. ) ;
#130 = LENGTH_MEASURE_WITH_UNIT ( LENGTH_MEASURE( 0.02539999999999999897 ), #2953 );
#131 = DIRECTION ( 'NONE',  ( 0.000000000000000000, 0.000000000000000000, 1.000000000000000000 ) ) ;
#132 = EDGE_CURVE ( 'NONE', #1757, #2161, #2823, .T. ) ;
#133 = ADVANCED_FACE ( 'NONE', ( #2850 ), #323, .T. ) ;
#134 = EDGE_LOOP ( 'NONE', ( #1518, #2304, #2671, #1989 ) ) ;
#135 = ORIENTED_EDGE ( 'NONE', *, *, #1515, .F. ) ;
#136 = CARTESIAN_POINT ( 'NONE',  ( 0.1122047244094488277, 0.1377952755905511861, -0.1122047244094488277 ) ) ;
#137 = FACE_OUTER_BOUND ( 'NONE', #3094, .T. ) ;
#138 = DIRECTION ( 'NONE',  ( 1.000000000000000000, 0.000000000000000000, 0.000000000000000000 ) ) ;
#139 = EDGE_CURVE ( 'NONE', #3369, #2442, #3362, .T. ) ;
#140 = DIRECTION ( 'NONE',  ( 1.000000000000000000, 0.000000000000000000, 0.000000000000000000 ) ) ;
#141 = ORIENTED_EDGE ( 'NONE', *, *, #2090, .T. ) ;
#142 = DIRECTION ( 'NONE',  ( 0.000000000000000000, 0.000000000000000000, 1.000000000000000000 ) ) ;
#143 = EDGE_LOOP ( 'NONE', ( #2556, #2684, #2256, #208 ) ) ;
#144 = FACE_OUTER_BOUND ( 'NONE', #1870, .T. ) ;
#145 = PLANE ( 'NONE',  #1016 ) ;
#146 = LINE ( 'NONE', #2299, #2002 ) ;
#147 = LINE ( 'NONE', #1533, #1550 ) ;
#148 = DIRECTION ( 'NONE',  ( 0.000000000000000000, 0.000000000000000000, -1.000000000000000000 ) ) ;
#149 = EDGE_LOOP ( 'NONE', ( #2675, #3223, #1072, #817 ) ) ;
#150 = LINE ( 'NONE', #1244, #3337 ) ;
#151 = CIRCLE ( 'NONE', #3090, 0.06889763779527559306 ) ;
#152 = ORIENTED_EDGE ( 'NONE', *, *, #876, .T. ) ;
#153 = ORIENTED_EDGE ( 'NONE', *, *, #1170, .T. ) ;
#154 = LINE ( 'NONE', #1542, #970 ) ;
#155 = PLANE ( 'NONE',  #2764 ) ;
#156 = EDGE_CURVE ( 'NONE', #830, #838, #1818, .T. ) ;
#157 = MANIFOLD_SOLID_BREP ( 'Imported2', #1361 ) ;
#158 = ADVANCED_FACE ( 'NONE', ( #366 ), #3332, .F. ) ;
#159 = AXIS2_PLACEMENT_3D ( 'NONE', #2832, #1984, #3419 ) ;
#160 = FACE_OUTER_BOUND ( 'NONE', #149, .T. ) ;
#161 = ORIENTED_EDGE ( 'NONE', *, *, #1189, .T. ) ;
#162 = CIRCLE ( 'NONE', #966, 0.005905511811023620231 ) ;
#163 = MANIFOLD_SOLID_BREP ( 'Cut-Extrude1', #2914 ) ;
#164 = VECTOR ( 'NONE', #487, 39.37007874015748143 ) ;
#165 = CYLINDRICAL_SURFACE ( 'NONE', #1961, 0.005905511811023620231 ) ;
#166 = AXIS2_PLACEMENT_3D ( 'NONE', #1038, #1765, #2890 ) ;
#167 = ORIENTED_EDGE ( 'NONE', *, *, #2039, .F. ) ;
#168 = CARTESIAN_POINT ( 'NONE',  ( -0.1653543307086614567, 0.003937007874015747977, 0.1023622047244094613 ) ) ;
#169 = DIRECTION ( 'NONE',  ( 0.000000000000000000, 0.000000000000000000, -1.000000000000000000 ) ) ;
#170 = CONICAL_SURFACE ( 'NONE', #2343, 0.06496062992125985203, 0.09966865249116185765 ) ;
#171 = VECTOR ( 'NONE', #617, 39.37007874015748143 ) ;
#172 = DIRECTION ( 'NONE',  ( 0.000000000000000000, 0.000000000000000000, -1.000000000000000000 ) ) ;
#173 = VECTOR ( 'NONE', #490, 39.37007874015748143 ) ;
#174 = AXIS2_PLACEMENT_3D ( 'NONE', #1298, #512, #2241 ) ;
#175 = CARTESIAN_POINT ( 'NONE',  ( 0.08858267716535433989, 0.1299212598425196763, 0.07283464566929134798 ) ) ;
#176 = FACE_OUTER_BOUND ( 'NONE', #1789, .T. ) ;
#177 = ORIENTED_EDGE ( 'NONE', *, *, #139, .T. ) ;
#178 = SURFACE_SIDE_STYLE ('',( #3226 ) ) ;
#179 = CYLINDRICAL_SURFACE ( 'NONE', #2775, 0.02362204724409448092 ) ;
#180 = EDGE_CURVE ( 'NONE', #2877, #1182, #1455, .T. ) ;
#181 = ORIENTED_EDGE ( 'NONE', *, *, #2653, .T. ) ;
#182 = ORIENTED_EDGE ( 'NONE', *, *, #2746, .F. ) ;
#183 = CYLINDRICAL_SURFACE ( 'NONE', #3518, 0.003937007874015758385 ) ;
#184 = DIRECTION ( 'NONE',  ( -0.000000000000000000, -1.000000000000000000, -0.000000000000000000 ) ) ;
#185 = PLANE ( 'NONE',  #2568 ) ;
#186 = EDGE_CURVE ( 'NONE', #935, #2252, #151, .T. ) ;
#187 = EDGE_CURVE ( 'NONE', #2785, #2425, #3484, .T. ) ;
#188 = ORIENTED_EDGE ( 'NONE', *, *, #1157, .T. ) ;
#189 = CARTESIAN_POINT ( 'NONE',  ( 0.1122047244094488277, 0.1299212598425196763, 0.1122047244094488277 ) ) ;
#190 = ADVANCED_FACE ( 'NONE', ( #1848 ), #3197, .T. ) ;
#191 = ORIENTED_EDGE ( 'NONE', *, *, #180, .T. ) ;
#192 = CARTESIAN_POINT ( 'NONE',  ( 8.919671568592926781E-18, 0.1377952755905511861, -0.07283464566929134798 ) ) ;
#193 = DIRECTION ( 'NONE',  ( 0.000000000000000000, -1.000000000000000000, 0.000000000000000000 ) ) ;
#194 = DIMENSIONAL_EXPONENTS ( 1.000000000000000000, 0.000000000000000000, 0.000000000000000000, 0.000000000000000000, 0.000000000000000000, 0.000000000000000000, 0.000000000000000000 ) ;
#195 = ADVANCED_FACE ( 'NONE', ( #3446 ), #694, .F. ) ;
#196 = CARTESIAN_POINT ( 'NONE',  ( 0.1122047244094488277, 0.1299212598425196763, -0.1181102362204724532 ) ) ;
#197 = DIRECTION ( 'NONE',  ( 0.000000000000000000, 0.000000000000000000, 1.000000000000000000 ) ) ;
#198 = CARTESIAN_POINT ( 'NONE',  ( -0.1181102362204724532, 0.03937007874015747977, 0.1023622047244094613 ) ) ;
#199 = VERTEX_POINT ( 'NONE', #2104 ) ;
#200 = DIRECTION ( 'NONE',  ( 0.000000000000000000, 0.000000000000000000, 1.000000000000000000 ) ) ;
#201 = ORIENTED_EDGE ( 'NONE', *, *, #2596, .F. ) ;
#202 = ORIENTED_EDGE ( 'NONE', *, *, #2581, .F. ) ;
#203 = DIRECTION ( 'NONE',  ( -1.016439536705159791E-16, -1.000000000000000000, 0.000000000000000000 ) ) ;
#204 = PLANE ( 'NONE',  #3440 ) ;
#205 = CARTESIAN_POINT ( 'NONE',  ( -0.08858267716535433989, 0.1456692913385826960, 0.08858267716535433989 ) ) ;
#206 = EDGE_LOOP ( 'NONE', ( #3153, #3032, #994, #3516 ) ) ;
#207 = CARTESIAN_POINT ( 'NONE',  ( 0.000000000000000000, 0.1299212598425196763, 0.000000000000000000 ) ) ;
#208 = ORIENTED_EDGE ( 'NONE', *, *, #926, .T. ) ;
#209 = CARTESIAN_POINT ( 'NONE',  ( -0.08858267716535433989, 0.1823374350353732243, 0.1043307086614173457 ) ) ;
#210 = DIRECTION ( 'NONE',  ( 0.000000000000000000, 0.000000000000000000, -1.000000000000000000 ) ) ;
#211 = ADVANCED_FACE ( 'NONE', ( #2356 ), #145, .T. ) ;
#212 = EDGE_CURVE ( 'NONE', #2536, #657, #749, .T. ) ;
#213 = FACE_OUTER_BOUND ( 'NONE', #3312, .T. ) ;
#214 = DIRECTION ( 'NONE',  ( 0.000000000000000000, 0.000000000000000000, 1.000000000000000000 ) ) ;
#215 = DIRECTION ( 'NONE',  ( 0.000000000000000000, 0.000000000000000000, -1.000000000000000000 ) ) ;
#216 = ORIENTED_EDGE ( 'NONE', *, *, #1088, .F. ) ;
#217 = DIRECTION ( 'NONE',  ( 1.000000000000000000, 0.000000000000000000, 0.000000000000000000 ) ) ;
#218 = DIRECTION ( 'NONE',  ( 0.000000000000000000, 0.000000000000000000, -1.000000000000000000 ) ) ;
#219 = DIMENSIONAL_EXPONENTS ( 1.000000000000000000, 0.000000000000000000, 0.000000000000000000, 0.000000000000000000, 0.000000000000000000, 0.000000000000000000, 0.000000000000000000 ) ;
#220 = ORIENTED_EDGE ( 'NONE', *, *, #422, .F. ) ;
#221 = EDGE_LOOP ( 'NONE', ( #2646, #1106, #2017, #1067 ) ) ;
#222 = DIRECTION ( 'NONE',  ( 0.000000000000000000, 1.000000000000000000, 0.000000000000000000 ) ) ;
#223 = DIRECTION ( 'NONE',  ( 0.000000000000000000, -1.000000000000000000, 0.000000000000000000 ) ) ;
#224 = LINE ( 'NONE', #2922, #3102 ) ;
#225 = ORIENTED_EDGE ( 'NONE', *, *, #186, .T. ) ;
#226 = VECTOR ( 'NONE', #548, 39.37007874015748143 ) ;
#227 = CARTESIAN_POINT ( 'NONE',  ( -0.1181102362204724532, 0.03149606299212598381, 0.1023622047244094613 ) ) ;
#228 = ORIENTED_EDGE ( 'NONE', *, *, #324, .F. ) ;
#229 = VECTOR ( 'NONE', #2528, 39.37007874015748143 ) ;
#230 = LINE ( 'NONE', #3340, #2413 ) ;
#231 = DIRECTION ( 'NONE',  ( 0.000000000000000000, 1.000000000000000000, 0.000000000000000000 ) ) ;
#232 = CIRCLE ( 'NONE', #3289, 0.05961621518437743711 ) ;
#233 = AXIS2_PLACEMENT_3D ( 'NONE', #3142, #2052, #699 ) ;
#234 = CARTESIAN_POINT ( 'NONE',  ( 0.000000000000000000, 0.1692913385826771699, 0.000000000000000000 ) ) ;
#235 = EDGE_CURVE ( 'NONE', #1919, #313, #1783, .T. ) ;
#236 = DIRECTION ( 'NONE',  ( 0.000000000000000000, 0.000000000000000000, -1.000000000000000000 ) ) ;
#237 = ADVANCED_FACE ( 'NONE', ( #2887 ), #3468, .T. ) ;
#238 = DIRECTION ( 'NONE',  ( 0.000000000000000000, 0.000000000000000000, -1.000000000000000000 ) ) ;
#239 = ORIENTED_EDGE ( 'NONE', *, *, #3228, .T. ) ;
#240 = VECTOR ( 'NONE', #3536, 39.37007874015748143 ) ;
#241 = AXIS2_PLACEMENT_3D ( 'NONE', #2082, #3135, #979 ) ;
#242 = CARTESIAN_POINT ( 'NONE',  ( -0.1122047244094488277, 0.1299212598425196763, -0.1181102362204724532 ) ) ;
#243 = CARTESIAN_POINT ( 'NONE',  ( 0.08858267716535433989, 0.1299212598425196763, -0.08858267716535433989 ) ) ;
#244 = AXIS2_PLACEMENT_3D ( 'NONE', #1653, #1388, #1891 ) ;
#245 = CIRCLE ( 'NONE', #2876, 0.01574803149606299191 ) ;
#246 = ORIENTED_EDGE ( 'NONE', *, *, #3377, .F. ) ;
#247 = ORIENTED_EDGE ( 'NONE', *, *, #409, .F. ) ;
#248 = DIRECTION ( 'NONE',  ( -0.000000000000000000, 1.000000000000000000, 0.000000000000000000 ) ) ;
#249 = EDGE_CURVE ( 'NONE', #488, #1422, #2328, .T. ) ;
#250 = LINE ( 'NONE', #1678, #3046 ) ;
#251 = ORIENTED_EDGE ( 'NONE', *, *, #784, .F. ) ;
#252 = CARTESIAN_POINT ( 'NONE',  ( -0.1614173228346456879, 0.02755905511811023584, -0.07480314960629921850 ) ) ;
#253 = CARTESIAN_POINT ( 'NONE',  ( 0.1535433070866141780, 0.02755905511811023584, -0.1023622047244094613 ) ) ;
#254 = ORIENTED_EDGE ( 'NONE', *, *, #1228, .F. ) ;
#255 = DIRECTION ( 'NONE',  ( 0.000000000000000000, -1.000000000000000000, 0.000000000000000000 ) ) ;
#256 = DIRECTION ( 'NONE',  ( 1.000000000000000000, 0.000000000000000000, 0.000000000000000000 ) ) ;
#257 = FACE_BOUND ( 'NONE', #1225, .T. ) ;
#258 = DIRECTION ( 'NONE',  ( 0.000000000000000000, 1.000000000000000000, 0.000000000000000000 ) ) ;
#259 = VERTEX_POINT ( 'NONE', #3217 ) ;
#260 = CARTESIAN_POINT ( 'NONE',  ( 0.08858267716535433989, 0.1299212598425196763, -0.08858267716535433989 ) ) ;
#261 = VERTEX_POINT ( 'NONE', #996 ) ;
#262 = LINE ( 'NONE', #2557, #229 ) ;
#263 = ADVANCED_FACE ( 'NONE', ( #727 ), #1822, .F. ) ;
#264 = EDGE_CURVE ( 'NONE', #2892, #2545, #2756, .T. ) ;
#265 = CARTESIAN_POINT ( 'NONE',  ( 0.1496062992125984370, 0.03149606299212598381, 0.1023622047244094613 ) ) ;
#266 = VERTEX_POINT ( 'NONE', #2297 ) ;
#267 = CARTESIAN_POINT ( 'NONE',  ( -0.1653543307086614567, 0.007874015748031495954, -0.1023622047244094613 ) ) ;
#268 = EDGE_CURVE ( 'NONE', #73, #2055, #2690, .T. ) ;
#269 = CARTESIAN_POINT ( 'NONE',  ( 0.1614173228346456879, 0.02755905511811023584, -0.1023622047244094613 ) ) ;
#270 = ORIENTED_EDGE ( 'NONE', *, *, #1494, .T. ) ;
#271 = CARTESIAN_POINT ( 'NONE',  ( -0.1122047244094488277, 0.1299212598425196763, -0.1181102362204724532 ) ) ;
#272 = DIMENSIONAL_EXPONENTS ( 1.000000000000000000, 0.000000000000000000, 0.000000000000000000, 0.000000000000000000, 0.000000000000000000, 0.000000000000000000, 0.000000000000000000 ) ;
#273 = LINE ( 'NONE', #728, #519 ) ;
#274 = LINE ( 'NONE', #825, #2471 ) ;
#275 = CARTESIAN_POINT ( 'NONE',  ( 0.1122047244094488277, 0.1299212598425196763, -0.1181102362204724532 ) ) ;
#276 = DIRECTION ( 'NONE',  ( 0.000000000000000000, -1.000000000000000000, 0.000000000000000000 ) ) ;
#277 = ORIENTED_EDGE ( 'NONE', *, *, #139, .F. ) ;
#278 = VERTEX_POINT ( 'NONE', #1073 ) ;
#279 = FACE_OUTER_BOUND ( 'NONE', #2815, .T. ) ;
#280 = EDGE_LOOP ( 'NONE', ( #3021, #1229, #928, #2584 ) ) ;
#281 = EDGE_CURVE ( 'NONE', #3255, #2127, #769, .T. ) ;
#282 = AXIS2_PLACEMENT_3D ( 'NONE', #39, #2261, #3072 ) ;
#283 = CARTESIAN_POINT ( 'NONE',  ( 0.08858267716535433989, 0.1299212598425196763, -0.1043307086614173457 ) ) ;
#284 = DIRECTION ( 'NONE',  ( 0.000000000000000000, 0.000000000000000000, 1.000000000000000000 ) ) ;
#285 = ORIENTED_EDGE ( 'NONE', *, *, #1646, .F. ) ;
#286 = AXIS2_PLACEMENT_3D ( 'NONE', #3006, #532, #2465 ) ;
#287 = DIRECTION ( 'NONE',  ( 1.000000000000000000, 0.000000000000000000, 0.000000000000000000 ) ) ;
#288 = DIRECTION ( 'NONE',  ( -1.000000000000000000, 0.000000000000000000, 0.000000000000000000 ) ) ;
#289 =( NAMED_UNIT ( * ) PLANE_ANGLE_UNIT ( ) SI_UNIT ( $, .RADIAN. ) );
#290 = PLANE ( 'NONE',  #3450 ) ;
#291 = AXIS2_PLACEMENT_3D ( 'NONE', #549, #2736, #19 ) ;
#292 = AXIS2_PLACEMENT_3D ( 'NONE', #2687, #223, #1316 ) ;
#293 = AXIS2_PLACEMENT_3D ( 'NONE', #3530, #1050, #44 ) ;
#294 = VERTEX_POINT ( 'NONE', #2392 ) ;
#295 = CIRCLE ( 'NONE', #1959, 0.01574803149606299885 ) ;
#296 = VERTEX_POINT ( 'NONE', #271 ) ;
#297 = AXIS2_PLACEMENT_3D ( 'NONE', #1532, #1786, #1153 ) ;
#298 = TOROIDAL_SURFACE ( 'NONE', #3001, 0.05961621518437743711, 0.005905511811023621965 ) ;
#299 = LINE ( 'NONE', #530, #2401 ) ;
#300 = ORIENTED_EDGE ( 'NONE', *, *, #2395, .T. ) ;
#301 = AXIS2_PLACEMENT_3D ( 'NONE', #3097, #931, #1503 ) ;
#302 = LINE ( 'NONE', #871, #2223 ) ;
#303 = EDGE_CURVE ( 'NONE', #356, #1440, #3210, .T. ) ;
#304 = EDGE_CURVE ( 'NONE', #2135, #3376, #2754, .T. ) ;
#305 = SHAPE_DEFINITION_REPRESENTATION ( #1066, #895 ) ;
#306 = DIRECTION ( 'NONE',  ( 0.000000000000000000, -1.000000000000000000, 0.000000000000000000 ) ) ;
#307 = ORIENTED_EDGE ( 'NONE', *, *, #187, .T. ) ;
#308 = CYLINDRICAL_SURFACE ( 'NONE', #378, 0.003937007874015758385 ) ;
#309 = ADVANCED_FACE ( 'NONE', ( #1592 ), #1325, .T. ) ;
#310 = EDGE_CURVE ( 'NONE', #2916, #2996, #3509, .T. ) ;
#311 = CARTESIAN_POINT ( 'NONE',  ( -0.1181102362204724532, 0.1299212598425196763, 0.1122047244094488277 ) ) ;
#312 =( CONVERSION_BASED_UNIT ( 'INCH', #1638 ) LENGTH_UNIT ( ) NAMED_UNIT ( #2190 ) );
#313 = VERTEX_POINT ( 'NONE', #1906 ) ;
#314 = ORIENTED_EDGE ( 'NONE', *, *, #2673, .T. ) ;
#315 = CARTESIAN_POINT ( 'NONE',  ( 0.000000000000000000, 0.1299212598425196763, 0.000000000000000000 ) ) ;
#316 = ORIENTED_EDGE ( 'NONE', *, *, #3524, .F. ) ;
#317 = DIRECTION ( 'NONE',  ( 0.000000000000000000, 0.000000000000000000, 1.000000000000000000 ) ) ;
#318 = CARTESIAN_POINT ( 'NONE',  ( -0.1181102362204724532, 0.1299212598425196763, -0.1122047244094488277 ) ) ;
#319 = CYLINDRICAL_SURFACE ( 'NONE', #1093, 0.02362204724409448092 ) ;
#320 = ORIENTED_EDGE ( 'NONE', *, *, #1049, .T. ) ;
#321 = LINE ( 'NONE', #2501, #687 ) ;
#322 = EDGE_CURVE ( 'NONE', #3282, #2663, #1617, .T. ) ;
#323 = CYLINDRICAL_SURFACE ( 'NONE', #1368, 0.005905511811023620231 ) ;
#324 = EDGE_CURVE ( 'NONE', #1831, #3555, #848, .T. ) ;
#325 = ORIENTED_EDGE ( 'NONE', *, *, #3396, .F. ) ;
#326 = VERTEX_POINT ( 'NONE', #1885 ) ;
#327 = DIRECTION ( 'NONE',  ( 0.000000000000000000, 0.000000000000000000, 1.000000000000000000 ) ) ;
#328 = ORIENTED_EDGE ( 'NONE', *, *, #558, .F. ) ;
#329 = PLANE ( 'NONE',  #690 ) ;
#330 = FACE_OUTER_BOUND ( 'NONE', #3502, .T. ) ;
#331 = DIRECTION ( 'NONE',  ( 0.000000000000000000, 0.000000000000000000, -1.000000000000000000 ) ) ;
#332 = ORIENTED_EDGE ( 'NONE', *, *, #3485, .F. ) ;
#333 = AXIS2_PLACEMENT_3D ( 'NONE', #3422, #476, #1265 ) ;
#334 = PLANE ( 'NONE',  #2284 ) ;
#335 = CARTESIAN_POINT ( 'NONE',  ( 0.08858267716535433989, 0.1299212598425196763, 0.07283464566929134798 ) ) ;
#336 = CIRCLE ( 'NONE', #2510, 0.01574803149606299191 ) ;
#337 = ADVANCED_FACE ( 'NONE', ( #2435 ), #3551, .F. ) ;
#338 = ADVANCED_FACE ( 'NONE', ( #1036 ), #2473, .T. ) ;
#339 = ORIENTED_EDGE ( 'NONE', *, *, #2598, .T. ) ;
#340 = ORIENTED_EDGE ( 'NONE', *, *, #1161, .T. ) ;
#341 = CONICAL_SURFACE ( 'NONE', #2334, 0.06496062992125985203, 0.09966865249116185765 ) ;
#342 = COLOUR_RGB ( '',0.7921568627450980005, 0.8196078431372548767, 0.9333333333333333481 ) ;
#343 = VERTEX_POINT ( 'NONE', #2722 ) ;
#344 = ORIENTED_EDGE ( 'NONE', *, *, #1829, .F. ) ;
#345 = PLANE ( 'NONE',  #1675 ) ;
#346 = DIRECTION ( 'NONE',  ( -1.000000000000000000, 0.000000000000000000, 0.000000000000000000 ) ) ;
#347 =( GEOMETRIC_REPRESENTATION_CONTEXT ( 3 ) GLOBAL_UNCERTAINTY_ASSIGNED_CONTEXT ( ( #2451 ) ) GLOBAL_UNIT_ASSIGNED_CONTEXT ( ( #1479, #733, #1827 ) ) REPRESENTATION_CONTEXT ( 'NONE', 'WORKASPACE' ) );
#348 = SURFACE_STYLE_USAGE ( .BOTH. , #1181 ) ;
#349 = AXIS2_PLACEMENT_3D ( 'NONE', #1419, #2966, #492 ) ;
#350 = ORIENTED_EDGE ( 'NONE', *, *, #1943, .F. ) ;
#351 = DIRECTION ( 'NONE',  ( 0.000000000000000000, 0.000000000000000000, 1.000000000000000000 ) ) ;
#352 = CYLINDRICAL_SURFACE ( 'NONE', #2004, 0.005905511811023620231 ) ;
#353 = FILL_AREA_STYLE ('',( #2502 ) ) ;
#354 = ORIENTED_EDGE ( 'NONE', *, *, #1951, .T. ) ;
#355 = ORIENTED_EDGE ( 'NONE', *, *, #3049, .F. ) ;
#356 = VERTEX_POINT ( 'NONE', #839 ) ;
#357 = DIRECTION ( 'NONE',  ( 0.000000000000000000, -1.000000000000000000, 0.000000000000000000 ) ) ;
#358 = DIRECTION ( 'NONE',  ( -1.000000000000000000, 0.000000000000000000, 0.000000000000000000 ) ) ;
#359 = DIRECTION ( 'NONE',  ( 0.000000000000000000, 1.000000000000000000, 0.000000000000000000 ) ) ;
#360 = ADVANCED_FACE ( 'NONE', ( #1345 ), #2967, .T. ) ;
#361 = ADVANCED_FACE ( 'NONE', ( #1634 ), #2452, .T. ) ;
#362 = LINE ( 'NONE', #3132, #58 ) ;
#363 = ORIENTED_EDGE ( 'NONE', *, *, #2505, .T. ) ;
#364 = CARTESIAN_POINT ( 'NONE',  ( -0.1614173228346456879, 0.02755905511811023584, -0.1023622047244094613 ) ) ;
#365 = CARTESIAN_POINT ( 'NONE',  ( 0.1614173228346456879, 0.02755905511811023584, 0.1023622047244094613 ) ) ;
#366 = FACE_OUTER_BOUND ( 'NONE', #143, .T. ) ;
#367 = ORIENTED_EDGE ( 'NONE', *, *, #2704, .F. ) ;
#368 = VERTEX_POINT ( 'NONE', #822 ) ;
#369 = EDGE_LOOP ( 'NONE', ( #1983, #1203, #3188, #3122 ) ) ;
#370 = CARTESIAN_POINT ( 'NONE',  ( 0.08858267716535433989, 0.1377952755905511861, 0.08858267716535433989 ) ) ;
#371 = CARTESIAN_POINT ( 'NONE',  ( -0.08858267716535433989, 0.1299212598425196763, -0.08858267716535433989 ) ) ;
#372 = DIRECTION ( 'NONE',  ( 0.000000000000000000, 1.000000000000000000, 0.000000000000000000 ) ) ;
#373 = EDGE_CURVE ( 'NONE', #1947, #1812, #3499, .T. ) ;
#374 = ADVANCED_FACE ( 'NONE', ( #36 ), #308, .F. ) ;
#375 = VERTEX_POINT ( 'NONE', #1957 ) ;
#376 = DIRECTION ( 'NONE',  ( 0.000000000000000000, 0.000000000000000000, 1.000000000000000000 ) ) ;
#377 = LINE ( 'NONE', #365, #2412 ) ;
#378 = AXIS2_PLACEMENT_3D ( 'NONE', #1127, #3330, #854 ) ;
#379 = PLANE ( 'NONE',  #2283 ) ;
#380 = DIRECTION ( 'NONE',  ( 0.000000000000000000, 0.000000000000000000, 1.000000000000000000 ) ) ;
#381 = ORIENTED_EDGE ( 'NONE', *, *, #2280, .T. ) ;
#382 = VECTOR ( 'NONE', #1869, 39.37007874015748143 ) ;
#383 = ORIENTED_EDGE ( 'NONE', *, *, #3336, .T. ) ;
#384 = ORIENTED_EDGE ( 'NONE', *, *, #527, .F. ) ;
#385 = AXIS2_PLACEMENT_3D ( 'NONE', #101, #1981, #916 ) ;
#386 = DIRECTION ( 'NONE',  ( 0.000000000000000000, 1.000000000000000000, 0.000000000000000000 ) ) ;
#387 = LINE ( 'NONE', #2561, #1389 ) ;
#388 = DIRECTION ( 'NONE',  ( 0.000000000000000000, 0.000000000000000000, 1.000000000000000000 ) ) ;
#389 = VECTOR ( 'NONE', #3017, 39.37007874015748143 ) ;
#390 = AXIS2_PLACEMENT_3D ( 'NONE', #2513, #359, #1438 ) ;
#391 = ORIENTED_EDGE ( 'NONE', *, *, #1951, .F. ) ;
#392 = AXIS2_PLACEMENT_3D ( 'NONE', #1052, #2691, #2433 ) ;
#393 = AXIS2_PLACEMENT_3D ( 'NONE', #1871, #1101, #3556 ) ;
#394 = FACE_OUTER_BOUND ( 'NONE', #68, .T. ) ;
#395 = ADVANCED_FACE ( 'NONE', ( #570 ), #1667, .T. ) ;
#396 = VECTOR ( 'NONE', #2800, 39.37007874015748143 ) ;
#397 = CIRCLE ( 'NONE', #3231, 0.005905511811023620231 ) ;
#398 = ORIENTED_EDGE ( 'NONE', *, *, #3439, .F. ) ;
#399 = PLANE ( 'NONE',  #174 ) ;
#400 = CIRCLE ( 'NONE', #921, 0.005905511811023620231 ) ;
#401 = DIRECTION ( 'NONE',  ( 0.000000000000000000, 1.000000000000000000, 0.000000000000000000 ) ) ;
#402 = EDGE_CURVE ( 'NONE', #819, #326, #2637, .T. ) ;
#403 = ADVANCED_FACE ( 'NONE', ( #176 ), #1852, .F. ) ;
#404 = CARTESIAN_POINT ( 'NONE',  ( 0.1535433070866141780, 0.02755905511811023584, -0.1023622047244094613 ) ) ;
#405 = CARTESIAN_POINT ( 'NONE',  ( -0.1653543307086614567, 0.007874015748031495954, -0.1023622047244094613 ) ) ;
#406 = DIRECTION ( 'NONE',  ( 0.000000000000000000, -1.000000000000000000, 0.000000000000000000 ) ) ;
#407 = ORIENTED_EDGE ( 'NONE', *, *, #1115, .T. ) ;
#408 = FILL_AREA_STYLE ('',( #2616 ) ) ;
#409 = EDGE_CURVE ( 'NONE', #3255, #3170, #463, .T. ) ;
#410 = DIRECTION ( 'NONE',  ( 1.000000000000000000, 0.000000000000000000, 0.000000000000000000 ) ) ;
#411 = ORIENTED_EDGE ( 'NONE', *, *, #1728, .F. ) ;
#412 = ORIENTED_EDGE ( 'NONE', *, *, #3357, .T. ) ;
#413 = PLANE ( 'NONE',  #2287 ) ;
#414 = DIRECTION ( 'NONE',  ( 0.000000000000000000, 0.000000000000000000, -1.000000000000000000 ) ) ;
#415 = PRESENTATION_STYLE_ASSIGNMENT (( #348 ) ) ;
#416 = ORIENTED_EDGE ( 'NONE', *, *, #1718, .T. ) ;
#417 = DIRECTION ( 'NONE',  ( 0.000000000000000000, -1.000000000000000000, 0.000000000000000000 ) ) ;
#418 = ORIENTED_EDGE ( 'NONE', *, *, #3181, .T. ) ;
#419 = PLANE ( 'NONE',  #3059 ) ;
#420 = CARTESIAN_POINT ( 'NONE',  ( -0.08858267716535433989, 0.1377952755905511861, 0.08858267716535433989 ) ) ;
#421 = CARTESIAN_POINT ( 'NONE',  ( -0.08858267716535433989, 0.1377952755905511861, 0.08858267716535433989 ) ) ;
#422 = EDGE_CURVE ( 'NONE', #1211, #259, #3144, .T. ) ;
#423 = DIRECTION ( 'NONE',  ( 0.000000000000000000, -1.000000000000000000, 0.000000000000000000 ) ) ;
#424 = EDGE_CURVE ( 'NONE', #3363, #1831, #1788, .T. ) ;
#425 = CARTESIAN_POINT ( 'NONE',  ( 0.08858267716535433989, 0.1456692913385826960, 0.1122047244094488277 ) ) ;
#426 = ORIENTED_EDGE ( 'NONE', *, *, #310, .F. ) ;
#427 = ORIENTED_EDGE ( 'NONE', *, *, #264, .T. ) ;
#428 = VERTEX_POINT ( 'NONE', #112 ) ;
#429 = DIRECTION ( 'NONE',  ( 0.000000000000000000, 0.000000000000000000, -1.000000000000000000 ) ) ;
#430 = CARTESIAN_POINT ( 'NONE',  ( 0.1653543307086614567, 0.003937007874015747977, 0.1023622047244094613 ) ) ;
#431 = CARTESIAN_POINT ( 'NONE',  ( -0.1653543307086614567, -0.003937007874015747977, -0.1023622047244094613 ) ) ;
#432 = CARTESIAN_POINT ( 'NONE',  ( 0.08858267716535433989, 0.1377952755905511861, -0.08858267716535433989 ) ) ;
#433 = VERTEX_POINT ( 'NONE', #2360 ) ;
#434 = FACE_BOUND ( 'NONE', #686, .T. ) ;
#435 = ORIENTED_EDGE ( 'NONE', *, *, #1763, .T. ) ;
#436 = CARTESIAN_POINT ( 'NONE',  ( -0.1653543307086614567, 0.003937007874015747977, -0.1023622047244094613 ) ) ;
#437 = CARTESIAN_POINT ( 'NONE',  ( 0.08858267716535433989, 0.1377952755905511861, 0.08858267716535433989 ) ) ;
#438 = CARTESIAN_POINT ( 'NONE',  ( 0.1968503937007874127, 0.003937007874015747977, -0.1023622047244094613 ) ) ;
#439 = CARTESIAN_POINT ( 'NONE',  ( -0.08858267716535433989, 0.1377952755905511861, 0.07283464566929134798 ) ) ;
#440 = ORIENTED_EDGE ( 'NONE', *, *, #664, .F. ) ;
#441 = CARTESIAN_POINT ( 'NONE',  ( 0.1122047244094488277, 0.1299212598425196763, 0.1181102362204724532 ) ) ;
#442 = ADVANCED_FACE ( 'NONE', ( #3140 ), #2337, .T. ) ;
#443 = AXIS2_PLACEMENT_3D ( 'NONE', #2162, #3569, #513 ) ;
#444 = EDGE_CURVE ( 'NONE', #2127, #45, #3042, .T. ) ;
#445 = ORIENTED_EDGE ( 'NONE', *, *, #948, .T. ) ;
#446 = VERTEX_POINT ( 'NONE', #425 ) ;
#447 = LINE ( 'NONE', #3497, #1837 ) ;
#448 = FACE_OUTER_BOUND ( 'NONE', #645, .T. ) ;
#449 = EDGE_CURVE ( 'NONE', #2507, #1679, #2627, .T. ) ;
#450 = CIRCLE ( 'NONE', #286, 0.005905511811023620231 ) ;
#451 = DIRECTION ( 'NONE',  ( 0.000000000000000000, -1.000000000000000000, 0.000000000000000000 ) ) ;
#452 = ORIENTED_EDGE ( 'NONE', *, *, #1158, .T. ) ;
#453 = ADVANCED_FACE ( 'NONE', ( #2891 ), #2614, .T. ) ;
#454 = AXIS2_PLACEMENT_3D ( 'NONE', #2843, #1709, #372 ) ;
#455 = LINE ( 'NONE', #1553, #2870 ) ;
#456 = ORIENTED_EDGE ( 'NONE', *, *, #1494, .F. ) ;
#457 = CYLINDRICAL_SURFACE ( 'NONE', #634, 0.02362204724409448092 ) ;
#458 = AXIS2_PLACEMENT_3D ( 'NONE', #315, #1643, #1402 ) ;
#459 = CARTESIAN_POINT ( 'NONE',  ( -0.1535433070866141780, 0.007874015748031495954, -0.1023622047244094613 ) ) ;
#460 = VECTOR ( 'NONE', #2851, 39.37007874015748143 ) ;
#461 = VECTOR ( 'NONE', #1616, 39.37007874015748143 ) ;
#462 = CARTESIAN_POINT ( 'NONE',  ( 0.000000000000000000, 0.1299212598425196763, 0.000000000000000000 ) ) ;
#463 = LINE ( 'NONE', #2579, #1371 ) ;
#464 = EDGE_LOOP ( 'NONE', ( #1894, #1118, #1890, #1154 ) ) ;
#465 = ORIENTED_EDGE ( 'NONE', *, *, #2220, .T. ) ;
#466 = FACE_OUTER_BOUND ( 'NONE', #1632, .T. ) ;
#467 = DIRECTION ( 'NONE',  ( 0.000000000000000000, 0.000000000000000000, -1.000000000000000000 ) ) ;
#468 = CARTESIAN_POINT ( 'NONE',  ( -0.1535433070866141780, 0.02755905511811023584, -0.1023622047244094613 ) ) ;
#469 = ORIENTED_EDGE ( 'NONE', *, *, #2573, .T. ) ;
#470 = EDGE_CURVE ( 'NONE', #3282, #2853, #1224, .T. ) ;
#471 = EDGE_CURVE ( 'NONE', #944, #73, #2030, .T. ) ;
#472 = FACE_OUTER_BOUND ( 'NONE', #3397, .T. ) ;
#473 = ORIENTED_EDGE ( 'NONE', *, *, #2704, .T. ) ;
#474 = UNCERTAINTY_MEASURE_WITH_UNIT (LENGTH_MEASURE( 1.000000000000000082E-05 ), #312, 'distance_accuracy_value', 'NONE');
#475 = DIRECTION ( 'NONE',  ( 1.734723475976804925E-15, -1.000000000000000000, 0.000000000000000000 ) ) ;
#476 = DIRECTION ( 'NONE',  ( 0.000000000000000000, -1.000000000000000000, 0.000000000000000000 ) ) ;
#477 = CARTESIAN_POINT ( 'NONE',  ( -0.08858267716535433989, 0.1299212598425196763, 0.1043307086614173457 ) ) ;
#478 = DIRECTION ( 'NONE',  ( 0.000000000000000000, -1.000000000000000000, 0.000000000000000000 ) ) ;
#479 = CARTESIAN_POINT ( 'NONE',  ( -0.1496062992125984370, 0.02755905511811023584, 0.1023622047244094613 ) ) ;
#480 = ORIENTED_EDGE ( 'NONE', *, *, #2534, .T. ) ;
#481 = LINE ( 'NONE', #3168, #2116 ) ;
#482 = DIRECTION ( 'NONE',  ( 0.000000000000000000, 0.000000000000000000, -1.000000000000000000 ) ) ;
#483 = EDGE_LOOP ( 'NONE', ( #2033, #2937 ) ) ;
#484 = ORIENTED_EDGE ( 'NONE', *, *, #303, .F. ) ;
#485 = CARTESIAN_POINT ( 'NONE',  ( -0.1968503937007874127, -0.003937007874015747977, 0.1023622047244094613 ) ) ;
#486 = CYLINDRICAL_SURFACE ( 'NONE', #292, 0.01574803149606299191 ) ;
#487 = DIRECTION ( 'NONE',  ( 0.000000000000000000, 0.000000000000000000, -1.000000000000000000 ) ) ;
#488 = VERTEX_POINT ( 'NONE', #983 ) ;
#489 = EDGE_CURVE ( 'NONE', #3083, #1191, #675, .T. ) ;
#490 = DIRECTION ( 'NONE',  ( 0.000000000000000000, 0.000000000000000000, 1.000000000000000000 ) ) ;
#491 = ORIENTED_EDGE ( 'NONE', *, *, #2702, .F. ) ;
#492 = DIRECTION ( 'NONE',  ( -1.000000000000000000, 1.016439536705159791E-16, 0.000000000000000000 ) ) ;
#493 = DIRECTION ( 'NONE',  ( 0.000000000000000000, 0.000000000000000000, -1.000000000000000000 ) ) ;
#494 = DIRECTION ( 'NONE',  ( 0.000000000000000000, -1.000000000000000000, 0.000000000000000000 ) ) ;
#495 = FACE_OUTER_BOUND ( 'NONE', #1249, .T. ) ;
#496 = FACE_OUTER_BOUND ( 'NONE', #41, .T. ) ;
#497 = VERTEX_POINT ( 'NONE', #730 ) ;
#498 = LINE ( 'NONE', #1365, #684 ) ;
#499 = LINE ( 'NONE', #3557, #1487 ) ;
#500 = ADVANCED_FACE ( 'NONE', ( #1534 ), #1242, .T. ) ;
#501 = VERTEX_POINT ( 'NONE', #3471 ) ;
#502 = ORIENTED_EDGE ( 'NONE', *, *, #2738, .F. ) ;
#503 = CARTESIAN_POINT ( 'NONE',  ( 0.000000000000000000, 0.1377952755905511861, 0.000000000000000000 ) ) ;
#504 = AXIS2_PLACEMENT_3D ( 'NONE', #3009, #1937, #536 ) ;
#505 = LINE ( 'NONE', #3175, #164 ) ;
#506 = CIRCLE ( 'NONE', #2508, 0.07283464566929134798 ) ;
#507 = ORIENTED_EDGE ( 'NONE', *, *, #470, .T. ) ;
#508 = AXIS2_PLACEMENT_3D ( 'NONE', #2783, #2795, #2194 ) ;
#509 = DIRECTION ( 'NONE',  ( 0.000000000000000000, 0.000000000000000000, 1.000000000000000000 ) ) ;
#510 = ORIENTED_EDGE ( 'NONE', *, *, #2550, .F. ) ;
#511 = AXIS2_PLACEMENT_3D ( 'NONE', #611, #900, #632 ) ;
#512 = DIRECTION ( 'NONE',  ( 0.000000000000000000, 1.000000000000000000, 0.000000000000000000 ) ) ;
#513 = DIRECTION ( 'NONE',  ( 1.000000000000000000, 0.000000000000000000, 0.000000000000000000 ) ) ;
#514 =( GEOMETRIC_REPRESENTATION_CONTEXT ( 3 ) GLOBAL_UNCERTAINTY_ASSIGNED_CONTEXT ( ( #2676 ) ) GLOBAL_UNIT_ASSIGNED_CONTEXT ( ( #1652, #289, #3253 ) ) REPRESENTATION_CONTEXT ( 'NONE', 'WORKASPACE' ) );
#515 = CARTESIAN_POINT ( 'NONE',  ( 0.1181102362204724532, 0.03937007874015747977, 0.1023622047244094613 ) ) ;
#516 = DIRECTION ( 'NONE',  ( 0.000000000000000000, 0.000000000000000000, 1.000000000000000000 ) ) ;
#517 = CARTESIAN_POINT ( 'NONE',  ( 0.1496062992125984370, 0.02755905511811023584, -0.1023622047244094613 ) ) ;
#518 = ORIENTED_EDGE ( 'NONE', *, *, #2308, .F. ) ;
#519 = VECTOR ( 'NONE', #2949, 39.37007874015748143 ) ;
#520 = EDGE_CURVE ( 'NONE', #3185, #2404, #2272, .T. ) ;
#521 = AXIS2_PLACEMENT_3D ( 'NONE', #3445, #1238, #1847 ) ;
#522 = EDGE_CURVE ( 'NONE', #2055, #73, #506, .T. ) ;
#523 = CARTESIAN_POINT ( 'NONE',  ( -0.1614173228346456879, 0.02755905511811023584, 0.07480314960629921850 ) ) ;
#524 = VECTOR ( 'NONE', #1321, 39.37007874015748143 ) ;
#525 = AXIS2_PLACEMENT_3D ( 'NONE', #3300, #534, #66 ) ;
#526 = ORIENTED_EDGE ( 'NONE', *, *, #2278, .T. ) ;
#527 = EDGE_CURVE ( 'NONE', #2015, #3057, #755, .T. ) ;
#528 = EDGE_LOOP ( 'NONE', ( #1429, #1705, #1356, #339 ) ) ;
#529 = CARTESIAN_POINT ( 'NONE',  ( -0.08858267716535433989, 0.1377952755905511861, -0.1043307086614173457 ) ) ;
#530 = CARTESIAN_POINT ( 'NONE',  ( -0.1968503937007874127, -0.003937007874015747977, -0.1023622047244094613 ) ) ;
#531 = ORIENTED_EDGE ( 'NONE', *, *, #1130, .T. ) ;
#532 = DIRECTION ( 'NONE',  ( 0.000000000000000000, 1.000000000000000000, 0.000000000000000000 ) ) ;
#533 = DIRECTION ( 'NONE',  ( 0.000000000000000000, 0.000000000000000000, 1.000000000000000000 ) ) ;
#534 = DIRECTION ( 'NONE',  ( 1.000000000000000000, -0.000000000000000000, 1.224646799147353207E-16 ) ) ;
#535 = ORIENTED_EDGE ( 'NONE', *, *, #601, .F. ) ;
#536 = DIRECTION ( 'NONE',  ( 0.000000000000000000, -1.000000000000000000, 0.000000000000000000 ) ) ;
#537 = CARTESIAN_POINT ( 'NONE',  ( 0.1653543307086614567, 0.003937007874015747977, -0.1023622047244094613 ) ) ;
#538 = DIRECTION ( 'NONE',  ( -1.000000000000000000, 0.000000000000000000, 0.000000000000000000 ) ) ;
#539 = DIRECTION ( 'NONE',  ( 1.000000000000000000, 0.000000000000000000, 0.000000000000000000 ) ) ;
#540 = PRESENTATION_STYLE_ASSIGNMENT (( #3270 ) ) ;
#541 = CARTESIAN_POINT ( 'NONE',  ( 0.1181102362204724532, 0.03937007874015747977, 0.1023622047244094613 ) ) ;
#542 = ADVANCED_FACE ( 'NONE', ( #2700 ), #1385, .T. ) ;
#543 = ADVANCED_FACE ( 'NONE', ( #1076 ), #3360, .T. ) ;
#544 = VERTEX_POINT ( 'NONE', #1306 ) ;
#545 = ORIENTED_EDGE ( 'NONE', *, *, #559, .F. ) ;
#546 = CARTESIAN_POINT ( 'NONE',  ( -0.1535433070866141780, 0.02755905511811023584, -0.1023622047244094613 ) ) ;
#547 = ORIENTED_EDGE ( 'NONE', *, *, #2598, .F. ) ;
#548 = DIRECTION ( 'NONE',  ( -1.000000000000000000, -1.016439536705159791E-16, 0.000000000000000000 ) ) ;
#549 = CARTESIAN_POINT ( 'NONE',  ( 0.08858267716535433989, 0.1377952755905511861, 0.08858267716535433989 ) ) ;
#550 = ORIENTED_EDGE ( 'NONE', *, *, #2825, .F. ) ;
#551 = DIRECTION ( 'NONE',  ( 0.000000000000000000, 0.000000000000000000, -1.000000000000000000 ) ) ;
#552 = CARTESIAN_POINT ( 'NONE',  ( 0.1181102362204724532, 0.03149606299212598381, -0.1023622047244094613 ) ) ;
#553 = LINE ( 'NONE', #2724, #581 ) ;
#554 = FACE_OUTER_BOUND ( 'NONE', #1898, .T. ) ;
#555 = DIRECTION ( 'NONE',  ( 0.000000000000000000, 0.000000000000000000, 1.000000000000000000 ) ) ;
#556 = ORIENTED_EDGE ( 'NONE', *, *, #42, .F. ) ;
#557 = ORIENTED_EDGE ( 'NONE', *, *, #2205, .T. ) ;
#558 = EDGE_CURVE ( 'NONE', #1996, #3404, #1531, .T. ) ;
#559 = EDGE_CURVE ( 'NONE', #497, #1655, #3515, .T. ) ;
#560 = VECTOR ( 'NONE', #703, 39.37007874015748143 ) ;
#561 = CARTESIAN_POINT ( 'NONE',  ( -0.1614173228346456879, 0.007874015748031495954, 0.1023622047244094613 ) ) ;
#562 = VERTEX_POINT ( 'NONE', #1098 ) ;
#563 = CYLINDRICAL_SURFACE ( 'NONE', #677, 0.01181102362204724046 ) ;
#564 = EDGE_CURVE ( 'NONE', #1313, #3158, #1470, .T. ) ;
#565 = ADVANCED_FACE ( 'NONE', ( #2246 ), #1911, .F. ) ;
#566 = VECTOR ( 'NONE', #2611, 39.37007874015748143 ) ;
#567 = DIRECTION ( 'NONE',  ( 0.000000000000000000, 0.000000000000000000, 1.000000000000000000 ) ) ;
#568 = ORIENTED_EDGE ( 'NONE', *, *, #40, .T. ) ;
#569 = AXIS2_PLACEMENT_3D ( 'NONE', #2167, #2479, #1622 ) ;
#570 = FACE_OUTER_BOUND ( 'NONE', #867, .T. ) ;
#571 = VECTOR ( 'NONE', #1731, 39.37007874015748143 ) ;
#572 = CYLINDRICAL_SURFACE ( 'NONE', #3448, 0.02362204724409448092 ) ;
#573 = FILL_AREA_STYLE_COLOUR ( '', #342 ) ;
#574 = VECTOR ( 'NONE', #2651, 39.37007874015748143 ) ;
#575 = CIRCLE ( 'NONE', #385, 0.01181102362204724046 ) ;
#576 = VECTOR ( 'NONE', #1362, 39.37007874015748143 ) ;
#577 = VERTEX_POINT ( 'NONE', #69 ) ;
#578 = AXIS2_PLACEMENT_3D ( 'NONE', #1291, #222, #3257 ) ;
#579 = VERTEX_POINT ( 'NONE', #1160 ) ;
#580 = VECTOR ( 'NONE', #2080, 39.37007874015748143 ) ;
#581 = VECTOR ( 'NONE', #1636, 39.37007874015748143 ) ;
#582 = DIRECTION ( 'NONE',  ( 0.000000000000000000, -1.000000000000000000, 0.000000000000000000 ) ) ;
#583 = EDGE_LOOP ( 'NONE', ( #1254, #1010 ) ) ;
#584 = CARTESIAN_POINT ( 'NONE',  ( -0.1122047244094488277, 0.000000000000000000, -0.1181102362204724532 ) ) ;
#585 = AXIS2_PLACEMENT_3D ( 'NONE', #1952, #2516, #1395 ) ;
#586 = DIRECTION ( 'NONE',  ( 1.000000000000000000, -1.734723475976804925E-15, 0.000000000000000000 ) ) ;
#587 = DIRECTION ( 'NONE',  ( 0.000000000000000000, -1.000000000000000000, 0.000000000000000000 ) ) ;
#588 = EDGE_CURVE ( 'NONE', #819, #1679, #1364, .T. ) ;
#589 = ADVANCED_FACE ( 'NONE', ( #554 ), #827, .T. ) ;
#590 = EDGE_LOOP ( 'NONE', ( #328, #3526 ) ) ;
#591 = CARTESIAN_POINT ( 'NONE',  ( 0.1535433070866141780, 0.02755905511811023584, -0.1023622047244094613 ) ) ;
#592 = EDGE_LOOP ( 'NONE', ( #2267, #2761, #1549, #270 ) ) ;
#593 = VERTEX_POINT ( 'NONE', #1651 ) ;
#594 = DIRECTION ( 'NONE',  ( 1.000000000000000000, 0.000000000000000000, 0.000000000000000000 ) ) ;
#595 = ORIENTED_EDGE ( 'NONE', *, *, #3395, .F. ) ;
#596 = FACE_OUTER_BOUND ( 'NONE', #221, .T. ) ;
#597 = DIRECTION ( 'NONE',  ( 0.000000000000000000, -1.000000000000000000, 0.000000000000000000 ) ) ;
#598 = CARTESIAN_POINT ( 'NONE',  ( -0.1181102362204724532, 0.1299212598425196763, 0.1181102362204724532 ) ) ;
#599 = ORIENTED_EDGE ( 'NONE', *, *, #2376, .T. ) ;
#600 = EDGE_CURVE ( 'NONE', #2864, #2732, #850, .T. ) ;
#601 = EDGE_CURVE ( 'NONE', #2663, #2135, #1712, .T. ) ;
#602 = CARTESIAN_POINT ( 'NONE',  ( -0.1181102362204724532, 0.03149606299212598381, -0.07480314960629921850 ) ) ;
#603 = FILL_AREA_STYLE ('',( #2555 ) ) ;
#604 = ORIENTED_EDGE ( 'NONE', *, *, #3411, .T. ) ;
#605 = ORIENTED_EDGE ( 'NONE', *, *, #805, .T. ) ;
#606 = EDGE_CURVE ( 'NONE', #629, #903, #887, .T. ) ;
#607 = CARTESIAN_POINT ( 'NONE',  ( 0.1181102362204724532, 0.1299212598425196763, -0.1122047244094488277 ) ) ;
#608 = ORIENTED_EDGE ( 'NONE', *, *, #3239, .T. ) ;
#609 = VERTEX_POINT ( 'NONE', #275 ) ;
#610 = LINE ( 'NONE', #2985, #2235 ) ;
#611 = CARTESIAN_POINT ( 'NONE',  ( -0.1181102362204724532, 0.03937007874015747977, 0.1023622047244094613 ) ) ;
#612 = DIRECTION ( 'NONE',  ( 0.000000000000000000, -1.000000000000000000, 0.000000000000000000 ) ) ;
#613 = AXIS2_PLACEMENT_3D ( 'NONE', #117, #386, #3127 ) ;
#614 = ORIENTED_EDGE ( 'NONE', *, *, #2493, .F. ) ;
#615 = DIRECTION ( 'NONE',  ( 0.000000000000000000, 1.000000000000000000, 0.000000000000000000 ) ) ;
#616 = PRESENTATION_LAYER_ASSIGNMENT (  '', '', ( #3279 ) ) ;
#617 = DIRECTION ( 'NONE',  ( 0.000000000000000000, -1.000000000000000000, 0.000000000000000000 ) ) ;
#618 = DIRECTION ( 'NONE',  ( 0.000000000000000000, 0.000000000000000000, -1.000000000000000000 ) ) ;
#619 = AXIS2_PLACEMENT_3D ( 'NONE', #2431, #2063, #2370 ) ;
#620 = EDGE_CURVE ( 'NONE', #3429, #2252, #2951, .T. ) ;
#621 = EDGE_CURVE ( 'NONE', #1393, #497, #1473, .T. ) ;
#622 = ORIENTED_EDGE ( 'NONE', *, *, #1043, .F. ) ;
#623 = CIRCLE ( 'NONE', #2514, 0.003937007874015758385 ) ;
#624 = CARTESIAN_POINT ( 'NONE',  ( -0.1181102362204724532, 0.03149606299212598381, 0.07480314960629921850 ) ) ;
#625 = AXIS2_PLACEMENT_3D ( 'NONE', #3118, #1729, #2606 ) ;
#626 = AXIS2_PLACEMENT_3D ( 'NONE', #2647, #2957, #2899 ) ;
#627 = EDGE_CURVE ( 'NONE', #2197, #3176, #3305, .T. ) ;
#628 = ORIENTED_EDGE ( 'NONE', *, *, #1985, .F. ) ;
#629 = VERTEX_POINT ( 'NONE', #3268 ) ;
#630 = DIRECTION ( 'NONE',  ( 0.000000000000000000, 1.000000000000000000, 0.000000000000000000 ) ) ;
#631 = LINE ( 'NONE', #1726, #2184 ) ;
#632 = DIRECTION ( 'NONE',  ( 0.000000000000000000, 1.000000000000000000, 0.000000000000000000 ) ) ;
#633 = AXIS2_PLACEMENT_3D ( 'NONE', #1222, #2889, #2907 ) ;
#634 = AXIS2_PLACEMENT_3D ( 'NONE', #1264, #2355, #2632 ) ;
#635 = VECTOR ( 'NONE', #2400, 39.37007874015748143 ) ;
#636 = CARTESIAN_POINT ( 'NONE',  ( 0.1122047244094488277, 0.000000000000000000, 0.1181102362204724532 ) ) ;
#637 = CIRCLE ( 'NONE', #2650, 0.02362204724409448092 ) ;
#638 = VERTEX_POINT ( 'NONE', #2131 ) ;
#639 = DIRECTION ( 'NONE',  ( 1.000000000000000000, 0.000000000000000000, 0.000000000000000000 ) ) ;
#640 = CARTESIAN_POINT ( 'NONE',  ( 0.08858267716535433989, 0.1377952755905511861, 0.07283464566929134798 ) ) ;
#641 = ORIENTED_EDGE ( 'NONE', *, *, #281, .T. ) ;
#642 = EDGE_CURVE ( 'NONE', #3192, #3378, #772, .T. ) ;
#643 = ADVANCED_FACE ( 'NONE', ( #496 ), #790, .T. ) ;
#644 = EDGE_LOOP ( 'NONE', ( #1413, #418, #1874, #1629 ) ) ;
#645 = EDGE_LOOP ( 'NONE', ( #3075, #3043, #61, #1501 ) ) ;
#646 = SURFACE_STYLE_FILL_AREA ( #914 ) ;
#647 = CARTESIAN_POINT ( 'NONE',  ( 7.660694423872304908E-18, 0.1692913385826771699, -0.05961621518437743711 ) ) ;
#648 = DIRECTION ( 'NONE',  ( 0.000000000000000000, 0.000000000000000000, 1.000000000000000000 ) ) ;
#649 = FILL_AREA_STYLE ('',( #662 ) ) ;
#650 = ORIENTED_EDGE ( 'NONE', *, *, #2280, .F. ) ;
#651 = CARTESIAN_POINT ( 'NONE',  ( 0.1614173228346456879, 0.007874015748031495954, 0.1023622047244094613 ) ) ;
#652 = DIRECTION ( 'NONE',  ( 0.000000000000000000, 0.000000000000000000, -1.000000000000000000 ) ) ;
#653 = SURFACE_SIDE_STYLE ('',( #3088 ) ) ;
#654 = ORIENTED_EDGE ( 'NONE', *, *, #2351, .T. ) ;
#655 = CARTESIAN_POINT ( 'NONE',  ( -0.1122047244094488277, 0.1299212598425196763, -0.1181102362204724532 ) ) ;
#656 = CARTESIAN_POINT ( 'NONE',  ( -0.08858267716535433989, 0.1456692913385826960, 0.08858267716535433989 ) ) ;
#657 = VERTEX_POINT ( 'NONE', #3120 ) ;
#658 = ORIENTED_EDGE ( 'NONE', *, *, #471, .T. ) ;
#659 = DIRECTION ( 'NONE',  ( 0.000000000000000000, 0.000000000000000000, -1.000000000000000000 ) ) ;
#660 = DIRECTION ( 'NONE',  ( 0.000000000000000000, 1.000000000000000000, 0.000000000000000000 ) ) ;
#661 = DIRECTION ( 'NONE',  ( 0.000000000000000000, 0.000000000000000000, 1.000000000000000000 ) ) ;
#662 = FILL_AREA_STYLE_COLOUR ( '', #969 ) ;
#663 = ORIENTED_EDGE ( 'NONE', *, *, #2140, .T. ) ;
#664 = EDGE_CURVE ( 'NONE', #1062, #3091, #936, .T. ) ;
#665 = CARTESIAN_POINT ( 'NONE',  ( 0.08858267716535433989, 0.1456692913385826960, 0.08858267716535433989 ) ) ;
#666 = EDGE_CURVE ( 'NONE', #2404, #3185, #853, .T. ) ;
#667 = CIRCLE ( 'NONE', #2755, 0.01574803149606299885 ) ;
#668 = ORIENTED_EDGE ( 'NONE', *, *, #831, .F. ) ;
#669 = CARTESIAN_POINT ( 'NONE',  ( 0.1181102362204724532, 0.1299212598425196763, -0.1181102362204724532 ) ) ;
#670 = AXIS2_PLACEMENT_3D ( 'NONE', #3166, #1512, #148 ) ;
#671 = CARTESIAN_POINT ( 'NONE',  ( 0.000000000000000000, 0.1377952755905511861, 0.000000000000000000 ) ) ;
#672 = VECTOR ( 'NONE', #3538, 39.37007874015748143 ) ;
#673 = CARTESIAN_POINT ( 'NONE',  ( 0.1181102362204724532, 0.03937007874015747977, -0.07480314960629921850 ) ) ;
#674 = LINE ( 'NONE', #1579, #2997 ) ;
#675 = LINE ( 'NONE', #2379, #1758 ) ;
#676 = ORIENTED_EDGE ( 'NONE', *, *, #2806, .F. ) ;
#677 = AXIS2_PLACEMENT_3D ( 'NONE', #267, #1358, #820 ) ;
#678 = VERTEX_POINT ( 'NONE', #1173 ) ;
#679 = VERTEX_POINT ( 'NONE', #1743 ) ;
#680 = VECTOR ( 'NONE', #2077, 39.37007874015748143 ) ;
#681 = CARTESIAN_POINT ( 'NONE',  ( 0.000000000000000000, 0.1377952755905511861, 0.07283464566929134798 ) ) ;
#682 = DIRECTION ( 'NONE',  ( 0.000000000000000000, 0.000000000000000000, 1.000000000000000000 ) ) ;
#683 = VECTOR ( 'NONE', #2387, 39.37007874015748143 ) ;
#684 = VECTOR ( 'NONE', #2703, 39.37007874015748143 ) ;
#685 = CARTESIAN_POINT ( 'NONE',  ( 0.1614173228346456879, 0.02755905511811023584, -0.1023622047244094613 ) ) ;
#686 = EDGE_LOOP ( 'NONE', ( #3296, #3016 ) ) ;
#687 = VECTOR ( 'NONE', #1186, 39.37007874015748143 ) ;
#688 = CARTESIAN_POINT ( 'NONE',  ( -0.08858267716535433989, 0.1377952755905511861, 0.08858267716535433989 ) ) ;
#689 = ADVANCED_FACE ( 'NONE', ( #3134 ), #2026, .T. ) ;
#690 = AXIS2_PLACEMENT_3D ( 'NONE', #847, #2693, #317 ) ;
#691 = ADVANCED_FACE ( 'NONE', ( #394 ), #1946, .T. ) ;
#692 = VERTEX_POINT ( 'NONE', #1204 ) ;
#693 = CARTESIAN_POINT ( 'NONE',  ( -0.08858267716535433989, 0.1299212598425196763, -0.1043307086614173457 ) ) ;
#694 = PLANE ( 'NONE',  #2165 ) ;
#695 = CYLINDRICAL_SURFACE ( 'NONE', #633, 0.01574803149606299885 ) ;
#696 = CARTESIAN_POINT ( 'NONE',  ( -0.08858267716535433989, 0.1377952755905511861, 0.08858267716535433989 ) ) ;
#697 = CARTESIAN_POINT ( 'NONE',  ( 0.1496062992125984370, 0.03937007874015747977, 0.1023622047244094613 ) ) ;
#698 = VERTEX_POINT ( 'NONE', #1491 ) ;
#699 = DIRECTION ( 'NONE',  ( 0.000000000000000000, 0.000000000000000000, 1.000000000000000000 ) ) ;
#700 = CARTESIAN_POINT ( 'NONE',  ( 0.1181102362204724532, 0.1377952755905511861, -0.1181102362204724532 ) ) ;
#701 = ORIENTED_EDGE ( 'NONE', *, *, #1985, .T. ) ;
#702 = ORIENTED_EDGE ( 'NONE', *, *, #2476, .T. ) ;
#703 = DIRECTION ( 'NONE',  ( 1.000000000000000000, -1.016439536705159791E-16, 0.000000000000000000 ) ) ;
#704 = FACE_OUTER_BOUND ( 'NONE', #3430, .T. ) ;
#705 = CARTESIAN_POINT ( 'NONE',  ( 0.1122047244094488277, 0.000000000000000000, -0.1181102362204724532 ) ) ;
#706 = DIRECTION ( 'NONE',  ( 0.000000000000000000, 0.000000000000000000, -1.000000000000000000 ) ) ;
#707 = EDGE_LOOP ( 'NONE', ( #1677, #2251, #604, #3252 ) ) ;
#708 = CARTESIAN_POINT ( 'NONE',  ( 0.1968503937007874127, -0.003937007874015747977, 0.07480314960629921850 ) ) ;
#709 = ORIENTED_EDGE ( 'NONE', *, *, #1807, .F. ) ;
#710 = CARTESIAN_POINT ( 'NONE',  ( -0.1496062992125984370, 0.02755905511811023584, 0.07480314960629921850 ) ) ;
#711 = CARTESIAN_POINT ( 'NONE',  ( 0.1535433070866141780, 0.02755905511811023584, 0.1023622047244094613 ) ) ;
#712 = EDGE_CURVE ( 'NONE', #579, #261, #3095, .T. ) ;
#713 = DIRECTION ( 'NONE',  ( -1.734723475976804925E-15, 1.000000000000000000, 0.000000000000000000 ) ) ;
#714 = CARTESIAN_POINT ( 'NONE',  ( -0.1181102362204724532, 0.03937007874015747977, -0.1023622047244094613 ) ) ;
#715 = DIRECTION ( 'NONE',  ( 1.000000000000000000, 0.000000000000000000, 0.000000000000000000 ) ) ;
#716 = ORIENTED_EDGE ( 'NONE', *, *, #2243, .T. ) ;
#717 = PRESENTATION_STYLE_ASSIGNMENT (( #1003 ) ) ;
#718 = ORIENTED_EDGE ( 'NONE', *, *, #3306, .T. ) ;
#719 = ORIENTED_EDGE ( 'NONE', *, *, #1446, .T. ) ;
#720 = CARTESIAN_POINT ( 'NONE',  ( 0.1122047244094488277, 0.1299212598425196763, 0.1181102362204724532 ) ) ;
#721 = DIRECTION ( 'NONE',  ( 0.000000000000000000, 0.000000000000000000, 1.000000000000000000 ) ) ;
#722 = DIRECTION ( 'NONE',  ( 0.000000000000000000, 0.000000000000000000, 1.000000000000000000 ) ) ;
#723 = ORIENTED_EDGE ( 'NONE', *, *, #588, .T. ) ;
#724 = CARTESIAN_POINT ( 'NONE',  ( 0.08858267716535433989, 0.1299212598425196763, 0.08858267716535433989 ) ) ;
#725 = ORIENTED_EDGE ( 'NONE', *, *, #1161, .F. ) ;
#726 = LINE ( 'NONE', #1555, #1904 ) ;
#727 = FACE_OUTER_BOUND ( 'NONE', #2852, .T. ) ;
#728 = CARTESIAN_POINT ( 'NONE',  ( 0.1181102362204724532, 0.1377952755905511861, -0.1122047244094488277 ) ) ;
#729 = DIRECTION ( 'NONE',  ( 0.000000000000000000, 1.000000000000000000, 0.000000000000000000 ) ) ;
#730 = CARTESIAN_POINT ( 'NONE',  ( 0.08858267716535433989, 0.1377952755905511861, 0.07283464566929134798 ) ) ;
#731 = ORIENTED_EDGE ( 'NONE', *, *, #2915, .F. ) ;
#732 = DIRECTION ( 'NONE',  ( 0.000000000000000000, -1.000000000000000000, 0.000000000000000000 ) ) ;
#733 =( NAMED_UNIT ( * ) PLANE_ANGLE_UNIT ( ) SI_UNIT ( $, .RADIAN. ) );
#734 = AXIS2_PLACEMENT_3D ( 'NONE', #2317, #1808, #2930 ) ;
#735 = ADVANCED_FACE ( 'NONE', ( #951 ), #2591, .T. ) ;
#736 = EDGE_CURVE ( 'NONE', #2149, #2170, #2858, .T. ) ;
#737 = ORIENTED_EDGE ( 'NONE', *, *, #1686, .T. ) ;
#738 = EDGE_LOOP ( 'NONE', ( #1444, #2760, #1323, #3359 ) ) ;
#739 = DIRECTION ( 'NONE',  ( -1.000000000000000000, 1.016439536705159791E-16, 0.000000000000000000 ) ) ;
#740 = LINE ( 'NONE', #1543, #1091 ) ;
#741 = LINE ( 'NONE', #764, #2176 ) ;
#742 = VERTEX_POINT ( 'NONE', #2295 ) ;
#743 = VECTOR ( 'NONE', #612, 39.37007874015748143 ) ;
#744 =( GEOMETRIC_REPRESENTATION_CONTEXT ( 3 ) GLOBAL_UNCERTAINTY_ASSIGNED_CONTEXT ( ( #2630 ) ) GLOBAL_UNIT_ASSIGNED_CONTEXT ( ( #985, #1769, #2934 ) ) REPRESENTATION_CONTEXT ( 'NONE', 'WORKASPACE' ) );
#745 = DIRECTION ( 'NONE',  ( 0.000000000000000000, 0.000000000000000000, 1.000000000000000000 ) ) ;
#746 = CIRCLE ( 'NONE', #2230, 0.07283464566929134798 ) ;
#747 = ORIENTED_EDGE ( 'NONE', *, *, #310, .T. ) ;
#748 = DIRECTION ( 'NONE',  ( 0.000000000000000000, -1.000000000000000000, 0.000000000000000000 ) ) ;
#749 = LINE ( 'NONE', #2906, #1082 ) ;
#750 = CIRCLE ( 'NONE', #1386, 0.01574803149606299885 ) ;
#751 = VECTOR ( 'NONE', #1851, 39.37007874015748143 ) ;
#752 = DIRECTION ( 'NONE',  ( 0.000000000000000000, -1.000000000000000000, 0.000000000000000000 ) ) ;
#753 = CIRCLE ( 'NONE', #2776, 0.01574803149606299885 ) ;
#754 = FACE_BOUND ( 'NONE', #3568, .T. ) ;
#755 = LINE ( 'NONE', #439, #3212 ) ;
#756 = VERTEX_POINT ( 'NONE', #2274 ) ;
#757 = FACE_OUTER_BOUND ( 'NONE', #2620, .T. ) ;
#758 = CARTESIAN_POINT ( 'NONE',  ( -0.08858267716535433989, 0.1299212598425196763, -0.07283464566929134798 ) ) ;
#759 = ORIENTED_EDGE ( 'NONE', *, *, #3261, .F. ) ;
#760 = ORIENTED_EDGE ( 'NONE', *, *, #3490, .F. ) ;
#761 = FACE_OUTER_BOUND ( 'NONE', #2213, .T. ) ;
#762 = FACE_OUTER_BOUND ( 'NONE', #1418, .T. ) ;
#763 = EDGE_CURVE ( 'NONE', #2827, #446, #1538, .T. ) ;
#764 = CARTESIAN_POINT ( 'NONE',  ( -0.1614173228346456879, 0.007874015748031495954, -0.1023622047244094613 ) ) ;
#765 = EDGE_LOOP ( 'NONE', ( #2952, #893, #507, #526 ) ) ;
#766 = DIRECTION ( 'NONE',  ( -8.673617379884038628E-15, 0.000000000000000000, 1.000000000000000000 ) ) ;
#767 = ORIENTED_EDGE ( 'NONE', *, *, #187, .F. ) ;
#768 = LINE ( 'NONE', #1865, #1202 ) ;
#769 = LINE ( 'NONE', #3248, #1940 ) ;
#770 = DIRECTION ( 'NONE',  ( -1.000000000000000000, -1.016439536705159791E-16, 0.000000000000000000 ) ) ;
#771 = FACE_OUTER_BOUND ( 'NONE', #206, .T. ) ;
#772 = LINE ( 'NONE', #2148, #382 ) ;
#773 = ORIENTED_EDGE ( 'NONE', *, *, #92, .F. ) ;
#774 = CARTESIAN_POINT ( 'NONE',  ( 0.000000000000000000, 0.1639734471595727938, 0.06549241906357028409 ) ) ;
#775 = EDGE_LOOP ( 'NONE', ( #363, #897, #1243, #2657 ) ) ;
#776 = ORIENTED_EDGE ( 'NONE', *, *, #56, .F. ) ;
#777 = FACE_BOUND ( 'NONE', #3292, .T. ) ;
#778 = CARTESIAN_POINT ( 'NONE',  ( -0.1122047244094488277, 0.1377952755905511861, -0.1181102362204724532 ) ) ;
#779 = CARTESIAN_POINT ( 'NONE',  ( 0.1614173228346456879, 0.02755905511811023584, 0.1023622047244094613 ) ) ;
#780 = ORIENTED_EDGE ( 'NONE', *, *, #1279, .F. ) ;
#781 = CARTESIAN_POINT ( 'NONE',  ( 0.08858267716535433989, 0.1299212598425196763, 0.08858267716535433989 ) ) ;
#782 = CARTESIAN_POINT ( 'NONE',  ( -0.1535433070866141780, 0.02755905511811023584, -0.1023622047244094613 ) ) ;
#783 = EDGE_CURVE ( 'NONE', #261, #1774, #2537, .T. ) ;
#784 = EDGE_CURVE ( 'NONE', #2015, #2132, #3045, .T. ) ;
#785 = EDGE_LOOP ( 'NONE', ( #518, #1195, #1121, #3328 ) ) ;
#786 = CYLINDRICAL_SURFACE ( 'NONE', #2060, 0.01574803149606299885 ) ;
#787 = EDGE_CURVE ( 'NONE', #1393, #428, #2553, .T. ) ;
#788 = FACE_OUTER_BOUND ( 'NONE', #2689, .T. ) ;
#789 = CARTESIAN_POINT ( 'NONE',  ( -0.1181102362204724532, 0.1299212598425196763, 0.1122047244094488277 ) ) ;
#790 = CYLINDRICAL_SURFACE ( 'NONE', #2393, 0.01181102362204725781 ) ;
#791 = ORIENTED_EDGE ( 'NONE', *, *, #109, .T. ) ;
#792 = DIRECTION ( 'NONE',  ( 0.000000000000000000, 0.000000000000000000, -1.000000000000000000 ) ) ;
#793 = DIRECTION ( 'NONE',  ( 0.000000000000000000, 1.000000000000000000, 0.000000000000000000 ) ) ;
#794 = ORIENTED_EDGE ( 'NONE', *, *, #1468, .F. ) ;
#795 = ORIENTED_EDGE ( 'NONE', *, *, #833, .F. ) ;
#796 = CYLINDRICAL_SURFACE ( 'NONE', #859, 0.003937007874015758385 ) ;
#797 = AXIS2_PLACEMENT_3D ( 'NONE', #3374, #1975, #1144 ) ;
#798 = FACE_OUTER_BOUND ( 'NONE', #2218, .T. ) ;
#799 = ORIENTED_EDGE ( 'NONE', *, *, #933, .T. ) ;
#800 = DIRECTION ( 'NONE',  ( 0.000000000000000000, 1.000000000000000000, 0.000000000000000000 ) ) ;
#801 = CIRCLE ( 'NONE', #3283, 0.02362204724409448092 ) ;
#802 = CARTESIAN_POINT ( 'NONE',  ( -0.1496062992125984370, 0.02755905511811023584, -0.1023622047244094613 ) ) ;
#803 = ORIENTED_EDGE ( 'NONE', *, *, #3117, .T. ) ;
#804 = VECTOR ( 'NONE', #119, 39.37007874015748143 ) ;
#805 = EDGE_CURVE ( 'NONE', #692, #2916, #336, .T. ) ;
#806 = EDGE_CURVE ( 'NONE', #3192, #3206, #1760, .T. ) ;
#807 =( GEOMETRIC_REPRESENTATION_CONTEXT ( 3 ) GLOBAL_UNCERTAINTY_ASSIGNED_CONTEXT ( ( #2720 ) ) GLOBAL_UNIT_ASSIGNED_CONTEXT ( ( #885, #3417, #89 ) ) REPRESENTATION_CONTEXT ( 'NONE', 'WORKASPACE' ) );
#808 = CIRCLE ( 'NONE', #626, 0.01181102362204724046 ) ;
#809 = LINE ( 'NONE', #1328, #240 ) ;
#810 = DIRECTION ( 'NONE',  ( 0.000000000000000000, 0.000000000000000000, -1.000000000000000000 ) ) ;
#811 = DIRECTION ( 'NONE',  ( 0.000000000000000000, 0.000000000000000000, 1.000000000000000000 ) ) ;
#812 = VECTOR ( 'NONE', #126, 39.37007874015748143 ) ;
#813 = CIRCLE ( 'NONE', #1842, 0.01181102362204724046 ) ;
#814 = LINE ( 'NONE', #1914, #3236 ) ;
#815 = AXIS2_PLACEMENT_3D ( 'NONE', #100, #3402, #1167 ) ;
#816 = ORIENTED_EDGE ( 'NONE', *, *, #1157, .F. ) ;
#817 = ORIENTED_EDGE ( 'NONE', *, *, #3358, .F. ) ;
#818 = DIRECTION ( 'NONE',  ( 0.000000000000000000, 1.000000000000000000, 0.000000000000000000 ) ) ;
#819 = VERTEX_POINT ( 'NONE', #364 ) ;
#820 = DIRECTION ( 'NONE',  ( -1.000000000000000000, 0.000000000000000000, 0.000000000000000000 ) ) ;
#821 = VERTEX_POINT ( 'NONE', #3193 ) ;
#822 = CARTESIAN_POINT ( 'NONE',  ( -0.1122047244094488277, 0.000000000000000000, 0.1181102362204724532 ) ) ;
#823 = DIRECTION ( 'NONE',  ( 1.000000000000000000, 0.000000000000000000, 0.000000000000000000 ) ) ;
#824 = PRODUCT_DEFINITION ( 'UNKNOWN', '', #1326, #2753 ) ;
#825 = CARTESIAN_POINT ( 'NONE',  ( 8.919671568592926781E-18, -0.07608622758978160483, -0.07283464566929134798 ) ) ;
#826 = EDGE_CURVE ( 'NONE', #1655, #428, #2, .T. ) ;
#827 = CYLINDRICAL_SURFACE ( 'NONE', #2631, 0.02362204724409448092 ) ;
#828 =( LENGTH_UNIT ( ) NAMED_UNIT ( * ) SI_UNIT ( $, .METRE. ) );
#829 = LINE ( 'NONE', #1927, #919 ) ;
#830 = VERTEX_POINT ( 'NONE', #1295 ) ;
#831 = EDGE_CURVE ( 'NONE', #1679, #2824, #1257, .T. ) ;
#832 = ORIENTED_EDGE ( 'NONE', *, *, #833, .T. ) ;
#833 = EDGE_CURVE ( 'NONE', #1166, #2153, #3503, .T. ) ;
#834 = DIRECTION ( 'NONE',  ( 1.000000000000000000, 0.000000000000000000, 0.000000000000000000 ) ) ;
#835 = ORIENTED_EDGE ( 'NONE', *, *, #806, .T. ) ;
#836 = DIRECTION ( 'NONE',  ( 0.000000000000000000, 0.000000000000000000, 1.000000000000000000 ) ) ;
#837 = CARTESIAN_POINT ( 'NONE',  ( -0.08858267716535433989, 0.1299212598425196763, 0.07283464566929134798 ) ) ;
#838 = VERTEX_POINT ( 'NONE', #2654 ) ;
#839 = CARTESIAN_POINT ( 'NONE',  ( -0.08858267716535433989, 0.1456692913385826960, 0.1122047244094488277 ) ) ;
#840 = CARTESIAN_POINT ( 'NONE',  ( 0.08858267716535433989, 0.1299212598425196763, -0.07283464566929134798 ) ) ;
#841 = ORIENTED_EDGE ( 'NONE', *, *, #3201, .F. ) ;
#842 = ORIENTED_EDGE ( 'NONE', *, *, #1929, .T. ) ;
#843 = ADVANCED_FACE ( 'NONE', ( #3242 ), #1277, .T. ) ;
#844 = EDGE_CURVE ( 'NONE', #3113, #3378, #3479, .T. ) ;
#845 = LINE ( 'NONE', #14, #2518 ) ;
#846 = EDGE_LOOP ( 'NONE', ( #3273, #435, #1359, #3412 ) ) ;
#847 = CARTESIAN_POINT ( 'NONE',  ( 0.1181102362204724532, 0.03937007874015747977, 0.1023622047244094613 ) ) ;
#848 = CIRCLE ( 'NONE', #1464, 0.01181102362204724046 ) ;
#849 = FACE_OUTER_BOUND ( 'NONE', #2443, .T. ) ;
#850 = CIRCLE ( 'NONE', #1606, 0.02362204724409448092 ) ;
#851 = DIRECTION ( 'NONE',  ( 0.000000000000000000, 0.000000000000000000, 1.000000000000000000 ) ) ;
#852 = ORIENTED_EDGE ( 'NONE', *, *, #3109, .F. ) ;
#853 = CIRCLE ( 'NONE', #1087, 0.01574803149606299885 ) ;
#854 = DIRECTION ( 'NONE',  ( 1.000000000000000000, 0.000000000000000000, 0.000000000000000000 ) ) ;
#855 = AXIS2_PLACEMENT_3D ( 'NONE', #1738, #1727, #2023 ) ;
#856 = LINE ( 'NONE', #591, #1149 ) ;
#857 = PRESENTATION_STYLE_ASSIGNMENT (( #1163 ) ) ;
#858 = AXIS2_PLACEMENT_3D ( 'NONE', #1318, #1253, #2409 ) ;
#859 = AXIS2_PLACEMENT_3D ( 'NONE', #1895, #3221, #1305 ) ;
#860 = VECTOR ( 'NONE', #2358, 39.37007874015748143 ) ;
#861 = VERTEX_POINT ( 'NONE', #3019 ) ;
#862 = AXIS2_PLACEMENT_3D ( 'NONE', #2385, #1337, #1585 ) ;
#863 = ORIENTED_EDGE ( 'NONE', *, *, #402, .T. ) ;
#864 = VECTOR ( 'NONE', #200, 39.37007874015748143 ) ;
#865 = AXIS2_PLACEMENT_3D ( 'NONE', #3061, #924, #3331 ) ;
#866 = CARTESIAN_POINT ( 'NONE',  ( 0.1181102362204724532, 0.03937007874015747977, 0.07480314960629921850 ) ) ;
#867 = EDGE_LOOP ( 'NONE', ( #1476, #2034, #852, #2601, #1045, #167, #2902, #1502, #1401, #1640, #2602, #1370 ) ) ;
#868 = ADVANCED_FACE ( 'NONE', ( #2175 ), #1069, .F. ) ;
#869 = CARTESIAN_POINT ( 'NONE',  ( -0.08858267716535433989, 0.1456692913385826960, -0.06496062992125986590 ) ) ;
#870 = AXIS2_PLACEMENT_3D ( 'NONE', #1485, #3382, #2269 ) ;
#871 = CARTESIAN_POINT ( 'NONE',  ( -0.1181102362204724532, 0.1377952755905511861, -0.1122047244094488277 ) ) ;
#872 = ADVANCED_FACE ( 'NONE', ( #1123 ), #1969, .F. ) ;
#873 = SPHERICAL_SURFACE ( 'NONE', #585, 0.03937007874015747977 ) ;
#874 = ORIENTED_EDGE ( 'NONE', *, *, #1309, .T. ) ;
#875 = UNCERTAINTY_MEASURE_WITH_UNIT (LENGTH_MEASURE( 1.000000000000000082E-05 ), #1736, 'distance_accuracy_value', 'NONE');
#876 = EDGE_CURVE ( 'NONE', #3314, #2615, #1899, .T. ) ;
#877 = FACE_OUTER_BOUND ( 'NONE', #1263, .T. ) ;
#878 =( NAMED_UNIT ( * ) SI_UNIT ( $, .STERADIAN. ) SOLID_ANGLE_UNIT ( ) );
#879 = ORIENTED_EDGE ( 'NONE', *, *, #2201, .F. ) ;
#880 = VERTEX_POINT ( 'NONE', #318 ) ;
#881 = CARTESIAN_POINT ( 'NONE',  ( 0.1968503937007874127, -0.003937007874015747977, -0.07480314960629921850 ) ) ;
#882 = ORIENTED_EDGE ( 'NONE', *, *, #664, .T. ) ;
#883 = PLANE ( 'NONE',  #1964 ) ;
#884 = DIRECTION ( 'NONE',  ( 0.000000000000000000, 1.000000000000000000, 0.000000000000000000 ) ) ;
#885 =( CONVERSION_BASED_UNIT ( 'INCH', #2244 ) LENGTH_UNIT ( ) NAMED_UNIT ( #1849 ) );
#886 = ORIENTED_EDGE ( 'NONE', *, *, #3029, .T. ) ;
#887 = LINE ( 'NONE', #1889, #963 ) ;
#888 = ADVANCED_FACE ( 'NONE', ( #2499 ), #1420, .T. ) ;
#889 = ADVANCED_FACE ( 'NONE', ( #2157 ), #3033, .T. ) ;
#890 = CARTESIAN_POINT ( 'NONE',  ( 0.1968503937007874127, -0.003937007874015747977, -0.1023622047244094613 ) ) ;
#891 = DIRECTION ( 'NONE',  ( 0.000000000000000000, -1.000000000000000000, 0.000000000000000000 ) ) ;
#892 = ADVANCED_FACE ( 'NONE', ( #330 ), #3548, .F. ) ;
#893 = ORIENTED_EDGE ( 'NONE', *, *, #2940, .F. ) ;
#894 = VERTEX_POINT ( 'NONE', #3277 ) ;
#895 = ADVANCED_BREP_SHAPE_REPRESENTATION ( 'CUI_DEVICES_TS04-66-43-BK-260-SMT', ( #2543, #157, #1301, #1367, #81, #163, #1357, #2234 ), #347 ) ;
#896 = CLOSED_SHELL ( 'NONE', ( #1433, #1880, #2203, #888, #3030, #565, #2159, #2207, #403, #643, #2515, #1453, #360, #116 ) ) ;
#897 = ORIENTED_EDGE ( 'NONE', *, *, #3280, .F. ) ;
#898 = SURFACE_STYLE_USAGE ( .BOTH. , #1519 ) ;
#899 = CYLINDRICAL_SURFACE ( 'NONE', #1908, 0.003937007874015741038 ) ;
#900 = DIRECTION ( 'NONE',  ( 1.000000000000000000, 0.000000000000000000, 0.000000000000000000 ) ) ;
#901 = DIRECTION ( 'NONE',  ( 0.000000000000000000, 0.000000000000000000, 1.000000000000000000 ) ) ;
#902 = AXIS2_PLACEMENT_3D ( 'NONE', #2035, #86, #2021 ) ;
#903 = VERTEX_POINT ( 'NONE', #283 ) ;
#904 = DIRECTION ( 'NONE',  ( 0.000000000000000000, 0.000000000000000000, -1.000000000000000000 ) ) ;
#905 = AXIS2_PLACEMENT_3D ( 'NONE', #3318, #1360, #551 ) ;
#906 = LINE ( 'NONE', #1174, #2179 ) ;
#907 = EDGE_CURVE ( 'NONE', #742, #278, #801, .T. ) ;
#908 = EDGE_CURVE ( 'NONE', #2897, #2484, #450, .T. ) ;
#909 = VECTOR ( 'NONE', #32, 39.37007874015748143 ) ;
#910 = EDGE_LOOP ( 'NONE', ( #2108, #1719, #2944, #1080, #1603, #978, #3008, #2445, #307, #2810, #716, #2542 ) ) ;
#911 = AXIS2_PLACEMENT_3D ( 'NONE', #205, #1815, #722 ) ;
#912 = EDGE_LOOP ( 'NONE', ( #2831, #1272, #1564, #2805 ) ) ;
#913 = ORIENTED_EDGE ( 'NONE', *, *, #2826, .T. ) ;
#914 = FILL_AREA_STYLE ('',( #3401 ) ) ;
#915 = CARTESIAN_POINT ( 'NONE',  ( -0.1653543307086614567, 0.007874015748031495954, -0.1023622047244094613 ) ) ;
#916 = DIRECTION ( 'NONE',  ( -1.000000000000000000, 0.000000000000000000, 0.000000000000000000 ) ) ;
#917 = VECTOR ( 'NONE', #770, 39.37007874015748143 ) ;
#918 = VECTOR ( 'NONE', #2106, 39.37007874015748143 ) ;
#919 = VECTOR ( 'NONE', #218, 39.37007874015748143 ) ;
#920 = CARTESIAN_POINT ( 'NONE',  ( 0.08858267716535433989, 0.1377952755905511861, -0.08858267716535433989 ) ) ;
#921 = AXIS2_PLACEMENT_3D ( 'NONE', #1591, #2416, #2512 ) ;
#922 = ORIENTED_EDGE ( 'NONE', *, *, #2205, .F. ) ;
#923 = DIRECTION ( 'NONE',  ( 0.000000000000000000, 1.000000000000000000, 0.000000000000000000 ) ) ;
#924 = DIRECTION ( 'NONE',  ( 0.000000000000000000, 1.000000000000000000, 0.000000000000000000 ) ) ;
#925 = VERTEX_POINT ( 'NONE', #2735 ) ;
#926 = EDGE_CURVE ( 'NONE', #1626, #880, #302, .T. ) ;
#927 = ADVANCED_FACE ( 'NONE', ( #3051 ), #563, .T. ) ;
#928 = ORIENTED_EDGE ( 'NONE', *, *, #1015, .T. ) ;
#929 = ORIENTED_EDGE ( 'NONE', *, *, #268, .T. ) ;
#930 = LENGTH_MEASURE_WITH_UNIT ( LENGTH_MEASURE( 0.02539999999999999897 ), #1752 );
#931 = DIRECTION ( 'NONE',  ( 0.000000000000000000, 0.000000000000000000, -1.000000000000000000 ) ) ;
#932 = CARTESIAN_POINT ( 'NONE',  ( 0.1535433070866141780, 0.02755905511811023584, 0.07480314960629921850 ) ) ;
#933 = EDGE_CURVE ( 'NONE', #2748, #1873, #1137, .T. ) ;
#934 = DIRECTION ( 'NONE',  ( 0.000000000000000000, 1.000000000000000000, 0.000000000000000000 ) ) ;
#935 = VERTEX_POINT ( 'NONE', #2211 ) ;
#936 = LINE ( 'NONE', #651, #571 ) ;
#937 = CARTESIAN_POINT ( 'NONE',  ( -0.1496062992125984370, 0.02755905511811023584, 0.1023622047244094613 ) ) ;
#938 =( NAMED_UNIT ( * ) PLANE_ANGLE_UNIT ( ) SI_UNIT ( $, .RADIAN. ) );
#939 = DIRECTION ( 'NONE',  ( 0.000000000000000000, 0.000000000000000000, -1.000000000000000000 ) ) ;
#940 = CARTESIAN_POINT ( 'NONE',  ( 0.1653543307086614567, 0.007874015748031495954, 0.1023622047244094613 ) ) ;
#941 = ORIENTED_EDGE ( 'NONE', *, *, #132, .F. ) ;
#942 = DIRECTION ( 'NONE',  ( 0.000000000000000000, 0.000000000000000000, -1.000000000000000000 ) ) ;
#943 = ORIENTED_EDGE ( 'NONE', *, *, #3180, .T. ) ;
#944 = VERTEX_POINT ( 'NONE', #1394 ) ;
#945 = FACE_OUTER_BOUND ( 'NONE', #707, .T. ) ;
#946 = CARTESIAN_POINT ( 'NONE',  ( -0.08858267716535433989, 0.1377952755905511861, -0.08858267716535433989 ) ) ;
#947 = CARTESIAN_POINT ( 'NONE',  ( 0.08858267716535433989, 0.1299212598425196763, -0.08858267716535433989 ) ) ;
#948 = EDGE_CURVE ( 'NONE', #2115, #1701, #1028, .T. ) ;
#949 = ADVANCED_FACE ( 'NONE', ( #849 ), #1405, .T. ) ;
#950 = ORIENTED_EDGE ( 'NONE', *, *, #1095, .T. ) ;
#951 = FACE_OUTER_BOUND ( 'NONE', #1030, .T. ) ;
#952 = VECTOR ( 'NONE', #1484, 39.37007874015748143 ) ;
#953 = ORIENTED_EDGE ( 'NONE', *, *, #2802, .T. ) ;
#954 = CARTESIAN_POINT ( 'NONE',  ( 0.1614173228346456879, 0.02755905511811023584, -0.1023622047244094613 ) ) ;
#955 = COLOUR_RGB ( '',0.7921568627450980005, 0.8196078431372548767, 0.9333333333333333481 ) ;
#956 = AXIS2_PLACEMENT_3D ( 'NONE', #1268, #1559, #2662 ) ;
#957 = DIRECTION ( 'NONE',  ( 0.000000000000000000, 0.000000000000000000, 1.000000000000000000 ) ) ;
#958 = DIRECTION ( 'NONE',  ( 0.000000000000000000, 0.000000000000000000, -1.000000000000000000 ) ) ;
#959 = CARTESIAN_POINT ( 'NONE',  ( -0.1496062992125984370, 0.02755905511811023584, -0.07480314960629921850 ) ) ;
#960 = ORIENTED_EDGE ( 'NONE', *, *, #2326, .F. ) ;
#961 = CARTESIAN_POINT ( 'NONE',  ( -0.08858267716535433989, 0.1141732283464566844, 0.08858267716535433989 ) ) ;
#962 = LINE ( 'NONE', #2319, #864 ) ;
#963 = VECTOR ( 'NONE', #2740, 39.37007874015748143 ) ;
#964 = EDGE_LOOP ( 'NONE', ( #3037, #3203, #325, #2955 ) ) ;
#965 = ORIENTED_EDGE ( 'NONE', *, *, #3349, .T. ) ;
#966 = AXIS2_PLACEMENT_3D ( 'NONE', #2242, #884, #648 ) ;
#967 = CARTESIAN_POINT ( 'NONE',  ( 8.437527159479795937E-18, 0.1299212598425196763, 0.06889763779527559306 ) ) ;
#968 = CARTESIAN_POINT ( 'NONE',  ( 0.1653543307086614567, -0.003937007874015747977, -0.07480314960629921850 ) ) ;
#969 = COLOUR_RGB ( '',0.7921568627450980005, 0.8196078431372548767, 0.9333333333333333481 ) ;
#970 = VECTOR ( 'NONE', #2938, 39.37007874015748143 ) ;
#971 = LINE ( 'NONE', #779, #2001 ) ;
#972 = EDGE_CURVE ( 'NONE', #3158, #3324, #2226, .T. ) ;
#973 = EDGE_CURVE ( 'NONE', #199, #1313, #1199, .T. ) ;
#974 = ORIENTED_EDGE ( 'NONE', *, *, #249, .F. ) ;
#975 = CIRCLE ( 'NONE', #2407, 0.005905511811023620231 ) ;
#976 = VECTOR ( 'NONE', #3179, 39.37007874015748143 ) ;
#977 = VECTOR ( 'NONE', #48, 39.37007874015748143 ) ;
#978 = ORIENTED_EDGE ( 'NONE', *, *, #3375, .T. ) ;
#979 = DIRECTION ( 'NONE',  ( 0.000000000000000000, 0.000000000000000000, 1.000000000000000000 ) ) ;
#980 = DIRECTION ( 'NONE',  ( 0.000000000000000000, -1.000000000000000000, 0.000000000000000000 ) ) ;
#981 = FACE_OUTER_BOUND ( 'NONE', #528, .T. ) ;
#982 = CARTESIAN_POINT ( 'NONE',  ( 0.1535433070866141780, 0.02755905511811023584, -0.1023622047244094613 ) ) ;
#983 = CARTESIAN_POINT ( 'NONE',  ( -0.08858267716535433989, 0.1377952755905511861, 0.1122047244094488277 ) ) ;
#984 = ORIENTED_EDGE ( 'NONE', *, *, #787, .F. ) ;
#985 =( CONVERSION_BASED_UNIT ( 'INCH', #130 ) LENGTH_UNIT ( ) NAMED_UNIT ( #194 ) );
#986 = CARTESIAN_POINT ( 'NONE',  ( -0.1535433070866141780, 0.02755905511811023584, 0.1023622047244094613 ) ) ;
#987 = EDGE_LOOP ( 'NONE', ( #731, #2701, #2156, #2884 ) ) ;
#988 = EDGE_LOOP ( 'NONE', ( #2365, #2424 ) ) ;
#989 = DIRECTION ( 'NONE',  ( 0.000000000000000000, 0.000000000000000000, -1.000000000000000000 ) ) ;
#990 = CARTESIAN_POINT ( 'NONE',  ( -0.1653543307086614567, -0.003937007874015747977, 0.07480314960629921850 ) ) ;
#991 = CARTESIAN_POINT ( 'NONE',  ( 0.1653543307086614567, 0.003937007874015747977, 0.1023622047244094613 ) ) ;
#992 = ORIENTED_EDGE ( 'NONE', *, *, #712, .F. ) ;
#993 = CARTESIAN_POINT ( 'NONE',  ( -0.1181102362204724532, 0.03937007874015747977, 0.07480314960629921850 ) ) ;
#994 = ORIENTED_EDGE ( 'NONE', *, *, #1171, .T. ) ;
#995 = DIRECTION ( 'NONE',  ( -1.000000000000000000, -1.016439536705159791E-16, 0.000000000000000000 ) ) ;
#996 = CARTESIAN_POINT ( 'NONE',  ( 0.08858267716535433989, 0.1377952755905511861, -0.07283464566929134798 ) ) ;
#997 = EDGE_CURVE ( 'NONE', #903, #1012, #3504, .T. ) ;
#998 = EDGE_CURVE ( 'NONE', #2996, #698, #2227, .T. ) ;
#999 = DIRECTION ( 'NONE',  ( 0.000000000000000000, 1.000000000000000000, 0.000000000000000000 ) ) ;
#1000 = CARTESIAN_POINT ( 'NONE',  ( -0.1122047244094488277, 0.1377952755905511861, 0.1122047244094488277 ) ) ;
#1001 = CARTESIAN_POINT ( 'NONE',  ( 0.000000000000000000, -0.07608622758978160483, 0.07283464566929134798 ) ) ;
#1002 = VERTEX_POINT ( 'NONE', #1461 ) ;
#1003 = SURFACE_STYLE_USAGE ( .BOTH. , #178 ) ;
#1004 = EDGE_CURVE ( 'NONE', #593, #199, #2569, .T. ) ;
#1005 = VERTEX_POINT ( 'NONE', #3098 ) ;
#1006 = ORIENTED_EDGE ( 'NONE', *, *, #1309, .F. ) ;
#1007 = PLANE ( 'NONE',  #1669 ) ;
#1008 = DIRECTION ( 'NONE',  ( 0.000000000000000000, 0.000000000000000000, -1.000000000000000000 ) ) ;
#1009 = DIRECTION ( 'NONE',  ( 0.000000000000000000, -1.000000000000000000, 0.000000000000000000 ) ) ;
#1010 = ORIENTED_EDGE ( 'NONE', *, *, #520, .F. ) ;
#1011 = LINE ( 'NONE', #993, #580 ) ;
#1012 = VERTEX_POINT ( 'NONE', #2548 ) ;
#1013 = CARTESIAN_POINT ( 'NONE',  ( 0.1614173228346456879, 0.02755905511811023584, -0.07480314960629921850 ) ) ;
#1014 = CARTESIAN_POINT ( 'NONE',  ( -0.08858267716535433989, 0.1299212598425196763, 0.07283464566929134798 ) ) ;
#1015 = EDGE_CURVE ( 'NONE', #3404, #1996, #1762, .T. ) ;
#1016 = AXIS2_PLACEMENT_3D ( 'NONE', #125, #3160, #3406 ) ;
#1017 = DIRECTION ( 'NONE',  ( 0.000000000000000000, 1.000000000000000000, 0.000000000000000000 ) ) ;
#1018 = EDGE_CURVE ( 'NONE', #3363, #577, #575, .T. ) ;
#1019 = DIRECTION ( 'NONE',  ( 0.000000000000000000, 0.000000000000000000, -1.000000000000000000 ) ) ;
#1020 = EDGE_LOOP ( 'NONE', ( #773, #1779 ) ) ;
#1021 = DIRECTION ( 'NONE',  ( 0.000000000000000000, 0.000000000000000000, -1.000000000000000000 ) ) ;
#1022 = CARTESIAN_POINT ( 'NONE',  ( -0.1181102362204724532, 0.03149606299212598381, -0.1023622047244094613 ) ) ;
#1023 =( GEOMETRIC_REPRESENTATION_CONTEXT ( 3 ) GLOBAL_UNCERTAINTY_ASSIGNED_CONTEXT ( ( #1343 ) ) GLOBAL_UNIT_ASSIGNED_CONTEXT ( ( #2799, #938, #1283 ) ) REPRESENTATION_CONTEXT ( 'NONE', 'WORKASPACE' ) );
#1024 = ORIENTED_EDGE ( 'NONE', *, *, #235, .F. ) ;
#1025 = EDGE_LOOP ( 'NONE', ( #725, #2828, #1793, #3400 ) ) ;
#1026 = CARTESIAN_POINT ( 'NONE',  ( 0.1122047244094488277, 0.1299212598425196763, -0.1122047244094488277 ) ) ;
#1027 = DIRECTION ( 'NONE',  ( 0.000000000000000000, 0.000000000000000000, -1.000000000000000000 ) ) ;
#1028 = CIRCLE ( 'NONE', #2762, 0.02362204724409448092 ) ;
#1029 = LINE ( 'NONE', #1293, #1546 ) ;
#1030 = EDGE_LOOP ( 'NONE', ( #79, #1517, #2312, #545 ) ) ;
#1031 = VECTOR ( 'NONE', #3546, 39.37007874015748143 ) ;
#1032 = CIRCLE ( 'NONE', #1480, 0.02362204724409448092 ) ;
#1033 = DIRECTION ( 'NONE',  ( -1.000000000000000000, 0.000000000000000000, 0.000000000000000000 ) ) ;
#1034 = VERTEX_POINT ( 'NONE', #2880 ) ;
#1035 = CYLINDRICAL_SURFACE ( 'NONE', #3298, 0.01574803149606299191 ) ;
#1036 = FACE_OUTER_BOUND ( 'NONE', #3133, .T. ) ;
#1037 = LINE ( 'NONE', #1074, #3390 ) ;
#1038 = CARTESIAN_POINT ( 'NONE',  ( 0.000000000000000000, 0.1299212598425196763, 0.000000000000000000 ) ) ;
#1039 = DIRECTION ( 'NONE',  ( 0.000000000000000000, 0.000000000000000000, 1.000000000000000000 ) ) ;
#1040 = ORIENTED_EDGE ( 'NONE', *, *, #606, .F. ) ;
#1041 =( LENGTH_UNIT ( ) NAMED_UNIT ( * ) SI_UNIT ( $, .METRE. ) );
#1042 = CARTESIAN_POINT ( 'NONE',  ( 0.1181102362204724532, 0.03149606299212598381, 0.07480314960629921850 ) ) ;
#1043 = EDGE_CURVE ( 'NONE', #2442, #679, #1380, .T. ) ;
#1044 = ORIENTED_EDGE ( 'NONE', *, *, #2493, .T. ) ;
#1045 = ORIENTED_EDGE ( 'NONE', *, *, #3029, .F. ) ;
#1046 = DIRECTION ( 'NONE',  ( 0.000000000000000000, 1.000000000000000000, 0.000000000000000000 ) ) ;
#1047 = CARTESIAN_POINT ( 'NONE',  ( -0.08858267716535433989, 0.1456692913385826960, -0.1122047244094488277 ) ) ;
#1048 = ADVANCED_FACE ( 'NONE', ( #1753 ), #3356, .F. ) ;
#1049 = EDGE_CURVE ( 'NONE', #375, #3057, #3155, .T. ) ;
#1050 = DIRECTION ( 'NONE',  ( 0.000000000000000000, 0.000000000000000000, -1.000000000000000000 ) ) ;
#1051 = EDGE_LOOP ( 'NONE', ( #2384, #1915 ) ) ;
#1052 = CARTESIAN_POINT ( 'NONE',  ( -0.1122047244094488277, 0.1299212598425196763, 0.1122047244094488277 ) ) ;
#1053 = EDGE_LOOP ( 'NONE', ( #27, #440, #2180, #2904 ) ) ;
#1054 = DIRECTION ( 'NONE',  ( 0.000000000000000000, 0.000000000000000000, -1.000000000000000000 ) ) ;
#1055 = DIRECTION ( 'NONE',  ( 0.000000000000000000, 0.000000000000000000, 1.000000000000000000 ) ) ;
#1056 = CARTESIAN_POINT ( 'NONE',  ( 0.1968503937007874127, 0.003937007874015747977, -0.07480314960629921850 ) ) ;
#1057 = DIRECTION ( 'NONE',  ( -1.000000000000000000, -1.016439536705159791E-16, 0.000000000000000000 ) ) ;
#1058 = DIRECTION ( 'NONE',  ( 1.000000000000000000, 0.000000000000000000, 0.000000000000000000 ) ) ;
#1059 = EDGE_LOOP ( 'NONE', ( #2526, #1290 ) ) ;
#1060 = FILL_AREA_STYLE ('',( #1939 ) ) ;
#1061 = LINE ( 'NONE', #3287, #2182 ) ;
#1062 = VERTEX_POINT ( 'NONE', #1156 ) ;
#1063 = ORIENTED_EDGE ( 'NONE', *, *, #3490, .T. ) ;
#1064 = DIRECTION ( 'NONE',  ( 0.000000000000000000, 0.000000000000000000, 1.000000000000000000 ) ) ;
#1065 = PLANE ( 'NONE',  #3293 ) ;
#1066 = PRODUCT_DEFINITION_SHAPE ( 'NONE', 'NONE',  #824 ) ;
#1067 = ORIENTED_EDGE ( 'NONE', *, *, #627, .T. ) ;
#1068 = EDGE_CURVE ( 'NONE', #1524, #501, #1142, .T. ) ;
#1069 = PLANE ( 'NONE',  #3149 ) ;
#1070 = ADVANCED_FACE ( 'NONE', ( #2271 ), #3403, .F. ) ;
#1071 = DIRECTION ( 'NONE',  ( 0.000000000000000000, 0.000000000000000000, 1.000000000000000000 ) ) ;
#1072 = ORIENTED_EDGE ( 'NONE', *, *, #1095, .F. ) ;
#1073 = CARTESIAN_POINT ( 'NONE',  ( 0.08858267716535433989, 0.1456692913385826960, -0.1122047244094488277 ) ) ;
#1074 = CARTESIAN_POINT ( 'NONE',  ( -0.08858267716535433989, 0.1823374350353732243, 0.07283464566929134798 ) ) ;
#1075 = LINE ( 'NONE', #3537, #13 ) ;
#1076 = FACE_OUTER_BOUND ( 'NONE', #1513, .T. ) ;
#1077 = SURFACE_STYLE_USAGE ( .BOTH. , #2133 ) ;
#1078 = CARTESIAN_POINT ( 'NONE',  ( 0.1496062992125984370, 0.02755905511811023584, 0.1023622047244094613 ) ) ;
#1079 = AXIS2_PLACEMENT_3D ( 'NONE', #3147, #1213, #3172 ) ;
#1080 = ORIENTED_EDGE ( 'NONE', *, *, #1018, .F. ) ;
#1081 = EDGE_LOOP ( 'NONE', ( #1247, #1373, #3322, #2585 ) ) ;
#1082 = VECTOR ( 'NONE', #2866, 39.37007874015748143 ) ;
#1083 = DIRECTION ( 'NONE',  ( -1.000000000000000000, 0.000000000000000000, 0.000000000000000000 ) ) ;
#1084 = AXIS2_PLACEMENT_3D ( 'NONE', #3222, #3184, #3202 ) ;
#1085 = ORIENTED_EDGE ( 'NONE', *, *, #2770, .F. ) ;
#1086 = DIRECTION ( 'NONE',  ( 0.000000000000000000, 1.000000000000000000, 0.000000000000000000 ) ) ;
#1087 = AXIS2_PLACEMENT_3D ( 'NONE', #2883, #615, #80 ) ;
#1088 = EDGE_CURVE ( 'NONE', #1172, #1626, #162, .T. ) ;
#1089 = ADVANCED_FACE ( 'NONE', ( #2588 ), #3080, .T. ) ;
#1090 = ORIENTED_EDGE ( 'NONE', *, *, #826, .T. ) ;
#1091 = VECTOR ( 'NONE', #467, 39.37007874015748143 ) ;
#1092 = CARTESIAN_POINT ( 'NONE',  ( 0.1535433070866141780, 0.02755905511811023584, 0.1023622047244094613 ) ) ;
#1093 = AXIS2_PLACEMENT_3D ( 'NONE', #1111, #1406, #1903 ) ;
#1094 = AXIS2_PLACEMENT_3D ( 'NONE', #503, #248, #2426 ) ;
#1095 = EDGE_CURVE ( 'NONE', #1164, #1733, #1666, .T. ) ;
#1096 = CARTESIAN_POINT ( 'NONE',  ( 0.1653543307086614567, 0.003937007874015747977, -0.1023622047244094613 ) ) ;
#1097 = CARTESIAN_POINT ( 'NONE',  ( -0.1653543307086614567, 0.007874015748031495954, 0.1023622047244094613 ) ) ;
#1098 = CARTESIAN_POINT ( 'NONE',  ( 0.1968503937007874127, 0.003937007874015747977, -0.1023622047244094613 ) ) ;
#1099 = VECTOR ( 'NONE', #2186, 39.37007874015748143 ) ;
#1100 = AXIS2_PLACEMENT_3D ( 'NONE', #1097, #236, #2187 ) ;
#1101 = DIRECTION ( 'NONE',  ( 0.000000000000000000, 0.000000000000000000, -1.000000000000000000 ) ) ;
#1102 = LINE ( 'NONE', #2169, #1104 ) ;
#1103 = EDGE_CURVE ( 'NONE', #1893, #2615, #2841, .T. ) ;
#1104 = VECTOR ( 'NONE', #276, 39.37007874015748143 ) ;
#1105 = VECTOR ( 'NONE', #3366, 39.37007874015748143 ) ;
#1106 = ORIENTED_EDGE ( 'NONE', *, *, #1722, .F. ) ;
#1107 = ORIENTED_EDGE ( 'NONE', *, *, #2986, .F. ) ;
#1108 = LINE ( 'NONE', #2173, #389 ) ;
#1109 = VERTEX_POINT ( 'NONE', #1215 ) ;
#1110 = DIRECTION ( 'NONE',  ( 1.000000000000000000, -1.734723475976804925E-15, 0.000000000000000000 ) ) ;
#1111 = CARTESIAN_POINT ( 'NONE',  ( 0.08858267716535433989, 0.1456692913385826960, 0.08858267716535433989 ) ) ;
#1112 = VERTEX_POINT ( 'NONE', #2307 ) ;
#1113 = CARTESIAN_POINT ( 'NONE',  ( 0.1496062992125984370, 0.02755905511811023584, 0.07480314960629921850 ) ) ;
#1114 = CARTESIAN_POINT ( 'NONE',  ( 0.1181102362204724532, 0.03149606299212598381, 0.1023622047244094613 ) ) ;
#1115 = EDGE_CURVE ( 'NONE', #3206, #3314, #3235, .T. ) ;
#1116 = EDGE_CURVE ( 'NONE', #1062, #2685, #623, .T. ) ;
#1117 = LINE ( 'NONE', #2541, #396 ) ;
#1118 = ORIENTED_EDGE ( 'NONE', *, *, #1115, .F. ) ;
#1119 = VERTEX_POINT ( 'NONE', #2919 ) ;
#1120 = CARTESIAN_POINT ( 'NONE',  ( -0.1653543307086614567, 0.003937007874015747977, 0.1023622047244094613 ) ) ;
#1121 = ORIENTED_EDGE ( 'NONE', *, *, #1279, .T. ) ;
#1122 = FACE_OUTER_BOUND ( 'NONE', #280, .T. ) ;
#1123 = FACE_OUTER_BOUND ( 'NONE', #785, .T. ) ;
#1124 = CARTESIAN_POINT ( 'NONE',  ( -0.1181102362204724532, 0.03937007874015747977, -0.1023622047244094613 ) ) ;
#1125 = VERTEX_POINT ( 'NONE', #2138 ) ;
#1126 = ORIENTED_EDGE ( 'NONE', *, *, #621, .T. ) ;
#1127 = CARTESIAN_POINT ( 'NONE',  ( 0.1653543307086614567, 0.007874015748031495954, 0.1023622047244094613 ) ) ;
#1128 = DIRECTION ( 'NONE',  ( 0.000000000000000000, -1.000000000000000000, 0.000000000000000000 ) ) ;
#1129 = PRESENTATION_STYLE_ASSIGNMENT (( #3394 ) ) ;
#1130 = EDGE_CURVE ( 'NONE', #3329, #3176, #2096, .T. ) ;
#1131 = ORIENTED_EDGE ( 'NONE', *, *, #2093, .T. ) ;
#1132 = ORIENTED_EDGE ( 'NONE', *, *, #1189, .F. ) ;
#1133 = CIRCLE ( 'NONE', #3493, 0.005905511811023620231 ) ;
#1134 = CARTESIAN_POINT ( 'NONE',  ( 0.1968503937007874127, -0.003937007874015747977, -0.1023622047244094613 ) ) ;
#1135 = ORIENTED_EDGE ( 'NONE', *, *, #2395, .F. ) ;
#1136 = CARTESIAN_POINT ( 'NONE',  ( 0.1968503937007874127, -0.003937007874015747977, -0.1023622047244094613 ) ) ;
#1137 = LINE ( 'NONE', #1660, #2275 ) ;
#1138 = ADVANCED_FACE ( 'NONE', ( #448 ), #155, .T. ) ;
#1139 = LINE ( 'NONE', #1124, #2125 ) ;
#1140 = ORIENTED_EDGE ( 'NONE', *, *, #2672, .F. ) ;
#1141 = AXIS2_PLACEMENT_3D ( 'NONE', #5, #1580, #2438 ) ;
#1142 = CIRCLE ( 'NONE', #2403, 0.01574803149606299191 ) ;
#1143 = DIRECTION ( 'NONE',  ( 0.000000000000000000, 0.000000000000000000, 1.000000000000000000 ) ) ;
#1144 = DIRECTION ( 'NONE',  ( 0.000000000000000000, 1.000000000000000000, 0.000000000000000000 ) ) ;
#1145 = VECTOR ( 'NONE', #1798, 39.37007874015748143 ) ;
#1146 = AXIS2_PLACEMENT_3D ( 'NONE', #2872, #478, #958 ) ;
#1147 = AXIS2_PLACEMENT_3D ( 'NONE', #2029, #3353, #3163 ) ;
#1148 = EDGE_LOOP ( 'NONE', ( #1604, #2380, #141, #2517 ) ) ;
#1149 = VECTOR ( 'NONE', #1143, 39.37007874015748143 ) ;
#1150 = ORIENTED_EDGE ( 'NONE', *, *, #1661, .T. ) ;
#1151 = AXIS2_PLACEMENT_3D ( 'NONE', #1078, #482, #2683 ) ;
#1152 = VECTOR ( 'NONE', #2830, 39.37007874015748143 ) ;
#1153 = DIRECTION ( 'NONE',  ( 0.000000000000000000, 0.000000000000000000, 1.000000000000000000 ) ) ;
#1154 = ORIENTED_EDGE ( 'NONE', *, *, #642, .T. ) ;
#1155 = CARTESIAN_POINT ( 'NONE',  ( -0.1181102362204724532, 0.1377952755905511861, 0.1122047244094488277 ) ) ;
#1156 = CARTESIAN_POINT ( 'NONE',  ( 0.1614173228346456879, 0.007874015748031495954, 0.1023622047244094613 ) ) ;
#1157 = EDGE_CURVE ( 'NONE', #3547, #113, #2605, .T. ) ;
#1158 = EDGE_CURVE ( 'NONE', #2425, #1313, #740, .T. ) ;
#1159 = ORIENTED_EDGE ( 'NONE', *, *, #3086, .F. ) ;
#1160 = CARTESIAN_POINT ( 'NONE',  ( 0.08858267716535433989, 0.1377952755905511861, -0.1043307086614173457 ) ) ;
#1161 = EDGE_CURVE ( 'NONE', #1451, #3429, #2860, .T. ) ;
#1162 = FACE_BOUND ( 'NONE', #2781, .T. ) ;
#1163 = SURFACE_STYLE_USAGE ( .BOTH. , #2279 ) ;
#1164 = VERTEX_POINT ( 'NONE', #2058 ) ;
#1165 = VERTEX_POINT ( 'NONE', #3258 ) ;
#1166 = VERTEX_POINT ( 'NONE', #3433 ) ;
#1167 = DIRECTION ( 'NONE',  ( 1.000000000000000000, 0.000000000000000000, 0.000000000000000000 ) ) ;
#1168 = DIRECTION ( 'NONE',  ( 1.000000000000000000, -1.016439536705159791E-16, 0.000000000000000000 ) ) ;
#1169 = DIRECTION ( 'NONE',  ( 0.000000000000000000, 0.000000000000000000, 1.000000000000000000 ) ) ;
#1170 = EDGE_CURVE ( 'NONE', #1684, #1237, #1567, .T. ) ;
#1171 = EDGE_CURVE ( 'NONE', #1701, #2043, #2323, .T. ) ;
#1172 = VERTEX_POINT ( 'NONE', #778 ) ;
#1173 = CARTESIAN_POINT ( 'NONE',  ( 0.1181102362204724532, 0.000000000000000000, -0.1122047244094488277 ) ) ;
#1174 = CARTESIAN_POINT ( 'NONE',  ( -0.1496062992125984370, 0.03937007874015747977, -0.1023622047244094613 ) ) ;
#1175 = DIRECTION ( 'NONE',  ( 0.000000000000000000, 0.000000000000000000, 1.000000000000000000 ) ) ;
#1176 = ORIENTED_EDGE ( 'NONE', *, *, #1018, .T. ) ;
#1177 = ORIENTED_EDGE ( 'NONE', *, *, #1740, .F. ) ;
#1178 = DIRECTION ( 'NONE',  ( 0.000000000000000000, 0.000000000000000000, 1.000000000000000000 ) ) ;
#1179 = CARTESIAN_POINT ( 'NONE',  ( 0.08858267716535433989, 0.1377952755905511861, 0.1122047244094488277 ) ) ;
#1180 = DIRECTION ( 'NONE',  ( 0.000000000000000000, -1.000000000000000000, 0.000000000000000000 ) ) ;
#1181 = SURFACE_SIDE_STYLE ('',( #2564 ) ) ;
#1182 = VERTEX_POINT ( 'NONE', #990 ) ;
#1183 = CARTESIAN_POINT ( 'NONE',  ( -0.08858267716535433989, 0.1377952755905511861, -0.08858267716535433989 ) ) ;
#1184 = EDGE_CURVE ( 'NONE', #1626, #2144, #1274, .T. ) ;
#1185 = AXIS2_PLACEMENT_3D ( 'NONE', #2314, #2633, #169 ) ;
#1186 = DIRECTION ( 'NONE',  ( 0.000000000000000000, 0.000000000000000000, -1.000000000000000000 ) ) ;
#1187 = SURFACE_STYLE_FILL_AREA ( #603 ) ;
#1188 = ADVANCED_FACE ( 'NONE', ( #762 ), #3190, .F. ) ;
#1189 = EDGE_CURVE ( 'NONE', #3474, #2619, #1317, .T. ) ;
#1190 = AXIS2_PLACEMENT_3D ( 'NONE', #665, #417, #1997 ) ;
#1191 = VERTEX_POINT ( 'NONE', #705 ) ;
#1192 = VECTOR ( 'NONE', #1548, 39.37007874015748143 ) ;
#1193 = CIRCLE ( 'NONE', #12, 0.005905511811023620231 ) ;
#1194 = CIRCLE ( 'NONE', #2051, 0.005905511811023620231 ) ;
#1195 = ORIENTED_EDGE ( 'NONE', *, *, #2448, .T. ) ;
#1196 = ORIENTED_EDGE ( 'NONE', *, *, #1661, .F. ) ;
#1197 = DIRECTION ( 'NONE',  ( 1.000000000000000000, -1.016439536705159791E-16, 0.000000000000000000 ) ) ;
#1198 = CARTESIAN_POINT ( 'NONE',  ( 0.1181102362204724532, 0.03937007874015747977, -0.07480314960629921850 ) ) ;
#1199 = LINE ( 'NONE', #932, #2697 ) ;
#1200 = VECTOR ( 'NONE', #2798, 39.37007874015748143 ) ;
#1201 = CIRCLE ( 'NONE', #2474, 0.003937007874015741038 ) ;
#1202 = VECTOR ( 'NONE', #3065, 39.37007874015748143 ) ;
#1203 = ORIENTED_EDGE ( 'NONE', *, *, #642, .F. ) ;
#1204 = CARTESIAN_POINT ( 'NONE',  ( -0.08858267716535433989, 0.1377952755905511861, -0.07283464566929134798 ) ) ;
#1205 = CARTESIAN_POINT ( 'NONE',  ( -0.08858267716535433989, 0.1377952755905511861, 0.07283464566929134798 ) ) ;
#1206 = CARTESIAN_POINT ( 'NONE',  ( 0.1122047244094488277, 0.000000000000000000, 0.1122047244094488277 ) ) ;
#1207 = CARTESIAN_POINT ( 'NONE',  ( -0.1653543307086614567, -0.003937007874015747977, 0.1023622047244094613 ) ) ;
#1208 = ADVANCED_FACE ( 'NONE', ( #2900 ), #2622, .F. ) ;
#1209 = ADVANCED_FACE ( 'NONE', ( #2669 ), #204, .F. ) ;
#1210 = DIRECTION ( 'NONE',  ( 1.000000000000000000, 0.000000000000000000, 0.000000000000000000 ) ) ;
#1211 = VERTEX_POINT ( 'NONE', #2406 ) ;
#1212 = ORIENTED_EDGE ( 'NONE', *, *, #2750, .F. ) ;
#1213 = DIRECTION ( 'NONE',  ( 0.000000000000000000, 1.000000000000000000, 0.000000000000000000 ) ) ;
#1214 = LINE ( 'NONE', #2291, #1105 ) ;
#1215 = CARTESIAN_POINT ( 'NONE',  ( 0.1535433070866141780, 0.007874015748031495954, -0.07480314960629921850 ) ) ;
#1216 = DIRECTION ( 'NONE',  ( 1.000000000000000000, 0.000000000000000000, 0.000000000000000000 ) ) ;
#1217 = ORIENTED_EDGE ( 'NONE', *, *, #1522, .T. ) ;
#1218 = CARTESIAN_POINT ( 'NONE',  ( 0.08858267716535433989, 0.1456692913385826960, 0.08858267716535433989 ) ) ;
#1219 = ORIENTED_EDGE ( 'NONE', *, *, #1913, .T. ) ;
#1220 = CARTESIAN_POINT ( 'NONE',  ( 0.1181102362204724532, 0.03937007874015747977, 0.07480314960629921850 ) ) ;
#1221 = CARTESIAN_POINT ( 'NONE',  ( -0.1653543307086614567, -0.003937007874015747977, 0.1023622047244094613 ) ) ;
#1222 = CARTESIAN_POINT ( 'NONE',  ( 0.08858267716535433989, 0.1823374350353732243, -0.08858267716535433989 ) ) ;
#1223 = DIRECTION ( 'NONE',  ( 1.734723475976804925E-15, -1.000000000000000000, 0.000000000000000000 ) ) ;
#1224 = LINE ( 'NONE', #198, #1994 ) ;
#1225 = EDGE_LOOP ( 'NONE', ( #2171, #1391 ) ) ;
#1226 = DIRECTION ( 'NONE',  ( 0.000000000000000000, 1.000000000000000000, 0.000000000000000000 ) ) ;
#1227 = ADVANCED_FACE ( 'NONE', ( #2119 ), #486, .F. ) ;
#1228 = EDGE_CURVE ( 'NONE', #3539, #3028, #262, .T. ) ;
#1229 = ORIENTED_EDGE ( 'NONE', *, *, #2672, .T. ) ;
#1230 = EDGE_LOOP ( 'NONE', ( #2415, #1855, #15, #384 ) ) ;
#1231 = DIRECTION ( 'NONE',  ( -1.000000000000000000, 0.000000000000000000, 0.000000000000000000 ) ) ;
#1232 = CARTESIAN_POINT ( 'NONE',  ( -0.1181102362204724532, 0.03937007874015747977, 0.07480314960629921850 ) ) ;
#1233 = CARTESIAN_POINT ( 'NONE',  ( -0.1653543307086614567, 0.003937007874015747977, -0.1023622047244094613 ) ) ;
#1234 = ORIENTED_EDGE ( 'NONE', *, *, #2065, .F. ) ;
#1235 = CARTESIAN_POINT ( 'NONE',  ( 0.08858267716535433989, 0.1823374350353732243, 0.1043307086614173457 ) ) ;
#1236 = EDGE_CURVE ( 'NONE', #2135, #2748, #2286, .T. ) ;
#1237 = VERTEX_POINT ( 'NONE', #624 ) ;
#1238 = DIRECTION ( 'NONE',  ( -1.000000000000000000, -1.734723475976804925E-15, 0.000000000000000000 ) ) ;
#1239 = VECTOR ( 'NONE', #210, 39.37007874015748143 ) ;
#1240 = LINE ( 'NONE', #1703, #2818 ) ;
#1241 = DIRECTION ( 'NONE',  ( 0.000000000000000000, 0.000000000000000000, -1.000000000000000000 ) ) ;
#1242 = SPHERICAL_SURFACE ( 'NONE', #3501, 0.03937007874015747977 ) ;
#1243 = ORIENTED_EDGE ( 'NONE', *, *, #3336, .F. ) ;
#1244 = CARTESIAN_POINT ( 'NONE',  ( -0.1496062992125984370, 0.03937007874015747977, 0.1023622047244094613 ) ) ;
#1245 = FACE_OUTER_BOUND ( 'NONE', #2461, .T. ) ;
#1246 = AXIS2_PLACEMENT_3D ( 'NONE', #781, #1879, #2717 ) ;
#1247 = ORIENTED_EDGE ( 'NONE', *, *, #2427, .T. ) ;
#1248 = COLOUR_RGB ( '',0.7921568627450980005, 0.8196078431372548767, 0.9333333333333333481 ) ;
#1249 = EDGE_LOOP ( 'NONE', ( #1965, #974 ) ) ;
#1250 = PLANE ( 'NONE',  #2709 ) ;
#1251 = CARTESIAN_POINT ( 'NONE',  ( 0.08858267716535433989, 0.1299212598425196763, 0.08858267716535433989 ) ) ;
#1252 =( GEOMETRIC_REPRESENTATION_CONTEXT ( 3 ) GLOBAL_UNCERTAINTY_ASSIGNED_CONTEXT ( ( #474 ) ) GLOBAL_UNIT_ASSIGNED_CONTEXT ( ( #312, #25, #1624 ) ) REPRESENTATION_CONTEXT ( 'NONE', 'WORKASPACE' ) );
#1253 = DIRECTION ( 'NONE',  ( 0.000000000000000000, -1.000000000000000000, 0.000000000000000000 ) ) ;
#1254 = ORIENTED_EDGE ( 'NONE', *, *, #666, .F. ) ;
#1255 = AXIS2_PLACEMENT_3D ( 'NONE', #421, #999, #957 ) ;
#1256 = EDGE_CURVE ( 'NONE', #2170, #296, #3123, .T. ) ;
#1257 = LINE ( 'NONE', #252, #3215 ) ;
#1258 = ADVANCED_FACE ( 'NONE', ( #2641 ), #341, .T. ) ;
#1259 = VECTOR ( 'NONE', #3309, 39.37007874015748143 ) ;
#1260 = CIRCLE ( 'NONE', #301, 0.003937007874015758385 ) ;
#1261 = DIRECTION ( 'NONE',  ( 0.000000000000000000, 0.000000000000000000, -1.000000000000000000 ) ) ;
#1262 = EDGE_CURVE ( 'NONE', #2827, #3481, #3454, .T. ) ;
#1263 = EDGE_LOOP ( 'NONE', ( #922, #254, #2971, #247 ) ) ;
#1264 = CARTESIAN_POINT ( 'NONE',  ( -0.08858267716535433989, 0.1456692913385826960, -0.08858267716535433989 ) ) ;
#1265 = DIRECTION ( 'NONE',  ( 1.000000000000000000, 0.000000000000000000, 0.000000000000000000 ) ) ;
#1266 = DIRECTION ( 'NONE',  ( -0.000000000000000000, -1.000000000000000000, -0.000000000000000000 ) ) ;
#1267 = DIRECTION ( 'NONE',  ( -0.000000000000000000, -1.000000000000000000, -0.000000000000000000 ) ) ;
#1268 = CARTESIAN_POINT ( 'NONE',  ( 0.08858267716535433989, 0.1456692913385826960, -0.08858267716535433989 ) ) ;
#1269 = ORIENTED_EDGE ( 'NONE', *, *, #2847, .T. ) ;
#1270 = LENGTH_MEASURE_WITH_UNIT ( LENGTH_MEASURE( 0.02539999999999999897 ), #1792 );
#1271 = ORIENTED_EDGE ( 'NONE', *, *, #2477, .F. ) ;
#1272 = ORIENTED_EDGE ( 'NONE', *, *, #763, .F. ) ;
#1273 = CARTESIAN_POINT ( 'NONE',  ( -0.08858267716535433989, 0.1456692913385826960, 0.06496062992125986590 ) ) ;
#1274 = LINE ( 'NONE', #2939, #2706 ) ;
#1275 = CARTESIAN_POINT ( 'NONE',  ( -0.1181102362204724532, 0.1299212598425196763, 0.1122047244094488277 ) ) ;
#1276 = EDGE_LOOP ( 'NONE', ( #228, #74, #1176, #2361 ) ) ;
#1277 = CYLINDRICAL_SURFACE ( 'NONE', #619, 0.01181102362204725781 ) ;
#1278 = ADVANCED_FACE ( 'NONE', ( #757, #3186 ), #1536, .F. ) ;
#1279 = EDGE_CURVE ( 'NONE', #609, #1379, #481, .T. ) ;
#1280 = CARTESIAN_POINT ( 'NONE',  ( 0.1653543307086614567, -0.003937007874015747977, -0.07480314960629921850 ) ) ;
#1281 = ORIENTED_EDGE ( 'NONE', *, *, #2375, .F. ) ;
#1282 = FACE_OUTER_BOUND ( 'NONE', #3272, .T. ) ;
#1283 =( NAMED_UNIT ( * ) SI_UNIT ( $, .STERADIAN. ) SOLID_ANGLE_UNIT ( ) );
#1284 = CARTESIAN_POINT ( 'NONE',  ( 0.1614173228346456879, 0.007874015748031495954, 0.07480314960629921850 ) ) ;
#1285 = DIRECTION ( 'NONE',  ( 0.000000000000000000, 0.000000000000000000, -1.000000000000000000 ) ) ;
#1286 = DIRECTION ( 'NONE',  ( -1.734723475976804925E-15, -1.000000000000000000, 0.000000000000000000 ) ) ;
#1287 = ORIENTED_EDGE ( 'NONE', *, *, #3199, .F. ) ;
#1288 = DIRECTION ( 'NONE',  ( 0.000000000000000000, -1.000000000000000000, 0.000000000000000000 ) ) ;
#1289 = ORIENTED_EDGE ( 'NONE', *, *, #2533, .T. ) ;
#1290 = ORIENTED_EDGE ( 'NONE', *, *, #3238, .T. ) ;
#1291 = CARTESIAN_POINT ( 'NONE',  ( 0.000000000000000000, 0.1299212598425196763, 0.000000000000000000 ) ) ;
#1292 = CARTESIAN_POINT ( 'NONE',  ( 0.1653543307086614567, 0.007874015748031495954, 0.1023622047244094613 ) ) ;
#1293 = CARTESIAN_POINT ( 'NONE',  ( -0.1181102362204724532, 0.1299212598425196763, 0.1181102362204724532 ) ) ;
#1294 = ORIENTED_EDGE ( 'NONE', *, *, #2476, .F. ) ;
#1295 = CARTESIAN_POINT ( 'NONE',  ( 0.1496062992125984370, 0.03937007874015747977, -0.07480314960629921850 ) ) ;
#1296 = DIRECTION ( 'NONE',  ( 1.000000000000000000, 0.000000000000000000, 0.000000000000000000 ) ) ;
#1297 = ORIENTED_EDGE ( 'NONE', *, *, #2083, .F. ) ;
#1298 = CARTESIAN_POINT ( 'NONE',  ( 0.000000000000000000, 0.1299212598425196763, 0.000000000000000000 ) ) ;
#1299 = ADVANCED_FACE ( 'NONE', ( #2381 ), #3491, .F. ) ;
#1300 = DIRECTION ( 'NONE',  ( 0.000000000000000000, -1.000000000000000000, 0.000000000000000000 ) ) ;
#1301 = MANIFOLD_SOLID_BREP ( 'Imported3', #896 ) ;
#1302 = CLOSED_SHELL ( 'NONE', ( #1258, #1791, #691, #2888, #3371, #2112 ) ) ;
#1303 = DIRECTION ( 'NONE',  ( 0.000000000000000000, 0.000000000000000000, 1.000000000000000000 ) ) ;
#1304 = AXIS2_PLACEMENT_3D ( 'NONE', #1397, #2214, #2489 ) ;
#1305 = DIRECTION ( 'NONE',  ( -1.000000000000000000, 0.000000000000000000, 0.000000000000000000 ) ) ;
#1306 = CARTESIAN_POINT ( 'NONE',  ( 0.1181102362204724532, 0.03937007874015747977, -0.07480314960629921850 ) ) ;
#1307 = ORIENTED_EDGE ( 'NONE', *, *, #1972, .F. ) ;
#1308 = ADVANCED_FACE ( 'NONE', ( #2032 ), #2682, .T. ) ;
#1309 = EDGE_CURVE ( 'NONE', #433, #343, #2318, .T. ) ;
#1310 = CARTESIAN_POINT ( 'NONE',  ( -0.1653543307086614567, 0.003937007874015747977, -0.07480314960629921850 ) ) ;
#1311 = ORIENTED_EDGE ( 'NONE', *, *, #3229, .T. ) ;
#1312 = EDGE_CURVE ( 'NONE', #278, #742, #1427, .T. ) ;
#1313 = VERTEX_POINT ( 'NONE', #2893 ) ;
#1314 = FACE_OUTER_BOUND ( 'NONE', #2352, .T. ) ;
#1315 = AXIS2_PLACEMENT_3D ( 'NONE', #688, #1780, #142 ) ;
#1316 = DIRECTION ( 'NONE',  ( 0.000000000000000000, 0.000000000000000000, -1.000000000000000000 ) ) ;
#1317 = CIRCLE ( 'NONE', #3099, 0.01574803149606299885 ) ;
#1318 = CARTESIAN_POINT ( 'NONE',  ( -0.1122047244094488277, 0.1377952755905511861, 0.1122047244094488277 ) ) ;
#1319 = ORIENTED_EDGE ( 'NONE', *, *, #3437, .F. ) ;
#1320 = AXIS2_PLACEMENT_3D ( 'NONE', #2470, #3565, #1216 ) ;
#1321 = DIRECTION ( 'NONE',  ( 7.228014483236699514E-17, 0.000000000000000000, 1.000000000000000000 ) ) ;
#1322 = AXIS2_PLACEMENT_3D ( 'NONE', #1424, #1697, #3107 ) ;
#1323 = ORIENTED_EDGE ( 'NONE', *, *, #2221, .F. ) ;
#1324 = DIRECTION ( 'NONE',  ( 0.000000000000000000, 0.000000000000000000, 1.000000000000000000 ) ) ;
#1325 = PLANE ( 'NONE',  #3563 ) ;
#1326 = PRODUCT_DEFINITION_FORMATION_WITH_SPECIFIED_SOURCE ( 'ANY', '', #2342, .NOT_KNOWN. ) ;
#1327 = AXIS2_PLACEMENT_3D ( 'NONE', #3285, #1598, #287 ) ;
#1328 = CARTESIAN_POINT ( 'NONE',  ( 0.1653543307086614567, -0.003937007874015747977, 0.1023622047244094613 ) ) ;
#1329 = CARTESIAN_POINT ( 'NONE',  ( -0.08858267716535433989, 0.1456692913385826960, -0.08858267716535433989 ) ) ;
#1330 = CARTESIAN_POINT ( 'NONE',  ( 7.955382750366665093E-18, 0.1692913385826771699, 0.06496062992125985203 ) ) ;
#1331 = ORIENTED_EDGE ( 'NONE', *, *, #1410, .F. ) ;
#1332 = CARTESIAN_POINT ( 'NONE',  ( 0.1653543307086614567, 0.003937007874015747977, 0.07480314960629921850 ) ) ;
#1333 = EDGE_CURVE ( 'NONE', #2663, #3379, #150, .T. ) ;
#1334 = ADVANCED_FACE ( 'NONE', ( #3320 ), #2440, .F. ) ;
#1335 = ORIENTED_EDGE ( 'NONE', *, *, #1434, .T. ) ;
#1336 = EDGE_LOOP ( 'NONE', ( #1781, #759 ) ) ;
#1337 = DIRECTION ( 'NONE',  ( 0.000000000000000000, 1.000000000000000000, 0.000000000000000000 ) ) ;
#1338 = DIRECTION ( 'NONE',  ( 0.000000000000000000, -1.000000000000000000, 0.000000000000000000 ) ) ;
#1339 = ORIENTED_EDGE ( 'NONE', *, *, #424, .T. ) ;
#1340 = CARTESIAN_POINT ( 'NONE',  ( -0.1181102362204724532, 0.03937007874015747977, -0.1023622047244094613 ) ) ;
#1341 = DIRECTION ( 'NONE',  ( 0.000000000000000000, -1.000000000000000000, 0.000000000000000000 ) ) ;
#1342 = ORIENTED_EDGE ( 'NONE', *, *, #2199, .T. ) ;
#1343 = UNCERTAINTY_MEASURE_WITH_UNIT (LENGTH_MEASURE( 1.000000000000000082E-05 ), #2799, 'distance_accuracy_value', 'NONE');
#1344 = DIRECTION ( 'NONE',  ( 0.000000000000000000, -1.000000000000000000, 0.000000000000000000 ) ) ;
#1345 = FACE_OUTER_BOUND ( 'NONE', #2354, .T. ) ;
#1346 = FACE_OUTER_BOUND ( 'NONE', #1967, .T. ) ;
#1347 = FACE_OUTER_BOUND ( 'NONE', #3063, .T. ) ;
#1348 = DIRECTION ( 'NONE',  ( 1.218569110023237191E-17, -0.9950371902099891530, 0.09950371902099874877 ) ) ;
#1349 = ORIENTED_EDGE ( 'NONE', *, *, #3439, .T. ) ;
#1350 = DIRECTION ( 'NONE',  ( 0.000000000000000000, -1.000000000000000000, 0.000000000000000000 ) ) ;
#1351 = CARTESIAN_POINT ( 'NONE',  ( 0.1968503937007874127, -0.003937007874015747977, 0.1023622047244094613 ) ) ;
#1352 = ORIENTED_EDGE ( 'NONE', *, *, #2298, .F. ) ;
#1353 = EDGE_LOOP ( 'NONE', ( #2264, #1352 ) ) ;
#1354 = EDGE_CURVE ( 'NONE', #113, #1182, #2177, .T. ) ;
#1355 = DIRECTION ( 'NONE',  ( 0.000000000000000000, 0.000000000000000000, 1.000000000000000000 ) ) ;
#1356 = ORIENTED_EDGE ( 'NONE', *, *, #1646, .T. ) ;
#1357 = MANIFOLD_SOLID_BREP ( 'Imported7', #94 ) ;
#1358 = DIRECTION ( 'NONE',  ( 0.000000000000000000, 0.000000000000000000, 1.000000000000000000 ) ) ;
#1359 = ORIENTED_EDGE ( 'NONE', *, *, #522, .T. ) ;
#1360 = DIRECTION ( 'NONE',  ( 0.000000000000000000, -1.000000000000000000, 0.000000000000000000 ) ) ;
#1361 = CLOSED_SHELL ( 'NONE', ( #2842, #2567, #1138, #1739, #949, #2538, #3278, #1089, #263, #542, #868, #1785, #395, #3111 ) ) ;
#1362 = DIRECTION ( 'NONE',  ( 0.000000000000000000, -1.000000000000000000, 0.000000000000000000 ) ) ;
#1363 = DIRECTION ( 'NONE',  ( 0.000000000000000000, 0.000000000000000000, 1.000000000000000000 ) ) ;
#1364 = LINE ( 'NONE', #2457, #1467 ) ;
#1365 = CARTESIAN_POINT ( 'NONE',  ( -0.1181102362204724532, 0.1299212598425196763, -0.1122047244094488277 ) ) ;
#1366 = LINE ( 'NONE', #2458, #1259 ) ;
#1367 = MANIFOLD_SOLID_BREP ( 'Imported4', #3036 ) ;
#1368 = AXIS2_PLACEMENT_3D ( 'NONE', #95, #1409, #618 ) ;
#1369 = ORIENTED_EDGE ( 'NONE', *, *, #1829, .T. ) ;
#1370 = ORIENTED_EDGE ( 'NONE', *, *, #2746, .T. ) ;
#1371 = VECTOR ( 'NONE', #406, 39.37007874015748143 ) ;
#1372 = CARTESIAN_POINT ( 'NONE',  ( 0.08858267716535433989, 0.1377952755905511861, -0.06496062992125986590 ) ) ;
#1373 = ORIENTED_EDGE ( 'NONE', *, *, #1228, .T. ) ;
#1374 = DIRECTION ( 'NONE',  ( 0.000000000000000000, 0.000000000000000000, 1.000000000000000000 ) ) ;
#1375 = VECTOR ( 'NONE', #1348, 39.37007874015748143 ) ;
#1376 = FACE_OUTER_BOUND ( 'NONE', #912, .T. ) ;
#1377 = ADVANCED_FACE ( 'NONE', ( #2727 ), #2492, .F. ) ;
#1378 = EDGE_CURVE ( 'NONE', #2925, #2149, #498, .T. ) ;
#1379 = VERTEX_POINT ( 'NONE', #242 ) ;
#1380 = CIRCLE ( 'NONE', #1956, 0.003937007874015741038 ) ;
#1381 = CARTESIAN_POINT ( 'NONE',  ( -0.1614173228346456879, 0.02755905511811023584, 0.1023622047244094613 ) ) ;
#1382 = CIRCLE ( 'NONE', #2639, 0.01574803149606299885 ) ;
#1383 = PRESENTATION_LAYER_ASSIGNMENT (  '', '', ( #3442 ) ) ;
#1384 = DIRECTION ( 'NONE',  ( 0.000000000000000000, 0.000000000000000000, -1.000000000000000000 ) ) ;
#1385 = CYLINDRICAL_SURFACE ( 'NONE', #2695, 0.01181102362204725781 ) ;
#1386 = AXIS2_PLACEMENT_3D ( 'NONE', #437, #3469, #3198 ) ;
#1387 = VECTOR ( 'NONE', #1057, 39.37007874015748143 ) ;
#1388 = DIRECTION ( 'NONE',  ( 1.000000000000000000, -1.734723475976804925E-15, 0.000000000000000000 ) ) ;
#1389 = VECTOR ( 'NONE', #1776, 39.37007874015748143 ) ;
#1390 = VERTEX_POINT ( 'NONE', #1332 ) ;
#1391 = ORIENTED_EDGE ( 'NONE', *, *, #2921, .T. ) ;
#1392 = PLANE ( 'NONE',  #2114 ) ;
#1393 = VERTEX_POINT ( 'NONE', #2423 ) ;
#1394 = CARTESIAN_POINT ( 'NONE',  ( 0.000000000000000000, 0.1299212598425196763, 0.07283464566929134798 ) ) ;
#1395 = DIRECTION ( 'NONE',  ( 1.000000000000000000, 0.000000000000000000, 0.000000000000000000 ) ) ;
#1396 = ORIENTED_EDGE ( 'NONE', *, *, #2533, .F. ) ;
#1397 = CARTESIAN_POINT ( 'NONE',  ( 0.08858267716535433989, 0.1377952755905511861, 0.08858267716535433989 ) ) ;
#1398 = EDGE_CURVE ( 'NONE', #2992, #3083, #1194, .T. ) ;
#1399 = CYLINDRICAL_SURFACE ( 'NONE', #2871, 0.01574803149606299191 ) ;
#1400 = ORIENTED_EDGE ( 'NONE', *, *, #2804, .T. ) ;
#1401 = ORIENTED_EDGE ( 'NONE', *, *, #322, .T. ) ;
#1402 = DIRECTION ( 'NONE',  ( 0.000000000000000000, 0.000000000000000000, 1.000000000000000000 ) ) ;
#1403 = ORIENTED_EDGE ( 'NONE', *, *, #3089, .T. ) ;
#1404 = CARTESIAN_POINT ( 'NONE',  ( -0.1181102362204724532, 0.1299212598425196763, -0.1181102362204724532 ) ) ;
#1405 = PLANE ( 'NONE',  #98 ) ;
#1406 = DIRECTION ( 'NONE',  ( 0.000000000000000000, -1.000000000000000000, 0.000000000000000000 ) ) ;
#1407 = EDGE_LOOP ( 'NONE', ( #3531, #2835, #650, #2240 ) ) ;
#1408 = CARTESIAN_POINT ( 'NONE',  ( 0.08858267716535433989, 0.1823374350353732243, -0.07283464566929134798 ) ) ;
#1409 = DIRECTION ( 'NONE',  ( 0.000000000000000000, -1.000000000000000000, 0.000000000000000000 ) ) ;
#1410 = EDGE_CURVE ( 'NONE', #2545, #2897, #1796, .T. ) ;
#1411 = ORIENTED_EDGE ( 'NONE', *, *, #3239, .F. ) ;
#1412 = EDGE_CURVE ( 'NONE', #3378, #3314, #808, .T. ) ;
#1413 = ORIENTED_EDGE ( 'NONE', *, *, #3464, .T. ) ;
#1414 = DIRECTION ( 'NONE',  ( -1.734723475976804925E-15, -1.000000000000000000, 0.000000000000000000 ) ) ;
#1415 = VECTOR ( 'NONE', #1688, 39.37007874015748143 ) ;
#1416 = EDGE_CURVE ( 'NONE', #2536, #3354, #2137, .T. ) ;
#1417 = DIRECTION ( 'NONE',  ( 0.000000000000000000, -1.000000000000000000, 0.000000000000000000 ) ) ;
#1418 = EDGE_LOOP ( 'NONE', ( #34, #2766, #3290, #3496, #1973, #1588, #90, #1307, #1400, #2250, #2726, #465 ) ) ;
#1419 = CARTESIAN_POINT ( 'NONE',  ( 0.1653543307086614567, -0.003937007874015747977, -0.1023622047244094613 ) ) ;
#1420 = CYLINDRICAL_SURFACE ( 'NONE', #3333, 0.01181102362204724046 ) ;
#1421 = AXIS2_PLACEMENT_3D ( 'NONE', #1475, #128, #380 ) ;
#1422 = VERTEX_POINT ( 'NONE', #2154 ) ;
#1423 = AXIS2_PLACEMENT_3D ( 'NONE', #2347, #2367, #3459 ) ;
#1424 = CARTESIAN_POINT ( 'NONE',  ( 0.1181102362204724532, 0.1299212598425196763, -0.1181102362204724532 ) ) ;
#1425 = CARTESIAN_POINT ( 'NONE',  ( -0.1535433070866141780, 0.007874015748031495954, 0.07480314960629921850 ) ) ;
#1426 = AXIS2_PLACEMENT_3D ( 'NONE', #802, #567, #1922 ) ;
#1427 = CIRCLE ( 'NONE', #233, 0.02362204724409448092 ) ;
#1428 = AXIS2_PLACEMENT_3D ( 'NONE', #2968, #1887, #256 ) ;
#1429 = ORIENTED_EDGE ( 'NONE', *, *, #3311, .F. ) ;
#1430 = CIRCLE ( 'NONE', #2771, 0.003937007874015758385 ) ;
#1431 = ORIENTED_EDGE ( 'NONE', *, *, #402, .F. ) ;
#1432 = CIRCLE ( 'NONE', #2649, 0.01574803149606299191 ) ;
#1433 = ADVANCED_FACE ( 'NONE', ( #2668 ), #1857, .F. ) ;
#1434 = EDGE_CURVE ( 'NONE', #2998, #2043, #2817, .T. ) ;
#1435 = ORIENTED_EDGE ( 'NONE', *, *, #558, .T. ) ;
#1436 = ORIENTED_EDGE ( 'NONE', *, *, #1573, .F. ) ;
#1437 = CARTESIAN_POINT ( 'NONE',  ( 0.1653543307086614567, 0.003937007874015747977, 0.1023622047244094613 ) ) ;
#1438 = DIRECTION ( 'NONE',  ( 0.000000000000000000, 0.000000000000000000, 1.000000000000000000 ) ) ;
#1439 =( LENGTH_UNIT ( ) NAMED_UNIT ( * ) SI_UNIT ( $, .METRE. ) );
#1440 = VERTEX_POINT ( 'NONE', #1273 ) ;
#1441 = DIRECTION ( 'NONE',  ( 0.000000000000000000, 0.000000000000000000, 1.000000000000000000 ) ) ;
#1442 = DIRECTION ( 'NONE',  ( 0.000000000000000000, 0.000000000000000000, -1.000000000000000000 ) ) ;
#1443 = EDGE_LOOP ( 'NONE', ( #340, #3317, #719, #2979 ) ) ;
#1444 = ORIENTED_EDGE ( 'NONE', *, *, #1950, .T. ) ;
#1445 = DIRECTION ( 'NONE',  ( -1.000000000000000000, 0.000000000000000000, 0.000000000000000000 ) ) ;
#1446 = EDGE_CURVE ( 'NONE', #2252, #935, #2868, .T. ) ;
#1447 = LINE ( 'NONE', #3432, #1152 ) ;
#1448 = DIRECTION ( 'NONE',  ( 0.000000000000000000, -1.000000000000000000, 0.000000000000000000 ) ) ;
#1449 = ADVANCED_FACE ( 'NONE', ( #1314 ), #1007, .F. ) ;
#1450 = DIRECTION ( 'NONE',  ( -1.000000000000000000, 0.000000000000000000, 0.000000000000000000 ) ) ;
#1451 = VERTEX_POINT ( 'NONE', #2918 ) ;
#1452 = CARTESIAN_POINT ( 'NONE',  ( 0.08858267716535433989, 0.1377952755905511861, -0.07283464566929134798 ) ) ;
#1453 = ADVANCED_FACE ( 'NONE', ( #761 ), #183, .F. ) ;
#1454 = DIRECTION ( 'NONE',  ( 0.000000000000000000, 0.000000000000000000, -1.000000000000000000 ) ) ;
#1455 = LINE ( 'NONE', #1221, #566 ) ;
#1456 = ORIENTED_EDGE ( 'NONE', *, *, #1236, .F. ) ;
#1457 = VERTEX_POINT ( 'NONE', #3527 ) ;
#1458 = ORIENTED_EDGE ( 'NONE', *, *, #600, .F. ) ;
#1459 =( NAMED_UNIT ( * ) PLANE_ANGLE_UNIT ( ) SI_UNIT ( $, .RADIAN. ) );
#1460 = DIRECTION ( 'NONE',  ( -1.000000000000000000, 0.000000000000000000, 0.000000000000000000 ) ) ;
#1461 = CARTESIAN_POINT ( 'NONE',  ( -0.1968503937007874127, 0.003937007874015747977, 0.07480314960629921850 ) ) ;
#1462 = AXIS2_PLACEMENT_3D ( 'NONE', #136, #357, #659 ) ;
#1463 = FACE_OUTER_BOUND ( 'NONE', #592, .T. ) ;
#1464 = AXIS2_PLACEMENT_3D ( 'NONE', #1113, #493, #3535 ) ;
#1465 = ORIENTED_EDGE ( 'NONE', *, *, #2448, .F. ) ;
#1466 = DIRECTION ( 'NONE',  ( 0.000000000000000000, 0.000000000000000000, 1.000000000000000000 ) ) ;
#1467 = VECTOR ( 'NONE', #2680, 39.37007874015748143 ) ;
#1468 = EDGE_CURVE ( 'NONE', #1125, #1211, #447, .T. ) ;
#1469 = ADVANCED_FACE ( 'NONE', ( #3475, #704, #2118, #3234, #777, #2366 ), #1875, .T. ) ;
#1470 = CIRCLE ( 'NONE', #569, 0.01181102362204724046 ) ;
#1471 = LINE ( 'NONE', #1493, #1672 ) ;
#1472 = DIRECTION ( 'NONE',  ( 0.000000000000000000, 0.000000000000000000, -1.000000000000000000 ) ) ;
#1473 = CIRCLE ( 'NONE', #1141, 0.01574803149606299885 ) ;
#1474 = LINE ( 'NONE', #881, #3053 ) ;
#1475 = CARTESIAN_POINT ( 'NONE',  ( 0.1122047244094488277, 0.1377952755905511861, -0.1122047244094488277 ) ) ;
#1476 = ORIENTED_EDGE ( 'NONE', *, *, #2003, .T. ) ;
#1477 = CIRCLE ( 'NONE', #3511, 0.003937007874015741038 ) ;
#1478 = AXIS2_PLACEMENT_3D ( 'NONE', #371, #76, #388 ) ;
#1479 =( CONVERSION_BASED_UNIT ( 'INCH', #1270 ) LENGTH_UNIT ( ) NAMED_UNIT ( #219 ) );
#1480 = AXIS2_PLACEMENT_3D ( 'NONE', #2660, #3249, #1303 ) ;
#1481 = AXIS2_PLACEMENT_3D ( 'NONE', #1000, #729, #2679 ) ;
#1482 = VERTEX_POINT ( 'NONE', #2095 ) ;
#1483 = ORIENTED_EDGE ( 'NONE', *, *, #600, .T. ) ;
#1484 = DIRECTION ( 'NONE',  ( 0.000000000000000000, 0.000000000000000000, 1.000000000000000000 ) ) ;
#1485 = CARTESIAN_POINT ( 'NONE',  ( 0.08858267716535433989, 0.1299212598425196763, -0.08858267716535433989 ) ) ;
#1486 = DIRECTION ( 'NONE',  ( 1.734723475976804925E-15, -1.000000000000000000, 0.000000000000000000 ) ) ;
#1487 = VECTOR ( 'NONE', #2759, 39.37007874015748143 ) ;
#1488 = AXIS2_PLACEMENT_3D ( 'NONE', #710, #1821, #2044 ) ;
#1489 = VECTOR ( 'NONE', #1460, 39.37007874015748143 ) ;
#1490 = ORIENTED_EDGE ( 'NONE', *, *, #1950, .F. ) ;
#1491 = CARTESIAN_POINT ( 'NONE',  ( -0.08858267716535433989, 0.1299212598425196763, -0.07283464566929134798 ) ) ;
#1492 = ORIENTED_EDGE ( 'NONE', *, *, #77, .F. ) ;
#1493 = CARTESIAN_POINT ( 'NONE',  ( 0.08858267716535433989, 0.1456692913385826960, -0.1122047244094488277 ) ) ;
#1494 = EDGE_CURVE ( 'NONE', #3354, #1002, #3458, .T. ) ;
#1495 = DIRECTION ( 'NONE',  ( 0.000000000000000000, 0.000000000000000000, 1.000000000000000000 ) ) ;
#1496 = CARTESIAN_POINT ( 'NONE',  ( 0.000000000000000000, 0.1692913385826771699, 0.000000000000000000 ) ) ;
#1497 = CARTESIAN_POINT ( 'NONE',  ( 0.1181102362204724532, 0.03937007874015747977, -0.1023622047244094613 ) ) ;
#1498 = CARTESIAN_POINT ( 'NONE',  ( 0.000000000000000000, 0.1377952755905511861, 0.000000000000000000 ) ) ;
#1499 = VERTEX_POINT ( 'NONE', #3544 ) ;
#1500 = CARTESIAN_POINT ( 'NONE',  ( 0.1614173228346456879, 0.02755905511811023584, 0.07480314960629921850 ) ) ;
#1501 = ORIENTED_EDGE ( 'NONE', *, *, #212, .T. ) ;
#1502 = ORIENTED_EDGE ( 'NONE', *, *, #470, .F. ) ;
#1503 = DIRECTION ( 'NONE',  ( -1.000000000000000000, 0.000000000000000000, 0.000000000000000000 ) ) ;
#1504 = CARTESIAN_POINT ( 'NONE',  ( 0.1653543307086614567, 0.007874015748031495954, 0.07480314960629921850 ) ) ;
#1505 = CARTESIAN_POINT ( 'NONE',  ( -0.1496062992125984370, 0.03937007874015747977, -0.07480314960629921850 ) ) ;
#1506 = EDGE_LOOP ( 'NONE', ( #2488, #314, #2793, #426 ) ) ;
#1507 = ORIENTED_EDGE ( 'NONE', *, *, #2694, .T. ) ;
#1508 = CARTESIAN_POINT ( 'NONE',  ( 0.1968503937007874127, -0.003937007874015747977, 0.1023622047244094613 ) ) ;
#1509 = DIRECTION ( 'NONE',  ( 0.000000000000000000, 1.000000000000000000, 0.000000000000000000 ) ) ;
#1510 = CARTESIAN_POINT ( 'NONE',  ( -0.1496062992125984370, 0.03149606299212598381, -0.1023622047244094613 ) ) ;
#1511 = CARTESIAN_POINT ( 'NONE',  ( -0.1181102362204724532, 0.1377952755905511861, -0.1122047244094488277 ) ) ;
#1512 = DIRECTION ( 'NONE',  ( 0.000000000000000000, -1.000000000000000000, 0.000000000000000000 ) ) ;
#1513 = EDGE_LOOP ( 'NONE', ( #709, #1396, #1878, #2497 ) ) ;
#1514 = CARTESIAN_POINT ( 'NONE',  ( 0.08858267716535433989, 0.1456692913385826960, 0.06496062992125986590 ) ) ;
#1515 = EDGE_CURVE ( 'NONE', #1034, #2442, #154, .T. ) ;
#1516 = ADVANCED_FACE ( 'NONE', ( #466 ), #1250, .T. ) ;
#1517 = ORIENTED_EDGE ( 'NONE', *, *, #787, .T. ) ;
#1518 = ORIENTED_EDGE ( 'NONE', *, *, #2093, .F. ) ;
#1519 = SURFACE_SIDE_STYLE ('',( #646 ) ) ;
#1520 = DIRECTION ( 'NONE',  ( 0.000000000000000000, 0.000000000000000000, 1.000000000000000000 ) ) ;
#1521 = DIRECTION ( 'NONE',  ( 1.016439536705159791E-16, -1.000000000000000000, 0.000000000000000000 ) ) ;
#1522 = EDGE_CURVE ( 'NONE', #3369, #3310, #2574, .T. ) ;
#1523 = DIRECTION ( 'NONE',  ( 0.000000000000000000, 0.000000000000000000, 1.000000000000000000 ) ) ;
#1524 = VERTEX_POINT ( 'NONE', #529 ) ;
#1525 = STYLED_ITEM ( 'NONE', ( #1775 ), #81 ) ;
#1526 = CARTESIAN_POINT ( 'NONE',  ( -0.1122047244094488277, 0.1299212598425196763, -0.1122047244094488277 ) ) ;
#1527 = ORIENTED_EDGE ( 'NONE', *, *, #3464, .F. ) ;
#1528 = DIRECTION ( 'NONE',  ( 0.000000000000000000, -1.000000000000000000, 0.000000000000000000 ) ) ;
#1529 = AXIS2_PLACEMENT_3D ( 'NONE', #1206, #193, #2374 ) ;
#1530 = CARTESIAN_POINT ( 'NONE',  ( -0.1181102362204724532, 0.03937007874015747977, -0.07480314960629921850 ) ) ;
#1531 = CIRCLE ( 'NONE', #2459, 0.01574803149606299191 ) ;
#1532 = CARTESIAN_POINT ( 'NONE',  ( -0.08858267716535433989, 0.1377952755905511861, -0.08858267716535433989 ) ) ;
#1533 = CARTESIAN_POINT ( 'NONE',  ( 0.1968503937007874127, 0.003937007874015747977, 0.1023622047244094613 ) ) ;
#1534 = FACE_OUTER_BOUND ( 'NONE', #1988, .T. ) ;
#1535 = ORIENTED_EDGE ( 'NONE', *, *, #1398, .T. ) ;
#1536 = PLANE ( 'NONE',  #103 ) ;
#1537 = DIRECTION ( 'NONE',  ( 0.000000000000000000, 0.000000000000000000, 1.000000000000000000 ) ) ;
#1538 = CIRCLE ( 'NONE', #2809, 0.02362204724409448092 ) ;
#1539 = EDGE_LOOP ( 'NONE', ( #984, #355, #2010, #1090 ) ) ;
#1540 = PRESENTATION_LAYER_ASSIGNMENT (  '', '', ( #1713 ) ) ;
#1541 = ORIENTED_EDGE ( 'NONE', *, *, #1312, .F. ) ;
#1542 = CARTESIAN_POINT ( 'NONE',  ( 0.1181102362204724532, 0.03149606299212598381, -0.07480314960629921850 ) ) ;
#1543 = CARTESIAN_POINT ( 'NONE',  ( 0.1535433070866141780, 0.007874015748031495954, 0.1023622047244094613 ) ) ;
#1544 = ADVANCED_FACE ( 'NONE', ( #1627 ), #796, .F. ) ;
#1545 = EDGE_CURVE ( 'NONE', #433, #3363, #674, .T. ) ;
#1546 = VECTOR ( 'NONE', #140, 39.37007874015748143 ) ;
#1547 = STYLED_ITEM ( 'NONE', ( #3041 ), #1367 ) ;
#1548 = DIRECTION ( 'NONE',  ( 0.000000000000000000, -1.000000000000000000, 0.000000000000000000 ) ) ;
#1549 = ORIENTED_EDGE ( 'NONE', *, *, #1416, .T. ) ;
#1550 = VECTOR ( 'NONE', #1241, 39.37007874015748143 ) ;
#1551 = VECTOR ( 'NONE', #1537, 39.37007874015748143 ) ;
#1552 = AXIS2_PLACEMENT_3D ( 'NONE', #3327, #306, #331 ) ;
#1553 = CARTESIAN_POINT ( 'NONE',  ( 0.1535433070866141780, 0.02755905511811023584, -0.07480314960629921850 ) ) ;
#1554 = ORIENTED_EDGE ( 'NONE', *, *, #2090, .F. ) ;
#1555 = CARTESIAN_POINT ( 'NONE',  ( 0.1181102362204724532, 0.1299212598425196763, -0.1122047244094488277 ) ) ;
#1556 = DIRECTION ( 'NONE',  ( 0.000000000000000000, 0.000000000000000000, -1.000000000000000000 ) ) ;
#1557 = DIRECTION ( 'NONE',  ( 0.000000000000000000, -1.000000000000000000, 0.000000000000000000 ) ) ;
#1558 = CARTESIAN_POINT ( 'NONE',  ( -0.08858267716535433989, 0.1377952755905511861, -0.08858267716535433989 ) ) ;
#1559 = DIRECTION ( 'NONE',  ( 0.000000000000000000, -1.000000000000000000, 0.000000000000000000 ) ) ;
#1560 = ORIENTED_EDGE ( 'NONE', *, *, #1722, .T. ) ;
#1561 = CARTESIAN_POINT ( 'NONE',  ( 0.000000000000000000, -0.07608622758978160483, 0.000000000000000000 ) ) ;
#1562 = CARTESIAN_POINT ( 'NONE',  ( -0.1653543307086614567, 0.007874015748031495954, 0.1023622047244094613 ) ) ;
#1563 = EDGE_CURVE ( 'NONE', #2144, #638, #2640, .T. ) ;
#1564 = ORIENTED_EDGE ( 'NONE', *, *, #1262, .T. ) ;
#1565 = EDGE_LOOP ( 'NONE', ( #412, #1664, #2294, #1349 ) ) ;
#1566 = CARTESIAN_POINT ( 'NONE',  ( 0.1653543307086614567, 0.003937007874015747977, -0.1023622047244094613 ) ) ;
#1567 = LINE ( 'NONE', #1232, #680 ) ;
#1568 = CARTESIAN_POINT ( 'NONE',  ( 0.08858267716535433989, 0.1299212598425196763, -0.1043307086614173457 ) ) ;
#1569 = EDGE_CURVE ( 'NONE', #1166, #1615, #1787, .T. ) ;
#1570 = ORIENTED_EDGE ( 'NONE', *, *, #2065, .T. ) ;
#1571 = FACE_BOUND ( 'NONE', #2681, .T. ) ;
#1572 = EDGE_CURVE ( 'NONE', #562, #3145, #2396, .T. ) ;
#1573 = EDGE_CURVE ( 'NONE', #2398, #3233, #295, .T. ) ;
#1574 = ORIENTED_EDGE ( 'NONE', *, *, #449, .F. ) ;
#1575 = DIRECTION ( 'NONE',  ( 1.000000000000000000, 0.000000000000000000, 0.000000000000000000 ) ) ;
#1576 = DIRECTION ( 'NONE',  ( -1.000000000000000000, -1.734723475976804925E-15, 0.000000000000000000 ) ) ;
#1577 = ADVANCED_FACE ( 'NONE', ( #3514, #3200, #2359, #127, #3487 ), #1806, .T. ) ;
#1578 = DIRECTION ( 'NONE',  ( 0.000000000000000000, 0.000000000000000000, -1.000000000000000000 ) ) ;
#1579 = CARTESIAN_POINT ( 'NONE',  ( 0.1181102362204724532, 0.03937007874015747977, 0.1023622047244094613 ) ) ;
#1580 = DIRECTION ( 'NONE',  ( 0.000000000000000000, 1.000000000000000000, 0.000000000000000000 ) ) ;
#1581 = VERTEX_POINT ( 'NONE', #2336 ) ;
#1582 = DIRECTION ( 'NONE',  ( 0.000000000000000000, 1.000000000000000000, 0.000000000000000000 ) ) ;
#1583 = ORIENTED_EDGE ( 'NONE', *, *, #3463, .F. ) ;
#1584 = ORIENTED_EDGE ( 'NONE', *, *, #2963, .T. ) ;
#1585 = DIRECTION ( 'NONE',  ( 0.000000000000000000, 0.000000000000000000, 1.000000000000000000 ) ) ;
#1586 = DIRECTION ( 'NONE',  ( 0.000000000000000000, -1.000000000000000000, 0.000000000000000000 ) ) ;
#1587 = CYLINDRICAL_SURFACE ( 'NONE', #858, 0.005905511811023620231 ) ;
#1588 = ORIENTED_EDGE ( 'NONE', *, *, #1004, .F. ) ;
#1589 = CARTESIAN_POINT ( 'NONE',  ( 0.000000000000000000, 0.1633858267716535584, 0.05961621518437743711 ) ) ;
#1590 = EDGE_LOOP ( 'NONE', ( #3558, #1742, #767, #1507 ) ) ;
#1591 = CARTESIAN_POINT ( 'NONE',  ( 0.1122047244094488277, 0.1377952755905511861, 0.1122047244094488277 ) ) ;
#1592 = FACE_OUTER_BOUND ( 'NONE', #2652, .T. ) ;
#1593 = ADVANCED_FACE ( 'NONE', ( #2597 ), #1824, .T. ) ;
#1594 = CIRCLE ( 'NONE', #49, 0.003937007874015741038 ) ;
#1595 = EDGE_CURVE ( 'NONE', #326, #266, #10, .T. ) ;
#1596 = DIRECTION ( 'NONE',  ( 0.000000000000000000, 0.000000000000000000, 1.000000000000000000 ) ) ;
#1597 = VECTOR ( 'NONE', #1019, 39.37007874015748143 ) ;
#1598 = DIRECTION ( 'NONE',  ( -0.000000000000000000, 1.000000000000000000, 0.000000000000000000 ) ) ;
#1599 = DIRECTION ( 'NONE',  ( 0.000000000000000000, 0.000000000000000000, -1.000000000000000000 ) ) ;
#1600 = ORIENTED_EDGE ( 'NONE', *, *, #3060, .T. ) ;
#1601 = CARTESIAN_POINT ( 'NONE',  ( -0.1968503937007874127, 0.003937007874015747977, 0.1023622047244094613 ) ) ;
#1602 = AXIS2_PLACEMENT_3D ( 'NONE', #959, #2300, #3408 ) ;
#1603 = ORIENTED_EDGE ( 'NONE', *, *, #1545, .F. ) ;
#1604 = ORIENTED_EDGE ( 'NONE', *, *, #3443, .F. ) ;
#1605 = DIRECTION ( 'NONE',  ( 0.000000000000000000, 0.000000000000000000, 1.000000000000000000 ) ) ;
#1606 = AXIS2_PLACEMENT_3D ( 'NONE', #2758, #1637, #2725 ) ;
#1607 = AXIS2_PLACEMENT_3D ( 'NONE', #2254, #3367, #1993 ) ;
#1608 = CARTESIAN_POINT ( 'NONE',  ( 0.1181102362204724532, 0.03149606299212598381, 0.1023622047244094613 ) ) ;
#1609 = EDGE_LOOP ( 'NONE', ( #216, #2530, #2031, #1746 ) ) ;
#1610 = CIRCLE ( 'NONE', #2050, 0.01181102362204724046 ) ;
#1611 = PRESENTATION_LAYER_ASSIGNMENT (  '', '', ( #1547 ) ) ;
#1612 = CIRCLE ( 'NONE', #3224, 0.01574803149606299191 ) ;
#1613 = DIRECTION ( 'NONE',  ( 0.000000000000000000, 0.000000000000000000, 1.000000000000000000 ) ) ;
#1614 = VECTOR ( 'NONE', #2699, 39.37007874015748143 ) ;
#1615 = VERTEX_POINT ( 'NONE', #3452 ) ;
#1616 = DIRECTION ( 'NONE',  ( 0.000000000000000000, 1.000000000000000000, 0.000000000000000000 ) ) ;
#1617 = LINE ( 'NONE', #1866, #1992 ) ;
#1618 = CIRCLE ( 'NONE', #815, 0.003937007874015758385 ) ;
#1619 = DIRECTION ( 'NONE',  ( 0.000000000000000000, -1.000000000000000000, 0.000000000000000000 ) ) ;
#1620 = FACE_OUTER_BOUND ( 'NONE', #1809, .T. ) ;
#1621 = EDGE_CURVE ( 'NONE', #944, #821, #746, .T. ) ;
#1622 = DIRECTION ( 'NONE',  ( -1.000000000000000000, 0.000000000000000000, 0.000000000000000000 ) ) ;
#1623 = ORIENTED_EDGE ( 'NONE', *, *, #1569, .F. ) ;
#1624 =( NAMED_UNIT ( * ) SI_UNIT ( $, .STERADIAN. ) SOLID_ANGLE_UNIT ( ) );
#1625 = LINE ( 'NONE', #2705, #2123 ) ;
#1626 = VERTEX_POINT ( 'NONE', #1511 ) ;
#1627 = FACE_OUTER_BOUND ( 'NONE', #115, .T. ) ;
#1628 = LINE ( 'NONE', #3064, #2935 ) ;
#1629 = ORIENTED_EDGE ( 'NONE', *, *, #409, .T. ) ;
#1630 = DIRECTION ( 'NONE',  ( 0.000000000000000000, 0.000000000000000000, 1.000000000000000000 ) ) ;
#1631 = CARTESIAN_POINT ( 'NONE',  ( 0.1535433070866141780, 0.007874015748031495954, 0.1023622047244094613 ) ) ;
#1632 = EDGE_LOOP ( 'NONE', ( #2228, #960, #30, #2174 ) ) ;
#1633 = UNCERTAINTY_MEASURE_WITH_UNIT (LENGTH_MEASURE( 1.000000000000000082E-05 ), #2525, 'distance_accuracy_value', 'NONE');
#1634 = FACE_OUTER_BOUND ( 'NONE', #1590, .T. ) ;
#1635 = CARTESIAN_POINT ( 'NONE',  ( 0.1181102362204724532, 0.1299212598425196763, 0.1122047244094488277 ) ) ;
#1636 = DIRECTION ( 'NONE',  ( 1.000000000000000000, -1.016439536705159791E-16, 0.000000000000000000 ) ) ;
#1637 = DIRECTION ( 'NONE',  ( 0.000000000000000000, 1.000000000000000000, 0.000000000000000000 ) ) ;
#1638 = LENGTH_MEASURE_WITH_UNIT ( LENGTH_MEASURE( 0.02539999999999999897 ), #828 );
#1639 = CARTESIAN_POINT ( 'NONE',  ( 0.1496062992125984370, 0.03937007874015747977, 0.1023622047244094613 ) ) ;
#1640 = ORIENTED_EDGE ( 'NONE', *, *, #601, .T. ) ;
#1641 = ADVANCED_FACE ( 'NONE', ( #2613, #754 ), #2070, .F. ) ;
#1642 = EDGE_CURVE ( 'NONE', #2193, #3413, #147, .T. ) ;
#1643 = DIRECTION ( 'NONE',  ( -0.000000000000000000, -1.000000000000000000, -0.000000000000000000 ) ) ;
#1644 = ORIENTED_EDGE ( 'NONE', *, *, #2921, .F. ) ;
#1645 = DIRECTION ( 'NONE',  ( 0.000000000000000000, -1.000000000000000000, 0.000000000000000000 ) ) ;
#1646 = EDGE_CURVE ( 'NONE', #3310, #925, #2636, .T. ) ;
#1647 = LINE ( 'NONE', #2784, #3384 ) ;
#1648 = DIRECTION ( 'NONE',  ( 0.000000000000000000, 0.000000000000000000, -1.000000000000000000 ) ) ;
#1649 = LINE ( 'NONE', #3022, #2120 ) ;
#1650 = CYLINDRICAL_SURFACE ( 'NONE', #1100, 0.01181102362204724046 ) ;
#1651 = CARTESIAN_POINT ( 'NONE',  ( 0.1496062992125984370, 0.03149606299212598381, 0.07480314960629921850 ) ) ;
#1652 =( CONVERSION_BASED_UNIT ( 'INCH', #2168 ) LENGTH_UNIT ( ) NAMED_UNIT ( #3510 ) );
#1653 = CARTESIAN_POINT ( 'NONE',  ( -0.1614173228346456879, 0.02755905511811023584, -0.1023622047244094613 ) ) ;
#1654 = AXIS2_PLACEMENT_3D ( 'NONE', #75, #2546, #1178 ) ;
#1655 = VERTEX_POINT ( 'NONE', #175 ) ;
#1656 = AXIS2_PLACEMENT_3D ( 'NONE', #671, #401, #1495 ) ;
#1657 = FACE_OUTER_BOUND ( 'NONE', #1081, .T. ) ;
#1658 = ORIENTED_EDGE ( 'NONE', *, *, #3349, .F. ) ;
#1659 = EDGE_CURVE ( 'NONE', #1112, #1034, #2316, .T. ) ;
#1660 = CARTESIAN_POINT ( 'NONE',  ( -0.1614173228346456879, 0.007874015748031495954, 0.1023622047244094613 ) ) ;
#1661 = EDGE_CURVE ( 'NONE', #1757, #1112, #2378, .T. ) ;
#1662 = VECTOR ( 'NONE', #2330, 39.37007874015748143 ) ;
#1663 = LINE ( 'NONE', #2796, #1777 ) ;
#1664 = ORIENTED_EDGE ( 'NONE', *, *, #1642, .F. ) ;
#1665 = VECTOR ( 'NONE', #1695, 39.37007874015748143 ) ;
#1666 = CIRCLE ( 'NONE', #855, 0.005905511811023620231 ) ;
#1667 = PLANE ( 'NONE',  #2455 ) ;
#1668 = AXIS2_PLACEMENT_3D ( 'NONE', #2105, #494, #1578 ) ;
#1669 = AXIS2_PLACEMENT_3D ( 'NONE', #430, #2976, #739 ) ;
#1670 = DIRECTION ( 'NONE',  ( 0.000000000000000000, -1.000000000000000000, 0.000000000000000000 ) ) ;
#1671 = VECTOR ( 'NONE', #3254, 39.37007874015748143 ) ;
#1672 = VECTOR ( 'NONE', #748, 39.37007874015748143 ) ;
#1673 = DIRECTION ( 'NONE',  ( 1.000000000000000000, 0.000000000000000000, -7.228014483236699514E-17 ) ) ;
#1674 = AXIS2_PLACEMENT_3D ( 'NONE', #207, #3465, #1296 ) ;
#1675 = AXIS2_PLACEMENT_3D ( 'NONE', #3115, #1231, #2322 ) ;
#1676 = ORIENTED_EDGE ( 'NONE', *, *, #1943, .T. ) ;
#1677 = ORIENTED_EDGE ( 'NONE', *, *, #2468, .F. ) ;
#1678 = CARTESIAN_POINT ( 'NONE',  ( -0.1653543307086614567, -0.003937007874015747977, -0.1023622047244094613 ) ) ;
#1679 = VERTEX_POINT ( 'NONE', #3424 ) ;
#1680 = FACE_OUTER_BOUND ( 'NONE', #1539, .T. ) ;
#1681 = DIRECTION ( 'NONE',  ( 0.000000000000000000, 0.000000000000000000, 1.000000000000000000 ) ) ;
#1682 = EDGE_CURVE ( 'NONE', #368, #2545, #2047, .T. ) ;
#1683 = FACE_OUTER_BOUND ( 'NONE', #2472, .T. ) ;
#1684 = VERTEX_POINT ( 'NONE', #2950 ) ;
#1685 = ADVANCED_FACE ( 'NONE', ( #771 ), #572, .T. ) ;
#1686 = EDGE_CURVE ( 'NONE', #3167, #861, #1075, .T. ) ;
#1687 = CARTESIAN_POINT ( 'NONE',  ( -0.1122047244094488277, 0.1299212598425196763, 0.1122047244094488277 ) ) ;
#1688 = DIRECTION ( 'NONE',  ( 0.000000000000000000, -1.000000000000000000, 0.000000000000000000 ) ) ;
#1689 = LINE ( 'NONE', #3073, #3055 ) ;
#1690 = EDGE_LOOP ( 'NONE', ( #2273, #2402 ) ) ;
#1691 = LINE ( 'NONE', #3423, #2769 ) ;
#1692 = ORIENTED_EDGE ( 'NONE', *, *, #3495, .T. ) ;
#1693 = PLANE ( 'NONE',  #349 ) ;
#1694 = CARTESIAN_POINT ( 'NONE',  ( -0.1535433070866141780, 0.02755905511811023584, -0.07480314960629921850 ) ) ;
#1695 = DIRECTION ( 'NONE',  ( 1.734723475976804925E-15, -1.000000000000000000, 0.000000000000000000 ) ) ;
#1696 = ORIENTED_EDGE ( 'NONE', *, *, #3375, .F. ) ;
#1697 = DIRECTION ( 'NONE',  ( -1.000000000000000000, 0.000000000000000000, 7.228014483236699514E-17 ) ) ;
#1698 = ADVANCED_FACE ( 'NONE', ( #4 ), #1399, .F. ) ;
#1699 = LENGTH_MEASURE_WITH_UNIT ( LENGTH_MEASURE( 0.02539999999999999897 ), #1963 );
#1700 = EDGE_CURVE ( 'NONE', #2161, #830, #2166, .T. ) ;
#1701 = VERTEX_POINT ( 'NONE', #1888 ) ;
#1702 = ORIENTED_EDGE ( 'NONE', *, *, #666, .T. ) ;
#1703 = CARTESIAN_POINT ( 'NONE',  ( -0.1181102362204724532, 0.1377952755905511861, 0.1181102362204724532 ) ) ;
#1704 = ORIENTED_EDGE ( 'NONE', *, *, #1682, .F. ) ;
#1705 = ORIENTED_EDGE ( 'NONE', *, *, #1929, .F. ) ;
#1706 = DIRECTION ( 'NONE',  ( 0.000000000000000000, -1.000000000000000000, 0.000000000000000000 ) ) ;
#1707 = VECTOR ( 'NONE', #2571, 39.37007874015748143 ) ;
#1708 = DIRECTION ( 'NONE',  ( 0.000000000000000000, 1.000000000000000000, 0.000000000000000000 ) ) ;
#1709 = DIRECTION ( 'NONE',  ( 1.000000000000000000, 0.000000000000000000, 0.000000000000000000 ) ) ;
#1710 = ORIENTED_EDGE ( 'NONE', *, *, #1088, .T. ) ;
#1711 = DIRECTION ( 'NONE',  ( 0.000000000000000000, 1.000000000000000000, 0.000000000000000000 ) ) ;
#1712 = CIRCLE ( 'NONE', #2462, 0.01181102362204724046 ) ;
#1713 = STYLED_ITEM ( 'NONE', ( #717 ), #1301 ) ;
#1714 = CYLINDRICAL_SURFACE ( 'NONE', #2714, 0.005905511811023620231 ) ;
#1715 = FACE_OUTER_BOUND ( 'NONE', #2910, .T. ) ;
#1716 = CIRCLE ( 'NONE', #911, 0.02362204724409448092 ) ;
#1717 = AXIS2_PLACEMENT_3D ( 'NONE', #2972, #1350, #3540 ) ;
#1718 = EDGE_CURVE ( 'NONE', #1182, #657, #1925, .T. ) ;
#1719 = ORIENTED_EDGE ( 'NONE', *, *, #1116, .F. ) ;
#1720 = AXIS2_PLACEMENT_3D ( 'NONE', #3480, #1341, #745 ) ;
#1721 = VECTOR ( 'NONE', #3265, 39.37007874015748143 ) ;
#1722 = EDGE_CURVE ( 'NONE', #2607, #3329, #2990, .T. ) ;
#1723 = ORIENTED_EDGE ( 'NONE', *, *, #2960, .F. ) ;
#1724 = VERTEX_POINT ( 'NONE', #3319 ) ;
#1725 = CARTESIAN_POINT ( 'NONE',  ( 0.1496062992125984370, 0.02755905511811023584, 0.1023622047244094613 ) ) ;
#1726 = CARTESIAN_POINT ( 'NONE',  ( -0.1181102362204724532, 0.1377952755905511861, -0.1181102362204724532 ) ) ;
#1727 = DIRECTION ( 'NONE',  ( 0.000000000000000000, -1.000000000000000000, 0.000000000000000000 ) ) ;
#1728 = EDGE_CURVE ( 'NONE', #1724, #1581, #3011, .T. ) ;
#1729 = DIRECTION ( 'NONE',  ( 0.000000000000000000, 0.000000000000000000, -1.000000000000000000 ) ) ;
#1730 = ORIENTED_EDGE ( 'NONE', *, *, #1642, .T. ) ;
#1731 = DIRECTION ( 'NONE',  ( 0.000000000000000000, 0.000000000000000000, -1.000000000000000000 ) ) ;
#1732 = DIRECTION ( 'NONE',  ( 1.000000000000000000, 0.000000000000000000, 0.000000000000000000 ) ) ;
#1733 = VERTEX_POINT ( 'NONE', #311 ) ;
#1734 = ORIENTED_EDGE ( 'NONE', *, *, #2199, .F. ) ;
#1735 = EDGE_LOOP ( 'NONE', ( #469, #803 ) ) ;
#1736 =( CONVERSION_BASED_UNIT ( 'INCH', #930 ) LENGTH_UNIT ( ) NAMED_UNIT ( #272 ) );
#1737 = FACE_OUTER_BOUND ( 'NONE', #775, .T. ) ;
#1738 = CARTESIAN_POINT ( 'NONE',  ( -0.1122047244094488277, 0.1299212598425196763, 0.1122047244094488277 ) ) ;
#1739 = ADVANCED_FACE ( 'NONE', ( #1620 ), #1650, .T. ) ;
#1740 = EDGE_CURVE ( 'NONE', #925, #2607, #813, .T. ) ;
#1741 = FACE_OUTER_BOUND ( 'NONE', #3178, .T. ) ;
#1742 = ORIENTED_EDGE ( 'NONE', *, *, #1158, .F. ) ;
#1743 = CARTESIAN_POINT ( 'NONE',  ( 0.1535433070866141780, 0.02755905511811023584, -0.07480314960629921850 ) ) ;
#1744 = CARTESIAN_POINT ( 'NONE',  ( 0.1122047244094488277, 0.1377952755905511861, 0.1122047244094488277 ) ) ;
#1745 = CARTESIAN_POINT ( 'NONE',  ( 0.1496062992125984370, 0.03149606299212598381, -0.1023622047244094613 ) ) ;
#1746 = ORIENTED_EDGE ( 'NONE', *, *, #926, .F. ) ;
#1747 = DIRECTION ( 'NONE',  ( 0.000000000000000000, 1.000000000000000000, 0.000000000000000000 ) ) ;
#1748 = DIRECTION ( 'NONE',  ( 0.000000000000000000, -1.000000000000000000, 0.000000000000000000 ) ) ;
#1749 = CLOSED_SHELL ( 'NONE', ( #2710, #1516, #309, #927, #211, #2302, #889, #2551, #1048, #843, #3372, #1544, #2350, #195 ) ) ;
#1750 = ORIENTED_EDGE ( 'NONE', *, *, #1972, .T. ) ;
#1751 = ORIENTED_EDGE ( 'NONE', *, *, #373, .F. ) ;
#1752 =( LENGTH_UNIT ( ) NAMED_UNIT ( * ) SI_UNIT ( $, .METRE. ) );
#1753 = FACE_OUTER_BOUND ( 'NONE', #3018, .T. ) ;
#1754 = COLOUR_RGB ( '',0.7921568627450980005, 0.8196078431372548767, 0.9333333333333333481 ) ;
#1755 = DIRECTION ( 'NONE',  ( 0.000000000000000000, -1.000000000000000000, 0.000000000000000000 ) ) ;
#1756 = EDGE_CURVE ( 'NONE', #259, #3145, #553, .T. ) ;
#1757 = VERTEX_POINT ( 'NONE', #38 ) ;
#1758 = VECTOR ( 'NONE', #2048, 39.37007874015748143 ) ;
#1759 = ORIENTED_EDGE ( 'NONE', *, *, #1333, .T. ) ;
#1760 = CIRCLE ( 'NONE', #2332, 0.01181102362204724046 ) ;
#1761 = DIRECTION ( 'NONE',  ( -7.228014483236699514E-17, 0.000000000000000000, -1.000000000000000000 ) ) ;
#1762 = CIRCLE ( 'NONE', #3512, 0.01574803149606299191 ) ;
#1763 = EDGE_CURVE ( 'NONE', #821, #2055, #274, .T. ) ;
#1764 = FACE_OUTER_BOUND ( 'NONE', #3246, .T. ) ;
#1765 = DIRECTION ( 'NONE',  ( -0.000000000000000000, 1.000000000000000000, 0.000000000000000000 ) ) ;
#1766 = CARTESIAN_POINT ( 'NONE',  ( 0.08858267716535433989, 0.1141732283464566844, -0.08858267716535433989 ) ) ;
#1767 = ORIENTED_EDGE ( 'NONE', *, *, #972, .T. ) ;
#1768 = AXIS2_PLACEMENT_3D ( 'NONE', #1608, #1009, #3259 ) ;
#1769 =( NAMED_UNIT ( * ) PLANE_ANGLE_UNIT ( ) SI_UNIT ( $, .RADIAN. ) );
#1770 = LINE ( 'NONE', #1022, #1551 ) ;
#1771 = VECTOR ( 'NONE', #1918, 39.37007874015748143 ) ;
#1772 = AXIS2_PLACEMENT_3D ( 'NONE', #3159, #1528, #2658 ) ;
#1773 = ORIENTED_EDGE ( 'NONE', *, *, #3262, .F. ) ;
#1774 = VERTEX_POINT ( 'NONE', #840 ) ;
#1775 = PRESENTATION_STYLE_ASSIGNMENT (( #898 ) ) ;
#1776 = DIRECTION ( 'NONE',  ( 0.000000000000000000, 0.000000000000000000, 1.000000000000000000 ) ) ;
#1777 = VECTOR ( 'NONE', #2212, 39.37007874015748143 ) ;
#1778 = DIRECTION ( 'NONE',  ( 0.000000000000000000, 1.000000000000000000, 0.000000000000000000 ) ) ;
#1779 = ORIENTED_EDGE ( 'NONE', *, *, #1434, .F. ) ;
#1780 = DIRECTION ( 'NONE',  ( 0.000000000000000000, 1.000000000000000000, 0.000000000000000000 ) ) ;
#1781 = ORIENTED_EDGE ( 'NONE', *, *, #826, .F. ) ;
#1782 = CARTESIAN_POINT ( 'NONE',  ( -0.08858267716535433989, 0.1377952755905511861, -0.1122047244094488277 ) ) ;
#1783 = LINE ( 'NONE', #1530, #1707 ) ;
#1784 = ADVANCED_FACE ( 'NONE', ( #495, #257 ), #1910, .F. ) ;
#1785 = ADVANCED_FACE ( 'NONE', ( #1347 ), #3267, .F. ) ;
#1786 = DIRECTION ( 'NONE',  ( 0.000000000000000000, 1.000000000000000000, 0.000000000000000000 ) ) ;
#1787 = LINE ( 'NONE', #714, #3103 ) ;
#1788 = LINE ( 'NONE', #697, #1597 ) ;
#1789 = EDGE_LOOP ( 'NONE', ( #2439, #2931, #941, #1063 ) ) ;
#1790 = DIRECTION ( 'NONE',  ( 0.000000000000000000, 0.000000000000000000, 1.000000000000000000 ) ) ;
#1791 = ADVANCED_FACE ( 'NONE', ( #1938 ), #298, .T. ) ;
#1792 =( LENGTH_UNIT ( ) NAMED_UNIT ( * ) SI_UNIT ( $, .METRE. ) );
#1793 = ORIENTED_EDGE ( 'NONE', *, *, #2573, .F. ) ;
#1794 = EDGE_LOOP ( 'NONE', ( #1644, #2410, #11, #3027 ) ) ;
#1795 = CARTESIAN_POINT ( 'NONE',  ( -0.1496062992125984370, 0.03149606299212598381, -0.1023622047244094613 ) ) ;
#1796 = LINE ( 'NONE', #720, #2340 ) ;
#1797 = DIRECTION ( 'NONE',  ( 1.000000000000000000, 0.000000000000000000, 0.000000000000000000 ) ) ;
#1798 = DIRECTION ( 'NONE',  ( -1.000000000000000000, -1.016439536705159791E-16, 0.000000000000000000 ) ) ;
#1799 = ORIENTED_EDGE ( 'NONE', *, *, #3345, .F. ) ;
#1800 = LINE ( 'NONE', #2371, #524 ) ;
#1801 = VERTEX_POINT ( 'NONE', #789 ) ;
#1802 = DIRECTION ( 'NONE',  ( 0.000000000000000000, -1.000000000000000000, 0.000000000000000000 ) ) ;
#1803 = DIRECTION ( 'NONE',  ( 0.000000000000000000, 1.000000000000000000, 0.000000000000000000 ) ) ;
#1804 = LINE ( 'NONE', #673, #812 ) ;
#1805 = EDGE_CURVE ( 'NONE', #1237, #861, #2456, .T. ) ;
#1806 = PLANE ( 'NONE',  #166 ) ;
#1807 = EDGE_CURVE ( 'NONE', #1482, #1012, #2260, .T. ) ;
#1808 = DIRECTION ( 'NONE',  ( 0.000000000000000000, 0.000000000000000000, 1.000000000000000000 ) ) ;
#1809 = EDGE_LOOP ( 'NONE', ( #2289, #816, #1846, #191 ) ) ;
#1810 = CARTESIAN_POINT ( 'NONE',  ( 0.000000000000000000, -0.07608622758978160483, 0.000000000000000000 ) ) ;
#1811 = ORIENTED_EDGE ( 'NONE', *, *, #1756, .T. ) ;
#1812 = VERTEX_POINT ( 'NONE', #640 ) ;
#1813 = DIRECTION ( 'NONE',  ( 0.000000000000000000, 1.000000000000000000, 0.000000000000000000 ) ) ;
#1814 = DIRECTION ( 'NONE',  ( 0.000000000000000000, 0.000000000000000000, 1.000000000000000000 ) ) ;
#1815 = DIRECTION ( 'NONE',  ( 0.000000000000000000, 1.000000000000000000, 0.000000000000000000 ) ) ;
#1816 = ORIENTED_EDGE ( 'NONE', *, *, #3485, .T. ) ;
#1817 = DIRECTION ( 'NONE',  ( -1.000000000000000000, 0.000000000000000000, 0.000000000000000000 ) ) ;
#1818 = CIRCLE ( 'NONE', #282, 0.01181102362204724046 ) ;
#1819 = CARTESIAN_POINT ( 'NONE',  ( 0.1181102362204724532, 0.1377952755905511861, 0.1122047244094488277 ) ) ;
#1820 = ORIENTED_EDGE ( 'NONE', *, *, #2802, .F. ) ;
#1821 = DIRECTION ( 'NONE',  ( 0.000000000000000000, 0.000000000000000000, 1.000000000000000000 ) ) ;
#1822 = PLANE ( 'NONE',  #2562 ) ;
#1823 = LINE ( 'NONE', #2698, #1099 ) ;
#1824 = CYLINDRICAL_SURFACE ( 'NONE', #1146, 0.005905511811023620231 ) ;
#1825 = DIRECTION ( 'NONE',  ( 0.000000000000000000, 1.000000000000000000, 0.000000000000000000 ) ) ;
#1826 = ORIENTED_EDGE ( 'NONE', *, *, #1522, .F. ) ;
#1827 =( NAMED_UNIT ( * ) SI_UNIT ( $, .STERADIAN. ) SOLID_ANGLE_UNIT ( ) );
#1828 = AXIS2_PLACEMENT_3D ( 'NONE', #2447, #3299, #3326 ) ;
#1829 = EDGE_CURVE ( 'NONE', #2153, #2507, #906, .T. ) ;
#1830 = CIRCLE ( 'NONE', #291, 0.02362204724409448092 ) ;
#1831 = VERTEX_POINT ( 'NONE', #2820 ) ;
#1832 = AXIS2_PLACEMENT_3D ( 'NONE', #1504, #721, #1797 ) ;
#1833 = ORIENTED_EDGE ( 'NONE', *, *, #1378, .T. ) ;
#1834 = DIRECTION ( 'NONE',  ( 0.000000000000000000, 1.000000000000000000, 0.000000000000000000 ) ) ;
#1835 = DIRECTION ( 'NONE',  ( 0.000000000000000000, -1.000000000000000000, 0.000000000000000000 ) ) ;
#1836 = ADVANCED_FACE ( 'NONE', ( #2247 ), #1999, .F. ) ;
#1837 = VECTOR ( 'NONE', #1064, 39.37007874015748143 ) ;
#1838 = ADVANCED_FACE ( 'NONE', ( #877 ), #352, .T. ) ;
#1839 = DIRECTION ( 'NONE',  ( 0.000000000000000000, 0.000000000000000000, 1.000000000000000000 ) ) ;
#1840 = ORIENTED_EDGE ( 'NONE', *, *, #2039, .T. ) ;
#1841 = AXIS2_PLACEMENT_3D ( 'NONE', #2335, #1417, #172 ) ;
#1842 = AXIS2_PLACEMENT_3D ( 'NONE', #2757, #2490, #538 ) ;
#1843 = AXIS2_PLACEMENT_3D ( 'NONE', #1810, #1226, #131 ) ;
#1844 = CIRCLE ( 'NONE', #870, 0.01574803149606299191 ) ;
#1845 = DIRECTION ( 'NONE',  ( 0.000000000000000000, -1.000000000000000000, 0.000000000000000000 ) ) ;
#1846 = ORIENTED_EDGE ( 'NONE', *, *, #3545, .T. ) ;
#1847 = DIRECTION ( 'NONE',  ( -1.734723475976804925E-15, 1.000000000000000000, 0.000000000000000000 ) ) ;
#1848 = FACE_OUTER_BOUND ( 'NONE', #2066, .T. ) ;
#1849 = DIMENSIONAL_EXPONENTS ( 1.000000000000000000, 0.000000000000000000, 0.000000000000000000, 0.000000000000000000, 0.000000000000000000, 0.000000000000000000, 0.000000000000000000 ) ;
#1850 = DIRECTION ( 'NONE',  ( 1.000000000000000000, -1.016439536705159791E-16, 0.000000000000000000 ) ) ;
#1851 = DIRECTION ( 'NONE',  ( 1.000000000000000000, 0.000000000000000000, 0.000000000000000000 ) ) ;
#1852 = PLANE ( 'NONE',  #670 ) ;
#1853 = ORIENTED_EDGE ( 'NONE', *, *, #1686, .F. ) ;
#1854 = CYLINDRICAL_SURFACE ( 'NONE', #1151, 0.01181102362204725781 ) ;
#1855 = ORIENTED_EDGE ( 'NONE', *, *, #3463, .T. ) ;
#1856 = ORIENTED_EDGE ( 'NONE', *, *, #2083, .T. ) ;
#1857 = PLANE ( 'NONE',  #3157 ) ;
#1858 = DIRECTION ( 'NONE',  ( 0.000000000000000000, 0.000000000000000000, 1.000000000000000000 ) ) ;
#1859 = CARTESIAN_POINT ( 'NONE',  ( 0.08858267716535433989, 0.1377952755905511861, -0.1122047244094488277 ) ) ;
#1860 = ORIENTED_EDGE ( 'NONE', *, *, #3181, .F. ) ;
#1861 = ADVANCED_FACE ( 'NONE', ( #1974 ), #1714, .T. ) ;
#1862 = ADVANCED_FACE ( 'NONE', ( #3361, #1162 ), #334, .F. ) ;
#1863 = CARTESIAN_POINT ( 'NONE',  ( -0.08858267716535433989, 0.1377952755905511861, 0.1043307086614173457 ) ) ;
#1864 = EDGE_LOOP ( 'NONE', ( #2482, #1271 ) ) ;
#1865 = CARTESIAN_POINT ( 'NONE',  ( -0.1122047244094488277, 0.1299212598425196763, 0.1181102362204724532 ) ) ;
#1866 = CARTESIAN_POINT ( 'NONE',  ( -0.1181102362204724532, 0.03937007874015747977, 0.1023622047244094613 ) ) ;
#1867 = CYLINDRICAL_SURFACE ( 'NONE', #1668, 0.02362204724409448092 ) ;
#1868 = CARTESIAN_POINT ( 'NONE',  ( -0.08858267716535433989, 0.1377952755905511861, 0.08858267716535433989 ) ) ;
#1869 = DIRECTION ( 'NONE',  ( 0.000000000000000000, 0.000000000000000000, 1.000000000000000000 ) ) ;
#1870 = EDGE_LOOP ( 'NONE', ( #1140, #2803, #791, #1435 ) ) ;
#1871 = CARTESIAN_POINT ( 'NONE',  ( -0.1653543307086614567, 0.007874015748031495954, 0.07480314960629921850 ) ) ;
#1872 = DIRECTION ( 'NONE',  ( 0.000000000000000000, 0.000000000000000000, 1.000000000000000000 ) ) ;
#1873 = VERTEX_POINT ( 'NONE', #2016 ) ;
#1874 = ORIENTED_EDGE ( 'NONE', *, *, #281, .F. ) ;
#1875 = PLANE ( 'NONE',  #1094 ) ;
#1876 = DIRECTION ( 'NONE',  ( 0.000000000000000000, 0.000000000000000000, 1.000000000000000000 ) ) ;
#1877 = FACE_OUTER_BOUND ( 'NONE', #123, .T. ) ;
#1878 = ORIENTED_EDGE ( 'NONE', *, *, #606, .T. ) ;
#1879 = DIRECTION ( 'NONE',  ( 0.000000000000000000, 1.000000000000000000, 0.000000000000000000 ) ) ;
#1880 = ADVANCED_FACE ( 'NONE', ( #3350 ), #2215, .T. ) ;
#1881 = EDGE_CURVE ( 'NONE', #1724, #3457, #321, .T. ) ;
#1882 = APPLICATION_PROTOCOL_DEFINITION ( 'draft international standard', 'automotive_design', 1998, #3081 ) ;
#1883 = FACE_BOUND ( 'NONE', #3387, .T. ) ;
#1884 = CARTESIAN_POINT ( 'NONE',  ( -0.08858267716535433989, 0.1823374350353732243, -0.08858267716535433989 ) ) ;
#1885 = CARTESIAN_POINT ( 'NONE',  ( -0.1614173228346456879, 0.007874015748031495954, -0.1023622047244094613 ) ) ;
#1886 = AXIS2_PLACEMENT_3D ( 'NONE', #2789, #1472, #891 ) ;
#1887 = DIRECTION ( 'NONE',  ( 0.000000000000000000, 0.000000000000000000, 1.000000000000000000 ) ) ;
#1888 = CARTESIAN_POINT ( 'NONE',  ( -0.08858267716535433989, 0.1456692913385826960, -0.1122047244094488277 ) ) ;
#1889 = CARTESIAN_POINT ( 'NONE',  ( 0.08858267716535433989, 0.1823374350353732243, -0.1043307086614173457 ) ) ;
#1890 = ORIENTED_EDGE ( 'NONE', *, *, #806, .F. ) ;
#1891 = DIRECTION ( 'NONE',  ( 0.000000000000000000, 0.000000000000000000, 1.000000000000000000 ) ) ;
#1892 = VECTOR ( 'NONE', #3488, 39.37007874015748143 ) ;
#1893 = VERTEX_POINT ( 'NONE', #1960 ) ;
#1894 = ORIENTED_EDGE ( 'NONE', *, *, #1412, .T. ) ;
#1895 = CARTESIAN_POINT ( 'NONE',  ( -0.1653543307086614567, 0.007874015748031495954, -0.1023622047244094613 ) ) ;
#1896 = VECTOR ( 'NONE', #1747, 39.37007874015748143 ) ;
#1897 = DIRECTION ( 'NONE',  ( 0.000000000000000000, 0.000000000000000000, -1.000000000000000000 ) ) ;
#1898 = EDGE_LOOP ( 'NONE', ( #332, #1541, #354, #2580 ) ) ;
#1899 = LINE ( 'NONE', #47, #226 ) ;
#1900 = AXIS2_PLACEMENT_3D ( 'NONE', #920, #1778, #120 ) ;
#1901 = MECHANICAL_DESIGN_GEOMETRIC_PRESENTATION_REPRESENTATION (  '', ( #3442 ), #1252 ) ;
#1902 = AXIS2_PLACEMENT_3D ( 'NONE', #2656, #2143, #1033 ) ;
#1903 = DIRECTION ( 'NONE',  ( 0.000000000000000000, 0.000000000000000000, -1.000000000000000000 ) ) ;
#1904 = VECTOR ( 'NONE', #2926, 39.37007874015748143 ) ;
#1905 = EDGE_LOOP ( 'NONE', ( #2266, #3420, #480, #1799 ) ) ;
#1906 = CARTESIAN_POINT ( 'NONE',  ( -0.1181102362204724532, 0.03149606299212598381, -0.07480314960629921850 ) ) ;
#1907 = AXIS2_PLACEMENT_3D ( 'NONE', #243, #3227, #6 ) ;
#1908 = AXIS2_PLACEMENT_3D ( 'NONE', #2811, #1991, #358 ) ;
#1909 = PLANE ( 'NONE',  #3342 ) ;
#1910 = PLANE ( 'NONE',  #1327 ) ;
#1911 = CYLINDRICAL_SURFACE ( 'NONE', #1944, 0.003937007874015741038 ) ;
#1912 = EDGE_CURVE ( 'NONE', #296, #2925, #397, .T. ) ;
#1913 = EDGE_CURVE ( 'NONE', #1125, #3187, #1430, .T. ) ;
#1914 = CARTESIAN_POINT ( 'NONE',  ( -0.1122047244094488277, 0.1377952755905511861, 0.1181102362204724532 ) ) ;
#1915 = ORIENTED_EDGE ( 'NONE', *, *, #522, .F. ) ;
#1916 = EDGE_CURVE ( 'NONE', #577, #3555, #377, .T. ) ;
#1917 = ORIENTED_EDGE ( 'NONE', *, *, #933, .F. ) ;
#1918 = DIRECTION ( 'NONE',  ( 0.000000000000000000, 0.000000000000000000, -1.000000000000000000 ) ) ;
#1919 = VERTEX_POINT ( 'NONE', #93 ) ;
#1920 = CARTESIAN_POINT ( 'NONE',  ( 0.08858267716535433989, 0.1456692913385826960, -0.08858267716535433989 ) ) ;
#1921 = CARTESIAN_POINT ( 'NONE',  ( 0.000000000000000000, 0.000000000000000000, 0.000000000000000000 ) ) ;
#1922 = DIRECTION ( 'NONE',  ( 1.000000000000000000, 0.000000000000000000, 0.000000000000000000 ) ) ;
#1923 = VERTEX_POINT ( 'NONE', #3392 ) ;
#1924 = DIRECTION ( 'NONE',  ( 0.000000000000000000, 1.000000000000000000, 0.000000000000000000 ) ) ;
#1925 = LINE ( 'NONE', #2147, #1387 ) ;
#1926 = CARTESIAN_POINT ( 'NONE',  ( 0.1968503937007874127, -0.003937007874015747977, -0.1023622047244094613 ) ) ;
#1927 = CARTESIAN_POINT ( 'NONE',  ( 0.1968503937007874127, -0.003937007874015747977, 0.1023622047244094613 ) ) ;
#1928 = EDGE_CURVE ( 'NONE', #3481, #2331, #2819, .T. ) ;
#1929 = EDGE_CURVE ( 'NONE', #3310, #679, #856, .T. ) ;
#1930 = ORIENTED_EDGE ( 'NONE', *, *, #2787, .T. ) ;
#1931 = ORIENTED_EDGE ( 'NONE', *, *, #1262, .F. ) ;
#1932 = CARTESIAN_POINT ( 'NONE',  ( -0.1968503937007874127, -0.003937007874015747977, 0.07480314960629921850 ) ) ;
#1933 = ORIENTED_EDGE ( 'NONE', *, *, #3131, .T. ) ;
#1934 = DIRECTION ( 'NONE',  ( 1.000000000000000000, 0.000000000000000000, 0.000000000000000000 ) ) ;
#1935 = DIRECTION ( 'NONE',  ( 0.000000000000000000, -1.000000000000000000, 0.000000000000000000 ) ) ;
#1936 = ORIENTED_EDGE ( 'NONE', *, *, #489, .T. ) ;
#1937 = DIRECTION ( 'NONE',  ( 0.000000000000000000, 0.000000000000000000, -1.000000000000000000 ) ) ;
#1938 = FACE_OUTER_BOUND ( 'NONE', #1025, .T. ) ;
#1939 = FILL_AREA_STYLE_COLOUR ( '', #59 ) ;
#1940 = VECTOR ( 'NONE', #1648, 39.37007874015748143 ) ;
#1941 = ORIENTED_EDGE ( 'NONE', *, *, #2750, .T. ) ;
#1942 = EDGE_LOOP ( 'NONE', ( #668, #3560, #863, #2344 ) ) ;
#1943 = EDGE_CURVE ( 'NONE', #1165, #1005, #3121, .T. ) ;
#1944 = AXIS2_PLACEMENT_3D ( 'NONE', #517, #3286, #1058 ) ;
#1945 = CARTESIAN_POINT ( 'NONE',  ( -0.1614173228346456879, 0.007874015748031495954, -0.07480314960629921850 ) ) ;
#1946 = TOROIDAL_SURFACE ( 'NONE', #159, 0.05961621518437743711, 0.005905511811023621965 ) ;
#1947 = VERTEX_POINT ( 'NONE', #2849 ) ;
#1948 = DIRECTION ( 'NONE',  ( 0.000000000000000000, -1.000000000000000000, 0.000000000000000000 ) ) ;
#1949 = CARTESIAN_POINT ( 'NONE',  ( -0.1535433070866141780, 0.02755905511811023584, 0.1023622047244094613 ) ) ;
#1950 = EDGE_CURVE ( 'NONE', #313, #1923, #2233, .T. ) ;
#1951 = EDGE_CURVE ( 'NONE', #278, #2732, #1471, .T. ) ;
#1952 = CARTESIAN_POINT ( 'NONE',  ( 0.08858267716535433989, 0.1141732283464566844, 0.08858267716535433989 ) ) ;
#1953 = EDGE_LOOP ( 'NONE', ( #2288, #2321, #2372, #3269 ) ) ;
#1954 = VERTEX_POINT ( 'NONE', #954 ) ;
#1955 = AXIS2_PLACEMENT_3D ( 'NONE', #2535, #78, #1169 ) ;
#1956 = AXIS2_PLACEMENT_3D ( 'NONE', #63, #3416, #346 ) ;
#1957 = CARTESIAN_POINT ( 'NONE',  ( -0.08858267716535433989, 0.1299212598425196763, 0.1043307086614173457 ) ) ;
#1958 = CIRCLE ( 'NONE', #392, 0.005905511811023620231 ) ;
#1959 = AXIS2_PLACEMENT_3D ( 'NONE', #696, #1017, #2087 ) ;
#1960 = CARTESIAN_POINT ( 'NONE',  ( -0.1968503937007874127, -0.003937007874015747977, -0.1023622047244094613 ) ) ;
#1961 = AXIS2_PLACEMENT_3D ( 'NONE', #1526, #2100, #3213 ) ;
#1962 = VECTOR ( 'NONE', #197, 39.37007874015748143 ) ;
#1963 =( LENGTH_UNIT ( ) NAMED_UNIT ( * ) SI_UNIT ( $, .METRE. ) );
#1964 = AXIS2_PLACEMENT_3D ( 'NONE', #2677, #255, #3079 ) ;
#1965 = ORIENTED_EDGE ( 'NONE', *, *, #3069, .F. ) ;
#1966 = DIRECTION ( 'NONE',  ( 1.000000000000000000, 0.000000000000000000, 0.000000000000000000 ) ) ;
#1967 = EDGE_LOOP ( 'NONE', ( #1767, #398, #2495, #1933 ) ) ;
#1968 = FACE_OUTER_BOUND ( 'NONE', #3211, .T. ) ;
#1969 = PLANE ( 'NONE',  #508 ) ;
#1970 = CARTESIAN_POINT ( 'NONE',  ( 0.1122047244094488277, 0.1377952755905511861, -0.1181102362204724532 ) ) ;
#1971 = ADVANCED_FACE ( 'NONE', ( #2067 ), #457, .T. ) ;
#1972 = EDGE_CURVE ( 'NONE', #343, #3457, #124, .T. ) ;
#1973 = ORIENTED_EDGE ( 'NONE', *, *, #973, .F. ) ;
#1974 = FACE_OUTER_BOUND ( 'NONE', #2345, .T. ) ;
#1975 = DIRECTION ( 'NONE',  ( 1.000000000000000000, 0.000000000000000000, 0.000000000000000000 ) ) ;
#1976 = ORIENTED_EDGE ( 'NONE', *, *, #1410, .T. ) ;
#1977 = CARTESIAN_POINT ( 'NONE',  ( 0.1122047244094488277, 0.1299212598425196763, -0.1122047244094488277 ) ) ;
#1978 = ORIENTED_EDGE ( 'NONE', *, *, #2427, .F. ) ;
#1979 = ORIENTED_EDGE ( 'NONE', *, *, #3086, .T. ) ;
#1980 = CARTESIAN_POINT ( 'NONE',  ( -0.1614173228346456879, 0.02755905511811023584, 0.1023622047244094613 ) ) ;
#1981 = DIRECTION ( 'NONE',  ( 0.000000000000000000, 0.000000000000000000, -1.000000000000000000 ) ) ;
#1982 = LINE ( 'NONE', #2814, #2763 ) ;
#1983 = ORIENTED_EDGE ( 'NONE', *, *, #844, .T. ) ;
#1984 = DIRECTION ( 'NONE',  ( 0.000000000000000000, 1.000000000000000000, 0.000000000000000000 ) ) ;
#1985 = EDGE_CURVE ( 'NONE', #3379, #3376, #2124, .T. ) ;
#1986 = CARTESIAN_POINT ( 'NONE',  ( 0.08858267716535433989, 0.1377952755905511861, 0.08858267716535433989 ) ) ;
#1987 = ORIENTED_EDGE ( 'NONE', *, *, #736, .T. ) ;
#1988 = EDGE_LOOP ( 'NONE', ( #2716, #2098 ) ) ;
#1989 = ORIENTED_EDGE ( 'NONE', *, *, #2042, .T. ) ;
#1990 = DIRECTION ( 'NONE',  ( 0.000000000000000000, 0.000000000000000000, 1.000000000000000000 ) ) ;
#1991 = DIRECTION ( 'NONE',  ( 0.000000000000000000, 0.000000000000000000, 1.000000000000000000 ) ) ;
#1992 = VECTOR ( 'NONE', #21, 39.37007874015748143 ) ;
#1993 = DIRECTION ( 'NONE',  ( -1.000000000000000000, 0.000000000000000000, 0.000000000000000000 ) ) ;
#1994 = VECTOR ( 'NONE', #2909, 39.37007874015748143 ) ;
#1995 = CARTESIAN_POINT ( 'NONE',  ( -0.1968503937007874127, -0.003937007874015747977, 0.1023622047244094613 ) ) ;
#1996 = VERTEX_POINT ( 'NONE', #693 ) ;
#1997 = DIRECTION ( 'NONE',  ( 0.000000000000000000, 0.000000000000000000, -1.000000000000000000 ) ) ;
#1998 = AXIS2_PLACEMENT_3D ( 'NONE', #18, #597, #3066 ) ;
#1999 = PLANE ( 'NONE',  #1322 ) ;
#2000 = LINE ( 'NONE', #2202, #460 ) ;
#2001 = VECTOR ( 'NONE', #3435, 39.37007874015748143 ) ;
#2002 = VECTOR ( 'NONE', #2595, 39.37007874015748143 ) ;
#2003 = EDGE_CURVE ( 'NONE', #1165, #3354, #3467, .T. ) ;
#2004 = AXIS2_PLACEMENT_3D ( 'NONE', #1744, #1128, #2522 ) ;
#2005 = ADVANCED_FACE ( 'NONE', ( #144 ), #2313, .T. ) ;
#2006 = ORIENTED_EDGE ( 'NONE', *, *, #3238, .F. ) ;
#2007 = AXIS2_PLACEMENT_3D ( 'NONE', #1562, #3143, #410 ) ;
#2008 = AXIS2_PLACEMENT_3D ( 'NONE', #2057, #1706, #2012 ) ;
#2009 = ORIENTED_EDGE ( 'NONE', *, *, #3308, .T. ) ;
#2010 = ORIENTED_EDGE ( 'NONE', *, *, #559, .T. ) ;
#2011 = EDGE_LOOP ( 'NONE', ( #2460, #3543 ) ) ;
#2012 = DIRECTION ( 'NONE',  ( 0.000000000000000000, 0.000000000000000000, 1.000000000000000000 ) ) ;
#2013 = CARTESIAN_POINT ( 'NONE',  ( -0.1181102362204724532, 0.03937007874015747977, -0.1023622047244094613 ) ) ;
#2014 = PLANE ( 'NONE',  #2863 ) ;
#2015 = VERTEX_POINT ( 'NONE', #1205 ) ;
#2016 = CARTESIAN_POINT ( 'NONE',  ( -0.1614173228346456879, 0.007874015748031495954, 0.07480314960629921850 ) ) ;
#2017 = ORIENTED_EDGE ( 'NONE', *, *, #77, .T. ) ;
#2018 = EDGE_CURVE ( 'NONE', #1701, #2115, #3344, .T. ) ;
#2019 = ORIENTED_EDGE ( 'NONE', *, *, #91, .F. ) ;
#2020 = ORIENTED_EDGE ( 'NONE', *, *, #3049, .T. ) ;
#2021 = DIRECTION ( 'NONE',  ( 0.000000000000000000, 0.000000000000000000, -1.000000000000000000 ) ) ;
#2022 = DIRECTION ( 'NONE',  ( 0.000000000000000000, 1.000000000000000000, 0.000000000000000000 ) ) ;
#2023 = DIRECTION ( 'NONE',  ( 0.000000000000000000, 0.000000000000000000, 1.000000000000000000 ) ) ;
#2024 = DIRECTION ( 'NONE',  ( 0.000000000000000000, 0.000000000000000000, 1.000000000000000000 ) ) ;
#2025 = ORIENTED_EDGE ( 'NONE', *, *, #1171, .F. ) ;
#2026 = CYLINDRICAL_SURFACE ( 'NONE', #1190, 0.02362204724409448092 ) ;
#2027 = CARTESIAN_POINT ( 'NONE',  ( -0.1614173228346456879, 0.02755905511811023584, 0.07480314960629921850 ) ) ;
#2028 = DIRECTION ( 'NONE',  ( 0.000000000000000000, 0.000000000000000000, 1.000000000000000000 ) ) ;
#2029 = CARTESIAN_POINT ( 'NONE',  ( 0.1496062992125984370, 0.02755905511811023584, -0.1023622047244094613 ) ) ;
#2030 = LINE ( 'NONE', #1001, #1892 ) ;
#2031 = ORIENTED_EDGE ( 'NONE', *, *, #40, .F. ) ;
#2032 = FACE_OUTER_BOUND ( 'NONE', #483, .T. ) ;
#2033 = ORIENTED_EDGE ( 'NONE', *, *, #2617, .T. ) ;
#2034 = ORIENTED_EDGE ( 'NONE', *, *, #1416, .F. ) ;
#2035 = CARTESIAN_POINT ( 'NONE',  ( 0.08858267716535433989, 0.1377952755905511861, 0.08858267716535433989 ) ) ;
#2036 = DIRECTION ( 'NONE',  ( 0.000000000000000000, 0.000000000000000000, 1.000000000000000000 ) ) ;
#2037 = PLANE ( 'NONE',  #454 ) ;
#2038 = ORIENTED_EDGE ( 'NONE', *, *, #527, .T. ) ;
#2039 = EDGE_CURVE ( 'NONE', #3167, #3494, #65, .T. ) ;
#2040 = CARTESIAN_POINT ( 'NONE',  ( 0.08858267716535433989, 0.1823374350353732243, 0.08858267716535433989 ) ) ;
#2041 = ADVANCED_FACE ( 'NONE', ( #3421 ), #2593, .F. ) ;
#2042 = EDGE_CURVE ( 'NONE', #678, #2992, #726, .T. ) ;
#2043 = VERTEX_POINT ( 'NONE', #1782 ) ;
#2044 = DIRECTION ( 'NONE',  ( 1.000000000000000000, 0.000000000000000000, 0.000000000000000000 ) ) ;
#2045 = VECTOR ( 'NONE', #1858, 39.37007874015748143 ) ;
#2046 = CARTESIAN_POINT ( 'NONE',  ( -0.1181102362204724532, 0.1299212598425196763, -0.1122047244094488277 ) ) ;
#2047 = LINE ( 'NONE', #3165, #751 ) ;
#2048 = DIRECTION ( 'NONE',  ( 0.000000000000000000, -1.000000000000000000, 0.000000000000000000 ) ) ;
#2049 = ORIENTED_EDGE ( 'NONE', *, *, #2694, .F. ) ;
#2050 = AXIS2_PLACEMENT_3D ( 'NONE', #3002, #1355, #1083 ) ;
#2051 = AXIS2_PLACEMENT_3D ( 'NONE', #1026, #1046, #1605 ) ;
#2052 = DIRECTION ( 'NONE',  ( 0.000000000000000000, 1.000000000000000000, 0.000000000000000000 ) ) ;
#2053 = CIRCLE ( 'NONE', #3105, 0.05961621518437743711 ) ;
#2054 = AXIS2_PLACEMENT_3D ( 'NONE', #937, #3196, #2610 ) ;
#2055 = VERTEX_POINT ( 'NONE', #192 ) ;
#2056 = CARTESIAN_POINT ( 'NONE',  ( 0.1122047244094488277, 0.1377952755905511861, -0.1181102362204724532 ) ) ;
#2057 = CARTESIAN_POINT ( 'NONE',  ( 0.1122047244094488277, 0.000000000000000000, -0.1122047244094488277 ) ) ;
#2058 = CARTESIAN_POINT ( 'NONE',  ( -0.1122047244094488277, 0.1299212598425196763, 0.1181102362204724532 ) ) ;
#2059 = AXIS2_PLACEMENT_3D ( 'NONE', #1589, #2414, #2924 ) ;
#2060 = AXIS2_PLACEMENT_3D ( 'NONE', #1884, #1344, #1054 ) ;
#2061 = CARTESIAN_POINT ( 'NONE',  ( 0.08858267716535433989, 0.1299212598425196763, 0.1043307086614173457 ) ) ;
#2062 = ORIENTED_EDGE ( 'NONE', *, *, #2303, .T. ) ;
#2063 = DIRECTION ( 'NONE',  ( 0.000000000000000000, 0.000000000000000000, 1.000000000000000000 ) ) ;
#2064 = ADVANCED_FACE ( 'NONE', ( #1282 ), #2885, .T. ) ;
#2065 = EDGE_CURVE ( 'NONE', #3376, #1873, #3216, .T. ) ;
#2066 = EDGE_LOOP ( 'NONE', ( #2494, #445 ) ) ;
#2067 = FACE_OUTER_BOUND ( 'NONE', #3506, .T. ) ;
#2068 = CARTESIAN_POINT ( 'NONE',  ( 0.000000000000000000, 0.1299212598425196763, 0.000000000000000000 ) ) ;
#2069 = DIRECTION ( 'NONE',  ( -1.000000000000000000, -1.734723475976804925E-15, 0.000000000000000000 ) ) ;
#2070 = PLANE ( 'NONE',  #3391 ) ;
#2071 = DIRECTION ( 'NONE',  ( 1.000000000000000000, 0.000000000000000000, 0.000000000000000000 ) ) ;
#2072 = ORIENTED_EDGE ( 'NONE', *, *, #908, .T. ) ;
#2073 = DIRECTION ( 'NONE',  ( -1.000000000000000000, 0.000000000000000000, 0.000000000000000000 ) ) ;
#2074 = ORIENTED_EDGE ( 'NONE', *, *, #3495, .F. ) ;
#2075 = ORIENTED_EDGE ( 'NONE', *, *, #2263, .T. ) ;
#2076 = DIRECTION ( 'NONE',  ( 0.000000000000000000, 0.000000000000000000, 1.000000000000000000 ) ) ;
#2077 = DIRECTION ( 'NONE',  ( 0.000000000000000000, -1.000000000000000000, 0.000000000000000000 ) ) ;
#2078 = LINE ( 'NONE', #1275, #574 ) ;
#2079 = ORIENTED_EDGE ( 'NONE', *, *, #844, .F. ) ;
#2080 = DIRECTION ( 'NONE',  ( -1.000000000000000000, 0.000000000000000000, 0.000000000000000000 ) ) ;
#2081 = ORIENTED_EDGE ( 'NONE', *, *, #2183, .F. ) ;
#2082 = CARTESIAN_POINT ( 'NONE',  ( -0.08858267716535433989, 0.1456692913385826960, -0.08858267716535433989 ) ) ;
#2083 = EDGE_CURVE ( 'NONE', #838, #1211, #2905, .T. ) ;
#2084 = CARTESIAN_POINT ( 'NONE',  ( -0.1653543307086614567, 0.007874015748031495954, -0.07480314960629921850 ) ) ;
#2085 = ADVANCED_FACE ( 'NONE', ( #2102 ), #419, .T. ) ;
#2086 = LINE ( 'NONE', #2807, #860 ) ;
#2087 = DIRECTION ( 'NONE',  ( 0.000000000000000000, 0.000000000000000000, 1.000000000000000000 ) ) ;
#2088 = DIRECTION ( 'NONE',  ( 0.000000000000000000, 0.000000000000000000, 1.000000000000000000 ) ) ;
#2089 = ORIENTED_EDGE ( 'NONE', *, *, #2308, .T. ) ;
#2090 = EDGE_CURVE ( 'NONE', #266, #756, #2333, .T. ) ;
#2091 = LINE ( 'NONE', #986, #3108 ) ;
#2092 = ORIENTED_EDGE ( 'NONE', *, *, #2915, .T. ) ;
#2093 = EDGE_CURVE ( 'NONE', #2484, #2992, #3405, .T. ) ;
#2094 = ORIENTED_EDGE ( 'NONE', *, *, #831, .T. ) ;
#2095 = CARTESIAN_POINT ( 'NONE',  ( 0.08858267716535433989, 0.1377952755905511861, -0.07283464566929134798 ) ) ;
#2096 = LINE ( 'NONE', #968, #2994 ) ;
#2097 = LINE ( 'NONE', #3460, #1192 ) ;
#2098 = ORIENTED_EDGE ( 'NONE', *, *, #907, .T. ) ;
#2099 = CIRCLE ( 'NONE', #613, 0.01574803149606299191 ) ;
#2100 = DIRECTION ( 'NONE',  ( 0.000000000000000000, -1.000000000000000000, 0.000000000000000000 ) ) ;
#2101 = ORIENTED_EDGE ( 'NONE', *, *, #2139, .F. ) ;
#2102 = FACE_OUTER_BOUND ( 'NONE', #1565, .T. ) ;
#2103 = VECTOR ( 'NONE', #2594, 39.37007874015748143 ) ;
#2104 = CARTESIAN_POINT ( 'NONE',  ( 0.1535433070866141780, 0.02755905511811023584, 0.07480314960629921850 ) ) ;
#2105 = CARTESIAN_POINT ( 'NONE',  ( -0.08858267716535433989, 0.1456692913385826960, 0.08858267716535433989 ) ) ;
#2106 = DIRECTION ( 'NONE',  ( 0.000000000000000000, -1.000000000000000000, 0.000000000000000000 ) ) ;
#2107 = CARTESIAN_POINT ( 'NONE',  ( -0.1614173228346456879, 0.02755905511811023584, -0.1023622047244094613 ) ) ;
#2108 = ORIENTED_EDGE ( 'NONE', *, *, #2259, .F. ) ;
#2109 = DIRECTION ( 'NONE',  ( -0.000000000000000000, 1.000000000000000000, 0.000000000000000000 ) ) ;
#2110 = LINE ( 'NONE', #2728, #635 ) ;
#2111 = AXIS2_PLACEMENT_3D ( 'NONE', #947, #1708, #2812 ) ;
#2112 = ADVANCED_FACE ( 'NONE', ( #2865 ), #399, .F. ) ;
#2113 = EDGE_CURVE ( 'NONE', #1733, #2144, #2210, .T. ) ;
#2114 = AXIS2_PLACEMENT_3D ( 'NONE', #2463, #2222, #582 ) ;
#2115 = VERTEX_POINT ( 'NONE', #869 ) ;
#2116 = VECTOR ( 'NONE', #2875, 39.37007874015748143 ) ;
#2117 = ORIENTED_EDGE ( 'NONE', *, *, #1807, .T. ) ;
#2118 = FACE_BOUND ( 'NONE', #2136, .T. ) ;
#2119 = FACE_OUTER_BOUND ( 'NONE', #3205, .T. ) ;
#2120 = VECTOR ( 'NONE', #1924, 39.37007874015748143 ) ;
#2121 = CARTESIAN_POINT ( 'NONE',  ( -0.1968503937007874127, -0.003937007874015747977, -0.07480314960629921850 ) ) ;
#2122 = ORIENTED_EDGE ( 'NONE', *, *, #1805, .T. ) ;
#2123 = VECTOR ( 'NONE', #2954, 39.37007874015748143 ) ;
#2124 = CIRCLE ( 'NONE', #1488, 0.01181102362204724046 ) ;
#2125 = VECTOR ( 'NONE', #851, 39.37007874015748143 ) ;
#2126 = DIRECTION ( 'NONE',  ( 0.000000000000000000, -1.000000000000000000, 0.000000000000000000 ) ) ;
#2127 = VERTEX_POINT ( 'NONE', #2225 ) ;
#2128 = DIRECTION ( 'NONE',  ( 0.000000000000000000, -1.000000000000000000, 0.000000000000000000 ) ) ;
#2129 = CARTESIAN_POINT ( 'NONE',  ( -0.1535433070866141780, 0.02755905511811023584, -0.07480314960629921850 ) ) ;
#2130 = DIRECTION ( 'NONE',  ( -1.000000000000000000, 0.000000000000000000, 0.000000000000000000 ) ) ;
#2131 = CARTESIAN_POINT ( 'NONE',  ( -0.1122047244094488277, 0.1377952755905511861, 0.1181102362204724532 ) ) ;
#2132 = VERTEX_POINT ( 'NONE', #31 ) ;
#2133 = SURFACE_SIDE_STYLE ('',( #2778 ) ) ;
#2134 = DIRECTION ( 'NONE',  ( 0.000000000000000000, -1.000000000000000000, 0.000000000000000000 ) ) ;
#2135 = VERTEX_POINT ( 'NONE', #1980 ) ;
#2136 = EDGE_LOOP ( 'NONE', ( #2481, #1751 ) ) ;
#2137 = LINE ( 'NONE', #485, #2519 ) ;
#2138 = CARTESIAN_POINT ( 'NONE',  ( 0.1614173228346456879, 0.007874015748031495954, -0.1023622047244094613 ) ) ;
#2139 = EDGE_CURVE ( 'NONE', #2925, #1801, #2145, .T. ) ;
#2140 = EDGE_CURVE ( 'NONE', #2853, #3167, #610, .T. ) ;
#2141 = DIRECTION ( 'NONE',  ( 1.016439536705159791E-16, -1.000000000000000000, 0.000000000000000000 ) ) ;
#2142 = ORIENTED_EDGE ( 'NONE', *, *, #1049, .F. ) ;
#2143 = DIRECTION ( 'NONE',  ( 0.000000000000000000, 0.000000000000000000, -1.000000000000000000 ) ) ;
#2144 = VERTEX_POINT ( 'NONE', #1155 ) ;
#2145 = LINE ( 'NONE', #1404, #1721 ) ;
#2146 = FACE_OUTER_BOUND ( 'NONE', #2224, .T. ) ;
#2147 = CARTESIAN_POINT ( 'NONE',  ( -0.1653543307086614567, -0.003937007874015747977, 0.07480314960629921850 ) ) ;
#2148 = CARTESIAN_POINT ( 'NONE',  ( -0.1535433070866141780, 0.007874015748031495954, -0.1023622047244094613 ) ) ;
#2149 = VERTEX_POINT ( 'NONE', #2721 ) ;
#2150 = SURFACE_STYLE_FILL_AREA ( #1060 ) ;
#2151 = DIRECTION ( 'NONE',  ( -1.734723475976804925E-15, -1.000000000000000000, 0.000000000000000000 ) ) ;
#2152 = ORIENTED_EDGE ( 'NONE', *, *, #1563, .T. ) ;
#2153 = VERTEX_POINT ( 'NONE', #3355 ) ;
#2154 = CARTESIAN_POINT ( 'NONE',  ( -0.08858267716535433989, 0.1377952755905511861, 0.06496062992125986590 ) ) ;
#2155 = DIRECTION ( 'NONE',  ( 1.016439536705159791E-16, -1.000000000000000000, 0.000000000000000000 ) ) ;
#2156 = ORIENTED_EDGE ( 'NONE', *, *, #2770, .T. ) ;
#2157 = FACE_OUTER_BOUND ( 'NONE', #738, .T. ) ;
#2158 = CARTESIAN_POINT ( 'NONE',  ( 0.1181102362204724532, 0.1299212598425196763, 0.1122047244094488277 ) ) ;
#2159 = ADVANCED_FACE ( 'NONE', ( #1968 ), #883, .T. ) ;
#2160 = ADVANCED_FACE ( 'NONE', ( #1122 ), #786, .T. ) ;
#2161 = VERTEX_POINT ( 'NONE', #2782 ) ;
#2162 = CARTESIAN_POINT ( 'NONE',  ( 0.1496062992125984370, 0.02755905511811023584, 0.1023622047244094613 ) ) ;
#2163 = EDGE_CURVE ( 'NONE', #3233, #3185, #2498, .T. ) ;
#2164 = LINE ( 'NONE', #2928, #917 ) ;
#2165 = AXIS2_PLACEMENT_3D ( 'NONE', #2084, #2948, #980 ) ;
#2166 = LINE ( 'NONE', #3250, #2644 ) ;
#2167 = CARTESIAN_POINT ( 'NONE',  ( 0.1653543307086614567, 0.007874015748031495954, 0.07480314960629921850 ) ) ;
#2168 = LENGTH_MEASURE_WITH_UNIT ( LENGTH_MEASURE( 0.02539999999999999897 ), #1041 );
#2169 = CARTESIAN_POINT ( 'NONE',  ( 0.08858267716535433989, 0.1377952755905511861, 0.07283464566929134798 ) ) ;
#2170 = VERTEX_POINT ( 'NONE', #584 ) ;
#2171 = ORIENTED_EDGE ( 'NONE', *, *, #1573, .T. ) ;
#2172 = AXIS2_PLACEMENT_3D ( 'NONE', #2040, #106, #122 ) ;
#2173 = CARTESIAN_POINT ( 'NONE',  ( -0.1181102362204724532, 0.000000000000000000, -0.1181102362204724532 ) ) ;
#2174 = ORIENTED_EDGE ( 'NONE', *, *, #1103, .T. ) ;
#2175 = FACE_OUTER_BOUND ( 'NONE', #2383, .T. ) ;
#2176 = VECTOR ( 'NONE', #1839, 39.37007874015748143 ) ;
#2177 = CIRCLE ( 'NONE', #393, 0.01181102362204724046 ) ;
#2178 = CYLINDRICAL_SURFACE ( 'NONE', #1552, 0.01574803149606299885 ) ;
#2179 = VECTOR ( 'NONE', #3373, 39.37007874015748143 ) ;
#2180 = ORIENTED_EDGE ( 'NONE', *, *, #1116, .T. ) ;
#2181 = CARTESIAN_POINT ( 'NONE',  ( -0.1653543307086614567, -0.003937007874015747977, -0.1023622047244094613 ) ) ;
#2182 = VECTOR ( 'NONE', #2151, 39.37007874015748143 ) ;
#2183 = EDGE_CURVE ( 'NONE', #446, #2827, #637, .T. ) ;
#2184 = VECTOR ( 'NONE', #2547, 39.37007874015748143 ) ;
#2185 = ADVANCED_FACE ( 'NONE', ( #3508 ), #329, .T. ) ;
#2186 = DIRECTION ( 'NONE',  ( -1.000000000000000000, 0.000000000000000000, 0.000000000000000000 ) ) ;
#2187 = DIRECTION ( 'NONE',  ( -1.000000000000000000, 0.000000000000000000, 0.000000000000000000 ) ) ;
#2188 = DIRECTION ( 'NONE',  ( 0.000000000000000000, -1.000000000000000000, 0.000000000000000000 ) ) ;
#2189 = CARTESIAN_POINT ( 'NONE',  ( 0.1968503937007874127, 0.003937007874015747977, 0.07480314960629921850 ) ) ;
#2190 = DIMENSIONAL_EXPONENTS ( 1.000000000000000000, 0.000000000000000000, 0.000000000000000000, 0.000000000000000000, 0.000000000000000000, 0.000000000000000000, 0.000000000000000000 ) ;
#2191 = ORIENTED_EDGE ( 'NONE', *, *, #1916, .F. ) ;
#2192 = DIRECTION ( 'NONE',  ( 0.000000000000000000, 1.000000000000000000, 0.000000000000000000 ) ) ;
#2193 = VERTEX_POINT ( 'NONE', #3050 ) ;
#2194 = DIRECTION ( 'NONE',  ( 1.000000000000000000, 0.000000000000000000, 0.000000000000000000 ) ) ;
#2195 = ADVANCED_FACE ( 'NONE', ( #1680 ), #1035, .T. ) ;
#2196 = DIRECTION ( 'NONE',  ( -0.000000000000000000, -1.000000000000000000, -0.000000000000000000 ) ) ;
#2197 = VERTEX_POINT ( 'NONE', #1136 ) ;
#2198 = CARTESIAN_POINT ( 'NONE',  ( -0.08858267716535433989, 0.1377952755905511861, -0.1043307086614173457 ) ) ;
#2199 = EDGE_CURVE ( 'NONE', #1954, #838, #230, .T. ) ;
#2200 = DIRECTION ( 'NONE',  ( 0.000000000000000000, 0.000000000000000000, -1.000000000000000000 ) ) ;
#2201 = EDGE_CURVE ( 'NONE', #3260, #368, #768, .T. ) ;
#2202 = CARTESIAN_POINT ( 'NONE',  ( 0.08858267716535433989, 0.1456692913385826960, -0.06496062992125986590 ) ) ;
#2203 = ADVANCED_FACE ( 'NONE', ( #596 ), #1693, .T. ) ;
#2204 = ORIENTED_EDGE ( 'NONE', *, *, #2787, .F. ) ;
#2205 = EDGE_CURVE ( 'NONE', #3028, #3255, #400, .T. ) ;
#2206 = ORIENTED_EDGE ( 'NONE', *, *, #620, .F. ) ;
#2207 = ADVANCED_FACE ( 'NONE', ( #62 ), #345, .T. ) ;
#2208 = CARTESIAN_POINT ( 'NONE',  ( 0.1653543307086614567, 0.007874015748031495954, 0.1023622047244094613 ) ) ;
#2209 = ORIENTED_EDGE ( 'NONE', *, *, #57, .T. ) ;
#2210 = LINE ( 'NONE', #3534, #461 ) ;
#2211 = CARTESIAN_POINT ( 'NONE',  ( 0.000000000000000000, 0.1299212598425196763, -0.06889763779527559306 ) ) ;
#2212 = DIRECTION ( 'NONE',  ( 0.000000000000000000, -1.000000000000000000, 0.000000000000000000 ) ) ;
#2213 = EDGE_LOOP ( 'NONE', ( #2773, #1294, #2434, #2320 ) ) ;
#2214 = DIRECTION ( 'NONE',  ( 0.000000000000000000, 1.000000000000000000, 0.000000000000000000 ) ) ;
#2215 = PLANE ( 'NONE',  #2521 ) ;
#2216 = PLANE ( 'NONE',  #1886 ) ;
#2217 = AXIS2_PLACEMENT_3D ( 'NONE', #2696, #231, #1055 ) ;
#2218 = EDGE_LOOP ( 'NONE', ( #2559, #2629, #202, #452 ) ) ;
#2219 = ORIENTED_EDGE ( 'NONE', *, *, #1700, .T. ) ;
#2220 = EDGE_CURVE ( 'NONE', #3091, #1390, #1618, .T. ) ;
#2221 = EDGE_CURVE ( 'NONE', #1615, #2874, #3173, .T. ) ;
#2222 = DIRECTION ( 'NONE',  ( 0.000000000000000000, 0.000000000000000000, -1.000000000000000000 ) ) ;
#2223 = VECTOR ( 'NONE', #1645, 39.37007874015748143 ) ;
#2224 = EDGE_LOOP ( 'NONE', ( #201, #2450, #1234, #628, #2965, #153, #2122, #3335, #965, #3112, #416, #1269 ) ) ;
#2225 = CARTESIAN_POINT ( 'NONE',  ( 0.1181102362204724532, 0.1377952755905511861, -0.1122047244094488277 ) ) ;
#2226 = LINE ( 'NONE', #3341, #2566 ) ;
#2227 = CIRCLE ( 'NONE', #1478, 0.01574803149606299191 ) ;
#2228 = ORIENTED_EDGE ( 'NONE', *, *, #3201, .T. ) ;
#2229 = CIRCLE ( 'NONE', #1320, 0.003937007874015741038 ) ;
#2230 = AXIS2_PLACEMENT_3D ( 'NONE', #462, #1267, #214 ) ;
#2231 = AXIS2_PLACEMENT_3D ( 'NONE', #3549, #2389, #1613 ) ;
#2232 = VECTOR ( 'NONE', #1223, 39.37007874015748143 ) ;
#2233 = LINE ( 'NONE', #602, #1200 ) ;
#2234 = AXIS2_PLACEMENT_3D ( 'NONE', #1921, #533, #3034 ) ;
#2235 = VECTOR ( 'NONE', #2794, 39.37007874015748143 ) ;
#2236 = CARTESIAN_POINT ( 'NONE',  ( 0.1181102362204724532, 0.03937007874015747977, -0.1023622047244094613 ) ) ;
#2237 = ORIENTED_EDGE ( 'NONE', *, *, #2596, .T. ) ;
#2238 = ORIENTED_EDGE ( 'NONE', *, *, #1103, .F. ) ;
#2239 = DIRECTION ( 'NONE',  ( 0.000000000000000000, 1.000000000000000000, 0.000000000000000000 ) ) ;
#2240 = ORIENTED_EDGE ( 'NONE', *, *, #489, .F. ) ;
#2241 = DIRECTION ( 'NONE',  ( 0.000000000000000000, 0.000000000000000000, 1.000000000000000000 ) ) ;
#2242 = CARTESIAN_POINT ( 'NONE',  ( -0.1122047244094488277, 0.1377952755905511861, -0.1122047244094488277 ) ) ;
#2243 = EDGE_CURVE ( 'NONE', #1119, #3409, #1447, .T. ) ;
#2244 = LENGTH_MEASURE_WITH_UNIT ( LENGTH_MEASURE( 0.02539999999999999897 ), #1439 );
#2245 = ORIENTED_EDGE ( 'NONE', *, *, #1595, .F. ) ;
#2246 = FACE_OUTER_BOUND ( 'NONE', #3453, .T. ) ;
#2247 = FACE_OUTER_BOUND ( 'NONE', #134, .T. ) ;
#2248 = DIRECTION ( 'NONE',  ( 1.000000000000000000, 0.000000000000000000, 0.000000000000000000 ) ) ;
#2249 = CARTESIAN_POINT ( 'NONE',  ( 0.08858267716535433989, 0.1377952755905511861, 0.06496062992125986590 ) ) ;
#2250 = ORIENTED_EDGE ( 'NONE', *, *, #324, .T. ) ;
#2251 = ORIENTED_EDGE ( 'NONE', *, *, #373, .T. ) ;
#2252 = VERTEX_POINT ( 'NONE', #967 ) ;
#2253 = DIRECTION ( 'NONE',  ( 1.000000000000000000, -1.016439536705159791E-16, 0.000000000000000000 ) ) ;
#2254 = CARTESIAN_POINT ( 'NONE',  ( 0.1496062992125984370, 0.02755905511811023584, 0.07480314960629921850 ) ) ;
#2255 = DIRECTION ( 'NONE',  ( 0.000000000000000000, -0.9950371902099891530, -0.09950371902099874877 ) ) ;
#2256 = ORIENTED_EDGE ( 'NONE', *, *, #1184, .F. ) ;
#2257 = CARTESIAN_POINT ( 'NONE',  ( -0.1122047244094488277, 0.000000000000000000, -0.1122047244094488277 ) ) ;
#2258 = EDGE_CURVE ( 'NONE', #266, #1499, #387, .T. ) ;
#2259 = EDGE_CURVE ( 'NONE', #2685, #2193, #2855, .T. ) ;
#2260 = LINE ( 'NONE', #1408, #171 ) ;
#2261 = DIRECTION ( 'NONE',  ( 0.000000000000000000, 0.000000000000000000, -1.000000000000000000 ) ) ;
#2262 = DIRECTION ( 'NONE',  ( 0.000000000000000000, -1.000000000000000000, 0.000000000000000000 ) ) ;
#2263 = EDGE_CURVE ( 'NONE', #544, #1034, #2531, .T. ) ;
#2264 = ORIENTED_EDGE ( 'NONE', *, *, #997, .F. ) ;
#2265 = COLOUR_RGB ( '',0.7921568627450980005, 0.8196078431372548767, 0.9333333333333333481 ) ;
#2266 = ORIENTED_EDGE ( 'NONE', *, *, #783, .F. ) ;
#2267 = ORIENTED_EDGE ( 'NONE', *, *, #2847, .F. ) ;
#2268 = CYLINDRICAL_SURFACE ( 'NONE', #902, 0.01574803149606299191 ) ;
#2269 = DIRECTION ( 'NONE',  ( 0.000000000000000000, 0.000000000000000000, 1.000000000000000000 ) ) ;
#2270 = VECTOR ( 'NONE', #1300, 39.37007874015748143 ) ;
#2271 = FACE_OUTER_BOUND ( 'NONE', #1905, .T. ) ;
#2272 = CIRCLE ( 'NONE', #1084, 0.01574803149606299885 ) ;
#2273 = ORIENTED_EDGE ( 'NONE', *, *, #2324, .F. ) ;
#2274 = CARTESIAN_POINT ( 'NONE',  ( -0.1968503937007874127, 0.003937007874015747977, -0.1023622047244094613 ) ) ;
#2275 = VECTOR ( 'NONE', #2767, 39.37007874015748143 ) ;
#2276 = AXIS2_PLACEMENT_3D ( 'NONE', #1561, #2399, #1790 ) ;
#2277 = DIRECTION ( 'NONE',  ( 1.000000000000000000, 0.000000000000000000, 0.000000000000000000 ) ) ;
#2278 = EDGE_CURVE ( 'NONE', #2853, #1237, #1214, .T. ) ;
#2279 = SURFACE_SIDE_STYLE ('',( #1187 ) ) ;
#2280 = EDGE_CURVE ( 'NONE', #1191, #678, #3393, .T. ) ;
#2281 = VECTOR ( 'NONE', #451, 39.37007874015748143 ) ;
#2282 = AXIS2_PLACEMENT_3D ( 'NONE', #405, #1285, #2929 ) ;
#2283 = AXIS2_PLACEMENT_3D ( 'NONE', #404, #2069, #713 ) ;
#2284 = AXIS2_PLACEMENT_3D ( 'NONE', #1986, #2539, #1732 ) ;
#2285 = EDGE_LOOP ( 'NONE', ( #2310, #427, #1704, #2369, #3044, #1987, #550, #381 ) ) ;
#2286 = LINE ( 'NONE', #3398, #3047 ) ;
#2287 = AXIS2_PLACEMENT_3D ( 'NONE', #915, #3128, #2840 ) ;
#2288 = ORIENTED_EDGE ( 'NONE', *, *, #1912, .F. ) ;
#2289 = ORIENTED_EDGE ( 'NONE', *, *, #1354, .F. ) ;
#2290 = CARTESIAN_POINT ( 'NONE',  ( 0.1653543307086614567, -0.003937007874015747977, -0.1023622047244094613 ) ) ;
#2291 = CARTESIAN_POINT ( 'NONE',  ( -0.1181102362204724532, 0.03149606299212598381, 0.1023622047244094613 ) ) ;
#2292 = DIRECTION ( 'NONE',  ( 0.000000000000000000, 1.000000000000000000, 0.000000000000000000 ) ) ;
#2293 = CARTESIAN_POINT ( 'NONE',  ( 0.000000000000000000, 0.1692913385826771699, 0.000000000000000000 ) ) ;
#2294 = ORIENTED_EDGE ( 'NONE', *, *, #2730, .F. ) ;
#2295 = CARTESIAN_POINT ( 'NONE',  ( 0.08858267716535433989, 0.1456692913385826960, -0.06496062992125986590 ) ) ;
#2296 = DIRECTION ( 'NONE',  ( -1.000000000000000000, -1.016439536705159791E-16, 0.000000000000000000 ) ) ;
#2297 = CARTESIAN_POINT ( 'NONE',  ( -0.1653543307086614567, 0.003937007874015747977, -0.1023622047244094613 ) ) ;
#2298 = EDGE_CURVE ( 'NONE', #1012, #903, #1844, .T. ) ;
#2299 = CARTESIAN_POINT ( 'NONE',  ( 0.1181102362204724532, 0.03149606299212598381, 0.07480314960629921850 ) ) ;
#2300 = DIRECTION ( 'NONE',  ( 0.000000000000000000, 0.000000000000000000, 1.000000000000000000 ) ) ;
#2301 = EDGE_LOOP ( 'NONE', ( #2878, #1860, #1723, #1465 ) ) ;
#2302 = ADVANCED_FACE ( 'NONE', ( #1737 ), #899, .F. ) ;
#2303 = EDGE_CURVE ( 'NONE', #1873, #1005, #1260, .T. ) ;
#2304 = ORIENTED_EDGE ( 'NONE', *, *, #2550, .T. ) ;
#2305 = CARTESIAN_POINT ( 'NONE',  ( 0.1653543307086614567, 0.003937007874015747977, 0.07480314960629921850 ) ) ;
#2306 = DIRECTION ( 'NONE',  ( 0.000000000000000000, 0.000000000000000000, 1.000000000000000000 ) ) ;
#2307 = CARTESIAN_POINT ( 'NONE',  ( 0.1181102362204724532, 0.03149606299212598381, -0.1023622047244094613 ) ) ;
#2308 = EDGE_CURVE ( 'NONE', #45, #1172, #631, .T. ) ;
#2309 = CYLINDRICAL_SURFACE ( 'NONE', #625, 0.003937007874015741038 ) ;
#2310 = ORIENTED_EDGE ( 'NONE', *, *, #2839, .F. ) ;
#2311 = DIRECTION ( 'NONE',  ( 0.000000000000000000, 0.000000000000000000, 1.000000000000000000 ) ) ;
#2312 = ORIENTED_EDGE ( 'NONE', *, *, #3261, .T. ) ;
#2313 = CYLINDRICAL_SURFACE ( 'NONE', #1772, 0.01574803149606299885 ) ;
#2314 = CARTESIAN_POINT ( 'NONE',  ( -0.08858267716535433989, 0.1823374350353732243, 0.08858267716535433989 ) ) ;
#2315 = CARTESIAN_POINT ( 'NONE',  ( -0.08858267716535433989, 0.1299212598425196763, -0.1043307086614173457 ) ) ;
#2316 = LINE ( 'NONE', #3139, #1962 ) ;
#2317 = CARTESIAN_POINT ( 'NONE',  ( 0.1653543307086614567, 0.007874015748031495954, -0.07480314960629921850 ) ) ;
#2318 = LINE ( 'NONE', #2664, #3225 ) ;
#2319 = CARTESIAN_POINT ( 'NONE',  ( 0.1181102362204724532, 0.03937007874015747977, -0.1023622047244094613 ) ) ;
#2320 = ORIENTED_EDGE ( 'NONE', *, *, #1468, .T. ) ;
#2321 = ORIENTED_EDGE ( 'NONE', *, *, #1256, .F. ) ;
#2322 = DIRECTION ( 'NONE',  ( 0.000000000000000000, 0.000000000000000000, 1.000000000000000000 ) ) ;
#2323 = LINE ( 'NONE', #1047, #55 ) ;
#2324 = EDGE_CURVE ( 'NONE', #2916, #692, #245, .T. ) ;
#2325 = VECTOR ( 'NONE', #2248, 39.37007874015748143 ) ;
#2326 = EDGE_CURVE ( 'NONE', #756, #1457, #2587, .T. ) ;
#2327 = CARTESIAN_POINT ( 'NONE',  ( 0.1653543307086614567, -0.003937007874015747977, -0.1023622047244094613 ) ) ;
#2328 = CIRCLE ( 'NONE', #3039, 0.02362204724409448092 ) ;
#2329 = ORIENTED_EDGE ( 'NONE', *, *, #1333, .F. ) ;
#2330 = DIRECTION ( 'NONE',  ( 0.000000000000000000, -1.000000000000000000, 0.000000000000000000 ) ) ;
#2331 = VERTEX_POINT ( 'NONE', #1179 ) ;
#2332 = AXIS2_PLACEMENT_3D ( 'NONE', #3370, #904, #639 ) ;
#2333 = LINE ( 'NONE', #436, #2475 ) ;
#2334 = AXIS2_PLACEMENT_3D ( 'NONE', #3473, #2341, #1021 ) ;
#2335 = CARTESIAN_POINT ( 'NONE',  ( -0.08858267716535433989, 0.1377952755905511861, 0.08858267716535433989 ) ) ;
#2336 = CARTESIAN_POINT ( 'NONE',  ( 0.1496062992125984370, 0.03149606299212598381, 0.1023622047244094613 ) ) ;
#2337 = CYLINDRICAL_SURFACE ( 'NONE', #956, 0.02362204724409448092 ) ;
#2338 = VERTEX_POINT ( 'NONE', #647 ) ;
#2339 = STYLED_ITEM ( 'NONE', ( #415 ), #2543 ) ;
#2340 = VECTOR ( 'NONE', #1834, 39.37007874015748143 ) ;
#2341 = DIRECTION ( 'NONE',  ( -0.000000000000000000, -1.000000000000000000, -0.000000000000000000 ) ) ;
#2342 = PRODUCT ( 'CUI_DEVICES_TS04-66-43-BK-260-SMT', 'CUI_DEVICES_TS04-66-43-BK-260-SMT', '', ( #3564 ) ) ;
#2343 = AXIS2_PLACEMENT_3D ( 'NONE', #1496, #1266, #3182 ) ;
#2344 = ORIENTED_EDGE ( 'NONE', *, *, #2729, .T. ) ;
#2345 = EDGE_LOOP ( 'NONE', ( #3489, #367, #1773, #879 ) ) ;
#2346 = DIRECTION ( 'NONE',  ( -1.000000000000000000, 0.000000000000000000, 0.000000000000000000 ) ) ;
#2347 = CARTESIAN_POINT ( 'NONE',  ( 0.000000000000000000, 0.000000000000000000, 0.000000000000000000 ) ) ;
#2348 = AXIS2_PLACEMENT_3D ( 'NONE', #2373, #1802, #2947 ) ;
#2349 = DIRECTION ( 'NONE',  ( 0.000000000000000000, 1.000000000000000000, 0.000000000000000000 ) ) ;
#2350 = ADVANCED_FACE ( 'NONE', ( #137 ), #413, .T. ) ;
#2351 = EDGE_CURVE ( 'NONE', #1812, #1947, #753, .T. ) ;
#2352 = EDGE_LOOP ( 'NONE', ( #3418, #595, #104, #1730 ) ) ;
#2353 = FACE_BOUND ( 'NONE', #35, .T. ) ;
#2354 = EDGE_LOOP ( 'NONE', ( #943, #1085, #1492, #1177, #285, #1826, #1287, #1196, #2734, #2592, #50, #1219 ) ) ;
#2355 = DIRECTION ( 'NONE',  ( 0.000000000000000000, -1.000000000000000000, 0.000000000000000000 ) ) ;
#2356 = FACE_OUTER_BOUND ( 'NONE', #369, .T. ) ;
#2357 = ADVANCED_FACE ( 'NONE', ( #3148 ), #2879, .F. ) ;
#2358 = DIRECTION ( 'NONE',  ( -1.734723475976804925E-15, -1.000000000000000000, 0.000000000000000000 ) ) ;
#2359 = FACE_BOUND ( 'NONE', #583, .T. ) ;
#2360 = CARTESIAN_POINT ( 'NONE',  ( 0.1181102362204724532, 0.03937007874015747977, 0.1023622047244094613 ) ) ;
#2361 = ORIENTED_EDGE ( 'NONE', *, *, #1916, .T. ) ;
#2362 = CARTESIAN_POINT ( 'NONE',  ( 0.08858267716535433989, 0.1377952755905511861, -0.08858267716535433989 ) ) ;
#2363 = DIRECTION ( 'NONE',  ( 0.000000000000000000, 0.000000000000000000, 1.000000000000000000 ) ) ;
#2364 = ORIENTED_EDGE ( 'NONE', *, *, #249, .T. ) ;
#2365 = ORIENTED_EDGE ( 'NONE', *, *, #186, .F. ) ;
#2366 = FACE_BOUND ( 'NONE', #3092, .T. ) ;
#2367 = DIRECTION ( 'NONE',  ( -0.000000000000000000, 1.000000000000000000, 0.000000000000000000 ) ) ;
#2368 = FACE_OUTER_BOUND ( 'NONE', #1148, .T. ) ;
#2369 = ORIENTED_EDGE ( 'NONE', *, *, #3262, .T. ) ;
#2370 = DIRECTION ( 'NONE',  ( -1.000000000000000000, 0.000000000000000000, 0.000000000000000000 ) ) ;
#2371 = CARTESIAN_POINT ( 'NONE',  ( -0.1181102362204724532, 0.000000000000000000, -0.1181102362204724532 ) ) ;
#2372 = ORIENTED_EDGE ( 'NONE', *, *, #736, .F. ) ;
#2373 = CARTESIAN_POINT ( 'NONE',  ( 0.1122047244094488277, 0.1299212598425196763, 0.1122047244094488277 ) ) ;
#2374 = DIRECTION ( 'NONE',  ( 0.000000000000000000, 0.000000000000000000, 1.000000000000000000 ) ) ;
#2375 = EDGE_CURVE ( 'NONE', #1451, #2338, #3237, .T. ) ;
#2376 = EDGE_CURVE ( 'NONE', #446, #2331, #1663, .T. ) ;
#2377 = DIRECTION ( 'NONE',  ( 0.000000000000000000, 0.000000000000000000, -1.000000000000000000 ) ) ;
#2378 = LINE ( 'NONE', #1497, #918 ) ;
#2379 = CARTESIAN_POINT ( 'NONE',  ( 0.1122047244094488277, 0.1299212598425196763, -0.1181102362204724532 ) ) ;
#2380 = ORIENTED_EDGE ( 'NONE', *, *, #2258, .F. ) ;
#2381 = FACE_OUTER_BOUND ( 'NONE', #3334, .T. ) ;
#2382 = CARTESIAN_POINT ( 'NONE',  ( -0.1181102362204724532, 0.03937007874015747977, -0.07480314960629921850 ) ) ;
#2383 = EDGE_LOOP ( 'NONE', ( #1570, #1917, #1456, #2666 ) ) ;
#2384 = ORIENTED_EDGE ( 'NONE', *, *, #268, .F. ) ;
#2385 = CARTESIAN_POINT ( 'NONE',  ( -0.08858267716535433989, 0.1377952755905511861, -0.08858267716535433989 ) ) ;
#2386 = CARTESIAN_POINT ( 'NONE',  ( -0.1653543307086614567, -0.003937007874015747977, 0.1023622047244094613 ) ) ;
#2387 = DIRECTION ( 'NONE',  ( 0.000000000000000000, 0.000000000000000000, 1.000000000000000000 ) ) ;
#2388 = ORIENTED_EDGE ( 'NONE', *, *, #1256, .T. ) ;
#2389 = DIRECTION ( 'NONE',  ( 0.000000000000000000, 1.000000000000000000, 0.000000000000000000 ) ) ;
#2390 = ORIENTED_EDGE ( 'NONE', *, *, #449, .T. ) ;
#2391 = CARTESIAN_POINT ( 'NONE',  ( 0.08858267716535433989, 0.1456692913385826960, 0.08858267716535433989 ) ) ;
#2392 = CARTESIAN_POINT ( 'NONE',  ( -0.1181102362204724532, 0.000000000000000000, 0.1122047244094488277 ) ) ;
#2393 = AXIS2_PLACEMENT_3D ( 'NONE', #3104, #351, #3438 ) ;
#2394 = PLANE ( 'NONE',  #1428 ) ;
#2395 = EDGE_CURVE ( 'NONE', #3429, #1451, #2583, .T. ) ;
#2396 = LINE ( 'NONE', #438, #2467 ) ;
#2397 = CARTESIAN_POINT ( 'NONE',  ( -0.08858267716535433989, 0.1299212598425196763, -0.08858267716535433989 ) ) ;
#2398 = VERTEX_POINT ( 'NONE', #3316 ) ;
#2399 = DIRECTION ( 'NONE',  ( 0.000000000000000000, 1.000000000000000000, 0.000000000000000000 ) ) ;
#2400 = DIRECTION ( 'NONE',  ( 0.000000000000000000, 0.000000000000000000, -1.000000000000000000 ) ) ;
#2401 = VECTOR ( 'NONE', #2192, 39.37007874015748143 ) ;
#2402 = ORIENTED_EDGE ( 'NONE', *, *, #805, .F. ) ;
#2403 = AXIS2_PLACEMENT_3D ( 'NONE', #2532, #2292, #2857 ) ;
#2404 = VERTEX_POINT ( 'NONE', #837 ) ;
#2405 = CARTESIAN_POINT ( 'NONE',  ( 0.1653543307086614567, 0.007874015748031495954, -0.1023622047244094613 ) ) ;
#2406 = CARTESIAN_POINT ( 'NONE',  ( 0.1614173228346456879, 0.007874015748031495954, -0.07480314960629921850 ) ) ;
#2407 = AXIS2_PLACEMENT_3D ( 'NONE', #189, #1845, #766 ) ;
#2408 = AXIS2_PLACEMENT_3D ( 'NONE', #2741, #1673, #3307 ) ;
#2409 = DIRECTION ( 'NONE',  ( 0.000000000000000000, 0.000000000000000000, -1.000000000000000000 ) ) ;
#2410 = ORIENTED_EDGE ( 'NONE', *, *, #2163, .T. ) ;
#2411 = AXIS2_PLACEMENT_3D ( 'NONE', #227, #2126, #1261 ) ;
#2412 = VECTOR ( 'NONE', #1454, 39.37007874015748143 ) ;
#2413 = VECTOR ( 'NONE', #1324, 39.37007874015748143 ) ;
#2414 = DIRECTION ( 'NONE',  ( -1.000000000000000000, 0.000000000000000000, 0.000000000000000000 ) ) ;
#2415 = ORIENTED_EDGE ( 'NONE', *, *, #784, .T. ) ;
#2416 = DIRECTION ( 'NONE',  ( 0.000000000000000000, 1.000000000000000000, 0.000000000000000000 ) ) ;
#2417 = DIRECTION ( 'NONE',  ( 1.016439536705159791E-16, -1.000000000000000000, 0.000000000000000000 ) ) ;
#2418 = DIMENSIONAL_EXPONENTS ( 1.000000000000000000, 0.000000000000000000, 0.000000000000000000, 0.000000000000000000, 0.000000000000000000, 0.000000000000000000, 0.000000000000000000 ) ;
#2419 = CARTESIAN_POINT ( 'NONE',  ( -0.08858267716535433989, 0.1456692913385826960, 0.1122047244094488277 ) ) ;
#2420 = DIRECTION ( 'NONE',  ( 0.000000000000000000, -1.000000000000000000, 0.000000000000000000 ) ) ;
#2421 = CARTESIAN_POINT ( 'NONE',  ( 0.08858267716535433989, 0.1823374350353732243, -0.08858267716535433989 ) ) ;
#2422 = ORIENTED_EDGE ( 'NONE', *, *, #1595, .T. ) ;
#2423 = CARTESIAN_POINT ( 'NONE',  ( 0.08858267716535433989, 0.1377952755905511861, 0.1043307086614173457 ) ) ;
#2424 = ORIENTED_EDGE ( 'NONE', *, *, #1446, .F. ) ;
#2425 = VERTEX_POINT ( 'NONE', #1631 ) ;
#2426 = DIRECTION ( 'NONE',  ( 1.000000000000000000, 0.000000000000000000, 0.000000000000000000 ) ) ;
#2427 = EDGE_CURVE ( 'NONE', #1164, #3539, #33, .T. ) ;
#2428 = EDGE_CURVE ( 'NONE', #1166, #1919, #1139, .T. ) ;
#2429 = CARTESIAN_POINT ( 'NONE',  ( -0.1496062992125984370, 0.02755905511811023584, 0.07480314960629921850 ) ) ;
#2430 = EDGE_LOOP ( 'NONE', ( #2081, #599, #2529, #1931 ) ) ;
#2431 = CARTESIAN_POINT ( 'NONE',  ( -0.1496062992125984370, 0.02755905511811023584, -0.1023622047244094613 ) ) ;
#2432 = ADVANCED_FACE ( 'NONE', ( #2751 ), #873, .T. ) ;
#2433 = DIRECTION ( 'NONE',  ( 0.000000000000000000, 0.000000000000000000, 1.000000000000000000 ) ) ;
#2434 = ORIENTED_EDGE ( 'NONE', *, *, #1913, .F. ) ;
#2435 = FACE_OUTER_BOUND ( 'NONE', #3232, .T. ) ;
#2436 = CARTESIAN_POINT ( 'NONE',  ( 0.1653543307086614567, -0.003937007874015747977, 0.07480314960629921850 ) ) ;
#2437 = DIRECTION ( 'NONE',  ( -1.000000000000000000, 0.000000000000000000, 0.000000000000000000 ) ) ;
#2438 = DIRECTION ( 'NONE',  ( 0.000000000000000000, 0.000000000000000000, 1.000000000000000000 ) ) ;
#2439 = ORIENTED_EDGE ( 'NONE', *, *, #2986, .T. ) ;
#2440 = PLANE ( 'NONE',  #2408 ) ;
#2441 = FACE_OUTER_BOUND ( 'NONE', #1276, .T. ) ;
#2442 = VERTEX_POINT ( 'NONE', #3056 ) ;
#2443 = EDGE_LOOP ( 'NONE', ( #1658, #2074, #886, #188 ) ) ;
#2444 = LINE ( 'NONE', #866, #2995 ) ;
#2445 = ORIENTED_EDGE ( 'NONE', *, *, #91, .T. ) ;
#2446 = ADVANCED_FACE ( 'NONE', ( #1683 ), #2178, .F. ) ;
#2447 = CARTESIAN_POINT ( 'NONE',  ( -0.1181102362204724532, 0.1299212598425196763, -0.1181102362204724532 ) ) ;
#2448 = EDGE_CURVE ( 'NONE', #45, #609, #2487, .T. ) ;
#2449 = LINE ( 'NONE', #269, #1665 ) ;
#2450 = ORIENTED_EDGE ( 'NONE', *, *, #2303, .F. ) ;
#2451 = UNCERTAINTY_MEASURE_WITH_UNIT (LENGTH_MEASURE( 1.000000000000000082E-05 ), #1479, 'distance_accuracy_value', 'NONE');
#2452 = PLANE ( 'NONE',  #2558 ) ;
#2453 = VECTOR ( 'NONE', #1197, 39.37007874015748143 ) ;
#2454 = CARTESIAN_POINT ( 'NONE',  ( 0.1653543307086614567, -0.003937007874015747977, 0.1023622047244094613 ) ) ;
#2455 = AXIS2_PLACEMENT_3D ( 'NONE', #2774, #2599, #1210 ) ;
#2456 = LINE ( 'NONE', #24, #3347 ) ;
#2457 = CARTESIAN_POINT ( 'NONE',  ( -0.1614173228346456879, 0.02755905511811023584, -0.1023622047244094613 ) ) ;
#2458 = CARTESIAN_POINT ( 'NONE',  ( -0.1181102362204724532, 0.1299212598425196763, -0.1181102362204724532 ) ) ;
#2459 = AXIS2_PLACEMENT_3D ( 'NONE', #2397, #258, #811 ) ;
#2460 = ORIENTED_EDGE ( 'NONE', *, *, #763, .T. ) ;
#2461 = EDGE_LOOP ( 'NONE', ( #3301, #2708, #1930, #2719 ) ) ;
#2462 = AXIS2_PLACEMENT_3D ( 'NONE', #2970, #3012, #539 ) ;
#2463 = CARTESIAN_POINT ( 'NONE',  ( -0.1181102362204724532, 0.1377952755905511861, 0.1181102362204724532 ) ) ;
#2464 = ORIENTED_EDGE ( 'NONE', *, *, #2942, .F. ) ;
#2465 = DIRECTION ( 'NONE',  ( 0.000000000000000000, 0.000000000000000000, 1.000000000000000000 ) ) ;
#2466 = AXIS2_PLACEMENT_3D ( 'NONE', #432, #2959, #1523 ) ;
#2467 = VECTOR ( 'NONE', #3183, 39.37007874015748143 ) ;
#2468 = EDGE_CURVE ( 'NONE', #1947, #2619, #3067, .T. ) ;
#2469 = CIRCLE ( 'NONE', #1255, 0.01574803149606299885 ) ;
#2470 = CARTESIAN_POINT ( 'NONE',  ( -0.1496062992125984370, 0.02755905511811023584, -0.07480314960629921850 ) ) ;
#2471 = VECTOR ( 'NONE', #3023, 39.37007874015748143 ) ;
#2472 = EDGE_LOOP ( 'NONE', ( #3276, #605, #747, #2006 ) ) ;
#2473 = CYLINDRICAL_SURFACE ( 'NONE', #905, 0.01574803149606299191 ) ;
#2474 = AXIS2_PLACEMENT_3D ( 'NONE', #2983, #509, #2718 ) ;
#2475 = VECTOR ( 'NONE', #2296, 39.37007874015748143 ) ;
#2476 = EDGE_CURVE ( 'NONE', #3187, #259, #1647, .T. ) ;
#2477 = EDGE_CURVE ( 'NONE', #2331, #3481, #1830, .T. ) ;
#2478 = CARTESIAN_POINT ( 'NONE',  ( 0.000000000000000000, 0.1633858267716535584, 0.000000000000000000 ) ) ;
#2479 = DIRECTION ( 'NONE',  ( 0.000000000000000000, 0.000000000000000000, 1.000000000000000000 ) ) ;
#2480 = CARTESIAN_POINT ( 'NONE',  ( -0.1535433070866141780, 0.007874015748031495954, -0.07480314960629921850 ) ) ;
#2481 = ORIENTED_EDGE ( 'NONE', *, *, #2351, .F. ) ;
#2482 = ORIENTED_EDGE ( 'NONE', *, *, #1928, .F. ) ;
#2483 = LINE ( 'NONE', #2765, #3161 ) ;
#2484 = VERTEX_POINT ( 'NONE', #2158 ) ;
#2485 = DIRECTION ( 'NONE',  ( 0.000000000000000000, 1.000000000000000000, 0.000000000000000000 ) ) ;
#2486 = DIRECTION ( 'NONE',  ( 0.000000000000000000, 0.000000000000000000, 1.000000000000000000 ) ) ;
#2487 = LINE ( 'NONE', #1970, #17 ) ;
#2488 = ORIENTED_EDGE ( 'NONE', *, *, #2324, .T. ) ;
#2489 = DIRECTION ( 'NONE',  ( 0.000000000000000000, 0.000000000000000000, 1.000000000000000000 ) ) ;
#2490 = DIRECTION ( 'NONE',  ( 0.000000000000000000, 0.000000000000000000, 1.000000000000000000 ) ) ;
#2491 = EDGE_CURVE ( 'NONE', #1954, #1125, #2449, .T. ) ;
#2492 = CYLINDRICAL_SURFACE ( 'NONE', #1717, 0.01574803149606299885 ) ;
#2493 = EDGE_CURVE ( 'NONE', #2153, #819, #3388, .T. ) ;
#2494 = ORIENTED_EDGE ( 'NONE', *, *, #2018, .T. ) ;
#2495 = ORIENTED_EDGE ( 'NONE', *, *, #2243, .F. ) ;
#2496 = CYLINDRICAL_SURFACE ( 'NONE', #2768, 0.01181102362204724046 ) ;
#2497 = ORIENTED_EDGE ( 'NONE', *, *, #997, .T. ) ;
#2498 = LINE ( 'NONE', #209, #3005 ) ;
#2499 = FACE_OUTER_BOUND ( 'NONE', #2692, .T. ) ;
#2500 = ORIENTED_EDGE ( 'NONE', *, *, #2618, .T. ) ;
#2501 = CARTESIAN_POINT ( 'NONE',  ( 0.1181102362204724532, 0.03149606299212598381, 0.1023622047244094613 ) ) ;
#2502 = FILL_AREA_STYLE_COLOUR ( '', #2265 ) ;
#2503 = ADVANCED_FACE ( 'NONE', ( #1376 ), #319, .T. ) ;
#2504 = PRESENTATION_LAYER_ASSIGNMENT (  '', '', ( #2625 ) ) ;
#2505 = EDGE_CURVE ( 'NONE', #1923, #3113, #2229, .T. ) ;
#2506 = ORIENTED_EDGE ( 'NONE', *, *, #2825, .T. ) ;
#2507 = VERTEX_POINT ( 'NONE', #1505 ) ;
#2508 = AXIS2_PLACEMENT_3D ( 'NONE', #1498, #1825, #3425 ) ;
#2509 = FACE_OUTER_BOUND ( 'NONE', #2609, .T. ) ;
#2510 = AXIS2_PLACEMENT_3D ( 'NONE', #1183, #1711, #1441 ) ;
#2511 = ORIENTED_EDGE ( 'NONE', *, *, #3199, .T. ) ;
#2512 = DIRECTION ( 'NONE',  ( 0.000000000000000000, 0.000000000000000000, 1.000000000000000000 ) ) ;
#2513 = CARTESIAN_POINT ( 'NONE',  ( -0.08858267716535433989, 0.1299212598425196763, 0.08858267716535433989 ) ) ;
#2514 = AXIS2_PLACEMENT_3D ( 'NONE', #1292, #1814, #138 ) ;
#2515 = ADVANCED_FACE ( 'NONE', ( #2589 ), #2014, .F. ) ;
#2516 = DIRECTION ( 'NONE',  ( 0.000000000000000000, -1.000000000000000000, 0.000000000000000000 ) ) ;
#2517 = ORIENTED_EDGE ( 'NONE', *, *, #2326, .T. ) ;
#2518 = VECTOR ( 'NONE', #1338, 39.37007874015748143 ) ;
#2519 = VECTOR ( 'NONE', #1813, 39.37007874015748143 ) ;
#2520 = VECTOR ( 'NONE', #823, 39.37007874015748143 ) ;
#2521 = AXIS2_PLACEMENT_3D ( 'NONE', #890, #82, #2788 ) ;
#2522 = DIRECTION ( 'NONE',  ( 0.000000000000000000, 0.000000000000000000, -1.000000000000000000 ) ) ;
#2523 = VECTOR ( 'NONE', #2073, 39.37007874015748143 ) ;
#2524 = AXIS2_PLACEMENT_3D ( 'NONE', #3346, #2196, #3281 ) ;
#2525 =( CONVERSION_BASED_UNIT ( 'INCH', #71 ) LENGTH_UNIT ( ) NAMED_UNIT ( #3243 ) );
#2526 = ORIENTED_EDGE ( 'NONE', *, *, #998, .T. ) ;
#2527 = ORIENTED_EDGE ( 'NONE', *, *, #2702, .T. ) ;
#2528 = DIRECTION ( 'NONE',  ( 0.000000000000000000, 1.000000000000000000, 0.000000000000000000 ) ) ;
#2529 = ORIENTED_EDGE ( 'NONE', *, *, #2477, .T. ) ;
#2530 = ORIENTED_EDGE ( 'NONE', *, *, #2848, .F. ) ;
#2531 = LINE ( 'NONE', #1198, #3451 ) ;
#2532 = CARTESIAN_POINT ( 'NONE',  ( -0.08858267716535433989, 0.1377952755905511861, -0.08858267716535433989 ) ) ;
#2533 = EDGE_CURVE ( 'NONE', #629, #1482, #2816, .T. ) ;
#2534 = EDGE_CURVE ( 'NONE', #579, #2645, #1982, .T. ) ;
#2535 = CARTESIAN_POINT ( 'NONE',  ( -0.1968503937007874127, -0.003937007874015747977, 0.1023622047244094613 ) ) ;
#2536 = VERTEX_POINT ( 'NONE', #1995 ) ;
#2537 = LINE ( 'NONE', #1452, #3380 ) ;
#2538 = ADVANCED_FACE ( 'NONE', ( #1741 ), #2309, .F. ) ;
#2539 = DIRECTION ( 'NONE',  ( -0.000000000000000000, 1.000000000000000000, 0.000000000000000000 ) ) ;
#2540 =( NAMED_UNIT ( * ) PLANE_ANGLE_UNIT ( ) SI_UNIT ( $, .RADIAN. ) );
#2541 = CARTESIAN_POINT ( 'NONE',  ( 0.1181102362204724532, 0.1299212598425196763, -0.1181102362204724532 ) ) ;
#2542 = ORIENTED_EDGE ( 'NONE', *, *, #2730, .T. ) ;
#2543 = MANIFOLD_SOLID_BREP ( 'NONE', #1749 ) ;
#2544 = ORIENTED_EDGE ( 'NONE', *, *, #2913, .T. ) ;
#2545 = VERTEX_POINT ( 'NONE', #636 ) ;
#2546 = DIRECTION ( 'NONE',  ( 0.000000000000000000, 1.000000000000000000, 0.000000000000000000 ) ) ;
#2547 = DIRECTION ( 'NONE',  ( -1.000000000000000000, 0.000000000000000000, 0.000000000000000000 ) ) ;
#2548 = CARTESIAN_POINT ( 'NONE',  ( 0.08858267716535433989, 0.1299212598425196763, -0.07283464566929134798 ) ) ;
#2549 = DIRECTION ( 'NONE',  ( -1.734723475976804925E-15, 1.000000000000000000, 0.000000000000000000 ) ) ;
#2550 = EDGE_CURVE ( 'NONE', #2484, #2892, #3100, .T. ) ;
#2551 = ADVANCED_FACE ( 'NONE', ( #3386 ), #2037, .T. ) ;
#2552 = ORIENTED_EDGE ( 'NONE', *, *, #2861, .T. ) ;
#2553 = LINE ( 'NONE', #1235, #1662 ) ;
#2554 = DIRECTION ( 'NONE',  ( 0.000000000000000000, 0.000000000000000000, 1.000000000000000000 ) ) ;
#2555 = FILL_AREA_STYLE_COLOUR ( '', #955 ) ;
#2556 = ORIENTED_EDGE ( 'NONE', *, *, #3437, .T. ) ;
#2557 = CARTESIAN_POINT ( 'NONE',  ( 0.1122047244094488277, 0.1377952755905511861, 0.1181102362204724532 ) ) ;
#2558 = AXIS2_PLACEMENT_3D ( 'NONE', #1092, #1576, #3302 ) ;
#2559 = ORIENTED_EDGE ( 'NONE', *, *, #564, .T. ) ;
#2560 = ORIENTED_EDGE ( 'NONE', *, *, #2960, .T. ) ;
#2561 = CARTESIAN_POINT ( 'NONE',  ( -0.1653543307086614567, 0.003937007874015747977, -0.1023622047244094613 ) ) ;
#2562 = AXIS2_PLACEMENT_3D ( 'NONE', #3136, #2927, #1556 ) ;
#2563 = DIRECTION ( 'NONE',  ( 0.000000000000000000, 1.000000000000000000, 0.000000000000000000 ) ) ;
#2564 = SURFACE_STYLE_FILL_AREA ( #649 ) ;
#2565 = ORIENTED_EDGE ( 'NONE', *, *, #3180, .F. ) ;
#2566 = VECTOR ( 'NONE', #1168, 39.37007874015748143 ) ;
#2567 = ADVANCED_FACE ( 'NONE', ( #1463 ), #3150, .T. ) ;
#2568 = AXIS2_PLACEMENT_3D ( 'NONE', #1233, #2141, #706 ) ;
#2569 = CIRCLE ( 'NONE', #1607, 0.003937007874015741038 ) ;
#2570 = CARTESIAN_POINT ( 'NONE',  ( 0.1653543307086614567, 0.007874015748031495954, -0.1023622047244094613 ) ) ;
#2571 = DIRECTION ( 'NONE',  ( 0.000000000000000000, -1.000000000000000000, 0.000000000000000000 ) ) ;
#2572 = VECTOR ( 'NONE', #3295, 39.37007874015748143 ) ;
#2573 = EDGE_CURVE ( 'NONE', #3533, #2338, #232, .T. ) ;
#2574 = CIRCLE ( 'NONE', #3054, 0.003937007874015741038 ) ;
#2575 = EDGE_CURVE ( 'NONE', #1451, #935, #362, .T. ) ;
#2576 = CARTESIAN_POINT ( 'NONE',  ( 0.1181102362204724532, 0.000000000000000000, 0.1122047244094488277 ) ) ;
#2577 = CIRCLE ( 'NONE', #1907, 0.01574803149606299191 ) ;
#2578 = VECTOR ( 'NONE', #3304, 39.37007874015748143 ) ;
#2579 = CARTESIAN_POINT ( 'NONE',  ( 0.1181102362204724532, 0.1377952755905511861, 0.1122047244094488277 ) ) ;
#2580 = ORIENTED_EDGE ( 'NONE', *, *, #2738, .T. ) ;
#2581 = EDGE_CURVE ( 'NONE', #2425, #1119, #3441, .T. ) ;
#2582 = LINE ( 'NONE', #2382, #2523 ) ;
#2583 = CIRCLE ( 'NONE', #2524, 0.06549241906357028409 ) ;
#2584 = ORIENTED_EDGE ( 'NONE', *, *, #109, .F. ) ;
#2585 = ORIENTED_EDGE ( 'NONE', *, *, #3358, .T. ) ;
#2586 = DIRECTION ( 'NONE',  ( 0.000000000000000000, -1.000000000000000000, 0.000000000000000000 ) ) ;
#2587 = LINE ( 'NONE', #118, #3164 ) ;
#2588 = FACE_OUTER_BOUND ( 'NONE', #765, .T. ) ;
#2589 = FACE_OUTER_BOUND ( 'NONE', #2859, .T. ) ;
#2590 = ORIENTED_EDGE ( 'NONE', *, *, #3524, .T. ) ;
#2591 = CYLINDRICAL_SURFACE ( 'NONE', #2172, 0.01574803149606299191 ) ;
#2592 = ORIENTED_EDGE ( 'NONE', *, *, #2942, .T. ) ;
#2593 = PLANE ( 'NONE',  #521 ) ;
#2594 = DIRECTION ( 'NONE',  ( 1.734723475976804925E-15, -1.000000000000000000, 0.000000000000000000 ) ) ;
#2595 = DIRECTION ( 'NONE',  ( 1.000000000000000000, 0.000000000000000000, 0.000000000000000000 ) ) ;
#2596 = EDGE_CURVE ( 'NONE', #1005, #1002, #3240, .T. ) ;
#2597 = FACE_OUTER_BOUND ( 'NONE', #1609, .T. ) ;
#2598 = EDGE_CURVE ( 'NONE', #925, #1109, #2978, .T. ) ;
#2599 = DIRECTION ( 'NONE',  ( 0.000000000000000000, 0.000000000000000000, 1.000000000000000000 ) ) ;
#2600 = ORIENTED_EDGE ( 'NONE', *, *, #3070, .F. ) ;
#2601 = ORIENTED_EDGE ( 'NONE', *, *, #3545, .F. ) ;
#2602 = ORIENTED_EDGE ( 'NONE', *, *, #1236, .T. ) ;
#2603 = CARTESIAN_POINT ( 'NONE',  ( -0.1122047244094488277, 0.1299212598425196763, -0.1122047244094488277 ) ) ;
#2604 = CARTESIAN_POINT ( 'NONE',  ( -0.08858267716535433989, 0.1377952755905511861, -0.08858267716535433989 ) ) ;
#2605 = LINE ( 'NONE', #3208, #3385 ) ;
#2606 = DIRECTION ( 'NONE',  ( -1.000000000000000000, 0.000000000000000000, 0.000000000000000000 ) ) ;
#2607 = VERTEX_POINT ( 'NONE', #2327 ) ;
#2608 = CARTESIAN_POINT ( 'NONE',  ( 0.08858267716535433989, 0.1377952755905511861, -0.08858267716535433989 ) ) ;
#2609 = EDGE_LOOP ( 'NONE', ( #2206, #300, #3461, #225 ) ) ;
#2610 = DIRECTION ( 'NONE',  ( 1.000000000000000000, 0.000000000000000000, 0.000000000000000000 ) ) ;
#2611 = DIRECTION ( 'NONE',  ( 0.000000000000000000, 0.000000000000000000, -1.000000000000000000 ) ) ;
#2612 = CARTESIAN_POINT ( 'NONE',  ( -0.1181102362204724532, 0.03937007874015747977, 0.1023622047244094613 ) ) ;
#2613 = FACE_OUTER_BOUND ( 'NONE', #1020, .T. ) ;
#2614 = PLANE ( 'NONE',  #2856 ) ;
#2615 = VERTEX_POINT ( 'NONE', #2121 ) ;
#2616 = FILL_AREA_STYLE_COLOUR ( '', #1248 ) ;
#2617 = EDGE_CURVE ( 'NONE', #1440, #356, #1716, .T. ) ;
#2618 = EDGE_CURVE ( 'NONE', #2619, #3474, #1382, .T. ) ;
#2619 = VERTEX_POINT ( 'NONE', #2061 ) ;
#2620 = EDGE_LOOP ( 'NONE', ( #502, #1458 ) ) ;
#2621 = CARTESIAN_POINT ( 'NONE',  ( -0.1968503937007874127, 0.003937007874015747977, 0.1023622047244094613 ) ) ;
#2622 = PLANE ( 'NONE',  #1423 ) ;
#2623 = CIRCLE ( 'NONE', #1079, 0.01574803149606299885 ) ;
#2624 = CARTESIAN_POINT ( 'NONE',  ( 0.08858267716535433989, 0.1299212598425196763, 0.08858267716535433989 ) ) ;
#2625 = STYLED_ITEM ( 'NONE', ( #1129 ), #157 ) ;
#2626 = EDGE_LOOP ( 'NONE', ( #2975, #1976, #491, #3110 ) ) ;
#2627 = CIRCLE ( 'NONE', #1602, 0.01181102362204724046 ) ;
#2628 = DIRECTION ( 'NONE',  ( 0.000000000000000000, 1.000000000000000000, 0.000000000000000000 ) ) ;
#2629 = ORIENTED_EDGE ( 'NONE', *, *, #3131, .F. ) ;
#2630 = UNCERTAINTY_MEASURE_WITH_UNIT (LENGTH_MEASURE( 1.000000000000000082E-05 ), #985, 'distance_accuracy_value', 'NONE');
#2631 = AXIS2_PLACEMENT_3D ( 'NONE', #3554, #2188, #238 ) ;
#2632 = DIRECTION ( 'NONE',  ( 0.000000000000000000, 0.000000000000000000, -1.000000000000000000 ) ) ;
#2633 = DIRECTION ( 'NONE',  ( 0.000000000000000000, -1.000000000000000000, 0.000000000000000000 ) ) ;
#2634 = AXIS2_PLACEMENT_3D ( 'NONE', #2648, #184, #3528 ) ;
#2635 = DIRECTION ( 'NONE',  ( 0.000000000000000000, -1.000000000000000000, 0.000000000000000000 ) ) ;
#2636 = LINE ( 'NONE', #982, #2232 ) ;
#2637 = LINE ( 'NONE', #2107, #2981 ) ;
#2638 = ORIENTED_EDGE ( 'NONE', *, *, #2258, .T. ) ;
#2639 = AXIS2_PLACEMENT_3D ( 'NONE', #2624, #2349, #3500 ) ;
#2640 = CIRCLE ( 'NONE', #1481, 0.005905511811023620231 ) ;
#2641 = FACE_OUTER_BOUND ( 'NONE', #1443, .T. ) ;
#2642 = FACE_OUTER_BOUND ( 'NONE', #644, .T. ) ;
#2643 = CIRCLE ( 'NONE', #1147, 0.01181102362204724046 ) ;
#2644 = VECTOR ( 'NONE', #516, 39.37007874015748143 ) ;
#2645 = VERTEX_POINT ( 'NONE', #1568 ) ;
#2646 = ORIENTED_EDGE ( 'NONE', *, *, #1130, .F. ) ;
#2647 = CARTESIAN_POINT ( 'NONE',  ( -0.1653543307086614567, 0.007874015748031495954, -0.07480314960629921850 ) ) ;
#2648 = CARTESIAN_POINT ( 'NONE',  ( 0.000000000000000000, 0.1639734471595727938, 0.000000000000000000 ) ) ;
#2649 = AXIS2_PLACEMENT_3D ( 'NONE', #260, #1582, #1872 ) ;
#2650 = AXIS2_PLACEMENT_3D ( 'NONE', #2391, #2485, #3325 ) ;
#2651 = DIRECTION ( 'NONE',  ( 0.000000000000000000, 1.000000000000000000, 0.000000000000000000 ) ) ;
#2652 = EDGE_LOOP ( 'NONE', ( #152, #2238, #1820, #407 ) ) ;
#2653 = EDGE_CURVE ( 'NONE', #577, #1062, #971, .T. ) ;
#2654 = CARTESIAN_POINT ( 'NONE',  ( 0.1614173228346456879, 0.02755905511811023584, -0.07480314960629921850 ) ) ;
#2655 = ADVANCED_FACE ( 'NONE', ( #1877 ), #2901, .T. ) ;
#2656 = CARTESIAN_POINT ( 'NONE',  ( -0.1653543307086614567, 0.007874015748031495954, -0.07480314960629921850 ) ) ;
#2657 = ORIENTED_EDGE ( 'NONE', *, *, #1, .T. ) ;
#2658 = DIRECTION ( 'NONE',  ( 0.000000000000000000, 0.000000000000000000, -1.000000000000000000 ) ) ;
#2659 = DIRECTION ( 'NONE',  ( 0.000000000000000000, 0.000000000000000000, 1.000000000000000000 ) ) ;
#2660 = CARTESIAN_POINT ( 'NONE',  ( -0.08858267716535433989, 0.1377952755905511861, 0.08858267716535433989 ) ) ;
#2661 = DIRECTION ( 'NONE',  ( 1.000000000000000000, 0.000000000000000000, 0.000000000000000000 ) ) ;
#2662 = DIRECTION ( 'NONE',  ( 0.000000000000000000, 0.000000000000000000, -1.000000000000000000 ) ) ;
#2663 = VERTEX_POINT ( 'NONE', #2670 ) ;
#2664 = CARTESIAN_POINT ( 'NONE',  ( 0.1181102362204724532, 0.03937007874015747977, 0.1023622047244094613 ) ) ;
#2665 = CARTESIAN_POINT ( 'NONE',  ( -0.1535433070866141780, 0.007874015748031495954, 0.1023622047244094613 ) ) ;
#2666 = ORIENTED_EDGE ( 'NONE', *, *, #304, .T. ) ;
#2667 = ORIENTED_EDGE ( 'NONE', *, *, #2505, .F. ) ;
#2668 = FACE_OUTER_BOUND ( 'NONE', #2895, .T. ) ;
#2669 = FACE_OUTER_BOUND ( 'NONE', #2626, .T. ) ;
#2670 = CARTESIAN_POINT ( 'NONE',  ( -0.1496062992125984370, 0.03937007874015747977, 0.1023622047244094613 ) ) ;
#2671 = ORIENTED_EDGE ( 'NONE', *, *, #2839, .T. ) ;
#2672 = EDGE_CURVE ( 'NONE', #501, #3404, #3209, .T. ) ;
#2673 = EDGE_CURVE ( 'NONE', #692, #698, #2097, .T. ) ;
#2674 = DIRECTION ( 'NONE',  ( 1.734723475976804925E-15, -1.000000000000000000, 0.000000000000000000 ) ) ;
#2675 = ORIENTED_EDGE ( 'NONE', *, *, #1563, .F. ) ;
#2676 = UNCERTAINTY_MEASURE_WITH_UNIT (LENGTH_MEASURE( 1.000000000000000082E-05 ), #1652, 'distance_accuracy_value', 'NONE');
#2677 = CARTESIAN_POINT ( 'NONE',  ( 0.1181102362204724532, 0.03149606299212598381, -0.1023622047244094613 ) ) ;
#2678 = LINE ( 'NONE', #552, #2520 ) ;
#2679 = DIRECTION ( 'NONE',  ( 0.000000000000000000, 0.000000000000000000, 1.000000000000000000 ) ) ;
#2680 = DIRECTION ( 'NONE',  ( 0.000000000000000000, 0.000000000000000000, 1.000000000000000000 ) ) ;
#2681 = EDGE_LOOP ( 'NONE', ( #2209, #320 ) ) ;
#2682 = SPHERICAL_SURFACE ( 'NONE', #2933, 0.03937007874015747977 ) ;
#2683 = DIRECTION ( 'NONE',  ( 1.000000000000000000, 0.000000000000000000, 0.000000000000000000 ) ) ;
#2684 = ORIENTED_EDGE ( 'NONE', *, *, #2113, .T. ) ;
#2685 = VERTEX_POINT ( 'NONE', #991 ) ;
#2686 = DIRECTION ( 'NONE',  ( -1.000000000000000000, 1.016439536705159791E-16, 0.000000000000000000 ) ) ;
#2687 = CARTESIAN_POINT ( 'NONE',  ( 0.08858267716535433989, 0.1377952755905511861, 0.08858267716535433989 ) ) ;
#2688 = CARTESIAN_POINT ( 'NONE',  ( 0.1535433070866141780, 0.007874015748031495954, -0.1023622047244094613 ) ) ;
#2689 = EDGE_LOOP ( 'NONE', ( #2882, #1006, #2837, #1339 ) ) ;
#2690 = CIRCLE ( 'NONE', #1656, 0.07283464566929134798 ) ;
#2691 = DIRECTION ( 'NONE',  ( 0.000000000000000000, 1.000000000000000000, 0.000000000000000000 ) ) ;
#2692 = EDGE_LOOP ( 'NONE', ( #1212, #547, #3256, #1560 ) ) ;
#2693 = DIRECTION ( 'NONE',  ( -1.000000000000000000, 0.000000000000000000, 0.000000000000000000 ) ) ;
#2694 = EDGE_CURVE ( 'NONE', #2785, #199, #505, .T. ) ;
#2695 = AXIS2_PLACEMENT_3D ( 'NONE', #479, #215, #288 ) ;
#2696 = CARTESIAN_POINT ( 'NONE',  ( -0.08858267716535433989, 0.1456692913385826960, 0.08858267716535433989 ) ) ;
#2697 = VECTOR ( 'NONE', #1486, 39.37007874015748143 ) ;
#2698 = CARTESIAN_POINT ( 'NONE',  ( -0.1181102362204724532, 0.1299212598425196763, -0.1181102362204724532 ) ) ;
#2699 = DIRECTION ( 'NONE',  ( 0.000000000000000000, 0.000000000000000000, 1.000000000000000000 ) ) ;
#2700 = FACE_OUTER_BOUND ( 'NONE', #2743, .T. ) ;
#2701 = ORIENTED_EDGE ( 'NONE', *, *, #627, .F. ) ;
#2702 = EDGE_CURVE ( 'NONE', #3260, #2897, #1029, .T. ) ;
#2703 = DIRECTION ( 'NONE',  ( 0.000000000000000000, -1.000000000000000000, 0.000000000000000000 ) ) ;
#2704 = EDGE_CURVE ( 'NONE', #294, #1801, #2078, .T. ) ;
#2705 = CARTESIAN_POINT ( 'NONE',  ( 0.1614173228346456879, 0.02755905511811023584, 0.07480314960629921850 ) ) ;
#2706 = VECTOR ( 'NONE', #1876, 39.37007874015748143 ) ;
#2707 = CIRCLE ( 'NONE', #293, 0.003937007874015758385 ) ;
#2708 = ORIENTED_EDGE ( 'NONE', *, *, #2617, .F. ) ;
#2709 = AXIS2_PLACEMENT_3D ( 'NONE', #3207, #2346, #2076 ) ;
#2710 = ADVANCED_FACE ( 'NONE', ( #2368 ), #185, .F. ) ;
#2711 = ORIENTED_EDGE ( 'NONE', *, *, #2468, .T. ) ;
#2712 = DIRECTION ( 'NONE',  ( 1.000000000000000000, 0.000000000000000000, 0.000000000000000000 ) ) ;
#2713 = VECTOR ( 'NONE', #939, 39.37007874015748143 ) ;
#2714 = AXIS2_PLACEMENT_3D ( 'NONE', #1687, #3085, #1442 ) ;
#2715 = LINE ( 'NONE', #1932, #2572 ) ;
#2716 = ORIENTED_EDGE ( 'NONE', *, *, #1312, .T. ) ;
#2717 = DIRECTION ( 'NONE',  ( 0.000000000000000000, 0.000000000000000000, 1.000000000000000000 ) ) ;
#2718 = DIRECTION ( 'NONE',  ( 1.000000000000000000, 0.000000000000000000, 0.000000000000000000 ) ) ;
#2719 = ORIENTED_EDGE ( 'NONE', *, *, #3069, .T. ) ;
#2720 = UNCERTAINTY_MEASURE_WITH_UNIT (LENGTH_MEASURE( 1.000000000000000082E-05 ), #885, 'distance_accuracy_value', 'NONE');
#2721 = CARTESIAN_POINT ( 'NONE',  ( -0.1181102362204724532, 0.000000000000000000, -0.1122047244094488277 ) ) ;
#2722 = CARTESIAN_POINT ( 'NONE',  ( 0.1181102362204724532, 0.03937007874015747977, 0.07480314960629921850 ) ) ;
#2723 = LINE ( 'NONE', #2419, #576 ) ;
#2724 = CARTESIAN_POINT ( 'NONE',  ( 0.1653543307086614567, 0.003937007874015747977, -0.07480314960629921850 ) ) ;
#2725 = DIRECTION ( 'NONE',  ( 0.000000000000000000, 0.000000000000000000, 1.000000000000000000 ) ) ;
#2726 = ORIENTED_EDGE ( 'NONE', *, *, #3377, .T. ) ;
#2727 = FACE_OUTER_BOUND ( 'NONE', #964, .T. ) ;
#2728 = CARTESIAN_POINT ( 'NONE',  ( 0.1653543307086614567, 0.003937007874015747977, 0.1023622047244094613 ) ) ;
#2729 = EDGE_CURVE ( 'NONE', #326, #2824, #741, .T. ) ;
#2730 = EDGE_CURVE ( 'NONE', #3409, #2193, #224, .T. ) ;
#2731 = VERTEX_POINT ( 'NONE', #468 ) ;
#2732 = VERTEX_POINT ( 'NONE', #1859 ) ;
#2733 = CARTESIAN_POINT ( 'NONE',  ( -0.1181102362204724532, 0.03149606299212598381, 0.1023622047244094613 ) ) ;
#2734 = ORIENTED_EDGE ( 'NONE', *, *, #132, .T. ) ;
#2735 = CARTESIAN_POINT ( 'NONE',  ( 0.1535433070866141780, 0.007874015748031495954, -0.1023622047244094613 ) ) ;
#2736 = DIRECTION ( 'NONE',  ( 0.000000000000000000, 1.000000000000000000, 0.000000000000000000 ) ) ;
#2737 = ORIENTED_EDGE ( 'NONE', *, *, #1881, .F. ) ;
#2738 = EDGE_CURVE ( 'NONE', #2732, #2864, #3156, .T. ) ;
#2739 = DIRECTION ( 'NONE',  ( -1.016439536705159791E-16, -1.000000000000000000, 0.000000000000000000 ) ) ;
#2740 = DIRECTION ( 'NONE',  ( 0.000000000000000000, -1.000000000000000000, 0.000000000000000000 ) ) ;
#2741 = CARTESIAN_POINT ( 'NONE',  ( -0.1181102362204724532, 0.1299212598425196763, -0.1181102362204724532 ) ) ;
#2742 = CARTESIAN_POINT ( 'NONE',  ( -0.1496062992125984370, 0.03937007874015747977, 0.07480314960629921850 ) ) ;
#2743 = EDGE_LOOP ( 'NONE', ( #701, #2790, #535, #1759 ) ) ;
#2744 = ORIENTED_EDGE ( 'NONE', *, *, #3311, .T. ) ;
#2745 = ADVANCED_FACE ( 'NONE', ( #160 ), #1587, .T. ) ;
#2746 = EDGE_CURVE ( 'NONE', #2748, #1165, #2707, .T. ) ;
#2747 = CARTESIAN_POINT ( 'NONE',  ( 0.1535433070866141780, 0.02755905511811023584, 0.1023622047244094613 ) ) ;
#2748 = VERTEX_POINT ( 'NONE', #561 ) ;
#2749 = CARTESIAN_POINT ( 'NONE',  ( 0.1653543307086614567, 0.007874015748031495954, -0.1023622047244094613 ) ) ;
#2750 = EDGE_CURVE ( 'NONE', #1109, #3329, #1610, .T. ) ;
#2751 = FACE_OUTER_BOUND ( 'NONE', #2011, .T. ) ;
#2752 = ORIENTED_EDGE ( 'NONE', *, *, #1515, .T. ) ;
#2753 = PRODUCT_DEFINITION_CONTEXT ( 'detailed design', #3081, 'design' ) ;
#2754 = LINE ( 'NONE', #1381, #1239 ) ;
#2755 = AXIS2_PLACEMENT_3D ( 'NONE', #3381, #630, #1990 ) ;
#2756 = CIRCLE ( 'NONE', #1529, 0.005905511811023620231 ) ;
#2757 = CARTESIAN_POINT ( 'NONE',  ( 0.1653543307086614567, 0.007874015748031495954, -0.1023622047244094613 ) ) ;
#2758 = CARTESIAN_POINT ( 'NONE',  ( 0.08858267716535433989, 0.1377952755905511861, -0.08858267716535433989 ) ) ;
#2759 = DIRECTION ( 'NONE',  ( 0.000000000000000000, 1.000000000000000000, 0.000000000000000000 ) ) ;
#2760 = ORIENTED_EDGE ( 'NONE', *, *, #1, .F. ) ;
#2761 = ORIENTED_EDGE ( 'NONE', *, *, #212, .F. ) ;
#2762 = AXIS2_PLACEMENT_3D ( 'NONE', #3562, #1086, #2486 ) ;
#2763 = VECTOR ( 'NONE', #1755, 39.37007874015748143 ) ;
#2764 = AXIS2_PLACEMENT_3D ( 'NONE', #2386, #1521, #1008 ) ;
#2765 = CARTESIAN_POINT ( 'NONE',  ( 0.1181102362204724532, 0.000000000000000000, -0.1181102362204724532 ) ) ;
#2766 = ORIENTED_EDGE ( 'NONE', *, *, #3357, .F. ) ;
#2767 = DIRECTION ( 'NONE',  ( 0.000000000000000000, 0.000000000000000000, -1.000000000000000000 ) ) ;
#2768 = AXIS2_PLACEMENT_3D ( 'NONE', #2208, #1897, #834 ) ;
#2769 = VECTOR ( 'NONE', #1557, 39.37007874015748143 ) ;
#2770 = EDGE_CURVE ( 'NONE', #2197, #562, #3031, .T. ) ;
#2771 = AXIS2_PLACEMENT_3D ( 'NONE', #2570, #2554, #2277 ) ;
#2772 = ADVANCED_FACE ( 'NONE', ( #1657 ), #1392, .F. ) ;
#2773 = ORIENTED_EDGE ( 'NONE', *, *, #422, .T. ) ;
#2774 = CARTESIAN_POINT ( 'NONE',  ( -0.1653543307086614567, 0.007874015748031495954, 0.1023622047244094613 ) ) ;
#2775 = AXIS2_PLACEMENT_3D ( 'NONE', #656, #1748, #942 ) ;
#2776 = AXIS2_PLACEMENT_3D ( 'NONE', #370, #660, #2306 ) ;
#2777 = CARTESIAN_POINT ( 'NONE',  ( 0.1653543307086614567, -0.003937007874015747977, -0.1023622047244094613 ) ) ;
#2778 = SURFACE_STYLE_FILL_AREA ( #3025 ) ;
#2779 = ORIENTED_EDGE ( 'NONE', *, *, #1068, .T. ) ;
#2780 = LINE ( 'NONE', #265, #1771 ) ;
#2781 = EDGE_LOOP ( 'NONE', ( #2020, #1126 ) ) ;
#2782 = CARTESIAN_POINT ( 'NONE',  ( 0.1496062992125984370, 0.03937007874015747977, -0.1023622047244094613 ) ) ;
#2783 = CARTESIAN_POINT ( 'NONE',  ( -0.1181102362204724532, 0.1377952755905511861, -0.1181102362204724532 ) ) ;
#2784 = CARTESIAN_POINT ( 'NONE',  ( 0.1653543307086614567, 0.003937007874015747977, -0.1023622047244094613 ) ) ;
#2785 = VERTEX_POINT ( 'NONE', #2747 ) ;
#2786 = EDGE_CURVE ( 'NONE', #2731, #3192, #3323, .T. ) ;
#2787 = EDGE_CURVE ( 'NONE', #1440, #1422, #845, .T. ) ;
#2788 = DIRECTION ( 'NONE',  ( 0.000000000000000000, 1.000000000000000000, 0.000000000000000000 ) ) ;
#2789 = CARTESIAN_POINT ( 'NONE',  ( 0.1653543307086614567, 0.007874015748031495954, -0.07480314960629921850 ) ) ;
#2790 = ORIENTED_EDGE ( 'NONE', *, *, #304, .F. ) ;
#2791 = EDGE_LOOP ( 'NONE', ( #1750, #2737, #1696, #874 ) ) ;
#2792 = CARTESIAN_POINT ( 'NONE',  ( -0.08858267716535433989, 0.1377952755905511861, -0.1043307086614173457 ) ) ;
#2793 = ORIENTED_EDGE ( 'NONE', *, *, #998, .F. ) ;
#2794 = DIRECTION ( 'NONE',  ( -1.000000000000000000, 0.000000000000000000, 0.000000000000000000 ) ) ;
#2795 = DIRECTION ( 'NONE',  ( 0.000000000000000000, 0.000000000000000000, 1.000000000000000000 ) ) ;
#2796 = CARTESIAN_POINT ( 'NONE',  ( 0.08858267716535433989, 0.1456692913385826960, 0.1122047244094488277 ) ) ;
#2797 = ORIENTED_EDGE ( 'NONE', *, *, #948, .F. ) ;
#2798 = DIRECTION ( 'NONE',  ( -1.000000000000000000, 0.000000000000000000, 0.000000000000000000 ) ) ;
#2799 =( CONVERSION_BASED_UNIT ( 'INCH', #1699 ) LENGTH_UNIT ( ) NAMED_UNIT ( #2418 ) );
#2800 = DIRECTION ( 'NONE',  ( 0.000000000000000000, 0.000000000000000000, -1.000000000000000000 ) ) ;
#2801 = MECHANICAL_DESIGN_GEOMETRIC_PRESENTATION_REPRESENTATION (  '', ( #3279 ), #1023 ) ;
#2802 = EDGE_CURVE ( 'NONE', #3206, #1893, #250, .T. ) ;
#2803 = ORIENTED_EDGE ( 'NONE', *, *, #1068, .F. ) ;
#2804 = EDGE_CURVE ( 'NONE', #343, #1831, #2444, .T. ) ;
#2805 = ORIENTED_EDGE ( 'NONE', *, *, #1928, .T. ) ;
#2806 = EDGE_CURVE ( 'NONE', #861, #20, #1477, .T. ) ;
#2807 = CARTESIAN_POINT ( 'NONE',  ( -0.1535433070866141780, 0.02755905511811023584, 0.1023622047244094613 ) ) ;
#2808 = ORIENTED_EDGE ( 'NONE', *, *, #1621, .F. ) ;
#2809 = AXIS2_PLACEMENT_3D ( 'NONE', #1218, #923, #2311 ) ;
#2810 = ORIENTED_EDGE ( 'NONE', *, *, #2581, .T. ) ;
#2811 = CARTESIAN_POINT ( 'NONE',  ( -0.1496062992125984370, 0.02755905511811023584, -0.1023622047244094613 ) ) ;
#2812 = DIRECTION ( 'NONE',  ( 0.000000000000000000, 0.000000000000000000, 1.000000000000000000 ) ) ;
#2813 = VECTOR ( 'NONE', #732, 39.37007874015748143 ) ;
#2814 = CARTESIAN_POINT ( 'NONE',  ( 0.08858267716535433989, 0.1377952755905511861, -0.1043307086614173457 ) ) ;
#2815 = EDGE_LOOP ( 'NONE', ( #2237, #456, #121, #1676 ) ) ;
#2816 = CIRCLE ( 'NONE', #1900, 0.01574803149606299191 ) ;
#2817 = CIRCLE ( 'NONE', #862, 0.02362204724409448092 ) ;
#2818 = VECTOR ( 'NONE', #3076, 39.37007874015748143 ) ;
#2819 = CIRCLE ( 'NONE', #865, 0.02362204724409448092 ) ;
#2820 = CARTESIAN_POINT ( 'NONE',  ( 0.1496062992125984370, 0.03937007874015747977, 0.07480314960629921850 ) ) ;
#2821 = AXIS2_PLACEMENT_3D ( 'NONE', #700, #3124, #2363 ) ;
#2822 = VECTOR ( 'NONE', #2253, 39.37007874015748143 ) ;
#2823 = LINE ( 'NONE', #2236, #2325 ) ;
#2824 = VERTEX_POINT ( 'NONE', #1945 ) ;
#2825 = EDGE_CURVE ( 'NONE', #1191, #2170, #1108, .T. ) ;
#2826 = EDGE_CURVE ( 'NONE', #1893, #756, #299, .T. ) ;
#2827 = VERTEX_POINT ( 'NONE', #3275 ) ;
#2828 = ORIENTED_EDGE ( 'NONE', *, *, #2375, .T. ) ;
#2829 = CYLINDRICAL_SURFACE ( 'NONE', #1462, 0.005905511811023620231 ) ;
#2830 = DIRECTION ( 'NONE',  ( 1.000000000000000000, -1.016439536705159791E-16, 0.000000000000000000 ) ) ;
#2831 = ORIENTED_EDGE ( 'NONE', *, *, #2376, .F. ) ;
#2832 = CARTESIAN_POINT ( 'NONE',  ( 0.000000000000000000, 0.1633858267716535584, 0.000000000000000000 ) ) ;
#2833 = DIRECTION ( 'NONE',  ( 0.000000000000000000, 0.000000000000000000, 1.000000000000000000 ) ) ;
#2834 =( LENGTH_UNIT ( ) NAMED_UNIT ( * ) SI_UNIT ( $, .METRE. ) );
#2835 = ORIENTED_EDGE ( 'NONE', *, *, #2042, .F. ) ;
#2836 = ORIENTED_EDGE ( 'NONE', *, *, #3522, .F. ) ;
#2837 = ORIENTED_EDGE ( 'NONE', *, *, #1545, .T. ) ;
#2838 = LINE ( 'NONE', #83, #1415 ) ;
#2839 = EDGE_CURVE ( 'NONE', #2892, #678, #2483, .T. ) ;
#2840 = DIRECTION ( 'NONE',  ( 0.000000000000000000, -1.000000000000000000, 0.000000000000000000 ) ) ;
#2841 = LINE ( 'NONE', #3129, #804 ) ;
#2842 = ADVANCED_FACE ( 'NONE', ( #279 ), #1065, .F. ) ;
#2843 = CARTESIAN_POINT ( 'NONE',  ( -0.1181102362204724532, 0.03937007874015747977, -0.1023622047244094613 ) ) ;
#2844 = ORIENTED_EDGE ( 'NONE', *, *, #3052, .T. ) ;
#2845 = ADVANCED_FACE ( 'NONE', ( #798 ), #2496, .T. ) ;
#2846 = DIRECTION ( 'NONE',  ( 0.000000000000000000, 1.000000000000000000, 0.000000000000000000 ) ) ;
#2847 = EDGE_CURVE ( 'NONE', #657, #1002, #2715, .T. ) ;
#2848 = EDGE_CURVE ( 'NONE', #1379, #1172, #1628, .T. ) ;
#2849 = CARTESIAN_POINT ( 'NONE',  ( 0.08858267716535433989, 0.1377952755905511861, 0.1043307086614173457 ) ) ;
#2850 = FACE_OUTER_BOUND ( 'NONE', #1407, .T. ) ;
#2851 = DIRECTION ( 'NONE',  ( 0.000000000000000000, -1.000000000000000000, 0.000000000000000000 ) ) ;
#2852 = EDGE_LOOP ( 'NONE', ( #3141, #2329, #3171, #3068 ) ) ;
#2853 = VERTEX_POINT ( 'NONE', #2733 ) ;
#2854 =( NAMED_UNIT ( * ) SI_UNIT ( $, .STERADIAN. ) SOLID_ANGLE_UNIT ( ) );
#2855 = LINE ( 'NONE', #1437, #2822 ) ;
#2856 = AXIS2_PLACEMENT_3D ( 'NONE', #940, #2088, #715 ) ;
#2857 = DIRECTION ( 'NONE',  ( 0.000000000000000000, 0.000000000000000000, 1.000000000000000000 ) ) ;
#2858 = CIRCLE ( 'NONE', #2988, 0.005905511811023620231 ) ;
#2859 = EDGE_LOOP ( 'NONE', ( #1856, #794, #3364, #1342 ) ) ;
#2860 = CIRCLE ( 'NONE', #2634, 0.06549241906357028409 ) ;
#2861 = EDGE_CURVE ( 'NONE', #1581, #593, #2780, .T. ) ;
#2862 = EDGE_CURVE ( 'NONE', #821, #944, #64, .T. ) ;
#2863 = AXIS2_PLACEMENT_3D ( 'NONE', #685, #2881, #2549 ) ;
#2864 = VERTEX_POINT ( 'NONE', #1372 ) ;
#2865 = FACE_OUTER_BOUND ( 'NONE', #988, .T. ) ;
#2866 = DIRECTION ( 'NONE',  ( 0.000000000000000000, 0.000000000000000000, -1.000000000000000000 ) ) ;
#2867 = CIRCLE ( 'NONE', #2231, 0.01574803149606299191 ) ;
#2868 = CIRCLE ( 'NONE', #578, 0.06889763779527559306 ) ;
#2869 = CARTESIAN_POINT ( 'NONE',  ( 0.1122047244094488277, 0.1377952755905511861, 0.1181102362204724532 ) ) ;
#2870 = VECTOR ( 'NONE', #2674, 39.37007874015748143 ) ;
#2871 = AXIS2_PLACEMENT_3D ( 'NONE', #1868, #1670, #2969 ) ;
#2872 = CARTESIAN_POINT ( 'NONE',  ( -0.1122047244094488277, 0.1377952755905511861, -0.1122047244094488277 ) ) ;
#2873 = DIRECTION ( 'NONE',  ( 0.000000000000000000, -1.000000000000000000, 0.000000000000000000 ) ) ;
#2874 = VERTEX_POINT ( 'NONE', #1510 ) ;
#2875 = DIRECTION ( 'NONE',  ( -1.000000000000000000, 0.000000000000000000, 0.000000000000000000 ) ) ;
#2876 = AXIS2_PLACEMENT_3D ( 'NONE', #946, #2022, #2036 ) ;
#2877 = VERTEX_POINT ( 'NONE', #1207 ) ;
#2878 = ORIENTED_EDGE ( 'NONE', *, *, #444, .F. ) ;
#2879 = CYLINDRICAL_SURFACE ( 'NONE', #110, 0.01574803149606299885 ) ;
#2880 = CARTESIAN_POINT ( 'NONE',  ( 0.1181102362204724532, 0.03149606299212598381, -0.07480314960629921850 ) ) ;
#2881 = DIRECTION ( 'NONE',  ( -1.000000000000000000, -1.734723475976804925E-15, 0.000000000000000000 ) ) ;
#2882 = ORIENTED_EDGE ( 'NONE', *, *, #2804, .F. ) ;
#2883 = CARTESIAN_POINT ( 'NONE',  ( -0.08858267716535433989, 0.1299212598425196763, 0.08858267716535433989 ) ) ;
#2884 = ORIENTED_EDGE ( 'NONE', *, *, #1572, .T. ) ;
#2885 = CYLINDRICAL_SURFACE ( 'NONE', #2348, 0.005905511811023620231 ) ;
#2886 = EDGE_CURVE ( 'NONE', #3457, #593, #146, .T. ) ;
#2887 = FACE_OUTER_BOUND ( 'NONE', #1794, .T. ) ;
#2888 = ADVANCED_FACE ( 'NONE', ( #2509 ), #170, .T. ) ;
#2889 = DIRECTION ( 'NONE',  ( 0.000000000000000000, -1.000000000000000000, 0.000000000000000000 ) ) ;
#2890 = DIRECTION ( 'NONE',  ( 1.000000000000000000, 0.000000000000000000, 0.000000000000000000 ) ) ;
#2891 = FACE_OUTER_BOUND ( 'NONE', #910, .T. ) ;
#2892 = VERTEX_POINT ( 'NONE', #2576 ) ;
#2893 = CARTESIAN_POINT ( 'NONE',  ( 0.1535433070866141780, 0.007874015748031495954, 0.07480314960629921850 ) ) ;
#2894 = CARTESIAN_POINT ( 'NONE',  ( -0.1535433070866141780, 0.02755905511811023584, 0.1023622047244094613 ) ) ;
#2895 = EDGE_LOOP ( 'NONE', ( #1811, #3542, #2565, #702 ) ) ;
#2896 = APPLICATION_CONTEXT ( 'automotive_design' ) ;
#2897 = VERTEX_POINT ( 'NONE', #60 ) ;
#2898 = LINE ( 'NONE', #2290, #560 ) ;
#2899 = DIRECTION ( 'NONE',  ( 1.000000000000000000, 0.000000000000000000, 0.000000000000000000 ) ) ;
#2900 = FACE_OUTER_BOUND ( 'NONE', #2285, .T. ) ;
#2901 = PLANE ( 'NONE',  #1768 ) ;
#2902 = ORIENTED_EDGE ( 'NONE', *, *, #2140, .F. ) ;
#2903 = PLANE ( 'NONE',  #1674 ) ;
#2904 = ORIENTED_EDGE ( 'NONE', *, *, #3395, .T. ) ;
#2905 = LINE ( 'NONE', #1013, #67 ) ;
#2906 = CARTESIAN_POINT ( 'NONE',  ( -0.1968503937007874127, -0.003937007874015747977, 0.1023622047244094613 ) ) ;
#2907 = DIRECTION ( 'NONE',  ( 0.000000000000000000, 0.000000000000000000, -1.000000000000000000 ) ) ;
#2908 = DIRECTION ( 'NONE',  ( -0.000000000000000000, 1.000000000000000000, 0.000000000000000000 ) ) ;
#2909 = DIRECTION ( 'NONE',  ( 0.000000000000000000, -1.000000000000000000, 0.000000000000000000 ) ) ;
#2910 = EDGE_LOOP ( 'NONE', ( #3146, #220, #1297, #3525, #1107, #2075, #2752, #3078, #2744, #1941, #531, #2092 ) ) ;
#2911 = DIRECTION ( 'NONE',  ( 1.000000000000000000, 0.000000000000000000, 0.000000000000000000 ) ) ;
#2912 = DIRECTION ( 'NONE',  ( 0.000000000000000000, 0.000000000000000000, -1.000000000000000000 ) ) ;
#2913 = EDGE_CURVE ( 'NONE', #501, #1524, #3000, .T. ) ;
#2914 = CLOSED_SHELL ( 'NONE', ( #2357, #2964, #1227, #1377, #3492, #1299, #1070, #37, #1698, #2446, #1469, #3321, #158, #2772, #3566, #872, #22, #1838, #2745, #1593 ) ) ;
#2915 = EDGE_CURVE ( 'NONE', #3176, #3145, #1474, .T. ) ;
#2916 = VERTEX_POINT ( 'NONE', #2792 ) ;
#2917 = ORIENTED_EDGE ( 'NONE', *, *, #1569, .T. ) ;
#2918 = CARTESIAN_POINT ( 'NONE',  ( 8.020508137461845147E-18, 0.1639734471595727938, -0.06549241906357028409 ) ) ;
#2919 = CARTESIAN_POINT ( 'NONE',  ( 0.1653543307086614567, -0.003937007874015747977, 0.1023622047244094613 ) ) ;
#2920 = VECTOR ( 'NONE', #1175, 39.37007874015748143 ) ;
#2921 = EDGE_CURVE ( 'NONE', #3233, #2398, #2469, .T. ) ;
#2922 = CARTESIAN_POINT ( 'NONE',  ( 0.1968503937007874127, -0.003937007874015747977, 0.1023622047244094613 ) ) ;
#2923 = ORIENTED_EDGE ( 'NONE', *, *, #2139, .T. ) ;
#2924 = DIRECTION ( 'NONE',  ( 0.000000000000000000, 0.000000000000000000, 1.000000000000000000 ) ) ;
#2925 = VERTEX_POINT ( 'NONE', #2046 ) ;
#2926 = DIRECTION ( 'NONE',  ( 0.000000000000000000, 1.000000000000000000, 0.000000000000000000 ) ) ;
#2927 = DIRECTION ( 'NONE',  ( 0.000000000000000000, -1.000000000000000000, 0.000000000000000000 ) ) ;
#2928 = CARTESIAN_POINT ( 'NONE',  ( -0.1653543307086614567, -0.003937007874015747977, 0.1023622047244094613 ) ) ;
#2929 = DIRECTION ( 'NONE',  ( -1.000000000000000000, 0.000000000000000000, 0.000000000000000000 ) ) ;
#2930 = DIRECTION ( 'NONE',  ( 1.000000000000000000, 0.000000000000000000, 0.000000000000000000 ) ) ;
#2931 = ORIENTED_EDGE ( 'NONE', *, *, #1700, .F. ) ;
#2932 = PRESENTATION_LAYER_ASSIGNMENT (  '', '', ( #2339 ) ) ;
#2933 = AXIS2_PLACEMENT_3D ( 'NONE', #961, #1288, #217 ) ;
#2934 =( NAMED_UNIT ( * ) SI_UNIT ( $, .STERADIAN. ) SOLID_ANGLE_UNIT ( ) );
#2935 = VECTOR ( 'NONE', #3048, 39.37007874015748143 ) ;
#2936 = ORIENTED_EDGE ( 'NONE', *, *, #2862, .T. ) ;
#2937 = ORIENTED_EDGE ( 'NONE', *, *, #303, .T. ) ;
#2938 = DIRECTION ( 'NONE',  ( 1.000000000000000000, 0.000000000000000000, 0.000000000000000000 ) ) ;
#2939 = CARTESIAN_POINT ( 'NONE',  ( -0.1181102362204724532, 0.1377952755905511861, -0.1181102362204724532 ) ) ;
#2940 = EDGE_CURVE ( 'NONE', #3282, #1684, #3407, .T. ) ;
#2941 = VECTOR ( 'NONE', #1761, 39.37007874015748143 ) ;
#2942 = EDGE_CURVE ( 'NONE', #2161, #1954, #2643, .T. ) ;
#2943 = DIRECTION ( 'NONE',  ( 0.000000000000000000, 1.000000000000000000, 0.000000000000000000 ) ) ;
#2944 = ORIENTED_EDGE ( 'NONE', *, *, #2653, .F. ) ;
#2945 = CARTESIAN_POINT ( 'NONE',  ( -0.1653543307086614567, -0.003937007874015747977, -0.07480314960629921850 ) ) ;
#2946 = ORIENTED_EDGE ( 'NONE', *, *, #1659, .F. ) ;
#2947 = DIRECTION ( 'NONE',  ( 0.000000000000000000, 0.000000000000000000, -1.000000000000000000 ) ) ;
#2948 = DIRECTION ( 'NONE',  ( 0.000000000000000000, 0.000000000000000000, -1.000000000000000000 ) ) ;
#2949 = DIRECTION ( 'NONE',  ( 0.000000000000000000, 1.000000000000000000, 0.000000000000000000 ) ) ;
#2950 = CARTESIAN_POINT ( 'NONE',  ( -0.1181102362204724532, 0.03937007874015747977, 0.07480314960629921850 ) ) ;
#2951 = LINE ( 'NONE', #1330, #1375 ) ;
#2952 = ORIENTED_EDGE ( 'NONE', *, *, #1170, .F. ) ;
#2953 =( LENGTH_UNIT ( ) NAMED_UNIT ( * ) SI_UNIT ( $, .METRE. ) );
#2954 = DIRECTION ( 'NONE',  ( 1.734723475976804925E-15, -1.000000000000000000, 0.000000000000000000 ) ) ;
#2955 = ORIENTED_EDGE ( 'NONE', *, *, #2534, .F. ) ;
#2956 = ORIENTED_EDGE ( 'NONE', *, *, #235, .T. ) ;
#2957 = DIRECTION ( 'NONE',  ( 0.000000000000000000, 0.000000000000000000, -1.000000000000000000 ) ) ;
#2958 = DIRECTION ( 'NONE',  ( 0.000000000000000000, 0.000000000000000000, 1.000000000000000000 ) ) ;
#2959 = DIRECTION ( 'NONE',  ( 0.000000000000000000, 1.000000000000000000, 0.000000000000000000 ) ) ;
#2960 = EDGE_CURVE ( 'NONE', #609, #894, #1193, .T. ) ;
#2961 = ORIENTED_EDGE ( 'NONE', *, *, #2428, .F. ) ;
#2962 = PLANE ( 'NONE',  #2411 ) ;
#2963 = EDGE_CURVE ( 'NONE', #638, #3028, #1240, .T. ) ;
#2964 = ADVANCED_FACE ( 'NONE', ( #3137 ), #111, .F. ) ;
#2965 = ORIENTED_EDGE ( 'NONE', *, *, #3343, .F. ) ;
#2966 = DIRECTION ( 'NONE',  ( -1.016439536705159791E-16, -1.000000000000000000, 0.000000000000000000 ) ) ;
#2967 = PLANE ( 'NONE',  #504 ) ;
#2968 = CARTESIAN_POINT ( 'NONE',  ( -0.1653543307086614567, 0.007874015748031495954, 0.07480314960629921850 ) ) ;
#2969 = DIRECTION ( 'NONE',  ( 0.000000000000000000, 0.000000000000000000, -1.000000000000000000 ) ) ;
#2970 = CARTESIAN_POINT ( 'NONE',  ( -0.1496062992125984370, 0.02755905511811023584, 0.1023622047244094613 ) ) ;
#2971 = ORIENTED_EDGE ( 'NONE', *, *, #3229, .F. ) ;
#2972 = CARTESIAN_POINT ( 'NONE',  ( 0.08858267716535433989, 0.1377952755905511861, -0.08858267716535433989 ) ) ;
#2973 = CARTESIAN_POINT ( 'NONE',  ( 0.1496062992125984370, 0.03149606299212598381, -0.1023622047244094613 ) ) ;
#2974 = ORIENTED_EDGE ( 'NONE', *, *, #1004, .T. ) ;
#2975 = ORIENTED_EDGE ( 'NONE', *, *, #1682, .T. ) ;
#2976 = DIRECTION ( 'NONE',  ( -1.016439536705159791E-16, -1.000000000000000000, 0.000000000000000000 ) ) ;
#2977 = DIRECTION ( 'NONE',  ( 0.000000000000000000, 0.000000000000000000, -1.000000000000000000 ) ) ;
#2978 = LINE ( 'NONE', #2688, #683 ) ;
#2979 = ORIENTED_EDGE ( 'NONE', *, *, #2575, .F. ) ;
#2980 = CIRCLE ( 'NONE', #1654, 0.02362204724409448092 ) ;
#2981 = VECTOR ( 'NONE', #1286, 39.37007874015748143 ) ;
#2982 = APPLICATION_PROTOCOL_DEFINITION ( 'draft international standard', 'automotive_design', 1998, #2896 ) ;
#2983 = CARTESIAN_POINT ( 'NONE',  ( -0.1496062992125984370, 0.02755905511811023584, -0.1023622047244094613 ) ) ;
#2984 = ORIENTED_EDGE ( 'NONE', *, *, #3411, .F. ) ;
#2985 = CARTESIAN_POINT ( 'NONE',  ( -0.1181102362204724532, 0.03149606299212598381, 0.1023622047244094613 ) ) ;
#2986 = EDGE_CURVE ( 'NONE', #544, #830, #1804, .T. ) ;
#2987 = ADVANCED_FACE ( 'NONE', ( #1764 ), #695, .T. ) ;
#2988 = AXIS2_PLACEMENT_3D ( 'NONE', #2257, #3084, #1466 ) ;
#2989 = DIRECTION ( 'NONE',  ( 0.000000000000000000, 0.000000000000000000, 1.000000000000000000 ) ) ;
#2990 = LINE ( 'NONE', #2777, #1614 ) ;
#2991 = DIRECTION ( 'NONE',  ( 0.000000000000000000, -1.000000000000000000, 0.000000000000000000 ) ) ;
#2992 = VERTEX_POINT ( 'NONE', #607 ) ;
#2993 = PLANE ( 'NONE',  #244 ) ;
#2994 = VECTOR ( 'NONE', #3476, 39.37007874015748143 ) ;
#2995 = VECTOR ( 'NONE', #1966, 39.37007874015748143 ) ;
#2996 = VERTEX_POINT ( 'NONE', #2315 ) ;
#2997 = VECTOR ( 'NONE', #3470, 39.37007874015748143 ) ;
#2998 = VERTEX_POINT ( 'NONE', #3449 ) ;
#2999 = DIRECTION ( 'NONE',  ( -1.000000000000000000, 0.000000000000000000, 0.000000000000000000 ) ) ;
#3000 = CIRCLE ( 'NONE', #297, 0.01574803149606299191 ) ;
#3001 = AXIS2_PLACEMENT_3D ( 'NONE', #2478, #3040, #1363 ) ;
#3002 = CARTESIAN_POINT ( 'NONE',  ( 0.1653543307086614567, 0.007874015748031495954, -0.07480314960629921850 ) ) ;
#3003 = ORIENTED_EDGE ( 'NONE', *, *, #1659, .T. ) ;
#3004 = CIRCLE ( 'NONE', #2059, 0.005905511811023620231 ) ;
#3005 = VECTOR ( 'NONE', #1948, 39.37007874015748143 ) ;
#3006 = CARTESIAN_POINT ( 'NONE',  ( 0.1122047244094488277, 0.1299212598425196763, 0.1122047244094488277 ) ) ;
#3007 = DIRECTION ( 'NONE',  ( 0.000000000000000000, 0.000000000000000000, -1.000000000000000000 ) ) ;
#3008 = ORIENTED_EDGE ( 'NONE', *, *, #1728, .T. ) ;
#3009 = CARTESIAN_POINT ( 'NONE',  ( 0.1653543307086614567, 0.007874015748031495954, -0.1023622047244094613 ) ) ;
#3010 = LINE ( 'NONE', #537, #105 ) ;
#3011 = LINE ( 'NONE', #1114, #2578 ) ;
#3012 = DIRECTION ( 'NONE',  ( 0.000000000000000000, 0.000000000000000000, 1.000000000000000000 ) ) ;
#3013 = SURFACE_SIDE_STYLE ('',( #2150 ) ) ;
#3014 = LINE ( 'NONE', #541, #1671 ) ;
#3015 = ORIENTED_EDGE ( 'NONE', *, *, #1763, .F. ) ;
#3016 = ORIENTED_EDGE ( 'NONE', *, *, #3345, .T. ) ;
#3017 = DIRECTION ( 'NONE',  ( -1.000000000000000000, 0.000000000000000000, 0.000000000000000000 ) ) ;
#3018 = EDGE_LOOP ( 'NONE', ( #316, #2961, #832, #1369 ) ) ;
#3019 = CARTESIAN_POINT ( 'NONE',  ( -0.1496062992125984370, 0.03149606299212598381, 0.07480314960629921850 ) ) ;
#3020 = DIRECTION ( 'NONE',  ( 0.000000000000000000, -1.000000000000000000, 0.000000000000000000 ) ) ;
#3021 = ORIENTED_EDGE ( 'NONE', *, *, #2913, .F. ) ;
#3022 = CARTESIAN_POINT ( 'NONE',  ( -0.1968503937007874127, -0.003937007874015747977, -0.07480314960629921850 ) ) ;
#3023 = DIRECTION ( 'NONE',  ( 0.000000000000000000, 1.000000000000000000, 0.000000000000000000 ) ) ;
#3024 = CARTESIAN_POINT ( 'NONE',  ( 0.08858267716535433989, 0.1823374350353732243, 0.07283464566929134798 ) ) ;
#3025 = FILL_AREA_STYLE ('',( #573 ) ) ;
#3026 = LINE ( 'NONE', #1310, #3521 ) ;
#3027 = ORIENTED_EDGE ( 'NONE', *, *, #3089, .F. ) ;
#3028 = VERTEX_POINT ( 'NONE', #2869 ) ;
#3029 = EDGE_CURVE ( 'NONE', #3494, #3547, #2086, .T. ) ;
#3030 = ADVANCED_FACE ( 'NONE', ( #981 ), #379, .T. ) ;
#3031 = LINE ( 'NONE', #1134, #102 ) ;
#3032 = ORIENTED_EDGE ( 'NONE', *, *, #2018, .F. ) ;
#3033 = PLANE ( 'NONE',  #1998 ) ;
#3034 = DIRECTION ( 'NONE',  ( 1.000000000000000000, 0.000000000000000000, 0.000000000000000000 ) ) ;
#3035 = CARTESIAN_POINT ( 'NONE',  ( 0.08858267716535433989, 0.1377952755905511861, 0.1043307086614173457 ) ) ;
#3036 = CLOSED_SHELL ( 'NONE', ( #1449, #2085, #3152, #2845, #361, #337, #2655, #2185, #3151, #3410, #2041, #374, #453, #1188 ) ) ;
#3037 = ORIENTED_EDGE ( 'NONE', *, *, #712, .T. ) ;
#3038 = DIRECTION ( 'NONE',  ( 0.000000000000000000, 0.000000000000000000, -1.000000000000000000 ) ) ;
#3039 = AXIS2_PLACEMENT_3D ( 'NONE', #420, #1509, #2028 ) ;
#3040 = DIRECTION ( 'NONE',  ( 0.000000000000000000, 1.000000000000000000, 0.000000000000000000 ) ) ;
#3041 = PRESENTATION_STYLE_ASSIGNMENT (( #1077 ) ) ;
#3042 = CIRCLE ( 'NONE', #1421, 0.005905511811023620231 ) ;
#3043 = ORIENTED_EDGE ( 'NONE', *, *, #180, .F. ) ;
#3044 = ORIENTED_EDGE ( 'NONE', *, *, #3306, .F. ) ;
#3045 = CIRCLE ( 'NONE', #1315, 0.01574803149606299885 ) ;
#3046 = VECTOR ( 'NONE', #3338, 39.37007874015748143 ) ;
#3047 = VECTOR ( 'NONE', #1414, 39.37007874015748143 ) ;
#3048 = DIRECTION ( 'NONE',  ( 0.000000000000000000, 1.000000000000000000, 0.000000000000000000 ) ) ;
#3049 = EDGE_CURVE ( 'NONE', #497, #1393, #750, .T. ) ;
#3050 = CARTESIAN_POINT ( 'NONE',  ( 0.1968503937007874127, 0.003937007874015747977, 0.1023622047244094613 ) ) ;
#3051 = FACE_OUTER_BOUND ( 'NONE', #464, .T. ) ;
#3052 = EDGE_CURVE ( 'NONE', #2115, #2998, #1691, .T. ) ;
#3053 = VECTOR ( 'NONE', #2239, 39.37007874015748143 ) ;
#3054 = AXIS2_PLACEMENT_3D ( 'NONE', #3189, #3274, #2999 ) ;
#3055 = VECTOR ( 'NONE', #2262, 39.37007874015748143 ) ;
#3056 = CARTESIAN_POINT ( 'NONE',  ( 0.1496062992125984370, 0.03149606299212598381, -0.07480314960629921850 ) ) ;
#3057 = VERTEX_POINT ( 'NONE', #1014 ) ;
#3058 = ORIENTED_EDGE ( 'NONE', *, *, #2786, .T. ) ;
#3059 = AXIS2_PLACEMENT_3D ( 'NONE', #1508, #1575, #108 ) ;
#3060 = EDGE_CURVE ( 'NONE', #356, #488, #2723, .T. ) ;
#3061 = CARTESIAN_POINT ( 'NONE',  ( 0.08858267716535433989, 0.1377952755905511861, 0.08858267716535433989 ) ) ;
#3062 = ORIENTED_EDGE ( 'NONE', *, *, #908, .F. ) ;
#3063 = EDGE_LOOP ( 'NONE', ( #2062, #350, #182, #799 ) ) ;
#3064 = CARTESIAN_POINT ( 'NONE',  ( -0.1122047244094488277, 0.1377952755905511861, -0.1181102362204724532 ) ) ;
#3065 = DIRECTION ( 'NONE',  ( 0.000000000000000000, -1.000000000000000000, 0.000000000000000000 ) ) ;
#3066 = DIRECTION ( 'NONE',  ( 0.000000000000000000, 0.000000000000000000, -1.000000000000000000 ) ) ;
#3067 = LINE ( 'NONE', #3035, #3529 ) ;
#3068 = ORIENTED_EDGE ( 'NONE', *, *, #2940, .T. ) ;
#3069 = EDGE_CURVE ( 'NONE', #1422, #488, #1032, .T. ) ;
#3070 = EDGE_CURVE ( 'NONE', #261, #579, #1612, .T. ) ;
#3071 = DIRECTION ( 'NONE',  ( 0.000000000000000000, 1.000000000000000000, 0.000000000000000000 ) ) ;
#3072 = DIRECTION ( 'NONE',  ( -1.000000000000000000, 0.000000000000000000, 0.000000000000000000 ) ) ;
#3073 = CARTESIAN_POINT ( 'NONE',  ( -0.08858267716535433989, 0.1377952755905511861, 0.1043307086614173457 ) ) ;
#3074 = ORIENTED_EDGE ( 'NONE', *, *, #264, .F. ) ;
#3075 = ORIENTED_EDGE ( 'NONE', *, *, #1718, .F. ) ;
#3076 = DIRECTION ( 'NONE',  ( 1.000000000000000000, 0.000000000000000000, 0.000000000000000000 ) ) ;
#3077 = ORIENTED_EDGE ( 'NONE', *, *, #1412, .F. ) ;
#3078 = ORIENTED_EDGE ( 'NONE', *, *, #1043, .T. ) ;
#3079 = DIRECTION ( 'NONE',  ( 0.000000000000000000, 0.000000000000000000, -1.000000000000000000 ) ) ;
#3080 = PLANE ( 'NONE',  #511 ) ;
#3081 = APPLICATION_CONTEXT ( 'automotive_design' ) ;
#3082 = CARTESIAN_POINT ( 'NONE',  ( 0.1181102362204724532, 0.1299212598425196763, 0.1122047244094488277 ) ) ;
#3083 = VERTEX_POINT ( 'NONE', #196 ) ;
#3084 = DIRECTION ( 'NONE',  ( 0.000000000000000000, -1.000000000000000000, 0.000000000000000000 ) ) ;
#3085 = DIRECTION ( 'NONE',  ( 0.000000000000000000, -1.000000000000000000, 0.000000000000000000 ) ) ;
#3086 = EDGE_CURVE ( 'NONE', #3083, #296, #1823, .T. ) ;
#3087 = MECHANICAL_DESIGN_GEOMETRIC_PRESENTATION_REPRESENTATION (  '', ( #1525 ), #3561 ) ;
#3088 = SURFACE_STYLE_FILL_AREA ( #353 ) ;
#3089 = EDGE_CURVE ( 'NONE', #2398, #2404, #1037, .T. ) ;
#3090 = AXIS2_PLACEMENT_3D ( 'NONE', #2068, #1803, #2659 ) ;
#3091 = VERTEX_POINT ( 'NONE', #1284 ) ;
#3092 = EDGE_LOOP ( 'NONE', ( #992, #2600 ) ) ;
#3093 = AXIS2_PLACEMENT_3D ( 'NONE', #2421, #3251, #1599 ) ;
#3094 = EDGE_LOOP ( 'NONE', ( #1554, #2245, #1431, #614, #795, #2917, #3125, #383, #3058, #835, #953, #913 ) ) ;
#3095 = CIRCLE ( 'NONE', #53, 0.01574803149606299191 ) ;
#3096 = LINE ( 'NONE', #1795, #952 ) ;
#3097 = CARTESIAN_POINT ( 'NONE',  ( -0.1653543307086614567, 0.007874015748031495954, 0.07480314960629921850 ) ) ;
#3098 = CARTESIAN_POINT ( 'NONE',  ( -0.1653543307086614567, 0.003937007874015747977, 0.07480314960629921850 ) ) ;
#3099 = AXIS2_PLACEMENT_3D ( 'NONE', #1251, #3174, #2958 ) ;
#3100 = LINE ( 'NONE', #3082, #743 ) ;
#3101 = ORIENTED_EDGE ( 'NONE', *, *, #2729, .F. ) ;
#3102 = VECTOR ( 'NONE', #2943, 39.37007874015748143 ) ;
#3103 = VECTOR ( 'NONE', #423, 39.37007874015748143 ) ;
#3104 = CARTESIAN_POINT ( 'NONE',  ( 0.1496062992125984370, 0.02755905511811023584, -0.1023622047244094613 ) ) ;
#3105 = AXIS2_PLACEMENT_3D ( 'NONE', #234, #3266, #2989 ) ;
#3106 = VECTOR ( 'NONE', #652, 39.37007874015748143 ) ;
#3107 = DIRECTION ( 'NONE',  ( 0.000000000000000000, 1.000000000000000000, 0.000000000000000000 ) ) ;
#3108 = VECTOR ( 'NONE', #2912, 39.37007874015748143 ) ;
#3109 = EDGE_CURVE ( 'NONE', #2877, #2536, #2164, .T. ) ;
#3110 = ORIENTED_EDGE ( 'NONE', *, *, #2201, .T. ) ;
#3111 = ADVANCED_FACE ( 'NONE', ( #2146 ), #2394, .F. ) ;
#3112 = ORIENTED_EDGE ( 'NONE', *, *, #1354, .T. ) ;
#3113 = VERTEX_POINT ( 'NONE', #2129 ) ;
#3114 = FACE_OUTER_BOUND ( 'NONE', #2301, .T. ) ;
#3115 = CARTESIAN_POINT ( 'NONE',  ( 0.1181102362204724532, 0.03937007874015747977, -0.1023622047244094613 ) ) ;
#3116 = DIRECTION ( 'NONE',  ( 0.000000000000000000, 0.000000000000000000, -1.000000000000000000 ) ) ;
#3117 = EDGE_CURVE ( 'NONE', #2338, #3533, #2053, .T. ) ;
#3118 = CARTESIAN_POINT ( 'NONE',  ( -0.1496062992125984370, 0.02755905511811023584, 0.1023622047244094613 ) ) ;
#3119 = ORIENTED_EDGE ( 'NONE', *, *, #3117, .F. ) ;
#3120 = CARTESIAN_POINT ( 'NONE',  ( -0.1968503937007874127, -0.003937007874015747977, 0.07480314960629921850 ) ) ;
#3121 = LINE ( 'NONE', #70, #3106 ) ;
#3122 = ORIENTED_EDGE ( 'NONE', *, *, #3280, .T. ) ;
#3123 = LINE ( 'NONE', #655, #1896 ) ;
#3124 = DIRECTION ( 'NONE',  ( -1.000000000000000000, 0.000000000000000000, 0.000000000000000000 ) ) ;
#3125 = ORIENTED_EDGE ( 'NONE', *, *, #2221, .T. ) ;
#3126 = EDGE_LOOP ( 'NONE', ( #3466, #1816, #1483, #391 ) ) ;
#3127 = DIRECTION ( 'NONE',  ( 0.000000000000000000, 0.000000000000000000, 1.000000000000000000 ) ) ;
#3128 = DIRECTION ( 'NONE',  ( 0.000000000000000000, 0.000000000000000000, -1.000000000000000000 ) ) ;
#3129 = CARTESIAN_POINT ( 'NONE',  ( -0.1968503937007874127, -0.003937007874015747977, -0.1023622047244094613 ) ) ;
#3130 = ADVANCED_FACE ( 'NONE', ( #213 ), #1867, .T. ) ;
#3131 = EDGE_CURVE ( 'NONE', #1119, #3158, #809, .T. ) ;
#3132 = CARTESIAN_POINT ( 'NONE',  ( 0.000000000000000000, 0.1692913385826771699, -0.06496062992125985203 ) ) ;
#3133 = EDGE_LOOP ( 'NONE', ( #3550, #1436, #1403, #1702 ) ) ;
#3134 = FACE_OUTER_BOUND ( 'NONE', #2430, .T. ) ;
#3135 = DIRECTION ( 'NONE',  ( 0.000000000000000000, 1.000000000000000000, 0.000000000000000000 ) ) ;
#3136 = CARTESIAN_POINT ( 'NONE',  ( -0.1181102362204724532, 0.03937007874015747977, 0.1023622047244094613 ) ) ;
#3137 = FACE_OUTER_BOUND ( 'NONE', #1230, .T. ) ;
#3138 = PRESENTATION_LAYER_ASSIGNMENT (  '', '', ( #1525 ) ) ;
#3139 = CARTESIAN_POINT ( 'NONE',  ( 0.1181102362204724532, 0.03149606299212598381, -0.1023622047244094613 ) ) ;
#3140 = FACE_OUTER_BOUND ( 'NONE', #3126, .T. ) ;
#3141 = ORIENTED_EDGE ( 'NONE', *, *, #3343, .T. ) ;
#3142 = CARTESIAN_POINT ( 'NONE',  ( 0.08858267716535433989, 0.1456692913385826960, -0.08858267716535433989 ) ) ;
#3143 = DIRECTION ( 'NONE',  ( 0.000000000000000000, 0.000000000000000000, -1.000000000000000000 ) ) ;
#3144 = CIRCLE ( 'NONE', #734, 0.003937007874015758385 ) ;
#3145 = VERTEX_POINT ( 'NONE', #1056 ) ;
#3146 = ORIENTED_EDGE ( 'NONE', *, *, #1756, .F. ) ;
#3147 = CARTESIAN_POINT ( 'NONE',  ( -0.08858267716535433989, 0.1377952755905511861, 0.08858267716535433989 ) ) ;
#3148 = FACE_OUTER_BOUND ( 'NONE', #1506, .T. ) ;
#3149 = AXIS2_PLACEMENT_3D ( 'NONE', #3315, #1110, #1630 ) ;
#3150 = PLANE ( 'NONE',  #1955 ) ;
#3151 = ADVANCED_FACE ( 'NONE', ( #788 ), #1909, .F. ) ;
#3152 = ADVANCED_FACE ( 'NONE', ( #1346 ), #3, .T. ) ;
#3153 = ORIENTED_EDGE ( 'NONE', *, *, #3052, .F. ) ;
#3154 = DIRECTION ( 'NONE',  ( 0.000000000000000000, -1.000000000000000000, 0.000000000000000000 ) ) ;
#3155 = CIRCLE ( 'NONE', #390, 0.01574803149606299885 ) ;
#3156 = CIRCLE ( 'NONE', #2466, 0.02362204724409448092 ) ;
#3157 = AXIS2_PLACEMENT_3D ( 'NONE', #1566, #203, #2686 ) ;
#3158 = VERTEX_POINT ( 'NONE', #2436 ) ;
#3159 = CARTESIAN_POINT ( 'NONE',  ( -0.08858267716535433989, 0.1823374350353732243, -0.08858267716535433989 ) ) ;
#3160 = DIRECTION ( 'NONE',  ( 1.000000000000000000, -1.734723475976804925E-15, 0.000000000000000000 ) ) ;
#3161 = VECTOR ( 'NONE', #29, 39.37007874015748143 ) ;
#3162 = AXIS2_PLACEMENT_3D ( 'NONE', #3553, #1384, #2437 ) ;
#3163 = DIRECTION ( 'NONE',  ( -1.000000000000000000, 0.000000000000000000, 0.000000000000000000 ) ) ;
#3164 = VECTOR ( 'NONE', #682, 39.37007874015748143 ) ;
#3165 = CARTESIAN_POINT ( 'NONE',  ( -0.1181102362204724532, 0.000000000000000000, 0.1181102362204724532 ) ) ;
#3166 = CARTESIAN_POINT ( 'NONE',  ( 0.1181102362204724532, 0.03937007874015747977, -0.1023622047244094613 ) ) ;
#3167 = VERTEX_POINT ( 'NONE', #3552 ) ;
#3168 = CARTESIAN_POINT ( 'NONE',  ( -0.1181102362204724532, 0.1299212598425196763, -0.1181102362204724532 ) ) ;
#3169 = PLANE ( 'NONE',  #2821 ) ;
#3170 = VERTEX_POINT ( 'NONE', #1635 ) ;
#3171 = ORIENTED_EDGE ( 'NONE', *, *, #322, .F. ) ;
#3172 = DIRECTION ( 'NONE',  ( 0.000000000000000000, 0.000000000000000000, 1.000000000000000000 ) ) ;
#3173 = LINE ( 'NONE', #3415, #1489 ) ;
#3174 = DIRECTION ( 'NONE',  ( 0.000000000000000000, 1.000000000000000000, 0.000000000000000000 ) ) ;
#3175 = CARTESIAN_POINT ( 'NONE',  ( 0.1535433070866141780, 0.02755905511811023584, 0.1023622047244094613 ) ) ;
#3176 = VERTEX_POINT ( 'NONE', #3220 ) ;
#3177 = FACE_BOUND ( 'NONE', #1059, .T. ) ;
#3178 = EDGE_LOOP ( 'NONE', ( #676, #1853, #1840, #1692 ) ) ;
#3179 = DIRECTION ( 'NONE',  ( 0.000000000000000000, -1.000000000000000000, 0.000000000000000000 ) ) ;
#3180 = EDGE_CURVE ( 'NONE', #3187, #562, #3010, .T. ) ;
#3181 = EDGE_CURVE ( 'NONE', #894, #2127, #273, .T. ) ;
#3182 = DIRECTION ( 'NONE',  ( 0.000000000000000000, 0.000000000000000000, -1.000000000000000000 ) ) ;
#3183 = DIRECTION ( 'NONE',  ( 0.000000000000000000, 0.000000000000000000, 1.000000000000000000 ) ) ;
#3184 = DIRECTION ( 'NONE',  ( 0.000000000000000000, 1.000000000000000000, 0.000000000000000000 ) ) ;
#3185 = VERTEX_POINT ( 'NONE', #477 ) ;
#3186 = FACE_BOUND ( 'NONE', #97, .T. ) ;
#3187 = VERTEX_POINT ( 'NONE', #1096 ) ;
#3188 = ORIENTED_EDGE ( 'NONE', *, *, #2786, .F. ) ;
#3189 = CARTESIAN_POINT ( 'NONE',  ( 0.1496062992125984370, 0.02755905511811023584, -0.1023622047244094613 ) ) ;
#3190 = PLANE ( 'NONE',  #1832 ) ;
#3191 = CARTESIAN_POINT ( 'NONE',  ( -0.08858267716535433989, 0.1823374350353732243, -0.07283464566929134798 ) ) ;
#3192 = VERTEX_POINT ( 'NONE', #459 ) ;
#3193 = CARTESIAN_POINT ( 'NONE',  ( 8.919671568592926781E-18, 0.1299212598425196763, -0.07283464566929134798 ) ) ;
#3194 = FACE_OUTER_BOUND ( 'NONE', #1953, .T. ) ;
#3195 = EDGE_LOOP ( 'NONE', ( #2527, #2072, #1131, #1535, #1979, #28, #2923, #239 ) ) ;
#3196 = DIRECTION ( 'NONE',  ( 0.000000000000000000, 0.000000000000000000, 1.000000000000000000 ) ) ;
#3197 = SPHERICAL_SURFACE ( 'NONE', #333, 0.03937007874015747977 ) ;
#3198 = DIRECTION ( 'NONE',  ( 0.000000000000000000, 0.000000000000000000, 1.000000000000000000 ) ) ;
#3199 = EDGE_CURVE ( 'NONE', #1112, #3369, #2678, .T. ) ;
#3200 = FACE_BOUND ( 'NONE', #590, .T. ) ;
#3201 = EDGE_CURVE ( 'NONE', #2615, #1457, #1649, .T. ) ;
#3202 = DIRECTION ( 'NONE',  ( 0.000000000000000000, 0.000000000000000000, 1.000000000000000000 ) ) ;
#3203 = ORIENTED_EDGE ( 'NONE', *, *, #783, .T. ) ;
#3204 = CARTESIAN_POINT ( 'NONE',  ( 0.000000000000000000, 0.1692913385826771699, 0.05961621518437743711 ) ) ;
#3205 = EDGE_LOOP ( 'NONE', ( #654, #2711, #1132, #2984 ) ) ;
#3206 = VERTEX_POINT ( 'NONE', #3303 ) ;
#3207 = CARTESIAN_POINT ( 'NONE',  ( -0.1968503937007874127, -0.003937007874015747977, -0.1023622047244094613 ) ) ;
#3208 = CARTESIAN_POINT ( 'NONE',  ( -0.1535433070866141780, 0.007874015748031495954, 0.1023622047244094613 ) ) ;
#3209 = LINE ( 'NONE', #3191, #2281 ) ;
#3210 = CIRCLE ( 'NONE', #2217, 0.02362204724409448092 ) ;
#3211 = EDGE_LOOP ( 'NONE', ( #135, #2946, #2511, #177 ) ) ;
#3212 = VECTOR ( 'NONE', #2991, 39.37007874015748143 ) ;
#3213 = DIRECTION ( 'NONE',  ( 0.000000000000000000, 0.000000000000000000, -1.000000000000000000 ) ) ;
#3214 = EDGE_LOOP ( 'NONE', ( #3426, #760, #1150, #3003 ) ) ;
#3215 = VECTOR ( 'NONE', #3462, 39.37007874015748143 ) ;
#3216 = LINE ( 'NONE', #2027, #3294 ) ;
#3217 = CARTESIAN_POINT ( 'NONE',  ( 0.1653543307086614567, 0.003937007874015747977, -0.07480314960629921850 ) ) ;
#3218 = MECHANICAL_DESIGN_GEOMETRIC_PRESENTATION_REPRESENTATION (  '', ( #2339 ), #807 ) ;
#3219 = AXIS2_PLACEMENT_3D ( 'NONE', #2013, #1180, #414 ) ;
#3220 = CARTESIAN_POINT ( 'NONE',  ( 0.1968503937007874127, -0.003937007874015747977, -0.07480314960629921850 ) ) ;
#3221 = DIRECTION ( 'NONE',  ( 0.000000000000000000, 0.000000000000000000, 1.000000000000000000 ) ) ;
#3222 = CARTESIAN_POINT ( 'NONE',  ( -0.08858267716535433989, 0.1299212598425196763, 0.08858267716535433989 ) ) ;
#3223 = ORIENTED_EDGE ( 'NONE', *, *, #2113, .F. ) ;
#3224 = AXIS2_PLACEMENT_3D ( 'NONE', #3284, #3513, #1596 ) ;
#3225 = VECTOR ( 'NONE', #3519, 39.37007874015748143 ) ;
#3226 = SURFACE_STYLE_FILL_AREA ( #408 ) ;
#3227 = DIRECTION ( 'NONE',  ( 0.000000000000000000, 1.000000000000000000, 0.000000000000000000 ) ) ;
#3228 = EDGE_CURVE ( 'NONE', #1801, #3260, #1958, .T. ) ;
#3229 = EDGE_CURVE ( 'NONE', #3170, #3539, #975, .T. ) ;
#3230 = CIRCLE ( 'NONE', #1720, 0.005905511811023620231 ) ;
#3231 = AXIS2_PLACEMENT_3D ( 'NONE', #52, #3071, #2833 ) ;
#3232 = EDGE_LOOP ( 'NONE', ( #2974, #2049, #2019, #2552 ) ) ;
#3233 = VERTEX_POINT ( 'NONE', #1863 ) ;
#3234 = FACE_BOUND ( 'NONE', #1690, .T. ) ;
#3235 = LINE ( 'NONE', #431, #2045 ) ;
#3236 = VECTOR ( 'NONE', #2134, 39.37007874015748143 ) ;
#3237 = CIRCLE ( 'NONE', #525, 0.005905511811023620231 ) ;
#3238 = EDGE_CURVE ( 'NONE', #698, #2996, #2867, .T. ) ;
#3239 = EDGE_CURVE ( 'NONE', #2824, #1499, #3447, .T. ) ;
#3240 = LINE ( 'NONE', #3477, #1145 ) ;
#3241 = ORIENTED_EDGE ( 'NONE', *, *, #2428, .T. ) ;
#3242 = FACE_OUTER_BOUND ( 'NONE', #3478, .T. ) ;
#3243 = DIMENSIONAL_EXPONENTS ( 1.000000000000000000, 0.000000000000000000, 0.000000000000000000, 0.000000000000000000, 0.000000000000000000, 0.000000000000000000, 0.000000000000000000 ) ;
#3244 = ADVANCED_FACE ( 'NONE', ( #3194 ), #165, .T. ) ;
#3245 = LINE ( 'NONE', #782, #173 ) ;
#3246 = EDGE_LOOP ( 'NONE', ( #556, #2117, #3399, #1040 ) ) ;
#3247 = DIRECTION ( 'NONE',  ( 0.000000000000000000, 0.000000000000000000, -1.000000000000000000 ) ) ;
#3248 = CARTESIAN_POINT ( 'NONE',  ( 0.1181102362204724532, 0.1377952755905511861, -0.1181102362204724532 ) ) ;
#3249 = DIRECTION ( 'NONE',  ( 0.000000000000000000, 1.000000000000000000, 0.000000000000000000 ) ) ;
#3250 = CARTESIAN_POINT ( 'NONE',  ( 0.1496062992125984370, 0.03937007874015747977, -0.1023622047244094613 ) ) ;
#3251 = DIRECTION ( 'NONE',  ( 0.000000000000000000, -1.000000000000000000, 0.000000000000000000 ) ) ;
#3252 = ORIENTED_EDGE ( 'NONE', *, *, #2618, .F. ) ;
#3253 =( NAMED_UNIT ( * ) SI_UNIT ( $, .STERADIAN. ) SOLID_ANGLE_UNIT ( ) );
#3254 = DIRECTION ( 'NONE',  ( 0.000000000000000000, -1.000000000000000000, 0.000000000000000000 ) ) ;
#3255 = VERTEX_POINT ( 'NONE', #1819 ) ;
#3256 = ORIENTED_EDGE ( 'NONE', *, *, #1740, .T. ) ;
#3257 = DIRECTION ( 'NONE',  ( 0.000000000000000000, 0.000000000000000000, 1.000000000000000000 ) ) ;
#3258 = CARTESIAN_POINT ( 'NONE',  ( -0.1653543307086614567, 0.003937007874015747977, 0.1023622047244094613 ) ) ;
#3259 = DIRECTION ( 'NONE',  ( 0.000000000000000000, 0.000000000000000000, -1.000000000000000000 ) ) ;
#3260 = VERTEX_POINT ( 'NONE', #3532 ) ;
#3261 = EDGE_CURVE ( 'NONE', #428, #1655, #3297, .T. ) ;
#3262 = EDGE_CURVE ( 'NONE', #368, #294, #3230, .T. ) ;
#3263 = FACE_OUTER_BOUND ( 'NONE', #85, .T. ) ;
#3264 = ORIENTED_EDGE ( 'NONE', *, *, #42, .T. ) ;
#3265 = DIRECTION ( 'NONE',  ( 7.228014483236699514E-17, 0.000000000000000000, 1.000000000000000000 ) ) ;
#3266 = DIRECTION ( 'NONE',  ( 0.000000000000000000, 1.000000000000000000, 0.000000000000000000 ) ) ;
#3267 = CYLINDRICAL_SURFACE ( 'NONE', #3162, 0.003937007874015758385 ) ;
#3268 = CARTESIAN_POINT ( 'NONE',  ( 0.08858267716535433989, 0.1377952755905511861, -0.1043307086614173457 ) ) ;
#3269 = ORIENTED_EDGE ( 'NONE', *, *, #1378, .F. ) ;
#3270 = SURFACE_STYLE_USAGE ( .BOTH. , #3013 ) ;
#3271 = CARTESIAN_POINT ( 'NONE',  ( 0.000000000000000000, 0.1692913385826771699, 0.000000000000000000 ) ) ;
#3272 = EDGE_LOOP ( 'NONE', ( #3062, #1331, #3074, #510 ) ) ;
#3273 = ORIENTED_EDGE ( 'NONE', *, *, #1621, .T. ) ;
#3274 = DIRECTION ( 'NONE',  ( 0.000000000000000000, 0.000000000000000000, -1.000000000000000000 ) ) ;
#3275 = CARTESIAN_POINT ( 'NONE',  ( 0.08858267716535433989, 0.1456692913385826960, 0.06496062992125986590 ) ) ;
#3276 = ORIENTED_EDGE ( 'NONE', *, *, #2673, .F. ) ;
#3277 = CARTESIAN_POINT ( 'NONE',  ( 0.1181102362204724532, 0.1299212598425196763, -0.1122047244094488277 ) ) ;
#3278 = ADVANCED_FACE ( 'NONE', ( #3263 ), #2962, .T. ) ;
#3279 = STYLED_ITEM ( 'NONE', ( #857 ), #163 ) ;
#3280 = EDGE_CURVE ( 'NONE', #2731, #3113, #3245, .T. ) ;
#3281 = DIRECTION ( 'NONE',  ( 0.000000000000000000, 0.000000000000000000, 1.000000000000000000 ) ) ;
#3282 = VERTEX_POINT ( 'NONE', #3505 ) ;
#3283 = AXIS2_PLACEMENT_3D ( 'NONE', #1920, #800, #1374 ) ;
#3284 = CARTESIAN_POINT ( 'NONE',  ( 0.08858267716535433989, 0.1377952755905511861, -0.08858267716535433989 ) ) ;
#3285 = CARTESIAN_POINT ( 'NONE',  ( -0.08858267716535433989, 0.1377952755905511861, 0.08858267716535433989 ) ) ;
#3286 = DIRECTION ( 'NONE',  ( 0.000000000000000000, 0.000000000000000000, 1.000000000000000000 ) ) ;
#3287 = CARTESIAN_POINT ( 'NONE',  ( -0.1535433070866141780, 0.02755905511811023584, 0.07480314960629921850 ) ) ;
#3288 = AXIS2_PLACEMENT_3D ( 'NONE', #88, #1448, #3116 ) ;
#3289 = AXIS2_PLACEMENT_3D ( 'NONE', #2293, #934, #2024 ) ;
#3290 = ORIENTED_EDGE ( 'NONE', *, *, #972, .F. ) ;
#3291 = VECTOR ( 'NONE', #989, 39.37007874015748143 ) ;
#3292 = EDGE_LOOP ( 'NONE', ( #251, #776 ) ) ;
#3293 = AXIS2_PLACEMENT_3D ( 'NONE', #1120, #2155, #3313 ) ;
#3294 = VECTOR ( 'NONE', #3482, 39.37007874015748143 ) ;
#3295 = DIRECTION ( 'NONE',  ( 0.000000000000000000, 1.000000000000000000, 0.000000000000000000 ) ) ;
#3296 = ORIENTED_EDGE ( 'NONE', *, *, #3396, .T. ) ;
#3297 = CIRCLE ( 'NONE', #107, 0.01574803149606299885 ) ;
#3298 = AXIS2_PLACEMENT_3D ( 'NONE', #46, #2128, #3247 ) ;
#3299 = DIRECTION ( 'NONE',  ( 0.000000000000000000, 0.000000000000000000, 1.000000000000000000 ) ) ;
#3300 = CARTESIAN_POINT ( 'NONE',  ( 7.300880710282766210E-18, 0.1633858267716535584, -0.05961621518437743711 ) ) ;
#3301 = ORIENTED_EDGE ( 'NONE', *, *, #3060, .F. ) ;
#3302 = DIRECTION ( 'NONE',  ( -1.734723475976804925E-15, 1.000000000000000000, 0.000000000000000000 ) ) ;
#3303 = CARTESIAN_POINT ( 'NONE',  ( -0.1653543307086614567, -0.003937007874015747977, -0.1023622047244094613 ) ) ;
#3304 = DIRECTION ( 'NONE',  ( 1.000000000000000000, 0.000000000000000000, 0.000000000000000000 ) ) ;
#3305 = LINE ( 'NONE', #1926, #3434 ) ;
#3306 = EDGE_CURVE ( 'NONE', #2149, #294, #1800, .T. ) ;
#3307 = DIRECTION ( 'NONE',  ( 0.000000000000000000, 1.000000000000000000, 0.000000000000000000 ) ) ;
#3308 = EDGE_CURVE ( 'NONE', #3429, #3533, #3004, .T. ) ;
#3309 = DIRECTION ( 'NONE',  ( 0.000000000000000000, 0.000000000000000000, 1.000000000000000000 ) ) ;
#3310 = VERTEX_POINT ( 'NONE', #253 ) ;
#3311 = EDGE_CURVE ( 'NONE', #679, #1109, #455, .T. ) ;
#3312 = EDGE_LOOP ( 'NONE', ( #484, #1600, #2364, #2204 ) ) ;
#3313 = DIRECTION ( 'NONE',  ( 0.000000000000000000, 0.000000000000000000, -1.000000000000000000 ) ) ;
#3314 = VERTEX_POINT ( 'NONE', #2945 ) ;
#3315 = CARTESIAN_POINT ( 'NONE',  ( -0.1614173228346456879, 0.02755905511811023584, 0.1023622047244094613 ) ) ;
#3316 = CARTESIAN_POINT ( 'NONE',  ( -0.08858267716535433989, 0.1377952755905511861, 0.07283464566929134798 ) ) ;
#3317 = ORIENTED_EDGE ( 'NONE', *, *, #620, .T. ) ;
#3318 = CARTESIAN_POINT ( 'NONE',  ( -0.08858267716535433989, 0.1823374350353732243, 0.08858267716535433989 ) ) ;
#3319 = CARTESIAN_POINT ( 'NONE',  ( 0.1181102362204724532, 0.03149606299212598381, 0.1023622047244094613 ) ) ;
#3320 = FACE_OUTER_BOUND ( 'NONE', #43, .T. ) ;
#3321 = ADVANCED_FACE ( 'NONE', ( #1883, #472, #3177, #1571, #2353, #434 ), #2903, .F. ) ;
#3322 = ORIENTED_EDGE ( 'NONE', *, *, #2963, .F. ) ;
#3323 = LINE ( 'NONE', #546, #1031 ) ;
#3324 = VERTEX_POINT ( 'NONE', #708 ) ;
#3325 = DIRECTION ( 'NONE',  ( 0.000000000000000000, 0.000000000000000000, 1.000000000000000000 ) ) ;
#3326 = DIRECTION ( 'NONE',  ( 1.000000000000000000, 0.000000000000000000, 0.000000000000000000 ) ) ;
#3327 = CARTESIAN_POINT ( 'NONE',  ( -0.08858267716535433989, 0.1377952755905511861, -0.08858267716535433989 ) ) ;
#3328 = ORIENTED_EDGE ( 'NONE', *, *, #2848, .T. ) ;
#3329 = VERTEX_POINT ( 'NONE', #1280 ) ;
#3330 = DIRECTION ( 'NONE',  ( 0.000000000000000000, 0.000000000000000000, -1.000000000000000000 ) ) ;
#3331 = DIRECTION ( 'NONE',  ( 0.000000000000000000, 0.000000000000000000, 1.000000000000000000 ) ) ;
#3332 = PLANE ( 'NONE',  #797 ) ;
#3333 = AXIS2_PLACEMENT_3D ( 'NONE', #2749, #836, #1934 ) ;
#3334 = EDGE_LOOP ( 'NONE', ( #3015, #2936, #658, #929 ) ) ;
#3335 = ORIENTED_EDGE ( 'NONE', *, *, #2806, .T. ) ;
#3336 = EDGE_CURVE ( 'NONE', #2874, #2731, #1201, .T. ) ;
#3337 = VECTOR ( 'NONE', #792, 39.37007874015748143 ) ;
#3338 = DIRECTION ( 'NONE',  ( -1.000000000000000000, -1.016439536705159791E-16, 0.000000000000000000 ) ) ;
#3339 = ORIENTED_EDGE ( 'NONE', *, *, #2861, .F. ) ;
#3340 = CARTESIAN_POINT ( 'NONE',  ( 0.1614173228346456879, 0.02755905511811023584, -0.1023622047244094613 ) ) ;
#3341 = CARTESIAN_POINT ( 'NONE',  ( 0.1653543307086614567, -0.003937007874015747977, 0.07480314960629921850 ) ) ;
#3342 = AXIS2_PLACEMENT_3D ( 'NONE', #515, #1619, #2377 ) ;
#3343 = EDGE_CURVE ( 'NONE', #1684, #3379, #1011, .T. ) ;
#3344 = CIRCLE ( 'NONE', #241, 0.02362204724409448092 ) ;
#3345 = EDGE_CURVE ( 'NONE', #1774, #2645, #1432, .T. ) ;
#3346 = CARTESIAN_POINT ( 'NONE',  ( 0.000000000000000000, 0.1639734471595727938, 0.000000000000000000 ) ) ;
#3347 = VECTOR ( 'NONE', #2130, 39.37007874015748143 ) ;
#3348 = EDGE_LOOP ( 'NONE', ( #2956, #2836, #1623, #3241 ) ) ;
#3349 = EDGE_CURVE ( 'NONE', #20, #113, #1061, .T. ) ;
#3350 = FACE_OUTER_BOUND ( 'NONE', #987, .T. ) ;
#3351 = ORIENTED_EDGE ( 'NONE', *, *, #1184, .T. ) ;
#3352 = ORIENTED_EDGE ( 'NONE', *, *, #2862, .F. ) ;
#3353 = DIRECTION ( 'NONE',  ( 0.000000000000000000, 0.000000000000000000, -1.000000000000000000 ) ) ;
#3354 = VERTEX_POINT ( 'NONE', #1601 ) ;
#3355 = CARTESIAN_POINT ( 'NONE',  ( -0.1496062992125984370, 0.03937007874015747977, -0.1023622047244094613 ) ) ;
#3356 = PLANE ( 'NONE',  #3219 ) ;
#3357 = EDGE_CURVE ( 'NONE', #3324, #3413, #499, .T. ) ;
#3358 = EDGE_CURVE ( 'NONE', #638, #1164, #814, .T. ) ;
#3359 = ORIENTED_EDGE ( 'NONE', *, *, #3522, .T. ) ;
#3360 = CYLINDRICAL_SURFACE ( 'NONE', #3093, 0.01574803149606299885 ) ;
#3361 = FACE_OUTER_BOUND ( 'NONE', #1864, .T. ) ;
#3362 = LINE ( 'NONE', #1745, #2920 ) ;
#3363 = VERTEX_POINT ( 'NONE', #1639 ) ;
#3364 = ORIENTED_EDGE ( 'NONE', *, *, #2491, .F. ) ;
#3365 = ORIENTED_EDGE ( 'NONE', *, *, #444, .T. ) ;
#3366 = DIRECTION ( 'NONE',  ( 0.000000000000000000, 0.000000000000000000, -1.000000000000000000 ) ) ;
#3367 = DIRECTION ( 'NONE',  ( 0.000000000000000000, 0.000000000000000000, -1.000000000000000000 ) ) ;
#3368 = CARTESIAN_POINT ( 'NONE',  ( 0.1653543307086614567, 0.007874015748031495954, 0.1023622047244094613 ) ) ;
#3369 = VERTEX_POINT ( 'NONE', #2973 ) ;
#3370 = CARTESIAN_POINT ( 'NONE',  ( -0.1653543307086614567, 0.007874015748031495954, -0.1023622047244094613 ) ) ;
#3371 = ADVANCED_FACE ( 'NONE', ( #26 ), #290, .T. ) ;
#3372 = ADVANCED_FACE ( 'NONE', ( #3541 ), #2993, .F. ) ;
#3373 = DIRECTION ( 'NONE',  ( 0.000000000000000000, 0.000000000000000000, 1.000000000000000000 ) ) ;
#3374 = CARTESIAN_POINT ( 'NONE',  ( -0.1181102362204724532, 0.1377952755905511861, -0.1181102362204724532 ) ) ;
#3375 = EDGE_CURVE ( 'NONE', #433, #1724, #3014, .T. ) ;
#3376 = VERTEX_POINT ( 'NONE', #523 ) ;
#3377 = EDGE_CURVE ( 'NONE', #3555, #3091, #1625, .T. ) ;
#3378 = VERTEX_POINT ( 'NONE', #2480 ) ;
#3379 = VERTEX_POINT ( 'NONE', #2742 ) ;
#3380 = VECTOR ( 'NONE', #3154, 39.37007874015748143 ) ;
#3381 = CARTESIAN_POINT ( 'NONE',  ( -0.08858267716535433989, 0.1299212598425196763, 0.08858267716535433989 ) ) ;
#3382 = DIRECTION ( 'NONE',  ( 0.000000000000000000, 1.000000000000000000, 0.000000000000000000 ) ) ;
#3383 = CARTESIAN_POINT ( 'NONE',  ( -0.08858267716535433989, 0.1299212598425196763, -0.08858267716535433989 ) ) ;
#3384 = VECTOR ( 'NONE', #284, 39.37007874015748143 ) ;
#3385 = VECTOR ( 'NONE', #2977, 39.37007874015748143 ) ;
#3386 = FACE_OUTER_BOUND ( 'NONE', #3348, .T. ) ;
#3387 = EDGE_LOOP ( 'NONE', ( #2808, #3352 ) ) ;
#3388 = CIRCLE ( 'NONE', #1426, 0.01181102362204724046 ) ;
#3389 = MECHANICAL_DESIGN_GEOMETRIC_PRESENTATION_REPRESENTATION (  '', ( #1547 ), #514 ) ;
#3390 = VECTOR ( 'NONE', #752, 39.37007874015748143 ) ;
#3391 = AXIS2_PLACEMENT_3D ( 'NONE', #1558, #2908, #2661 ) ;
#3392 = CARTESIAN_POINT ( 'NONE',  ( -0.1496062992125984370, 0.03149606299212598381, -0.07480314960629921850 ) ) ;
#3393 = CIRCLE ( 'NONE', #2008, 0.005905511811023620231 ) ;
#3394 = SURFACE_STYLE_USAGE ( .BOTH. , #653 ) ;
#3395 = EDGE_CURVE ( 'NONE', #2685, #1390, #2110, .T. ) ;
#3396 = EDGE_CURVE ( 'NONE', #2645, #1774, #2577, .T. ) ;
#3397 = EDGE_LOOP ( 'NONE', ( #780, #2560, #1527, #1311, #1978, #950, #1319, #568 ) ) ;
#3398 = CARTESIAN_POINT ( 'NONE',  ( -0.1614173228346456879, 0.02755905511811023584, 0.1023622047244094613 ) ) ;
#3399 = ORIENTED_EDGE ( 'NONE', *, *, #2298, .T. ) ;
#3400 = ORIENTED_EDGE ( 'NONE', *, *, #3308, .F. ) ;
#3401 = FILL_AREA_STYLE_COLOUR ( '', #1754 ) ;
#3402 = DIRECTION ( 'NONE',  ( 0.000000000000000000, 0.000000000000000000, 1.000000000000000000 ) ) ;
#3403 = CYLINDRICAL_SURFACE ( 'NONE', #3288, 0.01574803149606299885 ) ;
#3404 = VERTEX_POINT ( 'NONE', #758 ) ;
#3405 = LINE ( 'NONE', #669, #2941 ) ;
#3406 = DIRECTION ( 'NONE',  ( 0.000000000000000000, 0.000000000000000000, 1.000000000000000000 ) ) ;
#3407 = LINE ( 'NONE', #2612, #2713 ) ;
#3408 = DIRECTION ( 'NONE',  ( 1.000000000000000000, 0.000000000000000000, 0.000000000000000000 ) ) ;
#3409 = VERTEX_POINT ( 'NONE', #1351 ) ;
#3410 = ADVANCED_FACE ( 'NONE', ( #2441 ), #1854, .T. ) ;
#3411 = EDGE_CURVE ( 'NONE', #1812, #3474, #1102, .T. ) ;
#3412 = ORIENTED_EDGE ( 'NONE', *, *, #471, .F. ) ;
#3413 = VERTEX_POINT ( 'NONE', #2189 ) ;
#3414 = CARTESIAN_POINT ( 'NONE',  ( -0.1535433070866141780, 0.02755905511811023584, 0.07480314960629921850 ) ) ;
#3415 = CARTESIAN_POINT ( 'NONE',  ( -0.1181102362204724532, 0.03149606299212598381, -0.1023622047244094613 ) ) ;
#3416 = DIRECTION ( 'NONE',  ( 0.000000000000000000, 0.000000000000000000, -1.000000000000000000 ) ) ;
#3417 =( NAMED_UNIT ( * ) PLANE_ANGLE_UNIT ( ) SI_UNIT ( $, .RADIAN. ) );
#3418 = ORIENTED_EDGE ( 'NONE', *, *, #23, .F. ) ;
#3419 = DIRECTION ( 'NONE',  ( 0.000000000000000000, 0.000000000000000000, 1.000000000000000000 ) ) ;
#3420 = ORIENTED_EDGE ( 'NONE', *, *, #3070, .T. ) ;
#3421 = FACE_OUTER_BOUND ( 'NONE', #54, .T. ) ;
#3422 = CARTESIAN_POINT ( 'NONE',  ( -0.08858267716535433989, 0.1141732283464566844, -0.08858267716535433989 ) ) ;
#3423 = CARTESIAN_POINT ( 'NONE',  ( -0.08858267716535433989, 0.1456692913385826960, -0.06496062992125986590 ) ) ;
#3424 = CARTESIAN_POINT ( 'NONE',  ( -0.1614173228346456879, 0.02755905511811023584, -0.07480314960629921850 ) ) ;
#3425 = DIRECTION ( 'NONE',  ( 0.000000000000000000, 0.000000000000000000, 1.000000000000000000 ) ) ;
#3426 = ORIENTED_EDGE ( 'NONE', *, *, #2263, .F. ) ;
#3427 = FACE_OUTER_BOUND ( 'NONE', #846, .T. ) ;
#3428 = MECHANICAL_DESIGN_GEOMETRIC_PRESENTATION_REPRESENTATION (  '', ( #2625 ), #51 ) ;
#3429 = VERTEX_POINT ( 'NONE', #774 ) ;
#3430 = EDGE_LOOP ( 'NONE', ( #641, #3365, #2089, #1710, #3351, #2152, #1584, #557 ) ) ;
#3431 = LINE ( 'NONE', #2305, #2453 ) ;
#3432 = CARTESIAN_POINT ( 'NONE',  ( 0.1653543307086614567, -0.003937007874015747977, 0.1023622047244094613 ) ) ;
#3433 = CARTESIAN_POINT ( 'NONE',  ( -0.1181102362204724532, 0.03937007874015747977, -0.1023622047244094613 ) ) ;
#3434 = VECTOR ( 'NONE', #1039, 39.37007874015748143 ) ;
#3435 = DIRECTION ( 'NONE',  ( 1.734723475976804925E-15, -1.000000000000000000, 0.000000000000000000 ) ) ;
#3436 = ORIENTED_EDGE ( 'NONE', *, *, #2886, .T. ) ;
#3437 = EDGE_CURVE ( 'NONE', #880, #1733, #1366, .T. ) ;
#3438 = DIRECTION ( 'NONE',  ( 1.000000000000000000, 0.000000000000000000, 0.000000000000000000 ) ) ;
#3439 = EDGE_CURVE ( 'NONE', #3409, #3324, #829, .T. ) ;
#3440 = AXIS2_PLACEMENT_3D ( 'NONE', #3498, #1027, #1586 ) ;
#3441 = CIRCLE ( 'NONE', #8, 0.01181102362204724046 ) ;
#3442 = STYLED_ITEM ( 'NONE', ( #540 ), #1357 ) ;
#3443 = EDGE_CURVE ( 'NONE', #1499, #1457, #3026, .T. ) ;
#3444 = ORIENTED_EDGE ( 'NONE', *, *, #56, .T. ) ;
#3445 = CARTESIAN_POINT ( 'NONE',  ( 0.1614173228346456879, 0.02755905511811023584, 0.1023622047244094613 ) ) ;
#3446 = FACE_OUTER_BOUND ( 'NONE', #114, .T. ) ;
#3447 = CIRCLE ( 'NONE', #1902, 0.003937007874015758385 ) ;
#3448 = AXIS2_PLACEMENT_3D ( 'NONE', #1329, #2420, #2200 ) ;
#3449 = CARTESIAN_POINT ( 'NONE',  ( -0.08858267716535433989, 0.1377952755905511861, -0.06496062992125986590 ) ) ;
#3450 = AXIS2_PLACEMENT_3D ( 'NONE', #3271, #793, #555 ) ;
#3451 = VECTOR ( 'NONE', #87, 39.37007874015748143 ) ;
#3452 = CARTESIAN_POINT ( 'NONE',  ( -0.1181102362204724532, 0.03149606299212598381, -0.1023622047244094613 ) ) ;
#3453 = EDGE_LOOP ( 'NONE', ( #622, #277, #1217, #842 ) ) ;
#3454 = LINE ( 'NONE', #1514, #2813 ) ;
#3455 = CYLINDRICAL_SURFACE ( 'NONE', #1843, 0.07283464566929134798 ) ;
#3456 = ORIENTED_EDGE ( 'NONE', *, *, #1881, .T. ) ;
#3457 = VERTEX_POINT ( 'NONE', #1042 ) ;
#3458 = LINE ( 'NONE', #2621, #3291 ) ;
#3459 = DIRECTION ( 'NONE',  ( 1.000000000000000000, 0.000000000000000000, 0.000000000000000000 ) ) ;
#3460 = CARTESIAN_POINT ( 'NONE',  ( -0.08858267716535433989, 0.1377952755905511861, -0.07283464566929134798 ) ) ;
#3461 = ORIENTED_EDGE ( 'NONE', *, *, #2575, .T. ) ;
#3462 = DIRECTION ( 'NONE',  ( -1.734723475976804925E-15, -1.000000000000000000, 0.000000000000000000 ) ) ;
#3463 = EDGE_CURVE ( 'NONE', #2132, #375, #1689, .T. ) ;
#3464 = EDGE_CURVE ( 'NONE', #3170, #894, #1117, .T. ) ;
#3465 = DIRECTION ( 'NONE',  ( -0.000000000000000000, 1.000000000000000000, 0.000000000000000000 ) ) ;
#3466 = ORIENTED_EDGE ( 'NONE', *, *, #907, .F. ) ;
#3467 = LINE ( 'NONE', #168, #3523 ) ;
#3468 = CYLINDRICAL_SURFACE ( 'NONE', #1185, 0.01574803149606299191 ) ;
#3469 = DIRECTION ( 'NONE',  ( 0.000000000000000000, 1.000000000000000000, 0.000000000000000000 ) ) ;
#3470 = DIRECTION ( 'NONE',  ( 1.000000000000000000, 0.000000000000000000, 0.000000000000000000 ) ) ;
#3471 = CARTESIAN_POINT ( 'NONE',  ( -0.08858267716535433989, 0.1377952755905511861, -0.07283464566929134798 ) ) ;
#3472 = ORIENTED_EDGE ( 'NONE', *, *, #3443, .T. ) ;
#3473 = CARTESIAN_POINT ( 'NONE',  ( 0.000000000000000000, 0.1692913385826771699, 0.000000000000000000 ) ) ;
#3474 = VERTEX_POINT ( 'NONE', #335 ) ;
#3475 = FACE_BOUND ( 'NONE', #1051, .T. ) ;
#3476 = DIRECTION ( 'NONE',  ( 1.000000000000000000, -1.016439536705159791E-16, 0.000000000000000000 ) ) ;
#3477 = CARTESIAN_POINT ( 'NONE',  ( -0.1653543307086614567, 0.003937007874015747977, 0.07480314960629921850 ) ) ;
#3478 = EDGE_LOOP ( 'NONE', ( #1574, #344, #1044, #723 ) ) ;
#3479 = LINE ( 'NONE', #1694, #909 ) ;
#3480 = CARTESIAN_POINT ( 'NONE',  ( -0.1122047244094488277, 0.000000000000000000, 0.1122047244094488277 ) ) ;
#3481 = VERTEX_POINT ( 'NONE', #2249 ) ;
#3482 = DIRECTION ( 'NONE',  ( -1.734723475976804925E-15, -1.000000000000000000, 0.000000000000000000 ) ) ;
#3483 = PRODUCT_RELATED_PRODUCT_CATEGORY ( 'part', '', ( #2342 ) ) ;
#3484 = LINE ( 'NONE', #711, #2103 ) ;
#3485 = EDGE_CURVE ( 'NONE', #742, #2864, #2000, .T. ) ;
#3486 = DIRECTION ( 'NONE',  ( -1.000000000000000000, 1.016439536705159791E-16, 0.000000000000000000 ) ) ;
#3487 = FACE_BOUND ( 'NONE', #1336, .T. ) ;
#3488 = DIRECTION ( 'NONE',  ( 0.000000000000000000, 1.000000000000000000, 0.000000000000000000 ) ) ;
#3489 = ORIENTED_EDGE ( 'NONE', *, *, #3228, .F. ) ;
#3490 = EDGE_CURVE ( 'NONE', #1757, #544, #962, .T. ) ;
#3491 = CYLINDRICAL_SURFACE ( 'NONE', #2276, 0.07283464566929134798 ) ;
#3492 = ADVANCED_FACE ( 'NONE', ( #3427 ), #3455, .F. ) ;
#3493 = AXIS2_PLACEMENT_3D ( 'NONE', #2603, #2586, #99 ) ;
#3494 = VERTEX_POINT ( 'NONE', #2894 ) ;
#3495 = EDGE_CURVE ( 'NONE', #3494, #20, #2091, .T. ) ;
#3496 = ORIENTED_EDGE ( 'NONE', *, *, #564, .F. ) ;
#3497 = CARTESIAN_POINT ( 'NONE',  ( 0.1614173228346456879, 0.007874015748031495954, -0.1023622047244094613 ) ) ;
#3498 = CARTESIAN_POINT ( 'NONE',  ( -0.1181102362204724532, 0.1299212598425196763, 0.1181102362204724532 ) ) ;
#3499 = CIRCLE ( 'NONE', #1304, 0.01574803149606299885 ) ;
#3500 = DIRECTION ( 'NONE',  ( 0.000000000000000000, 0.000000000000000000, 1.000000000000000000 ) ) ;
#3501 = AXIS2_PLACEMENT_3D ( 'NONE', #1766, #2873, #2071 ) ;
#3502 = EDGE_LOOP ( 'NONE', ( #1159, #1936, #2506, #2388 ) ) ;
#3503 = LINE ( 'NONE', #1340, #3507 ) ;
#3504 = CIRCLE ( 'NONE', #2111, 0.01574803149606299191 ) ;
#3505 = CARTESIAN_POINT ( 'NONE',  ( -0.1181102362204724532, 0.03937007874015747977, 0.1023622047244094613 ) ) ;
#3506 = EDGE_LOOP ( 'NONE', ( #2797, #2844, #1335, #2025 ) ) ;
#3507 = VECTOR ( 'NONE', #1817, 39.37007874015748143 ) ;
#3508 = FACE_OUTER_BOUND ( 'NONE', #2791, .T. ) ;
#3509 = LINE ( 'NONE', #2198, #2270 ) ;
#3510 = DIMENSIONAL_EXPONENTS ( 1.000000000000000000, 0.000000000000000000, 0.000000000000000000, 0.000000000000000000, 0.000000000000000000, 0.000000000000000000, 0.000000000000000000 ) ;
#3511 = AXIS2_PLACEMENT_3D ( 'NONE', #2429, #3559, #594 ) ;
#3512 = AXIS2_PLACEMENT_3D ( 'NONE', #3383, #2563, #661 ) ;
#3513 = DIRECTION ( 'NONE',  ( 0.000000000000000000, 1.000000000000000000, 0.000000000000000000 ) ) ;
#3514 = FACE_OUTER_BOUND ( 'NONE', #3195, .T. ) ;
#3515 = LINE ( 'NONE', #3024, #672 ) ;
#3516 = ORIENTED_EDGE ( 'NONE', *, *, #92, .T. ) ;
#3517 = AXIS2_PLACEMENT_3D ( 'NONE', #2454, #2739, #3486 ) ;
#3518 = AXIS2_PLACEMENT_3D ( 'NONE', #2405, #1520, #2712 ) ;
#3519 = DIRECTION ( 'NONE',  ( 0.000000000000000000, 0.000000000000000000, -1.000000000000000000 ) ) ;
#3520 = DIRECTION ( 'NONE',  ( -1.000000000000000000, -1.016439536705159791E-16, 0.000000000000000000 ) ) ;
#3521 = VECTOR ( 'NONE', #3520, 39.37007874015748143 ) ;
#3522 = EDGE_CURVE ( 'NONE', #1615, #313, #1770, .T. ) ;
#3523 = VECTOR ( 'NONE', #995, 39.37007874015748143 ) ;
#3524 = EDGE_CURVE ( 'NONE', #1919, #2507, #2582, .T. ) ;
#3525 = ORIENTED_EDGE ( 'NONE', *, *, #156, .F. ) ;
#3526 = ORIENTED_EDGE ( 'NONE', *, *, #1015, .F. ) ;
#3527 = CARTESIAN_POINT ( 'NONE',  ( -0.1968503937007874127, 0.003937007874015747977, -0.07480314960629921850 ) ) ;
#3528 = DIRECTION ( 'NONE',  ( 0.000000000000000000, 0.000000000000000000, 1.000000000000000000 ) ) ;
#3529 = VECTOR ( 'NONE', #587, 39.37007874015748143 ) ;
#3530 = CARTESIAN_POINT ( 'NONE',  ( -0.1653543307086614567, 0.007874015748031495954, 0.1023622047244094613 ) ) ;
#3531 = ORIENTED_EDGE ( 'NONE', *, *, #1398, .F. ) ;
#3532 = CARTESIAN_POINT ( 'NONE',  ( -0.1122047244094488277, 0.1299212598425196763, 0.1181102362204724532 ) ) ;
#3533 = VERTEX_POINT ( 'NONE', #3204 ) ;
#3534 = CARTESIAN_POINT ( 'NONE',  ( -0.1181102362204724532, 0.1377952755905511861, 0.1122047244094488277 ) ) ;
#3535 = DIRECTION ( 'NONE',  ( -1.000000000000000000, 0.000000000000000000, 0.000000000000000000 ) ) ;
#3536 = DIRECTION ( 'NONE',  ( 0.000000000000000000, 0.000000000000000000, -1.000000000000000000 ) ) ;
#3537 = CARTESIAN_POINT ( 'NONE',  ( -0.1496062992125984370, 0.03149606299212598381, 0.1023622047244094613 ) ) ;
#3538 = DIRECTION ( 'NONE',  ( 0.000000000000000000, -1.000000000000000000, 0.000000000000000000 ) ) ;
#3539 = VERTEX_POINT ( 'NONE', #441 ) ;
#3540 = DIRECTION ( 'NONE',  ( 0.000000000000000000, 0.000000000000000000, -1.000000000000000000 ) ) ;
#3541 = FACE_OUTER_BOUND ( 'NONE', #1942, .T. ) ;
#3542 = ORIENTED_EDGE ( 'NONE', *, *, #1572, .F. ) ;
#3543 = ORIENTED_EDGE ( 'NONE', *, *, #2183, .T. ) ;
#3544 = CARTESIAN_POINT ( 'NONE',  ( -0.1653543307086614567, 0.003937007874015747977, -0.07480314960629921850 ) ) ;
#3545 = EDGE_CURVE ( 'NONE', #3547, #2877, #16, .T. ) ;
#3546 = DIRECTION ( 'NONE',  ( -1.734723475976804925E-15, -1.000000000000000000, 0.000000000000000000 ) ) ;
#3547 = VERTEX_POINT ( 'NONE', #2665 ) ;
#3548 = PLANE ( 'NONE',  #1828 ) ;
#3549 = CARTESIAN_POINT ( 'NONE',  ( -0.08858267716535433989, 0.1299212598425196763, -0.08858267716535433989 ) ) ;
#3550 = ORIENTED_EDGE ( 'NONE', *, *, #2163, .F. ) ;
#3551 = CYLINDRICAL_SURFACE ( 'NONE', #443, 0.003937007874015741038 ) ;
#3552 = CARTESIAN_POINT ( 'NONE',  ( -0.1496062992125984370, 0.03149606299212598381, 0.1023622047244094613 ) ) ;
#3553 = CARTESIAN_POINT ( 'NONE',  ( -0.1653543307086614567, 0.007874015748031495954, 0.1023622047244094613 ) ) ;
#3554 = CARTESIAN_POINT ( 'NONE',  ( 0.08858267716535433989, 0.1456692913385826960, -0.08858267716535433989 ) ) ;
#3555 = VERTEX_POINT ( 'NONE', #1500 ) ;
#3556 = DIRECTION ( 'NONE',  ( 1.000000000000000000, 0.000000000000000000, 0.000000000000000000 ) ) ;
#3557 = CARTESIAN_POINT ( 'NONE',  ( 0.1968503937007874127, -0.003937007874015747977, 0.07480314960629921850 ) ) ;
#3558 = ORIENTED_EDGE ( 'NONE', *, *, #973, .T. ) ;
#3559 = DIRECTION ( 'NONE',  ( 0.000000000000000000, 0.000000000000000000, 1.000000000000000000 ) ) ;
#3560 = ORIENTED_EDGE ( 'NONE', *, *, #588, .F. ) ;
#3561 =( GEOMETRIC_REPRESENTATION_CONTEXT ( 3 ) GLOBAL_UNCERTAINTY_ASSIGNED_CONTEXT ( ( #875 ) ) GLOBAL_UNIT_ASSIGNED_CONTEXT ( ( #1736, #1459, #2854 ) ) REPRESENTATION_CONTEXT ( 'NONE', 'WORKASPACE' ) );
#3562 = CARTESIAN_POINT ( 'NONE',  ( -0.08858267716535433989, 0.1456692913385826960, -0.08858267716535433989 ) ) ;
#3563 = AXIS2_PLACEMENT_3D ( 'NONE', #2181, #2417, #3038 ) ;
#3564 = PRODUCT_CONTEXT ( 'NONE', #2896, 'mechanical' ) ;
#3565 = DIRECTION ( 'NONE',  ( 0.000000000000000000, 0.000000000000000000, 1.000000000000000000 ) ) ;
#3566 = ADVANCED_FACE ( 'NONE', ( #2642 ), #3169, .F. ) ;
#3567 = ADVANCED_FACE ( 'NONE', ( #1245 ), #179, .T. ) ;
#3568 = EDGE_LOOP ( 'NONE', ( #2779, #2544 ) ) ;
#3569 = DIRECTION ( 'NONE',  ( 0.000000000000000000, 0.000000000000000000, -1.000000000000000000 ) ) ;
ENDSEC;
END-ISO-10303-21;
