ISO-10303-21;
HEADER;
FILE_DESCRIPTION (( 'STEP AP214' ),
    '1' );
FILE_NAME ('APHD1608LVBC_D.STEP',
    '2024-01-05T16:29:45',
    ( 'LENOVO' ),
    ( '' ),
    'SwSTEP 2.0',
    'SolidWorks 2021',
    '' );
FILE_SCHEMA (( 'AUTOMOTIVE_DESIGN' ));
ENDSEC;

DATA;
#1 = DIRECTION ( 'NONE',  ( 0.000000000000000000, -0.000000000000000000, 1.000000000000000000 ) ) ;
#2 = FACE_OUTER_BOUND ( 'NONE', #1743, .T. ) ;
#3 = MECHANICAL_DESIGN_GEOMETRIC_PRESENTATION_REPRESENTATION (  '', ( #2170 ), #906 ) ;
#4 = LINE ( 'NONE', #2088, #824 ) ;
#5 = FACE_OUTER_BOUND ( 'NONE', #2180, .T. ) ;
#6 = DIRECTION ( 'NONE',  ( 0.000000000000000000, 0.000000000000000000, 1.000000000000000000 ) ) ;
#7 = CARTESIAN_POINT ( 'NONE',  ( -0.5999999999999998668, 0.07499999999999998335, 0.1784000000000001140 ) ) ;
#8 = APPLICATION_PROTOCOL_DEFINITION ( 'draft international standard', 'automotive_design', 1998, #216 ) ;
#9 = VECTOR ( 'NONE', #2086, 1000.000000000000000 ) ;
#10 = FACE_OUTER_BOUND ( 'NONE', #2103, .T. ) ;
#11 = DIRECTION ( 'NONE',  ( 7.228014483236695175E-15, 0.000000000000000000, -1.000000000000000000 ) ) ;
#12 = VECTOR ( 'NONE', #1172, 1000.000000000000000 ) ;
#13 = PLANE ( 'NONE',  #264 ) ;
#14 = ADVANCED_FACE ( 'NONE', ( #711 ), #725, .F. ) ;
#15 = FACE_OUTER_BOUND ( 'NONE', #1628, .T. ) ;
#16 = LINE ( 'NONE', #2200, #19 ) ;
#17 = EDGE_CURVE ( 'NONE', #231, #2596, #730, .T. ) ;
#18 = VECTOR ( 'NONE', #1327, 1000.000000000000000 ) ;
#19 = VECTOR ( 'NONE', #549, 1000.000000000000000 ) ;
#20 = CARTESIAN_POINT ( 'NONE',  ( 0.6000000000000008660, 0.1499999999999999944, -0.1783999999999959507 ) ) ;
#21 = VECTOR ( 'NONE', #86, 1000.000000000000000 ) ;
#22 = VECTOR ( 'NONE', #1305, 1000.000000000000000 ) ;
#23 = LINE ( 'NONE', #515, #2575 ) ;
#24 = CARTESIAN_POINT ( 'NONE',  ( 0.5000000000000000000, 0.07499999999999998335, 0.3250000000000000111 ) ) ;
#25 = DIRECTION ( 'NONE',  ( 0.000000000000000000, 1.000000000000000000, 0.000000000000000000 ) ) ;
#26 = CARTESIAN_POINT ( 'NONE',  ( -0.3000000000000000444, 0.1000000000000000056, 0.3995000000000000773 ) ) ;
#27 = VECTOR ( 'NONE', #2423, 1000.000000000000000 ) ;
#28 = PLANE ( 'NONE',  #207 ) ;
#29 = LINE ( 'NONE', #323, #1779 ) ;
#30 = FACE_OUTER_BOUND ( 'NONE', #2510, .T. ) ;
#31 = CARTESIAN_POINT ( 'NONE',  ( 0.6500000000000009104, 0.1499999999999999944, -0.1783999999999956454 ) ) ;
#32 = LINE ( 'NONE', #705, #2637 ) ;
#33 = AXIS2_PLACEMENT_3D ( 'NONE', #2064, #1901, #36 ) ;
#34 = VECTOR ( 'NONE', #265, 1000.000000000000000 ) ;
#35 = DIRECTION ( 'NONE',  ( -7.228014483236695175E-15, -0.000000000000000000, 1.000000000000000000 ) ) ;
#36 = DIRECTION ( 'NONE',  ( 0.000000000000000000, -0.000000000000000000, 1.000000000000000000 ) ) ;
#37 = LINE ( 'NONE', #1234, #1667 ) ;
#38 = LINE ( 'NONE', #1048, #1687 ) ;
#39 = DIRECTION ( 'NONE',  ( 0.000000000000000000, 0.000000000000000000, -1.000000000000000000 ) ) ;
#40 = CARTESIAN_POINT ( 'NONE',  ( 0.8000000000000000444, 0.000000000000000000, 0.3250000000000000111 ) ) ;
#41 = CARTESIAN_POINT ( 'NONE',  ( -0.5999999999999998668, 0.07499999999999998335, 0.2984000000000001096 ) ) ;
#42 = AXIS2_PLACEMENT_3D ( 'NONE', #313, #2304, #2456 ) ;
#43 = DIRECTION ( 'NONE',  ( 0.000000000000000000, -1.000000000000000000, 0.000000000000000000 ) ) ;
#44 = VECTOR ( 'NONE', #1496, 1000.000000000000000 ) ;
#45 = LINE ( 'NONE', #2372, #1024 ) ;
#46 = DIRECTION ( 'NONE',  ( 1.000000000000000000, -0.000000000000000000, 0.000000000000000000 ) ) ;
#47 = EDGE_CURVE ( 'NONE', #1729, #1424, #680, .T. ) ;
#48 = LINE ( 'NONE', #2366, #909 ) ;
#49 = VECTOR ( 'NONE', #1940, 1000.000000000000000 ) ;
#50 = ADVANCED_FACE ( 'NONE', ( #752 ), #372, .T. ) ;
#51 = EDGE_CURVE ( 'NONE', #239, #696, #2526, .T. ) ;
#52 = FACE_OUTER_BOUND ( 'NONE', #2156, .T. ) ;
#53 = EDGE_CURVE ( 'NONE', #1991, #1261, #1629, .T. ) ;
#54 = CARTESIAN_POINT ( 'NONE',  ( 0.6000000000000016431, -0.7476809831277262397, -0.2983999999999960018 ) ) ;
#55 = VECTOR ( 'NONE', #1270, 1000.000000000000000 ) ;
#56 = LINE ( 'NONE', #1771, #941 ) ;
#57 = UNCERTAINTY_MEASURE_WITH_UNIT (LENGTH_MEASURE( 1.000000000000000082E-05 ), #625, 'distance_accuracy_value', 'NONE');
#58 = CARTESIAN_POINT ( 'NONE',  ( -0.6500000000000001332, 0.07499999999999998335, -0.3250000000000000111 ) ) ;
#59 = DIRECTION ( 'NONE',  ( -0.000000000000000000, 1.000000000000000000, -0.000000000000000000 ) ) ;
#60 = CARTESIAN_POINT ( 'NONE',  ( -0.8000000000000000444, 0.1499999999999999944, 0.4000000000000000777 ) ) ;
#61 = VECTOR ( 'NONE', #155, 1000.000000000000000 ) ;
#62 = PLANE ( 'NONE',  #2613 ) ;
#63 = LINE ( 'NONE', #311, #931 ) ;
#64 = VECTOR ( 'NONE', #1635, 1000.000000000000000 ) ;
#65 = LINE ( 'NONE', #2118, #950 ) ;
#66 = DIRECTION ( 'NONE',  ( 0.000000000000000000, -0.000000000000000000, 1.000000000000000000 ) ) ;
#67 = AXIS2_PLACEMENT_3D ( 'NONE', #1781, #652, #667 ) ;
#68 = VECTOR ( 'NONE', #1374, 1000.000000000000000 ) ;
#69 = VECTOR ( 'NONE', #654, 1000.000000000000000 ) ;
#70 = VECTOR ( 'NONE', #1684, 1000.000000000000000 ) ;
#71 = LINE ( 'NONE', #1478, #132 ) ;
#72 = ADVANCED_FACE ( 'NONE', ( #1557 ), #1510, .T. ) ;
#73 = FACE_OUTER_BOUND ( 'NONE', #1124, .T. ) ;
#74 = EDGE_CURVE ( 'NONE', #1279, #1711, #740, .T. ) ;
#75 = PLANE ( 'NONE',  #270 ) ;
#76 = CARTESIAN_POINT ( 'NONE',  ( 0.6000000000000000888, 0.1499999999999999944, 0.3999999999999999667 ) ) ;
#77 = FACE_OUTER_BOUND ( 'NONE', #144, .T. ) ;
#78 = EDGE_LOOP ( 'NONE', ( #1332, #1109, #475, #1328, #1979, #1155 ) ) ;
#79 = DIRECTION ( 'NONE',  ( 6.759833427342943129E-15, 0.000000000000000000, -1.000000000000000000 ) ) ;
#80 = ADVANCED_FACE ( 'NONE', ( #1579 ), #1747, .F. ) ;
#81 = VECTOR ( 'NONE', #2196, 1000.000000000000000 ) ;
#82 = VECTOR ( 'NONE', #2377, 1000.000000000000000 ) ;
#83 = EDGE_CURVE ( 'NONE', #1256, #244, #701, .T. ) ;
#84 = CARTESIAN_POINT ( 'NONE',  ( -0.5000000000000000000, 0.7908910531638175812, 0.3250000000000000111 ) ) ;
#85 = FACE_OUTER_BOUND ( 'NONE', #1436, .T. ) ;
#86 = DIRECTION ( 'NONE',  ( -0.000000000000000000, -0.000000000000000000, -1.000000000000000000 ) ) ;
#87 = ORIENTED_EDGE ( 'NONE', *, *, #1321, .T. ) ;
#88 = DIRECTION ( 'NONE',  ( -1.000000000000000000, -0.000000000000000000, -6.866613759074863256E-15 ) ) ;
#89 = FACE_OUTER_BOUND ( 'NONE', #1722, .T. ) ;
#90 = EDGE_CURVE ( 'NONE', #134, #2266, #2534, .T. ) ;
#91 = ORIENTED_EDGE ( 'NONE', *, *, #1760, .F. ) ;
#92 = EDGE_CURVE ( 'NONE', #2184, #1649, #1613, .T. ) ;
#93 = CARTESIAN_POINT ( 'NONE',  ( -0.5000000000000000000, 0.000000000000000000, -0.3249999999999999556 ) ) ;
#94 = LINE ( 'NONE', #1368, #1893 ) ;
#95 = VERTEX_POINT ( 'NONE', #1168 ) ;
#96 = CARTESIAN_POINT ( 'NONE',  ( -0.6500000000000000222, 0.07499999999999998335, 0.1784000000000001140 ) ) ;
#97 = FILL_AREA_STYLE_COLOUR ( '', #2513 ) ;
#98 = DIRECTION ( 'NONE',  ( 0.000000000000000000, 0.000000000000000000, -1.000000000000000000 ) ) ;
#99 = VECTOR ( 'NONE', #1081, 1000.000000000000000 ) ;
#100 = ORIENTED_EDGE ( 'NONE', *, *, #2145, .F. ) ;
#101 =( NAMED_UNIT ( * ) PLANE_ANGLE_UNIT ( ) SI_UNIT ( $, .RADIAN. ) );
#102 = LINE ( 'NONE', #1718, #959 ) ;
#103 = ORIENTED_EDGE ( 'NONE', *, *, #1422, .F. ) ;
#104 = PLANE ( 'NONE',  #2074 ) ;
#105 = PLANE ( 'NONE',  #1407 ) ;
#106 = ORIENTED_EDGE ( 'NONE', *, *, #212, .F. ) ;
#107 = ADVANCED_FACE ( 'NONE', ( #758 ), #1772, .F. ) ;
#108 = CARTESIAN_POINT ( 'NONE',  ( 0.6500000000000017986, -0.7476809831277262397, -0.2983999999999956132 ) ) ;
#109 = LINE ( 'NONE', #2381, #964 ) ;
#110 =( GEOMETRIC_REPRESENTATION_CONTEXT ( 3 ) GLOBAL_UNCERTAINTY_ASSIGNED_CONTEXT ( ( #1550 ) ) GLOBAL_UNIT_ASSIGNED_CONTEXT ( ( #492, #101, #1320 ) ) REPRESENTATION_CONTEXT ( 'NONE', 'WORKASPACE' ) );
#111 = ORIENTED_EDGE ( 'NONE', *, *, #543, .T. ) ;
#112 = DIRECTION ( 'NONE',  ( -1.000000000000000000, 0.000000000000000000, 0.000000000000000000 ) ) ;
#113 = DIRECTION ( 'NONE',  ( 1.000000000000000000, 0.000000000000000000, -0.000000000000000000 ) ) ;
#114 = LINE ( 'NONE', #1323, #978 ) ;
#115 = ORIENTED_EDGE ( 'NONE', *, *, #995, .F. ) ;
#116 = VERTEX_POINT ( 'NONE', #578 ) ;
#117 = AXIS2_PLACEMENT_3D ( 'NONE', #2171, #147, #535 ) ;
#118 = CARTESIAN_POINT ( 'NONE',  ( -0.8000000000000000444, 0.1499999999999999944, 0.4000000000000000777 ) ) ;
#119 = VECTOR ( 'NONE', #510, 1000.000000000000000 ) ;
#120 = ORIENTED_EDGE ( 'NONE', *, *, #686, .T. ) ;
#121 = ORIENTED_EDGE ( 'NONE', *, *, #1402, .T. ) ;
#122 = EDGE_CURVE ( 'NONE', #2351, #2192, #1634, .T. ) ;
#123 = CIRCLE ( 'NONE', #1464, 0.01269999999999998387 ) ;
#124 = CARTESIAN_POINT ( 'NONE',  ( 0.5000000000000000000, 0.7908910531638175812, -0.3249999999999999556 ) ) ;
#125 = ORIENTED_EDGE ( 'NONE', *, *, #336, .F. ) ;
#126 = CARTESIAN_POINT ( 'NONE',  ( 0.5000000000000000000, 0.7908910531638175812, 0.3250000000000000111 ) ) ;
#127 = LINE ( 'NONE', #1517, #955 ) ;
#128 = ORIENTED_EDGE ( 'NONE', *, *, #397, .F. ) ;
#129 = EDGE_LOOP ( 'NONE', ( #1612, #1751, #314, #2343 ) ) ;
#130 = CARTESIAN_POINT ( 'NONE',  ( -0.5000000000000000000, 0.07499999999999998335, -0.3249999999999999556 ) ) ;
#131 = CARTESIAN_POINT ( 'NONE',  ( 0.6500000000000009104, 0.07499999999999998335, -0.1783999999999956454 ) ) ;
#132 = VECTOR ( 'NONE', #1709, 1000.000000000000000 ) ;
#133 = ORIENTED_EDGE ( 'NONE', *, *, #1422, .T. ) ;
#134 = VERTEX_POINT ( 'NONE', #396 ) ;
#135 = CARTESIAN_POINT ( 'NONE',  ( 0.5000000000000000000, 0.000000000000000000, -0.3249999999999999556 ) ) ;
#136 = VECTOR ( 'NONE', #537, 1000.000000000000000 ) ;
#137 = ORIENTED_EDGE ( 'NONE', *, *, #1833, .T. ) ;
#138 = LINE ( 'NONE', #1381, #1902 ) ;
#139 = DIRECTION ( 'NONE',  ( -1.000000000000000000, 0.000000000000000000, -7.589415207398512105E-15 ) ) ;
#140 = ORIENTED_EDGE ( 'NONE', *, *, #253, .T. ) ;
#141 = AXIS2_PLACEMENT_3D ( 'NONE', #662, #113, #905 ) ;
#142 = DIRECTION ( 'NONE',  ( -0.000000000000000000, 1.000000000000000000, -0.000000000000000000 ) ) ;
#143 = LINE ( 'NONE', #84, #1832 ) ;
#144 = EDGE_LOOP ( 'NONE', ( #1137, #2205, #2041, #2165, #453 ) ) ;
#145 = ADVANCED_FACE ( 'NONE', ( #1561 ), #715, .T. ) ;
#146 = DIRECTION ( 'NONE',  ( -1.000000000000000000, 0.000000000000000000, 0.000000000000000000 ) ) ;
#147 = DIRECTION ( 'NONE',  ( -1.000000000000000000, 0.000000000000000000, 0.000000000000000000 ) ) ;
#148 = CARTESIAN_POINT ( 'NONE',  ( 0.6000000000000008660, 0.07499999999999998335, -0.1783999999999959507 ) ) ;
#149 = LINE ( 'NONE', #1994, #1911 ) ;
#150 = EDGE_CURVE ( 'NONE', #446, #2095, #1605, .T. ) ;
#151 = VERTEX_POINT ( 'NONE', #2319 ) ;
#152 = VECTOR ( 'NONE', #1632, 1000.000000000000000 ) ;
#153 = ADVANCED_FACE ( 'NONE', ( #2482 ), #75, .T. ) ;
#154 = PLANE ( 'NONE',  #2277 ) ;
#155 = DIRECTION ( 'NONE',  ( 1.000000000000000000, 0.000000000000000000, -1.807003620809173892E-16 ) ) ;
#156 = VECTOR ( 'NONE', #518, 1000.000000000000000 ) ;
#157 = EDGE_CURVE ( 'NONE', #2126, #2223, #1592, .T. ) ;
#158 = VERTEX_POINT ( 'NONE', #268 ) ;
#159 = LINE ( 'NONE', #1886, #1000 ) ;
#160 = EDGE_CURVE ( 'NONE', #1428, #2215, #1536, .T. ) ;
#161 = LINE ( 'NONE', #326, #1020 ) ;
#162 = ORIENTED_EDGE ( 'NONE', *, *, #2232, .T. ) ;
#163 = EDGE_CURVE ( 'NONE', #2226, #2179, #2493, .T. ) ;
#164 = AXIS2_PLACEMENT_3D ( 'NONE', #1588, #233, #1865 ) ;
#165 = DIRECTION ( 'NONE',  ( -1.000000000000000000, 0.000000000000000000, 0.000000000000000000 ) ) ;
#166 = VECTOR ( 'NONE', #1331, 1000.000000000000000 ) ;
#167 = ORIENTED_EDGE ( 'NONE', *, *, #1863, .T. ) ;
#168 = CARTESIAN_POINT ( 'NONE',  ( -0.6500000000000000222, 0.07499999999999998335, 0.1784000000000001140 ) ) ;
#169 = DIRECTION ( 'NONE',  ( 0.000000000000000000, 0.000000000000000000, -1.000000000000000000 ) ) ;
#170 = VECTOR ( 'NONE', #499, 1000.000000000000000 ) ;
#171 = EDGE_LOOP ( 'NONE', ( #137, #2060, #2108, #1128 ) ) ;
#172 = FACE_OUTER_BOUND ( 'NONE', #1221, .T. ) ;
#173 = DIRECTION ( 'NONE',  ( -1.000000000000000000, -0.000000000000000000, -0.000000000000000000 ) ) ;
#174 = CARTESIAN_POINT ( 'NONE',  ( 0.3326749358466153383, 0.4087537910118554940, -4.074092953411085597E-17 ) ) ;
#175 = LINE ( 'NONE', #93, #99 ) ;
#176 = ORIENTED_EDGE ( 'NONE', *, *, #1937, .T. ) ;
#177 = DIRECTION ( 'NONE',  ( -8.621886063503022129E-15, 0.000000000000000000, 1.000000000000000000 ) ) ;
#178 = ORIENTED_EDGE ( 'NONE', *, *, #409, .T. ) ;
#179 = AXIS2_PLACEMENT_3D ( 'NONE', #2330, #2514, #340 ) ;
#180 = LINE ( 'NONE', #7, #152 ) ;
#181 = DIRECTION ( 'NONE',  ( 0.000000000000000000, 0.000000000000000000, -1.000000000000000000 ) ) ;
#182 = LINE ( 'NONE', #1985, #1971 ) ;
#183 = ORIENTED_EDGE ( 'NONE', *, *, #2084, .T. ) ;
#184 = DIRECTION ( 'NONE',  ( -0.000000000000000000, -1.000000000000000000, -0.000000000000000000 ) ) ;
#185 = EDGE_CURVE ( 'NONE', #239, #2126, #2463, .T. ) ;
#186 = DIRECTION ( 'NONE',  ( 0.000000000000000000, -0.000000000000000000, -1.000000000000000000 ) ) ;
#187 = COLOUR_RGB ( '',0.8627450980392157298, 0.8627450980392157298, 0.7843137254901960675 ) ;
#188 = ORIENTED_EDGE ( 'NONE', *, *, #570, .F. ) ;
#189 = DIRECTION ( 'NONE',  ( 0.000000000000000000, 0.000000000000000000, -1.000000000000000000 ) ) ;
#190 = CARTESIAN_POINT ( 'NONE',  ( -0.8000000000000000444, 0.1499999999999999944, 0.4000000000000000777 ) ) ;
#191 = ORIENTED_EDGE ( 'NONE', *, *, #1353, .T. ) ;
#192 = EDGE_CURVE ( 'NONE', #335, #1680, #2440, .T. ) ;
#193 = ADVANCED_FACE ( 'NONE', ( #674 ), #1248, .T. ) ;
#194 = ORIENTED_EDGE ( 'NONE', *, *, #1643, .F. ) ;
#195 = CARTESIAN_POINT ( 'NONE',  ( 0.8000000000000020428, 0.07499999999999998335, -0.3250000000000000111 ) ) ;
#196 = FACE_OUTER_BOUND ( 'NONE', #288, .T. ) ;
#197 = EDGE_LOOP ( 'NONE', ( #2010, #2129, #1232, #290, #275 ) ) ;
#198 = DIRECTION ( 'NONE',  ( -1.000000000000000000, 0.000000000000000000, -0.000000000000000000 ) ) ;
#199 = DIRECTION ( 'NONE',  ( 1.000000000000000000, -0.000000000000000000, -0.000000000000000000 ) ) ;
#200 = CARTESIAN_POINT ( 'NONE',  ( 0.5000000000000000000, 0.000000000000000000, 0.3250000000000000111 ) ) ;
#201 = MANIFOLD_SOLID_BREP ( 'Boss-Extrude5', #1274 ) ;
#202 = EDGE_LOOP ( 'NONE', ( #1175, #2176, #1879, #1858 ) ) ;
#203 = CARTESIAN_POINT ( 'NONE',  ( -0.6500000000000000222, 0.07499999999999998335, 0.3250000000000000111 ) ) ;
#204 = CARTESIAN_POINT ( 'NONE',  ( -0.1000000000000000194, 0.000000000000000000, -0.3995000000000000773 ) ) ;
#205 = VECTOR ( 'NONE', #443, 1000.000000000000000 ) ;
#206 = EDGE_LOOP ( 'NONE', ( #1052, #1993, #256, #1315 ) ) ;
#207 = AXIS2_PLACEMENT_3D ( 'NONE', #604, #1867, #564 ) ;
#208 = LINE ( 'NONE', #1650, #1075 ) ;
#209 = ORIENTED_EDGE ( 'NONE', *, *, #1180, .F. ) ;
#210 = CARTESIAN_POINT ( 'NONE',  ( -0.5999999999999998668, 0.1499999999999999944, 0.3999999999999999667 ) ) ;
#211 = CARTESIAN_POINT ( 'NONE',  ( -0.6500000000000000222, 0.1499999999999999944, 0.1784000000000001140 ) ) ;
#212 = EDGE_CURVE ( 'NONE', #833, #2184, #2506, .T. ) ;
#213 = ORIENTED_EDGE ( 'NONE', *, *, #921, .F. ) ;
#214 = PLANE ( 'NONE',  #285 ) ;
#215 = DIRECTION ( 'NONE',  ( -7.228014483236695175E-15, -0.000000000000000000, 1.000000000000000000 ) ) ;
#216 = APPLICATION_CONTEXT ( 'automotive_design' ) ;
#217 = ORIENTED_EDGE ( 'NONE', *, *, #1604, .T. ) ;
#218 = ORIENTED_EDGE ( 'NONE', *, *, #1127, .F. ) ;
#219 = EDGE_CURVE ( 'NONE', #795, #452, #2486, .T. ) ;
#220 = EDGE_CURVE ( 'NONE', #1267, #739, #2577, .T. ) ;
#221 = CARTESIAN_POINT ( 'NONE',  ( -0.6500000000000000222, 0.07499999999999998335, 0.2984000000000001096 ) ) ;
#222 = PLANE ( 'NONE',  #1811 ) ;
#223 = ORIENTED_EDGE ( 'NONE', *, *, #1176, .T. ) ;
#224 = ORIENTED_EDGE ( 'NONE', *, *, #1643, .T. ) ;
#225 = ORIENTED_EDGE ( 'NONE', *, *, #859, .T. ) ;
#226 = ORIENTED_EDGE ( 'NONE', *, *, #1932, .T. ) ;
#227 = DIRECTION ( 'NONE',  ( 1.000000000000000000, -0.000000000000000000, 0.000000000000000000 ) ) ;
#228 = PLANE ( 'NONE',  #2120 ) ;
#229 = AXIS2_PLACEMENT_3D ( 'NONE', #1625, #844, #486 ) ;
#230 = ORIENTED_EDGE ( 'NONE', *, *, #638, .F. ) ;
#231 = VERTEX_POINT ( 'NONE', #891 ) ;
#232 = ADVANCED_FACE ( 'NONE', ( #1655 ), #1409, .T. ) ;
#233 = DIRECTION ( 'NONE',  ( 1.000000000000000000, 0.000000000000000000, -0.000000000000000000 ) ) ;
#234 = DIRECTION ( 'NONE',  ( 7.064976562562185217E-15, -0.000000000000000000, -1.000000000000000000 ) ) ;
#235 = CARTESIAN_POINT ( 'NONE',  ( -0.6500000000000001332, 0.1499999999999999944, 0.3990000000000000213 ) ) ;
#236 = DIRECTION ( 'NONE',  ( 1.000000000000000000, 0.000000000000000000, -0.000000000000000000 ) ) ;
#237 = DIRECTION ( 'NONE',  ( -0.000000000000000000, -0.000000000000000000, -1.000000000000000000 ) ) ;
#238 = ORIENTED_EDGE ( 'NONE', *, *, #1614, .T. ) ;
#239 = VERTEX_POINT ( 'NONE', #2278 ) ;
#240 = FILL_AREA_STYLE_COLOUR ( '', #607 ) ;
#241 = CARTESIAN_POINT ( 'NONE',  ( -0.1000000000000000194, 0.000000000000000000, -0.3995000000000000773 ) ) ;
#242 = ORIENTED_EDGE ( 'NONE', *, *, #1380, .T. ) ;
#243 = ORIENTED_EDGE ( 'NONE', *, *, #850, .F. ) ;
#244 = VERTEX_POINT ( 'NONE', #40 ) ;
#245 = ORIENTED_EDGE ( 'NONE', *, *, #1752, .T. ) ;
#246 = PLANE ( 'NONE',  #2458 ) ;
#247 = EDGE_CURVE ( 'NONE', #2095, #1991, #2561, .T. ) ;
#248 = DIRECTION ( 'NONE',  ( -0.000000000000000000, 1.000000000000000000, -0.000000000000000000 ) ) ;
#249 = VERTEX_POINT ( 'NONE', #640 ) ;
#250 = EDGE_LOOP ( 'NONE', ( #1100, #1356, #1301, #2295 ) ) ;
#251 = CARTESIAN_POINT ( 'NONE',  ( 0.000000000000000000, 0.07499999999999999722, 0.000000000000000000 ) ) ;
#252 = DIRECTION ( 'NONE',  ( 1.000000000000000000, 0.000000000000000000, 0.000000000000000000 ) ) ;
#253 = EDGE_CURVE ( 'NONE', #1129, #422, #803, .T. ) ;
#254 = CARTESIAN_POINT ( 'NONE',  ( 0.6499999999999970246, -0.7476809831277262397, 0.3990000000000044622 ) ) ;
#255 = ORIENTED_EDGE ( 'NONE', *, *, #958, .T. ) ;
#256 = ORIENTED_EDGE ( 'NONE', *, *, #122, .F. ) ;
#257 = AXIS2_PLACEMENT_3D ( 'NONE', #540, #1294, #1973 ) ;
#258 = CARTESIAN_POINT ( 'NONE',  ( 0.5000000000000000000, 0.7908910531638175812, -0.3249999999999999556 ) ) ;
#259 = ORIENTED_EDGE ( 'NONE', *, *, #1815, .T. ) ;
#260 = ORIENTED_EDGE ( 'NONE', *, *, #1534, .T. ) ;
#261 = CARTESIAN_POINT ( 'NONE',  ( -0.3000000000000000444, 0.000000000000000000, 0.3995000000000000773 ) ) ;
#262 = ORIENTED_EDGE ( 'NONE', *, *, #1242, .T. ) ;
#263 = VERTEX_POINT ( 'NONE', #1660 ) ;
#264 = AXIS2_PLACEMENT_3D ( 'NONE', #1853, #1379, #2436 ) ;
#265 = DIRECTION ( 'NONE',  ( 0.000000000000000000, 1.000000000000000000, 0.000000000000000000 ) ) ;
#266 = ORIENTED_EDGE ( 'NONE', *, *, #1314, .T. ) ;
#267 = ORIENTED_EDGE ( 'NONE', *, *, #2428, .F. ) ;
#268 = CARTESIAN_POINT ( 'NONE',  ( -0.8000000000000000444, 0.1499999999999999944, -0.3989999999999999658 ) ) ;
#269 = CARTESIAN_POINT ( 'NONE',  ( 0.000000000000000000, 0.07499999999999999722, 0.000000000000000000 ) ) ;
#270 = AXIS2_PLACEMENT_3D ( 'NONE', #1034, #1104, #615 ) ;
#271 = CARTESIAN_POINT ( 'NONE',  ( -0.8000000000000000444, 0.07499999999999998335, 0.3990000000000000213 ) ) ;
#272 = ORIENTED_EDGE ( 'NONE', *, *, #1824, .T. ) ;
#273 = ORIENTED_EDGE ( 'NONE', *, *, #591, .T. ) ;
#274 = DIRECTION ( 'NONE',  ( -0.000000000000000000, 1.000000000000000000, -0.000000000000000000 ) ) ;
#275 = ORIENTED_EDGE ( 'NONE', *, *, #983, .F. ) ;
#276 = EDGE_CURVE ( 'NONE', #377, #2626, #2552, .T. ) ;
#277 = ORIENTED_EDGE ( 'NONE', *, *, #634, .T. ) ;
#278 = ORIENTED_EDGE ( 'NONE', *, *, #1400, .T. ) ;
#279 = ORIENTED_EDGE ( 'NONE', *, *, #1440, .T. ) ;
#280 = EDGE_CURVE ( 'NONE', #745, #842, #1640, .T. ) ;
#281 = EDGE_CURVE ( 'NONE', #1972, #849, #1707, .T. ) ;
#282 = ORIENTED_EDGE ( 'NONE', *, *, #691, .F. ) ;
#283 = ORIENTED_EDGE ( 'NONE', *, *, #247, .T. ) ;
#284 = DIRECTION ( 'NONE',  ( 0.000000000000000000, -1.000000000000000000, 0.000000000000000000 ) ) ;
#285 = AXIS2_PLACEMENT_3D ( 'NONE', #770, #2032, #2065 ) ;
#286 = FILL_AREA_STYLE ('',( #1466 ) ) ;
#287 = VERTEX_POINT ( 'NONE', #981 ) ;
#288 = EDGE_LOOP ( 'NONE', ( #91, #2183, #367, #994 ) ) ;
#289 = DIRECTION ( 'NONE',  ( -1.000000000000000000, -0.000000000000000000, -0.000000000000000000 ) ) ;
#290 = ORIENTED_EDGE ( 'NONE', *, *, #304, .F. ) ;
#291 = ORIENTED_EDGE ( 'NONE', *, *, #1872, .T. ) ;
#292 = ORIENTED_EDGE ( 'NONE', *, *, #619, .T. ) ;
#293 = ORIENTED_EDGE ( 'NONE', *, *, #1377, .F. ) ;
#294 = CARTESIAN_POINT ( 'NONE',  ( -0.6500000000000001332, -0.7476809831277262397, 0.3990000000000000213 ) ) ;
#295 = ORIENTED_EDGE ( 'NONE', *, *, #859, .F. ) ;
#296 = ORIENTED_EDGE ( 'NONE', *, *, #1119, .T. ) ;
#297 = AXIS2_PLACEMENT_3D ( 'NONE', #2004, #1805, #2222 ) ;
#298 = CARTESIAN_POINT ( 'NONE',  ( -0.6500000000000001332, -0.7476809831277262397, 0.3990000000000000213 ) ) ;
#299 = SURFACE_STYLE_USAGE ( .BOTH. , #1590 ) ;
#300 = PLANE ( 'NONE',  #574 ) ;
#301 = DIRECTION ( 'NONE',  ( -7.064976562562185217E-15, 0.000000000000000000, 1.000000000000000000 ) ) ;
#302 = ORIENTED_EDGE ( 'NONE', *, *, #185, .T. ) ;
#303 = ORIENTED_EDGE ( 'NONE', *, *, #403, .F. ) ;
#304 = EDGE_CURVE ( 'NONE', #483, #2346, #2605, .T. ) ;
#305 = DIRECTION ( 'NONE',  ( -0.000000000000000000, 1.000000000000000000, -0.000000000000000000 ) ) ;
#306 = PLANE ( 'NONE',  #677 ) ;
#307 = CLOSED_SHELL ( 'NONE', ( #702, #741, #1745, #716, #2500, #648, #971, #1025, #145, #2533 ) ) ;
#308 = CARTESIAN_POINT ( 'NONE',  ( -0.8000000000000000444, -0.7476809831277262397, -0.3989999999999999658 ) ) ;
#309 = EDGE_CURVE ( 'NONE', #335, #401, #1713, .T. ) ;
#310 = ORIENTED_EDGE ( 'NONE', *, *, #1766, .T. ) ;
#311 = CARTESIAN_POINT ( 'NONE',  ( 0.6499999999999970246, 0.1499999999999999944, 0.3990000000000044622 ) ) ;
#312 = EDGE_CURVE ( 'NONE', #1708, #2251, #1690, .T. ) ;
#313 = CARTESIAN_POINT ( 'NONE',  ( -0.6500000000000001332, -0.7476809831277262397, -0.3989999999999999658 ) ) ;
#314 = ORIENTED_EDGE ( 'NONE', *, *, #1837, .F. ) ;
#315 = CARTESIAN_POINT ( 'NONE',  ( -0.5999999999999998668, 0.1499999999999999944, 0.3999999999999999667 ) ) ;
#316 = CARTESIAN_POINT ( 'NONE',  ( 0.7999999999999970468, -0.7476809831277262397, 0.3990000000000054614 ) ) ;
#317 = CARTESIAN_POINT ( 'NONE',  ( -0.6500000000000001332, -0.7476809831277262397, 0.3990000000000000213 ) ) ;
#318 = ORIENTED_EDGE ( 'NONE', *, *, #1240, .T. ) ;
#319 = AXIS2_PLACEMENT_3D ( 'NONE', #1437, #1619, #66 ) ;
#320 = CARTESIAN_POINT ( 'NONE',  ( -0.5999999999999998668, 0.07499999999999998335, 0.1784000000000001140 ) ) ;
#321 = DIRECTION ( 'NONE',  ( 0.000000000000000000, -0.000000000000000000, 1.000000000000000000 ) ) ;
#322 = ORIENTED_EDGE ( 'NONE', *, *, #2527, .F. ) ;
#323 = CARTESIAN_POINT ( 'NONE',  ( 0.6500000000000009104, 0.07499999999999998335, -0.1783999999999956454 ) ) ;
#324 = ORIENTED_EDGE ( 'NONE', *, *, #1090, .T. ) ;
#325 = CARTESIAN_POINT ( 'NONE',  ( 0.8000000000000000444, 0.1499999999999999944, 0.4000000000000000777 ) ) ;
#326 = CARTESIAN_POINT ( 'NONE',  ( -0.6500000000000001332, -0.7476809831277262397, -0.3989999999999999658 ) ) ;
#327 = AXIS2_PLACEMENT_3D ( 'NONE', #1465, #2445, #1569 ) ;
#328 = ADVANCED_FACE ( 'NONE', ( #768 ), #2348, .F. ) ;
#329 = ORIENTED_EDGE ( 'NONE', *, *, #1795, .F. ) ;
#330 = SURFACE_STYLE_USAGE ( .BOTH. , #944 ) ;
#331 = CARTESIAN_POINT ( 'NONE',  ( -0.5000000000000000000, 0.07499999999999998335, 0.3249999999999999556 ) ) ;
#332 = ORIENTED_EDGE ( 'NONE', *, *, #2358, .T. ) ;
#333 = EDGE_CURVE ( 'NONE', #729, #980, #775, .T. ) ;
#334 = DIRECTION ( 'NONE',  ( -6.759833427342943917E-15, -0.000000000000000000, 1.000000000000000000 ) ) ;
#335 = VERTEX_POINT ( 'NONE', #1335 ) ;
#336 = EDGE_CURVE ( 'NONE', #2540, #365, #781, .T. ) ;
#337 = DIRECTION ( 'NONE',  ( 0.000000000000000000, 1.000000000000000000, 0.000000000000000000 ) ) ;
#338 = ORIENTED_EDGE ( 'NONE', *, *, #1185, .F. ) ;
#339 = DIRECTION ( 'NONE',  ( -1.000000000000000000, 0.000000000000000000, -8.621886063503022129E-15 ) ) ;
#340 = DIRECTION ( 'NONE',  ( 1.000000000000000000, 0.000000000000000000, 0.000000000000000000 ) ) ;
#341 = EDGE_LOOP ( 'NONE', ( #167, #1166, #1115, #1259 ) ) ;
#342 = CARTESIAN_POINT ( 'NONE',  ( -0.6500000000000000222, 0.07499999999999998335, 0.2984000000000001096 ) ) ;
#343 = CARTESIAN_POINT ( 'NONE',  ( 0.7999999999999970468, 0.1499999999999999944, 0.3990000000000054614 ) ) ;
#344 = UNCERTAINTY_MEASURE_WITH_UNIT (LENGTH_MEASURE( 1.000000000000000082E-05 ), #1615, 'distance_accuracy_value', 'NONE');
#345 = VERTEX_POINT ( 'NONE', #1316 ) ;
#346 = AXIS2_PLACEMENT_3D ( 'NONE', #583, #2057, #1415 ) ;
#347 = DIRECTION ( 'NONE',  ( 1.000000000000000000, -0.000000000000000000, 6.866613759074863256E-15 ) ) ;
#348 = EDGE_LOOP ( 'NONE', ( #194, #1329, #103, #1061 ) ) ;
#349 = ORIENTED_EDGE ( 'NONE', *, *, #1513, .F. ) ;
#350 = DIRECTION ( 'NONE',  ( -0.000000000000000000, 1.000000000000000000, -0.000000000000000000 ) ) ;
#351 = ORIENTED_EDGE ( 'NONE', *, *, #1469, .F. ) ;
#352 = CARTESIAN_POINT ( 'NONE',  ( -0.5999999999999998668, 0.3999999999999999667, 0.3999999999999999667 ) ) ;
#353 = LINE ( 'NONE', #1909, #2128 ) ;
#354 = CARTESIAN_POINT ( 'NONE',  ( 0.6499999999999970246, 0.07499999999999998335, 0.3990000000000044622 ) ) ;
#355 = EDGE_CURVE ( 'NONE', #2251, #1721, #1648, .T. ) ;
#356 = ORIENTED_EDGE ( 'NONE', *, *, #2061, .F. ) ;
#357 = ORIENTED_EDGE ( 'NONE', *, *, #1376, .T. ) ;
#358 = DIRECTION ( 'NONE',  ( -1.000000000000000000, -0.000000000000000000, -0.000000000000000000 ) ) ;
#359 = CARTESIAN_POINT ( 'NONE',  ( 0.5000000000000000000, 0.07499999999999998335, 0.3250000000000000111 ) ) ;
#360 = EDGE_CURVE ( 'NONE', #239, #1267, #2570, .T. ) ;
#361 = ORIENTED_EDGE ( 'NONE', *, *, #336, .T. ) ;
#362 = ORIENTED_EDGE ( 'NONE', *, *, #1717, .F. ) ;
#363 = LINE ( 'NONE', #2465, #2169 ) ;
#364 = DIRECTION ( 'NONE',  ( 0.000000000000000000, 1.000000000000000000, 0.000000000000000000 ) ) ;
#365 = VERTEX_POINT ( 'NONE', #2520 ) ;
#366 = EDGE_CURVE ( 'NONE', #2184, #1261, #2590, .T. ) ;
#367 = ORIENTED_EDGE ( 'NONE', *, *, #1204, .F. ) ;
#368 = CARTESIAN_POINT ( 'NONE',  ( 0.000000000000000000, 0.2999999999999999889, 0.000000000000000000 ) ) ;
#369 = EDGE_LOOP ( 'NONE', ( #1343, #1878, #1043, #178 ) ) ;
#370 = EDGE_LOOP ( 'NONE', ( #1416, #310, #1421, #2328 ) ) ;
#371 = CARTESIAN_POINT ( 'NONE',  ( -0.5999999999999998668, 0.07499999999999998335, 0.2984000000000001096 ) ) ;
#372 = PLANE ( 'NONE',  #609 ) ;
#373 = CARTESIAN_POINT ( 'NONE',  ( 0.6499999999999975797, 0.07499999999999998335, 0.3249999999999999556 ) ) ;
#374 = ORIENTED_EDGE ( 'NONE', *, *, #366, .F. ) ;
#375 = FILL_AREA_STYLE ('',( #708 ) ) ;
#376 = ORIENTED_EDGE ( 'NONE', *, *, #1326, .F. ) ;
#377 = VERTEX_POINT ( 'NONE', #924 ) ;
#378 = MANIFOLD_SOLID_BREP ( 'Fillet1', #307 ) ;
#379 =( LENGTH_UNIT ( ) NAMED_UNIT ( * ) SI_UNIT ( .MILLI., .METRE. ) );
#380 = CARTESIAN_POINT ( 'NONE',  ( -0.3000000000000000444, 0.1000000000000000472, -0.3995000000000000773 ) ) ;
#381 = ORIENTED_EDGE ( 'NONE', *, *, #983, .T. ) ;
#382 = ORIENTED_EDGE ( 'NONE', *, *, #2629, .F. ) ;
#383 = ORIENTED_EDGE ( 'NONE', *, *, #2030, .F. ) ;
#384 = MECHANICAL_DESIGN_GEOMETRIC_PRESENTATION_REPRESENTATION (  '', ( #1174 ), #1954 ) ;
#385 = ORIENTED_EDGE ( 'NONE', *, *, #2049, .F. ) ;
#386 = ORIENTED_EDGE ( 'NONE', *, *, #1062, .T. ) ;
#387 = CARTESIAN_POINT ( 'NONE',  ( -0.1000000000000000194, 0.1000000000000000472, -0.3995000000000000773 ) ) ;
#388 = ORIENTED_EDGE ( 'NONE', *, *, #1287, .T. ) ;
#389 = VECTOR ( 'NONE', #2554, 1000.000000000000000 ) ;
#390 = CARTESIAN_POINT ( 'NONE',  ( -0.8000000000000000444, 0.000000000000000000, 0.3250000000000000111 ) ) ;
#391 = VERTEX_POINT ( 'NONE', #2383 ) ;
#392 = ADVANCED_FACE ( 'NONE', ( #660 ), #154, .F. ) ;
#393 = ORIENTED_EDGE ( 'NONE', *, *, #1872, .F. ) ;
#394 = EDGE_LOOP ( 'NONE', ( #2014, #1337, #2538, #1394, #514 ) ) ;
#395 = CARTESIAN_POINT ( 'NONE',  ( 0.6000000000000008660, 0.07499999999999998335, -0.1783999999999959507 ) ) ;
#396 = CARTESIAN_POINT ( 'NONE',  ( -0.8000000000000000444, 0.07499999999999998335, -0.3250000000000000111 ) ) ;
#397 = EDGE_CURVE ( 'NONE', #1280, #1120, #1519, .T. ) ;
#398 = VECTOR ( 'NONE', #289, 1000.000000000000000 ) ;
#399 = ORIENTED_EDGE ( 'NONE', *, *, #526, .T. ) ;
#400 = ORIENTED_EDGE ( 'NONE', *, *, #2265, .T. ) ;
#401 = VERTEX_POINT ( 'NONE', #1515 ) ;
#402 = ORIENTED_EDGE ( 'NONE', *, *, #1900, .T. ) ;
#403 = EDGE_CURVE ( 'NONE', #842, #2576, #657, .T. ) ;
#404 = FILL_AREA_STYLE ('',( #240 ) ) ;
#405 = DIRECTION ( 'NONE',  ( 0.000000000000000000, 0.000000000000000000, -1.000000000000000000 ) ) ;
#406 = ORIENTED_EDGE ( 'NONE', *, *, #1084, .T. ) ;
#407 = EDGE_LOOP ( 'NONE', ( #302, #1584, #2639, #2340 ) ) ;
#408 = ORIENTED_EDGE ( 'NONE', *, *, #1791, .F. ) ;
#409 = EDGE_CURVE ( 'NONE', #244, #465, #2430, .T. ) ;
#410 = ORIENTED_EDGE ( 'NONE', *, *, #1097, .T. ) ;
#411 = ORIENTED_EDGE ( 'NONE', *, *, #2082, .F. ) ;
#412 = ORIENTED_EDGE ( 'NONE', *, *, #1376, .F. ) ;
#413 = PLANE ( 'NONE',  #1778 ) ;
#414 = ORIENTED_EDGE ( 'NONE', *, *, #1766, .F. ) ;
#415 = ORIENTED_EDGE ( 'NONE', *, *, #2522, .F. ) ;
#416 = VERTEX_POINT ( 'NONE', #1938 ) ;
#417 = PRODUCT_DEFINITION ( 'UNKNOWN', '', #1976, #1995 ) ;
#418 = DIRECTION ( 'NONE',  ( -0.000000000000000000, -0.000000000000000000, -1.000000000000000000 ) ) ;
#419 = PRODUCT_CONTEXT ( 'NONE', #216, 'mechanical' ) ;
#420 = LINE ( 'NONE', #1456, #398 ) ;
#421 = ORIENTED_EDGE ( 'NONE', *, *, #436, .T. ) ;
#422 = VERTEX_POINT ( 'NONE', #962 ) ;
#423 = VECTOR ( 'NONE', #1336, 1000.000000000000000 ) ;
#424 = CARTESIAN_POINT ( 'NONE',  ( -0.5999999999999998668, -0.7476809831277262397, 0.2984000000000001096 ) ) ;
#425 = DIRECTION ( 'NONE',  ( 8.621886063503022129E-15, 0.000000000000000000, -1.000000000000000000 ) ) ;
#426 = ORIENTED_EDGE ( 'NONE', *, *, #1992, .T. ) ;
#427 = ORIENTED_EDGE ( 'NONE', *, *, #1770, .T. ) ;
#428 = ORIENTED_EDGE ( 'NONE', *, *, #1055, .F. ) ;
#429 = EDGE_CURVE ( 'NONE', #1424, #769, #2435, .T. ) ;
#430 = ORIENTED_EDGE ( 'NONE', *, *, #2087, .T. ) ;
#431 = EDGE_LOOP ( 'NONE', ( #2045, #1283, #1285, #1065 ) ) ;
#432 = CARTESIAN_POINT ( 'NONE',  ( -0.3000000000000000444, 0.1000000000000000472, -0.3995000000000000773 ) ) ;
#433 = ORIENTED_EDGE ( 'NONE', *, *, #157, .T. ) ;
#434 = LINE ( 'NONE', #1475, #1304 ) ;
#435 = CARTESIAN_POINT ( 'NONE',  ( 0.6000000000000016431, 0.07499999999999998335, -0.2983999999999960018 ) ) ;
#436 = EDGE_CURVE ( 'NONE', #2532, #1864, #2387, .T. ) ;
#437 = ORIENTED_EDGE ( 'NONE', *, *, #280, .T. ) ;
#438 = ORIENTED_EDGE ( 'NONE', *, *, #2262, .F. ) ;
#439 = CARTESIAN_POINT ( 'NONE',  ( -0.5999999999999998668, 0.1499999999999999944, 0.1784000000000001140 ) ) ;
#440 = CARTESIAN_POINT ( 'NONE',  ( 0.8000000000000000444, 0.1499999999999999944, 0.4000000000000000777 ) ) ;
#441 = CARTESIAN_POINT ( 'NONE',  ( 0.6500000000000026867, 0.1499999999999999944, -0.3989999999999955249 ) ) ;
#442 = LINE ( 'NONE', #135, #1683 ) ;
#443 = DIRECTION ( 'NONE',  ( -0.000000000000000000, 1.000000000000000000, -0.000000000000000000 ) ) ;
#444 = ORIENTED_EDGE ( 'NONE', *, *, #2000, .T. ) ;
#445 = EDGE_CURVE ( 'NONE', #465, #95, #2406, .T. ) ;
#446 = VERTEX_POINT ( 'NONE', #1526 ) ;
#447 = ORIENTED_EDGE ( 'NONE', *, *, #565, .F. ) ;
#448 = EDGE_CURVE ( 'NONE', #2576, #1386, #636, .T. ) ;
#449 = SURFACE_STYLE_USAGE ( .BOTH. , #582 ) ;
#450 = CARTESIAN_POINT ( 'NONE',  ( -0.6500000000000001332, 0.07499999999999998335, -0.3989999999999999658 ) ) ;
#451 = ORIENTED_EDGE ( 'NONE', *, *, #2358, .F. ) ;
#452 = VERTEX_POINT ( 'NONE', #2022 ) ;
#453 = ORIENTED_EDGE ( 'NONE', *, *, #1211, .F. ) ;
#454 = EDGE_LOOP ( 'NONE', ( #1742, #1212, #809, #2525, #2202 ) ) ;
#455 = PLANE ( 'NONE',  #1001 ) ;
#456 = DIRECTION ( 'NONE',  ( 0.000000000000000000, 0.000000000000000000, -1.000000000000000000 ) ) ;
#457 = AXIS2_PLACEMENT_3D ( 'NONE', #1527, #1040, #999 ) ;
#458 = EDGE_LOOP ( 'NONE', ( #267, #427, #1388, #1295, #2292 ) ) ;
#459 = VERTEX_POINT ( 'NONE', #1233 ) ;
#460 = CARTESIAN_POINT ( 'NONE',  ( 0.8000000000000025979, -0.7476809831277262397, -0.3989999999999945257 ) ) ;
#461 = DIRECTION ( 'NONE',  ( 1.000000000000000000, -0.000000000000000000, 6.505213034913009249E-15 ) ) ;
#462 = DIRECTION ( 'NONE',  ( -8.621886063503022129E-15, -0.000000000000000000, 1.000000000000000000 ) ) ;
#463 = DIRECTION ( 'NONE',  ( -6.759833427342943129E-15, 0.000000000000000000, 1.000000000000000000 ) ) ;
#464 = ORIENTED_EDGE ( 'NONE', *, *, #473, .F. ) ;
#465 = VERTEX_POINT ( 'NONE', #1891 ) ;
#466 = ORIENTED_EDGE ( 'NONE', *, *, #1055, .T. ) ;
#467 = AXIS2_PLACEMENT_3D ( 'NONE', #2047, #59, #490 ) ;
#468 = EDGE_LOOP ( 'NONE', ( #278, #1915, #2189, #2053 ) ) ;
#469 = DIRECTION ( 'NONE',  ( 0.000000000000000000, 1.000000000000000000, 0.000000000000000000 ) ) ;
#470 = ORIENTED_EDGE ( 'NONE', *, *, #2629, .T. ) ;
#471 = ORIENTED_EDGE ( 'NONE', *, *, #2522, .T. ) ;
#472 = CARTESIAN_POINT ( 'NONE',  ( -0.1000000000000000194, 0.000000000000000000, -0.3995000000000000773 ) ) ;
#473 = EDGE_CURVE ( 'NONE', #833, #1333, #664, .T. ) ;
#474 = CARTESIAN_POINT ( 'NONE',  ( -0.6500000000000000222, -0.7476809831277262397, 0.1784000000000001140 ) ) ;
#475 = ORIENTED_EDGE ( 'NONE', *, *, #2301, .F. ) ;
#476 = DIRECTION ( 'NONE',  ( -0.000000000000000000, -0.000000000000000000, -1.000000000000000000 ) ) ;
#477 = DIRECTION ( 'NONE',  ( 0.000000000000000000, 0.000000000000000000, -1.000000000000000000 ) ) ;
#478 = EDGE_CURVE ( 'NONE', #1670, #1280, #2391, .T. ) ;
#479 = DIRECTION ( 'NONE',  ( 0.000000000000000000, 0.000000000000000000, -1.000000000000000000 ) ) ;
#480 = EDGE_LOOP ( 'NONE', ( #217, #1871, #1138, #376 ) ) ;
#481 = CARTESIAN_POINT ( 'NONE',  ( 0.7999999999999970468, -0.7476809831277262397, 0.3990000000000054614 ) ) ;
#482 = PLANE ( 'NONE',  #2464 ) ;
#483 = VERTEX_POINT ( 'NONE', #203 ) ;
#484 = ADVANCED_FACE ( 'NONE', ( #1507 ), #1425, .F. ) ;
#485 = ORIENTED_EDGE ( 'NONE', *, *, #2314, .F. ) ;
#486 = DIRECTION ( 'NONE',  ( 0.000000000000000000, 0.000000000000000000, 1.000000000000000000 ) ) ;
#487 = CARTESIAN_POINT ( 'NONE',  ( -0.5000000000000000000, 0.07499999999999998335, 0.3250000000000000111 ) ) ;
#488 = ADVANCED_FACE ( 'NONE', ( #2374 ), #2244, .F. ) ;
#489 = ORIENTED_EDGE ( 'NONE', *, *, #1932, .F. ) ;
#490 = DIRECTION ( 'NONE',  ( 0.000000000000000000, 0.000000000000000000, -1.000000000000000000 ) ) ;
#491 = CARTESIAN_POINT ( 'NONE',  ( 0.6499999999999975797, 0.07499999999999998335, 0.3250000000000000111 ) ) ;
#492 =( LENGTH_UNIT ( ) NAMED_UNIT ( * ) SI_UNIT ( .MILLI., .METRE. ) );
#493 = ORIENTED_EDGE ( 'NONE', *, *, #523, .F. ) ;
#494 = CARTESIAN_POINT ( 'NONE',  ( 0.8000000000000000444, 0.1499999999999999944, 0.4000000000000000777 ) ) ;
#495 = ORIENTED_EDGE ( 'NONE', *, *, #2186, .T. ) ;
#496 = CARTESIAN_POINT ( 'NONE',  ( -0.3000000000000000444, 0.9236510183324003753, -0.3995000000000000773 ) ) ;
#497 = EDGE_CURVE ( 'NONE', #1417, #555, #2414, .T. ) ;
#498 = EDGE_LOOP ( 'NONE', ( #272, #406, #2228, #2059 ) ) ;
#499 = DIRECTION ( 'NONE',  ( -1.000000000000000000, 0.000000000000000000, -0.000000000000000000 ) ) ;
#500 = DIRECTION ( 'NONE',  ( 1.000000000000000000, -0.000000000000000000, 0.000000000000000000 ) ) ;
#501 = EDGE_CURVE ( 'NONE', #1313, #287, #2417, .T. ) ;
#502 = DIRECTION ( 'NONE',  ( 0.000000000000000000, -1.000000000000000000, 0.000000000000000000 ) ) ;
#503 = CARTESIAN_POINT ( 'NONE',  ( 0.5000000000000000000, 0.07499999999999998335, -0.3249999999999999556 ) ) ;
#504 = ADVANCED_FACE ( 'NONE', ( #2379 ), #2635, .T. ) ;
#505 = CARTESIAN_POINT ( 'NONE',  ( 0.5000000000000000000, 0.7908910531638175812, -0.3249999999999999556 ) ) ;
#506 =( GEOMETRIC_REPRESENTATION_CONTEXT ( 3 ) GLOBAL_UNCERTAINTY_ASSIGNED_CONTEXT ( ( #1580 ) ) GLOBAL_UNIT_ASSIGNED_CONTEXT ( ( #2393, #2627, #1196 ) ) REPRESENTATION_CONTEXT ( 'NONE', 'WORKASPACE' ) );
#507 = CARTESIAN_POINT ( 'NONE',  ( -0.1000000000000000194, 0.9236510183324003753, 0.3995000000000000773 ) ) ;
#508 = CARTESIAN_POINT ( 'NONE',  ( 0.8000000000000025979, 0.07499999999999998335, -0.3989999999999945257 ) ) ;
#509 = AXIS2_PLACEMENT_3D ( 'NONE', #251, #25, #854 ) ;
#510 = DIRECTION ( 'NONE',  ( 1.000000000000000000, -0.000000000000000000, 1.807003620809174139E-16 ) ) ;
#511 = MANIFOLD_SOLID_BREP ( 'Boss-Extrude4[2]', #2248 ) ;
#512 = DIRECTION ( 'NONE',  ( -0.000000000000000000, -0.000000000000000000, -1.000000000000000000 ) ) ;
#513 = DIRECTION ( 'NONE',  ( -0.000000000000000000, 1.000000000000000000, -0.000000000000000000 ) ) ;
#514 = ORIENTED_EDGE ( 'NONE', *, *, #1028, .F. ) ;
#515 = CARTESIAN_POINT ( 'NONE',  ( -0.5000000000000000000, 0.07499999999999998335, -0.3249999999999999556 ) ) ;
#516 = ADVANCED_FACE ( 'NONE', ( #2396 ), #753, .F. ) ;
#517 = EDGE_CURVE ( 'NONE', #345, #545, #627, .T. ) ;
#518 = DIRECTION ( 'NONE',  ( -1.000000000000000000, 0.000000000000000000, -6.866613759074862467E-15 ) ) ;
#519 = ADVANCED_FACE ( 'NONE', ( #631 ), #1039, .F. ) ;
#520 = DIRECTION ( 'NONE',  ( 0.000000000000000000, 0.000000000000000000, -1.000000000000000000 ) ) ;
#521 = ORIENTED_EDGE ( 'NONE', *, *, #1567, .F. ) ;
#522 = CARTESIAN_POINT ( 'NONE',  ( -0.6500000000000000222, -0.7476809831277262397, 0.1784000000000001140 ) ) ;
#523 = EDGE_CURVE ( 'NONE', #525, #1280, #1498, .T. ) ;
#524 = CARTESIAN_POINT ( 'NONE',  ( 0.6500000000000017986, 0.07499999999999998335, -0.2983999999999956132 ) ) ;
#525 = VERTEX_POINT ( 'NONE', #1414 ) ;
#526 = EDGE_CURVE ( 'NONE', #1159, #483, #2410, .T. ) ;
#527 = CARTESIAN_POINT ( 'NONE',  ( 0.6499999999999970246, 0.07499999999999998335, 0.3990000000000044622 ) ) ;
#528 = DIRECTION ( 'NONE',  ( -0.000000000000000000, -0.000000000000000000, -1.000000000000000000 ) ) ;
#529 = ORIENTED_EDGE ( 'NONE', *, *, #74, .T. ) ;
#530 = AXIS2_PLACEMENT_3D ( 'NONE', #1098, #469, #1622 ) ;
#531 = ORIENTED_EDGE ( 'NONE', *, *, #219, .F. ) ;
#532 = CARTESIAN_POINT ( 'NONE',  ( -0.5999999999999998668, 0.3999999999999999667, 0.3999999999999999667 ) ) ;
#533 = DIRECTION ( 'NONE',  ( 1.877731507595261925E-16, -0.000000000000000000, 1.000000000000000000 ) ) ;
#534 = CARTESIAN_POINT ( 'NONE',  ( -0.3000000000000000444, 0.1000000000000000056, 0.3995000000000000773 ) ) ;
#535 = DIRECTION ( 'NONE',  ( 0.000000000000000000, 0.000000000000000000, 1.000000000000000000 ) ) ;
#536 = ADVANCED_FACE ( 'NONE', ( #2413 ), #1852, .T. ) ;
#537 = DIRECTION ( 'NONE',  ( -0.000000000000000000, -1.000000000000000000, -0.000000000000000000 ) ) ;
#538 = AXIS2_PLACEMENT_3D ( 'NONE', #118, #682, #732 ) ;
#539 = DIRECTION ( 'NONE',  ( -1.000000000000000000, 0.000000000000000000, 0.000000000000000000 ) ) ;
#540 = CARTESIAN_POINT ( 'NONE',  ( -0.5000000000000000000, 0.7908910531638175812, -0.3249999999999999556 ) ) ;
#541 = ORIENTED_EDGE ( 'NONE', *, *, #1275, .F. ) ;
#542 = DIRECTION ( 'NONE',  ( 0.000000000000000000, 0.000000000000000000, 1.000000000000000000 ) ) ;
#543 = EDGE_CURVE ( 'NONE', #2025, #1391, #420, .T. ) ;
#544 = DIRECTION ( 'NONE',  ( 1.000000000000000000, 0.000000000000000000, 6.505213034913009249E-15 ) ) ;
#545 = VERTEX_POINT ( 'NONE', #1470 ) ;
#546 = EDGE_CURVE ( 'NONE', #1431, #151, #2111, .T. ) ;
#547 = CARTESIAN_POINT ( 'NONE',  ( 0.5000000000000000000, 0.7908910531638175812, 0.3250000000000000111 ) ) ;
#548 = CARTESIAN_POINT ( 'NONE',  ( -0.5999999999999998668, 0.1499999999999999944, 0.1784000000000001140 ) ) ;
#549 = DIRECTION ( 'NONE',  ( 0.000000000000000000, -1.000000000000000000, 0.000000000000000000 ) ) ;
#550 = ORIENTED_EDGE ( 'NONE', *, *, #1395, .F. ) ;
#551 = AXIS2_PLACEMENT_3D ( 'NONE', #1999, #2378, #1 ) ;
#552 = ADVANCED_FACE ( 'NONE', ( #2219 ), #104, .T. ) ;
#553 = CARTESIAN_POINT ( 'NONE',  ( -0.6500000000000001332, 0.07499999999999998335, -0.3989999999999999658 ) ) ;
#554 = DIRECTION ( 'NONE',  ( 0.000000000000000000, 0.000000000000000000, 1.000000000000000000 ) ) ;
#555 = VERTEX_POINT ( 'NONE', #320 ) ;
#556 = ORIENTED_EDGE ( 'NONE', *, *, #1908, .T. ) ;
#557 = DIRECTION ( 'NONE',  ( -1.000000000000000000, -0.000000000000000000, -0.000000000000000000 ) ) ;
#558 = TOROIDAL_SURFACE ( 'NONE', #1675, 0.3447462835187639629, 0.01269999999999999948 ) ;
#559 = AXIS2_PLACEMENT_3D ( 'NONE', #1181, #2255, #1820 ) ;
#560 = DIRECTION ( 'NONE',  ( -1.000000000000000000, 0.000000000000000000, 1.224646799147353207E-16 ) ) ;
#561 = ORIENTED_EDGE ( 'NONE', *, *, #2403, .T. ) ;
#562 = CARTESIAN_POINT ( 'NONE',  ( -0.5000000000000000000, 0.7908910531638175812, 0.3250000000000000111 ) ) ;
#563 = COLOUR_RGB ( '',0.7921568627450980005, 0.8196078431372548767, 0.9333333333333333481 ) ;
#564 = DIRECTION ( 'NONE',  ( 1.000000000000000000, 0.000000000000000000, -0.000000000000000000 ) ) ;
#565 = EDGE_CURVE ( 'NONE', #2218, #843, #363, .T. ) ;
#566 = EDGE_LOOP ( 'NONE', ( #2105, #2607, #433, #735, #1714, #2591, #2612, #2547 ) ) ;
#567 = ADVANCED_FACE ( 'NONE', ( #2210 ), #1641, .F. ) ;
#568 = CARTESIAN_POINT ( 'NONE',  ( 0.6500000000000017986, 0.07499999999999998335, -0.2983999999999956132 ) ) ;
#569 = ORIENTED_EDGE ( 'NONE', *, *, #429, .F. ) ;
#570 = EDGE_CURVE ( 'NONE', #2119, #2453, #1309, .T. ) ;
#571 = VECTOR ( 'NONE', #1445, 1000.000000000000000 ) ;
#572 = EDGE_LOOP ( 'NONE', ( #213, #1862, #2243, #1307 ) ) ;
#573 = VECTOR ( 'NONE', #2415, 1000.000000000000000 ) ;
#574 = AXIS2_PLACEMENT_3D ( 'NONE', #1501, #98, #1349 ) ;
#575 = CARTESIAN_POINT ( 'NONE',  ( -0.5000000000000000000, 0.000000000000000000, -0.3249999999999999556 ) ) ;
#576 = ORIENTED_EDGE ( 'NONE', *, *, #1658, .F. ) ;
#577 = LINE ( 'NONE', #2303, #571 ) ;
#578 = CARTESIAN_POINT ( 'NONE',  ( -0.5999999999999998668, 0.3999999999999999667, 0.3999999999999999667 ) ) ;
#579 = CARTESIAN_POINT ( 'NONE',  ( -0.6500000000000000222, 0.07499999999999998335, 0.2984000000000001096 ) ) ;
#580 = DIRECTION ( 'NONE',  ( -0.000000000000000000, -0.000000000000000000, -1.000000000000000000 ) ) ;
#581 = ORIENTED_EDGE ( 'NONE', *, *, #1125, .T. ) ;
#582 = SURFACE_SIDE_STYLE ('',( #643 ) ) ;
#583 = CARTESIAN_POINT ( 'NONE',  ( 0.000000000000000000, 0.4087537910118554940, 0.000000000000000000 ) ) ;
#584 = AXIS2_PLACEMENT_3D ( 'NONE', #481, #2273, #1186 ) ;
#585 = VERTEX_POINT ( 'NONE', #1130 ) ;
#586 = FACE_OUTER_BOUND ( 'NONE', #341, .T. ) ;
#587 = VERTEX_POINT ( 'NONE', #1926 ) ;
#588 = FACE_OUTER_BOUND ( 'NONE', #2285, .T. ) ;
#589 = CARTESIAN_POINT ( 'NONE',  ( -0.8000000000000000444, 0.07499999999999998335, 0.3250000000000000111 ) ) ;
#590 = DIRECTION ( 'NONE',  ( -1.000000000000000000, 0.000000000000000000, -6.866613759074862467E-15 ) ) ;
#591 = EDGE_CURVE ( 'NONE', #1154, #1639, #2144, .T. ) ;
#592 = CARTESIAN_POINT ( 'NONE',  ( -0.8000000000000000444, 0.07499999999999998335, 0.3990000000000000213 ) ) ;
#593 = DIRECTION ( 'NONE',  ( -1.000000000000000000, 0.000000000000000000, 0.000000000000000000 ) ) ;
#594 = EDGE_CURVE ( 'NONE', #1120, #2192, #353, .T. ) ;
#595 = ADVANCED_FACE ( 'NONE', ( #1253 ), #646, .T. ) ;
#596 = AXIS2_PLACEMENT_3D ( 'NONE', #316, #1158, #1317 ) ;
#597 = CARTESIAN_POINT ( 'NONE',  ( 0.6500000000000009104, -0.7476809831277262397, -0.1783999999999956454 ) ) ;
#598 = CARTESIAN_POINT ( 'NONE',  ( -0.8000000000000000444, 0.1499999999999999944, -0.3999999999999999667 ) ) ;
#599 = PLANE ( 'NONE',  #2315 ) ;
#600 = VECTOR ( 'NONE', #610, 1000.000000000000000 ) ;
#601 = DIRECTION ( 'NONE',  ( -0.000000000000000000, -1.000000000000000000, -0.000000000000000000 ) ) ;
#602 = CARTESIAN_POINT ( 'NONE',  ( 0.8000000000000020428, 0.07499999999999998335, -0.3250000000000000111 ) ) ;
#603 = VECTOR ( 'NONE', #1214, 1000.000000000000000 ) ;
#604 = CARTESIAN_POINT ( 'NONE',  ( -0.3000000000000000444, 0.1000000000000000056, 0.3995000000000000773 ) ) ;
#605 =( NAMED_UNIT ( * ) SI_UNIT ( $, .STERADIAN. ) SOLID_ANGLE_UNIT ( ) );
#606 = CARTESIAN_POINT ( 'NONE',  ( -0.8000000000000000444, 0.000000000000000000, -0.3250000000000000111 ) ) ;
#607 = COLOUR_RGB ( '',1.000000000000000000, 0.8117647058823529438, 0.5019607843137254832 ) ;
#608 = FACE_OUTER_BOUND ( 'NONE', #2141, .T. ) ;
#609 = AXIS2_PLACEMENT_3D ( 'NONE', #974, #992, #590 ) ;
#610 = DIRECTION ( 'NONE',  ( -0.000000000000000000, 1.000000000000000000, -0.000000000000000000 ) ) ;
#611 = DIRECTION ( 'NONE',  ( 1.000000000000000000, -0.000000000000000000, 7.589415207398512105E-15 ) ) ;
#612 = VECTOR ( 'NONE', #358, 1000.000000000000000 ) ;
#613 = EDGE_CURVE ( 'NONE', #1936, #1271, #2150, .T. ) ;
#614 = DIRECTION ( 'NONE',  ( -0.000000000000000000, 1.000000000000000000, -0.000000000000000000 ) ) ;
#615 = DIRECTION ( 'NONE',  ( 0.000000000000000000, 0.000000000000000000, 1.000000000000000000 ) ) ;
#616 = CARTESIAN_POINT ( 'NONE',  ( -0.8000000000000000444, 0.000000000000000000, 0.4000000000000000777 ) ) ;
#617 = VECTOR ( 'NONE', #11, 1000.000000000000000 ) ;
#618 = DIRECTION ( 'NONE',  ( 0.000000000000000000, -0.000000000000000000, -1.000000000000000000 ) ) ;
#619 = EDGE_CURVE ( 'NONE', #391, #1129, #2162, .T. ) ;
#620 = LINE ( 'NONE', #1405, #573 ) ;
#621 = EDGE_CURVE ( 'NONE', #2069, #802, #143, .T. ) ;
#622 = CARTESIAN_POINT ( 'NONE',  ( -0.1000000000000000194, 0.9236510183324003753, -0.3995000000000000773 ) ) ;
#623 = FACE_OUTER_BOUND ( 'NONE', #394, .T. ) ;
#624 = PLANE ( 'NONE',  #1459 ) ;
#625 =( LENGTH_UNIT ( ) NAMED_UNIT ( * ) SI_UNIT ( .MILLI., .METRE. ) );
#626 = VECTOR ( 'NONE', #1006, 1000.000000000000000 ) ;
#627 = LINE ( 'NONE', #424, #1493 ) ;
#628 = CARTESIAN_POINT ( 'NONE',  ( -0.8000000000000000444, 0.000000000000000000, -0.3250000000000000111 ) ) ;
#629 = CARTESIAN_POINT ( 'NONE',  ( 0.5000000000000000000, 0.07499999999999998335, 0.3250000000000000111 ) ) ;
#630 = CARTESIAN_POINT ( 'NONE',  ( -0.3000000000000000444, 0.000000000000000000, -0.3995000000000000773 ) ) ;
#631 = FACE_OUTER_BOUND ( 'NONE', #454, .T. ) ;
#632 = ADVANCED_FACE ( 'NONE', ( #1002 ), #655, .F. ) ;
#633 = DIRECTION ( 'NONE',  ( 1.000000000000000000, 0.000000000000000000, 1.077735757937877766E-15 ) ) ;
#634 = EDGE_CURVE ( 'NONE', #2271, #249, #114, .T. ) ;
#635 = PLANE ( 'NONE',  #1069 ) ;
#636 = LINE ( 'NONE', #1793, #617 ) ;
#637 = DIRECTION ( 'NONE',  ( -1.000000000000000000, 0.000000000000000000, 0.000000000000000000 ) ) ;
#638 = EDGE_CURVE ( 'NONE', #1708, #158, #71, .T. ) ;
#639 = VECTOR ( 'NONE', #1576, 1000.000000000000000 ) ;
#640 = CARTESIAN_POINT ( 'NONE',  ( 0.6000000000000016431, 0.1499999999999999944, -0.2983999999999960018 ) ) ;
#641 = DIRECTION ( 'NONE',  ( 0.000000000000000000, 0.000000000000000000, -1.000000000000000000 ) ) ;
#642 = EDGE_CURVE ( 'NONE', #696, #1089, #967, .T. ) ;
#643 = SURFACE_STYLE_FILL_AREA ( #404 ) ;
#644 = DIRECTION ( 'NONE',  ( 0.000000000000000000, 0.000000000000000000, -1.000000000000000000 ) ) ;
#645 = EDGE_CURVE ( 'NONE', #976, #422, #123, .T. ) ;
#646 = PLANE ( 'NONE',  #1049 ) ;
#647 = DIRECTION ( 'NONE',  ( 7.589415207398512105E-15, 0.000000000000000000, -1.000000000000000000 ) ) ;
#648 = ADVANCED_FACE ( 'NONE', ( #1882 ), #929, .F. ) ;
#649 = CARTESIAN_POINT ( 'NONE',  ( 0.6499999999999970246, 0.07499999999999998335, 0.3990000000000044622 ) ) ;
#650 = DIRECTION ( 'NONE',  ( 0.000000000000000000, -0.000000000000000000, 1.000000000000000000 ) ) ;
#651 =( GEOMETRIC_REPRESENTATION_CONTEXT ( 3 ) GLOBAL_UNCERTAINTY_ASSIGNED_CONTEXT ( ( #57 ) ) GLOBAL_UNIT_ASSIGNED_CONTEXT ( ( #625, #1063, #1898 ) ) REPRESENTATION_CONTEXT ( 'NONE', 'WORKASPACE' ) );
#652 = DIRECTION ( 'NONE',  ( 0.000000000000000000, -1.000000000000000000, 0.000000000000000000 ) ) ;
#653 = SURFACE_STYLE_FILL_AREA ( #2548 ) ;
#654 = DIRECTION ( 'NONE',  ( -0.000000000000000000, 1.000000000000000000, -0.000000000000000000 ) ) ;
#655 = PLANE ( 'NONE',  #2420 ) ;
#656 = DIRECTION ( 'NONE',  ( 0.000000000000000000, -1.000000000000000000, 0.000000000000000000 ) ) ;
#657 = LINE ( 'NONE', #1989, #1525 ) ;
#658 = EDGE_CURVE ( 'NONE', #1154, #2095, #138, .T. ) ;
#659 = DIRECTION ( 'NONE',  ( 1.000000000000000000, -0.000000000000000000, 1.077735757937877766E-15 ) ) ;
#660 = FACE_OUTER_BOUND ( 'NONE', #572, .T. ) ;
#661 = CARTESIAN_POINT ( 'NONE',  ( -0.6500000000000000222, 0.07499999999999998335, 0.2984000000000001096 ) ) ;
#662 = CARTESIAN_POINT ( 'NONE',  ( -0.5999999999999998668, -0.7476809831277262397, 0.1784000000000001140 ) ) ;
#663 = ORIENTED_EDGE ( 'NONE', *, *, #1869, .F. ) ;
#664 = LINE ( 'NONE', #2085, #1532 ) ;
#665 = EDGE_CURVE ( 'NONE', #1705, #729, #1850, .T. ) ;
#666 = CARTESIAN_POINT ( 'NONE',  ( 0.5000000000000000000, 0.000000000000000000, -0.3249999999999999556 ) ) ;
#667 = DIRECTION ( 'NONE',  ( 0.000000000000000000, 0.000000000000000000, -1.000000000000000000 ) ) ;
#668 = VECTOR ( 'NONE', #1847, 1000.000000000000000 ) ;
#669 = CARTESIAN_POINT ( 'NONE',  ( 4.221924326292002125E-17, 0.4126999999999999558, 0.3447462835187639629 ) ) ;
#670 = DIRECTION ( 'NONE',  ( 0.000000000000000000, 1.000000000000000000, 0.000000000000000000 ) ) ;
#671 = VECTOR ( 'NONE', #1269, 1000.000000000000000 ) ;
#672 = AXIS2_PLACEMENT_3D ( 'NONE', #598, #2442, #2429 ) ;
#673 = DIRECTION ( 'NONE',  ( -1.000000000000000000, 0.000000000000000000, -0.000000000000000000 ) ) ;
#674 = FACE_OUTER_BOUND ( 'NONE', #407, .T. ) ;
#675 = ADVANCED_FACE ( 'NONE', ( #1874 ), #948, .T. ) ;
#676 = DIRECTION ( 'NONE',  ( 0.000000000000000000, 0.000000000000000000, 1.000000000000000000 ) ) ;
#677 = AXIS2_PLACEMENT_3D ( 'NONE', #1457, #1674, #2298 ) ;
#678 = CARTESIAN_POINT ( 'NONE',  ( -0.5000000000000000000, 0.07499999999999998335, -0.3249999999999999556 ) ) ;
#679 = LINE ( 'NONE', #799, #1547 ) ;
#680 = LINE ( 'NONE', #548, #2519 ) ;
#681 = AXIS2_PLACEMENT_3D ( 'NONE', #2363, #1277, #1944 ) ;
#682 = DIRECTION ( 'NONE',  ( 1.000000000000000000, -0.000000000000000000, 0.000000000000000000 ) ) ;
#683 = CARTESIAN_POINT ( 'NONE',  ( -0.6500000000000000222, -0.7476809831277262397, 0.1784000000000001140 ) ) ;
#684 = CIRCLE ( 'NONE', #731, 0.3447462835187639629 ) ;
#685 = LINE ( 'NONE', #616, #2466 ) ;
#686 = EDGE_CURVE ( 'NONE', #1691, #1313, #94, .T. ) ;
#687 = CARTESIAN_POINT ( 'NONE',  ( 0.7999999999999970468, 0.07499999999999998335, 0.3990000000000054614 ) ) ;
#688 = VECTOR ( 'NONE', #199, 1000.000000000000000 ) ;
#689 = CARTESIAN_POINT ( 'NONE',  ( 0.6500000000000026867, 0.1499999999999999944, -0.3989999999999955249 ) ) ;
#690 = LINE ( 'NONE', #2034, #734 ) ;
#691 = EDGE_CURVE ( 'NONE', #2174, #2033, #127, .T. ) ;
#692 = VERTEX_POINT ( 'NONE', #720 ) ;
#693 = EDGE_CURVE ( 'NONE', #2479, #2596, #149, .T. ) ;
#694 = CARTESIAN_POINT ( 'NONE',  ( -0.5000000000000000000, 0.07499999999999998335, -0.3249999999999999556 ) ) ;
#695 = LINE ( 'NONE', #630, #2485 ) ;
#696 = VERTEX_POINT ( 'NONE', #1177 ) ;
#697 = EDGE_CURVE ( 'NONE', #401, #263, #933, .T. ) ;
#698 = CARTESIAN_POINT ( 'NONE',  ( -0.3000000000000000444, 0.9236510183324003753, -0.3995000000000000773 ) ) ;
#699 = CARTESIAN_POINT ( 'NONE',  ( -0.5000000000000000000, 0.000000000000000000, -0.3249999999999999556 ) ) ;
#700 = LINE ( 'NONE', #1249, #2467 ) ;
#701 = LINE ( 'NONE', #956, #1539 ) ;
#702 = ADVANCED_FACE ( 'NONE', ( #77 ), #1914, .F. ) ;
#703 = LINE ( 'NONE', #26, #55 ) ;
#704 = DIRECTION ( 'NONE',  ( 0.000000000000000000, 1.000000000000000000, 0.000000000000000000 ) ) ;
#705 = CARTESIAN_POINT ( 'NONE',  ( -0.5000000000000000000, 0.000000000000000000, 0.3250000000000000111 ) ) ;
#706 = FACE_OUTER_BOUND ( 'NONE', #2175, .T. ) ;
#707 = CARTESIAN_POINT ( 'NONE',  ( -0.8000000000000000444, 0.000000000000000000, -0.3250000000000000111 ) ) ;
#708 = FILL_AREA_STYLE_COLOUR ( '', #187 ) ;
#709 = VECTOR ( 'NONE', #2418, 1000.000000000000000 ) ;
#710 = ORIENTED_EDGE ( 'NONE', *, *, #1242, .F. ) ;
#711 = FACE_OUTER_BOUND ( 'NONE', #2208, .T. ) ;
#712 = DIRECTION ( 'NONE',  ( 1.000000000000000000, 0.000000000000000000, 0.000000000000000000 ) ) ;
#713 = DIRECTION ( 'NONE',  ( -1.000000000000000000, 0.000000000000000000, 0.000000000000000000 ) ) ;
#714 = LINE ( 'NONE', #771, #1589 ) ;
#715 = SPHERICAL_SURFACE ( 'NONE', #1198, 0.3499999999999999778 ) ;
#716 = ADVANCED_FACE ( 'NONE', ( #1012 ), #2270, .F. ) ;
#717 = EDGE_CURVE ( 'NONE', #1721, #2213, #109, .T. ) ;
#718 = LINE ( 'NONE', #2254, #1630 ) ;
#719 = ORIENTED_EDGE ( 'NONE', *, *, #497, .T. ) ;
#720 = CARTESIAN_POINT ( 'NONE',  ( -0.6500000000000000222, 0.1499999999999999944, 0.2984000000000001096 ) ) ;
#721 = CARTESIAN_POINT ( 'NONE',  ( 0.000000000000000000, 0.4126999999999999558, -0.3447462835187639629 ) ) ;
#722 = LINE ( 'NONE', #460, #728 ) ;
#723 = ORIENTED_EDGE ( 'NONE', *, *, #2084, .F. ) ;
#724 = VECTOR ( 'NONE', #1086, 1000.000000000000000 ) ;
#725 = PLANE ( 'NONE',  #2019 ) ;
#726 = CARTESIAN_POINT ( 'NONE',  ( 0.6000000000000000888, 0.3999999999999999667, -0.3999999999999999667 ) ) ;
#727 = DIRECTION ( 'NONE',  ( 0.000000000000000000, -1.000000000000000000, 0.000000000000000000 ) ) ;
#728 = VECTOR ( 'NONE', #614, 1000.000000000000000 ) ;
#729 = VERTEX_POINT ( 'NONE', #2601 ) ;
#730 = LINE ( 'NONE', #1375, #2542 ) ;
#731 = AXIS2_PLACEMENT_3D ( 'NONE', #1553, #1035, #477 ) ;
#732 = DIRECTION ( 'NONE',  ( 0.000000000000000000, 0.000000000000000000, -1.000000000000000000 ) ) ;
#733 = CARTESIAN_POINT ( 'NONE',  ( -0.3000000000000000444, 0.000000000000000000, -0.3995000000000000773 ) ) ;
#734 = VECTOR ( 'NONE', #993, 1000.000000000000000 ) ;
#735 = ORIENTED_EDGE ( 'NONE', *, *, #2425, .T. ) ;
#736 = VECTOR ( 'NONE', #502, 1000.000000000000000 ) ;
#737 = AXIS2_PLACEMENT_3D ( 'NONE', #683, #1487, #1087 ) ;
#738 = LINE ( 'NONE', #1408, #1563 ) ;
#739 = VERTEX_POINT ( 'NONE', #200 ) ;
#740 = LINE ( 'NONE', #1967, #2443 ) ;
#741 = ADVANCED_FACE ( 'NONE', ( #949 ), #938, .T. ) ;
#742 = PLANE ( 'NONE',  #2127 ) ;
#743 = DIRECTION ( 'NONE',  ( -6.505213034913009249E-15, 0.000000000000000000, 1.000000000000000000 ) ) ;
#744 = VECTOR ( 'NONE', #2347, 1000.000000000000000 ) ;
#745 = VERTEX_POINT ( 'NONE', #373 ) ;
#746 = CARTESIAN_POINT ( 'NONE',  ( -0.5999999999999998668, 0.1499999999999999944, 0.2984000000000001096 ) ) ;
#747 = DIRECTION ( 'NONE',  ( 1.000000000000000000, -0.000000000000000000, 6.505213034913009249E-15 ) ) ;
#748 = FILL_AREA_STYLE_COLOUR ( '', #563 ) ;
#749 = AXIS2_PLACEMENT_3D ( 'NONE', #1984, #580, #2198 ) ;
#750 = LINE ( 'NONE', #2623, #709 ) ;
#751 = ORIENTED_EDGE ( 'NONE', *, *, #1161, .T. ) ;
#752 = FACE_OUTER_BOUND ( 'NONE', #1951, .T. ) ;
#753 = PLANE ( 'NONE',  #1384 ) ;
#754 = CARTESIAN_POINT ( 'NONE',  ( -0.1000000000000000194, 0.1000000000000000056, 0.3995000000000000773 ) ) ;
#755 = LINE ( 'NONE', #1410, #766 ) ;
#756 = EDGE_LOOP ( 'NONE', ( #1257, #858, #1698, #1624 ) ) ;
#757 = EDGE_CURVE ( 'NONE', #1165, #2226, #991, .T. ) ;
#758 = FACE_OUTER_BOUND ( 'NONE', #851, .T. ) ;
#759 = LINE ( 'NONE', #96, #2497 ) ;
#760 = ORIENTED_EDGE ( 'NONE', *, *, #947, .F. ) ;
#761 = EDGE_LOOP ( 'NONE', ( #1338, #984, #1135, #1217 ) ) ;
#762 = VECTOR ( 'NONE', #189, 1000.000000000000000 ) ;
#763 = EDGE_CURVE ( 'NONE', #585, #1864, #1854, .T. ) ;
#764 = DIRECTION ( 'NONE',  ( 7.589415207398512105E-15, 0.000000000000000000, -1.000000000000000000 ) ) ;
#765 = CARTESIAN_POINT ( 'NONE',  ( -0.6500000000000001332, 0.07499999999999998335, -0.3989999999999999658 ) ) ;
#766 = VECTOR ( 'NONE', #2460, 1000.000000000000000 ) ;
#767 = ORIENTED_EDGE ( 'NONE', *, *, #2194, .F. ) ;
#768 = FACE_OUTER_BOUND ( 'NONE', #78, .T. ) ;
#769 = VERTEX_POINT ( 'NONE', #1497 ) ;
#770 = CARTESIAN_POINT ( 'NONE',  ( 0.6000000000000000888, 0.3999999999999999667, 0.3999999999999999667 ) ) ;
#771 = CARTESIAN_POINT ( 'NONE',  ( -0.8000000000000000444, 0.7908910531638175812, 0.3250000000000000111 ) ) ;
#772 = LINE ( 'NONE', #2280, #1651 ) ;
#773 = AXIS2_PLACEMENT_3D ( 'NONE', #1258, #2121, #837 ) ;
#774 = EDGE_LOOP ( 'NONE', ( #399, #2002, #255, #1021, #293 ) ) ;
#775 = LINE ( 'NONE', #568, #1671 ) ;
#776 = ORIENTED_EDGE ( 'NONE', *, *, #691, .T. ) ;
#777 = CARTESIAN_POINT ( 'NONE',  ( -0.6500000000000000222, 0.07499999999999998335, 0.2984000000000001096 ) ) ;
#778 = LINE ( 'NONE', #1881, #862 ) ;
#779 = VECTOR ( 'NONE', #301, 1000.000000000000000 ) ;
#780 = ORIENTED_EDGE ( 'NONE', *, *, #645, .F. ) ;
#781 = LINE ( 'NONE', #698, #1681 ) ;
#782 = ORIENTED_EDGE ( 'NONE', *, *, #1833, .F. ) ;
#783 = VECTOR ( 'NONE', #274, 1000.000000000000000 ) ;
#784 = LINE ( 'NONE', #2166, #875 ) ;
#785 = EDGE_LOOP ( 'NONE', ( #541, #2468, #324, #556, #1189, #2624 ) ) ;
#786 = ORIENTED_EDGE ( 'NONE', *, *, #2112, .F. ) ;
#787 = VECTOR ( 'NONE', #601, 1000.000000000000000 ) ;
#788 = ORIENTED_EDGE ( 'NONE', *, *, #546, .F. ) ;
#789 = CARTESIAN_POINT ( 'NONE',  ( -0.8000000000000000444, 0.1499999999999999944, 0.4000000000000000777 ) ) ;
#790 = CARTESIAN_POINT ( 'NONE',  ( 0.000000000000000000, 0.07499999999999999722, 0.000000000000000000 ) ) ;
#791 = VECTOR ( 'NONE', #1060, 1000.000000000000000 ) ;
#792 = FACE_OUTER_BOUND ( 'NONE', #1252, .T. ) ;
#793 = ORIENTED_EDGE ( 'NONE', *, *, #1211, .T. ) ;
#794 = VECTOR ( 'NONE', #2229, 1000.000000000000000 ) ;
#795 = VERTEX_POINT ( 'NONE', #678 ) ;
#796 = PLANE ( 'NONE',  #164 ) ;
#797 = CARTESIAN_POINT ( 'NONE',  ( 0.000000000000000000, 0.2999999999999999889, 0.000000000000000000 ) ) ;
#798 = EDGE_CURVE ( 'NONE', #1413, #2212, #1888, .T. ) ;
#799 = CARTESIAN_POINT ( 'NONE',  ( 0.6500000000000009104, 0.1499999999999999944, -0.1783999999999956454 ) ) ;
#800 = FACE_BOUND ( 'NONE', #1654, .T. ) ;
#801 = FACE_OUTER_BOUND ( 'NONE', #2518, .T. ) ;
#802 = VERTEX_POINT ( 'NONE', #1626 ) ;
#803 = CIRCLE ( 'NONE', #467, 0.3326749358466153383 ) ;
#804 = EDGE_LOOP ( 'NONE', ( #1325, #1092, #1988, #2013 ) ) ;
#805 = LINE ( 'NONE', #1794, #12 ) ;
#806 = EDGE_CURVE ( 'NONE', #1680, #452, #175, .T. ) ;
#807 = VECTOR ( 'NONE', #1678, 1000.000000000000000 ) ;
#808 = LINE ( 'NONE', #2005, #2610 ) ;
#809 = ORIENTED_EDGE ( 'NONE', *, *, #613, .F. ) ;
#810 = FACE_OUTER_BOUND ( 'NONE', #813, .T. ) ;
#811 = EDGE_CURVE ( 'NONE', #587, #2179, #986, .T. ) ;
#812 = LINE ( 'NONE', #2190, #2609 ) ;
#813 = EDGE_LOOP ( 'NONE', ( #2225, #242, #2051, #1266 ) ) ;
#814 = VECTOR ( 'NONE', #2154, 1000.000000000000000 ) ;
#815 = ORIENTED_EDGE ( 'NONE', *, *, #2425, .F. ) ;
#816 = AXIS2_PLACEMENT_3D ( 'NONE', #298, #1694, #2177 ) ;
#817 = DIRECTION ( 'NONE',  ( -6.505213034913009249E-15, 0.000000000000000000, 1.000000000000000000 ) ) ;
#818 = DIRECTION ( 'NONE',  ( -8.621886063503022129E-15, -0.000000000000000000, 1.000000000000000000 ) ) ;
#819 = FACE_OUTER_BOUND ( 'NONE', #1200, .T. ) ;
#820 = ORIENTED_EDGE ( 'NONE', *, *, #1152, .F. ) ;
#821 = VECTOR ( 'NONE', #2078, 1000.000000000000000 ) ;
#822 = ORIENTED_EDGE ( 'NONE', *, *, #17, .F. ) ;
#823 = DIRECTION ( 'NONE',  ( 0.000000000000000000, 1.000000000000000000, 0.000000000000000000 ) ) ;
#824 = VECTOR ( 'NONE', #865, 1000.000000000000000 ) ;
#825 = FACE_OUTER_BOUND ( 'NONE', #957, .T. ) ;
#826 = CARTESIAN_POINT ( 'NONE',  ( -0.6500000000000001332, 0.07499999999999998335, -0.3989999999999999658 ) ) ;
#827 = EDGE_LOOP ( 'NONE', ( #282, #329, #751, #1442, #2122, #576 ) ) ;
#828 = VERTEX_POINT ( 'NONE', #148 ) ;
#829 = MECHANICAL_DESIGN_GEOMETRIC_PRESENTATION_REPRESENTATION (  '', ( #1430 ), #1268 ) ;
#830 = DIRECTION ( 'NONE',  ( 1.000000000000000000, 0.000000000000000000, -0.000000000000000000 ) ) ;
#831 = LINE ( 'NONE', #1178, #1749 ) ;
#832 = VECTOR ( 'NONE', #1549, 1000.000000000000000 ) ;
#833 = VERTEX_POINT ( 'NONE', #1474 ) ;
#834 = ORIENTED_EDGE ( 'NONE', *, *, #2194, .T. ) ;
#835 = ADVANCED_FACE ( 'NONE', ( #1857 ), #1934, .F. ) ;
#836 = LINE ( 'NONE', #963, #1787 ) ;
#837 = DIRECTION ( 'NONE',  ( -1.000000000000000000, 0.000000000000000000, -6.866613759074862467E-15 ) ) ;
#838 = AXIS2_PLACEMENT_3D ( 'NONE', #1512, #857, #1773 ) ;
#839 = CIRCLE ( 'NONE', #1363, 0.3499999999999999778 ) ;
#840 = LINE ( 'NONE', #2015, #1669 ) ;
#841 = ORIENTED_EDGE ( 'NONE', *, *, #806, .T. ) ;
#842 = VERTEX_POINT ( 'NONE', #131 ) ;
#843 = VERTEX_POINT ( 'NONE', #1153 ) ;
#844 = DIRECTION ( 'NONE',  ( -1.000000000000000000, 0.000000000000000000, 0.000000000000000000 ) ) ;
#845 = VECTOR ( 'NONE', #46, 1000.000000000000000 ) ;
#846 = VECTOR ( 'NONE', #337, 1000.000000000000000 ) ;
#847 = VECTOR ( 'NONE', #79, 1000.000000000000000 ) ;
#848 = ORIENTED_EDGE ( 'NONE', *, *, #478, .T. ) ;
#849 = VERTEX_POINT ( 'NONE', #2359 ) ;
#850 = EDGE_CURVE ( 'NONE', #1595, #795, #1896, .T. ) ;
#851 = EDGE_LOOP ( 'NONE', ( #1170, #283, #1148, #2138, #277, #1106, #2217, #238 ) ) ;
#852 = VECTOR ( 'NONE', #1945, 1000.000000000000000 ) ;
#853 = CARTESIAN_POINT ( 'NONE',  ( -0.8000000000000000444, 0.7908910531638175812, -0.3250000000000000111 ) ) ;
#854 = DIRECTION ( 'NONE',  ( 0.000000000000000000, -0.000000000000000000, 1.000000000000000000 ) ) ;
#855 = PLANE ( 'NONE',  #1665 ) ;
#856 = LINE ( 'NONE', #54, #34 ) ;
#857 = DIRECTION ( 'NONE',  ( 1.000000000000000000, 0.000000000000000000, -0.000000000000000000 ) ) ;
#858 = ORIENTED_EDGE ( 'NONE', *, *, #953, .T. ) ;
#859 = EDGE_CURVE ( 'NONE', #842, #2215, #102, .T. ) ;
#860 = VECTOR ( 'NONE', #2503, 1000.000000000000000 ) ;
#861 = CARTESIAN_POINT ( 'NONE',  ( -0.8000000000000000444, 0.07499999999999998335, 0.3250000000000000111 ) ) ;
#862 = VECTOR ( 'NONE', #456, 1000.000000000000000 ) ;
#863 = LINE ( 'NONE', #575, #832 ) ;
#864 = VECTOR ( 'NONE', #670, 1000.000000000000000 ) ;
#865 = DIRECTION ( 'NONE',  ( 1.000000000000000000, -0.000000000000000000, -0.000000000000000000 ) ) ;
#866 = FACE_OUTER_BOUND ( 'NONE', #2191, .T. ) ;
#867 = VECTOR ( 'NONE', #1508, 1000.000000000000000 ) ;
#868 = ADVANCED_FACE ( 'NONE', ( #89 ), #1748, .F. ) ;
#869 = LINE ( 'NONE', #124, #1765 ) ;
#870 = DIRECTION ( 'NONE',  ( 1.000000000000000000, -0.000000000000000000, 1.807003620809174139E-16 ) ) ;
#871 = LINE ( 'NONE', #1949, #1774 ) ;
#872 = PRODUCT_RELATED_PRODUCT_CATEGORY ( 'part', '', ( #1753 ) ) ;
#873 = FACE_OUTER_BOUND ( 'NONE', #827, .T. ) ;
#874 = DIRECTION ( 'NONE',  ( -1.000000000000000000, 0.000000000000000000, 0.000000000000000000 ) ) ;
#875 = VECTOR ( 'NONE', #181, 1000.000000000000000 ) ;
#876 = PLANE ( 'NONE',  #1412 ) ;
#877 = LINE ( 'NONE', #1404, #1692 ) ;
#878 = DIRECTION ( 'NONE',  ( 0.000000000000000000, 0.000000000000000000, -1.000000000000000000 ) ) ;
#879 = VECTOR ( 'NONE', #2416, 1000.000000000000000 ) ;
#880 = VECTOR ( 'NONE', #1423, 1000.000000000000000 ) ;
#881 = STYLED_ITEM ( 'NONE', ( #2426 ), #378 ) ;
#882 = CARTESIAN_POINT ( 'NONE',  ( -0.6500000000000000222, -0.7476809831277262397, 0.2984000000000001096 ) ) ;
#883 = LINE ( 'NONE', #1448, #1790 ) ;
#884 = ADVANCED_FACE ( 'NONE', ( #996 ), #1916, .T. ) ;
#885 = VECTOR ( 'NONE', #405, 1000.000000000000000 ) ;
#886 = DIRECTION ( 'NONE',  ( 0.000000000000000000, 1.000000000000000000, 0.000000000000000000 ) ) ;
#887 = EDGE_CURVE ( 'NONE', #1391, #365, #1026, .T. ) ;
#888 = LINE ( 'NONE', #649, #807 ) ;
#889 = ADVANCED_FACE ( 'NONE', ( #1861 ), #1462, .T. ) ;
#890 = CIRCLE ( 'NONE', #346, 0.3326749358466153383 ) ;
#891 = CARTESIAN_POINT ( 'NONE',  ( -0.8000000000000000444, 0.000000000000000000, 0.3250000000000000111 ) ) ;
#892 = CARTESIAN_POINT ( 'NONE',  ( 0.6499999999999970246, -0.7476809831277262397, 0.3990000000000044622 ) ) ;
#893 = EDGE_CURVE ( 'NONE', #116, #585, #1838, .T. ) ;
#894 = LINE ( 'NONE', #1432, #1677 ) ;
#895 = CARTESIAN_POINT ( 'NONE',  ( 0.000000000000000000, 0.1000000000000000056, 0.000000000000000000 ) ) ;
#896 = EDGE_CURVE ( 'NONE', #263, #287, #161, .T. ) ;
#897 = FACE_OUTER_BOUND ( 'NONE', #761, .T. ) ;
#898 = DIRECTION ( 'NONE',  ( -6.759833427342943129E-15, 0.000000000000000000, 1.000000000000000000 ) ) ;
#899 = PLANE ( 'NONE',  #2296 ) ;
#900 = LINE ( 'NONE', #474, #1767 ) ;
#901 = DIRECTION ( 'NONE',  ( -7.064976562562185217E-15, 0.000000000000000000, 1.000000000000000000 ) ) ;
#902 = VECTOR ( 'NONE', #184, 1000.000000000000000 ) ;
#903 = PLANE ( 'NONE',  #2535 ) ;
#904 = LINE ( 'NONE', #380, #845 ) ;
#905 = DIRECTION ( 'NONE',  ( -0.000000000000000000, 0.000000000000000000, -1.000000000000000000 ) ) ;
#906 =( GEOMETRIC_REPRESENTATION_CONTEXT ( 3 ) GLOBAL_UNCERTAINTY_ASSIGNED_CONTEXT ( ( #1289 ) ) GLOBAL_UNIT_ASSIGNED_CONTEXT ( ( #1022, #2411, #605 ) ) REPRESENTATION_CONTEXT ( 'NONE', 'WORKASPACE' ) );
#907 = LINE ( 'NONE', #707, #1800 ) ;
#908 = CARTESIAN_POINT ( 'NONE',  ( -0.8000000000000000444, 0.07499999999999998335, 0.3990000000000000213 ) ) ;
#909 = VECTOR ( 'NONE', #2566, 1000.000000000000000 ) ;
#910 = CARTESIAN_POINT ( 'NONE',  ( -0.6500000000000001332, 0.07499999999999998335, 0.3990000000000000213 ) ) ;
#911 = FACE_OUTER_BOUND ( 'NONE', #804, .T. ) ;
#912 = DIRECTION ( 'NONE',  ( 1.000000000000000000, 0.000000000000000000, -1.224646799147353207E-16 ) ) ;
#913 = CARTESIAN_POINT ( 'NONE',  ( 0.6000000000000016431, -0.7476809831277262397, -0.2983999999999960018 ) ) ;
#914 = FACE_OUTER_BOUND ( 'NONE', #1184, .T. ) ;
#915 = MECHANICAL_DESIGN_GEOMETRIC_PRESENTATION_REPRESENTATION (  '', ( #881 ), #1693 ) ;
#916 = LINE ( 'NONE', #699, #49 ) ;
#917 = DIRECTION ( 'NONE',  ( -1.000000000000000000, 0.000000000000000000, -0.000000000000000000 ) ) ;
#918 = LINE ( 'NONE', #1481, #1841 ) ;
#919 = CARTESIAN_POINT ( 'NONE',  ( 0.7999999999999974909, 0.07499999999999998335, 0.3249999999999999001 ) ) ;
#920 = FACE_OUTER_BOUND ( 'NONE', #206, .T. ) ;
#921 = EDGE_CURVE ( 'NONE', #335, #1595, #973, .T. ) ;
#922 = VECTOR ( 'NONE', #112, 1000.000000000000000 ) ;
#923 = LINE ( 'NONE', #2539, #2643 ) ;
#924 = CARTESIAN_POINT ( 'NONE',  ( 0.8000000000000000444, 0.1499999999999999944, 0.4000000000000000777 ) ) ;
#925 = DIRECTION ( 'NONE',  ( -1.000000000000000000, -0.000000000000000000, -0.000000000000000000 ) ) ;
#926 = VECTOR ( 'NONE', #2356, 1000.000000000000000 ) ;
#927 = EDGE_CURVE ( 'NONE', #980, #1038, #1030, .T. ) ;
#928 = LINE ( 'NONE', #765, #1762 ) ;
#929 = PLANE ( 'NONE',  #1369 ) ;
#930 = CARTESIAN_POINT ( 'NONE',  ( 0.000000000000000000, 0.4126999999999999558, 0.000000000000000000 ) ) ;
#931 = VECTOR ( 'NONE', #2123, 1000.000000000000000 ) ;
#932 = AXIS2_PLACEMENT_3D ( 'NONE', #1205, #743, #544 ) ;
#933 = LINE ( 'NONE', #1530, #1007 ) ;
#934 = ADVANCED_FACE ( 'NONE', ( #942 ), #1446, .F. ) ;
#935 = CARTESIAN_POINT ( 'NONE',  ( -0.8000000000000000444, 0.07499999999999998335, 0.3990000000000000213 ) ) ;
#936 = LINE ( 'NONE', #1931, #81 ) ;
#937 = PLANE ( 'NONE',  #1357 ) ;
#938 = SPHERICAL_SURFACE ( 'NONE', #749, 0.3499999999999999778 ) ;
#939 = DIRECTION ( 'NONE',  ( 0.000000000000000000, 0.000000000000000000, 1.000000000000000000 ) ) ;
#940 = ORIENTED_EDGE ( 'NONE', *, *, #1538, .F. ) ;
#941 = VECTOR ( 'NONE', #1981, 1000.000000000000000 ) ;
#942 = FACE_OUTER_BOUND ( 'NONE', #1245, .T. ) ;
#943 = ORIENTED_EDGE ( 'NONE', *, *, #887, .F. ) ;
#944 = SURFACE_SIDE_STYLE ('',( #653 ) ) ;
#945 = VECTOR ( 'NONE', #637, 1000.000000000000000 ) ;
#946 = ORIENTED_EDGE ( 'NONE', *, *, #1418, .T. ) ;
#947 = EDGE_CURVE ( 'NONE', #1280, #1711, #1843, .T. ) ;
#948 = PLANE ( 'NONE',  #977 ) ;
#949 = FACE_OUTER_BOUND ( 'NONE', #2075, .T. ) ;
#950 = VECTOR ( 'NONE', #2528, 1000.000000000000000 ) ;
#951 = ORIENTED_EDGE ( 'NONE', *, *, #798, .F. ) ;
#952 = DIRECTION ( 'NONE',  ( -1.000000000000000000, -0.000000000000000000, -0.000000000000000000 ) ) ;
#953 = EDGE_CURVE ( 'NONE', #459, #802, #208, .T. ) ;
#954 = CARTESIAN_POINT ( 'NONE',  ( 0.6500000000000009104, 0.07499999999999998335, -0.1783999999999956454 ) ) ;
#955 = VECTOR ( 'NONE', #1784, 1000.000000000000000 ) ;
#956 = CARTESIAN_POINT ( 'NONE',  ( 0.8000000000000000444, 0.000000000000000000, -0.3250000000000000111 ) ) ;
#957 = EDGE_LOOP ( 'NONE', ( #426, #1213, #2158, #2143 ) ) ;
#958 = EDGE_CURVE ( 'NONE', #1578, #1839, #1965, .T. ) ;
#959 = VECTOR ( 'NONE', #886, 1000.000000000000000 ) ;
#960 = EDGE_LOOP ( 'NONE', ( #383, #437, #1083, #2207, #191, #400, #1272, #393 ) ) ;
#961 = ORIENTED_EDGE ( 'NONE', *, *, #763, .F. ) ;
#962 = CARTESIAN_POINT ( 'NONE',  ( 4.148008639851543553E-17, 0.4087537910118554940, 0.3326749358466153383 ) ) ;
#963 = CARTESIAN_POINT ( 'NONE',  ( 0.6500000000000017986, 0.07499999999999998335, -0.2983999999999956132 ) ) ;
#964 = VECTOR ( 'NONE', #1511, 1000.000000000000000 ) ;
#965 = ORIENTED_EDGE ( 'NONE', *, *, #1097, .F. ) ;
#966 = DIRECTION ( 'NONE',  ( -0.000000000000000000, -1.000000000000000000, -0.000000000000000000 ) ) ;
#967 = LINE ( 'NONE', #2502, #156 ) ;
#968 = ORIENTED_EDGE ( 'NONE', *, *, #2336, .F. ) ;
#969 = EDGE_LOOP ( 'NONE', ( #303, #225, #2216, #100 ) ) ;
#970 = PRESENTATION_LAYER_ASSIGNMENT (  '', '', ( #1430 ) ) ;
#971 = ADVANCED_FACE ( 'NONE', ( #1046, #1947 ), #2369, .F. ) ;
#972 = PLANE ( 'NONE',  #559 ) ;
#973 = LINE ( 'NONE', #2317, #1923 ) ;
#974 = CARTESIAN_POINT ( 'NONE',  ( 0.6500000000000026867, -0.7476809831277262397, -0.3989999999999955249 ) ) ;
#975 = CARTESIAN_POINT ( 'NONE',  ( -0.5000000000000000000, 0.07499999999999998335, 0.3250000000000000111 ) ) ;
#976 = VERTEX_POINT ( 'NONE', #2294 ) ;
#977 = AXIS2_PLACEMENT_3D ( 'NONE', #1164, #2214, #177 ) ;
#978 = VECTOR ( 'NONE', #1144, 1000.000000000000000 ) ;
#979 = ORIENTED_EDGE ( 'NONE', *, *, #1342, .T. ) ;
#980 = VERTEX_POINT ( 'NONE', #2434 ) ;
#981 = CARTESIAN_POINT ( 'NONE',  ( -0.6500000000000001332, 0.1499999999999999944, -0.3989999999999999658 ) ) ;
#982 = CARTESIAN_POINT ( 'NONE',  ( -0.5000000000000000000, 0.07499999999999998335, -0.3249999999999999556 ) ) ;
#983 = EDGE_CURVE ( 'NONE', #2069, #483, #1956, .T. ) ;
#984 = ORIENTED_EDGE ( 'NONE', *, *, #1090, .F. ) ;
#985 = CARTESIAN_POINT ( 'NONE',  ( -0.5000000000000000000, 0.07499999999999998335, -0.3249999999999999556 ) ) ;
#986 = LINE ( 'NONE', #1686, #1906 ) ;
#987 = VERTEX_POINT ( 'NONE', #2572 ) ;
#988 = PLANE ( 'NONE',  #551 ) ;
#989 = EDGE_CURVE ( 'NONE', #692, #1729, #182, .T. ) ;
#990 = DIRECTION ( 'NONE',  ( 7.228014483236695175E-15, 0.000000000000000000, -1.000000000000000000 ) ) ;
#991 = LINE ( 'NONE', #726, #1868 ) ;
#992 = DIRECTION ( 'NONE',  ( 6.866613759074862467E-15, 0.000000000000000000, -1.000000000000000000 ) ) ;
#993 = DIRECTION ( 'NONE',  ( 0.000000000000000000, 0.000000000000000000, -1.000000000000000000 ) ) ;
#994 = ORIENTED_EDGE ( 'NONE', *, *, #163, .F. ) ;
#995 = EDGE_CURVE ( 'NONE', #545, #1691, #1942, .T. ) ;
#996 = FACE_OUTER_BOUND ( 'NONE', #2560, .T. ) ;
#997 = ORIENTED_EDGE ( 'NONE', *, *, #1795, .T. ) ;
#998 = CARTESIAN_POINT ( 'NONE',  ( -0.6500000000000000222, 0.07499999999999998335, 0.1784000000000001140 ) ) ;
#999 = DIRECTION ( 'NONE',  ( 0.000000000000000000, 0.000000000000000000, -1.000000000000000000 ) ) ;
#1000 = VECTOR ( 'NONE', #2408, 1000.000000000000000 ) ;
#1001 = AXIS2_PLACEMENT_3D ( 'NONE', #597, #817, #1145 ) ;
#1002 = FACE_OUTER_BOUND ( 'NONE', #370, .T. ) ;
#1003 = ORIENTED_EDGE ( 'NONE', *, *, #811, .F. ) ;
#1004 = VECTOR ( 'NONE', #1516, 1000.000000000000000 ) ;
#1005 = ADVANCED_BREP_SHAPE_REPRESENTATION ( 'APHD1608LVBC_D', ( #378, #1114, #511, #1019, #201, #1946 ), #651 ) ;
#1006 = DIRECTION ( 'NONE',  ( -0.000000000000000000, 1.000000000000000000, -0.000000000000000000 ) ) ;
#1007 = VECTOR ( 'NONE', #1798, 1000.000000000000000 ) ;
#1008 = ORIENTED_EDGE ( 'NONE', *, *, #1377, .T. ) ;
#1009 = CARTESIAN_POINT ( 'NONE',  ( -0.5000000000000000000, 0.7908910531638175812, 0.3250000000000000111 ) ) ;
#1010 = VECTOR ( 'NONE', #215, 1000.000000000000000 ) ;
#1011 = DIRECTION ( 'NONE',  ( -1.000000000000000000, 0.000000000000000000, 0.000000000000000000 ) ) ;
#1012 = FACE_OUTER_BOUND ( 'NONE', #2274, .T. ) ;
#1013 = DIRECTION ( 'NONE',  ( -7.064976562562185217E-15, 0.000000000000000000, 1.000000000000000000 ) ) ;
#1014 = DIRECTION ( 'NONE',  ( -1.000000000000000000, 0.000000000000000000, -1.807003620809174139E-16 ) ) ;
#1015 = APPLICATION_CONTEXT ( 'automotive_design' ) ;
#1016 = ORIENTED_EDGE ( 'NONE', *, *, #1604, .F. ) ;
#1017 = AXIS2_PLACEMENT_3D ( 'NONE', #2056, #633, #1809 ) ;
#1018 = LINE ( 'NONE', #1324, #1822 ) ;
#1019 = MANIFOLD_SOLID_BREP ( 'Cut-Extrude3', #2133 ) ;
#1020 = VECTOR ( 'NONE', #2344, 1000.000000000000000 ) ;
#1021 = ORIENTED_EDGE ( 'NONE', *, *, #2579, .T. ) ;
#1022 =( LENGTH_UNIT ( ) NAMED_UNIT ( * ) SI_UNIT ( .MILLI., .METRE. ) );
#1023 = PLANE ( 'NONE',  #2345 ) ;
#1024 = VECTOR ( 'NONE', #2495, 1000.000000000000000 ) ;
#1025 = ADVANCED_FACE ( 'NONE', ( #196 ), #62, .T. ) ;
#1026 = LINE ( 'NONE', #1969, #1917 ) ;
#1027 = ORIENTED_EDGE ( 'NONE', *, *, #2471, .F. ) ;
#1028 = EDGE_CURVE ( 'NONE', #1595, #1417, #1064, .T. ) ;
#1029 = CARTESIAN_POINT ( 'NONE',  ( -0.6500000000000001332, -0.7476809831277262397, -0.3989999999999999658 ) ) ;
#1030 = LINE ( 'NONE', #524, #1877 ) ;
#1031 = ORIENTED_EDGE ( 'NONE', *, *, #2527, .T. ) ;
#1032 = DIRECTION ( 'NONE',  ( 0.000000000000000000, 1.000000000000000000, 0.000000000000000000 ) ) ;
#1033 = CARTESIAN_POINT ( 'NONE',  ( -0.8000000000000000444, 0.07499999999999998335, -0.3989999999999999658 ) ) ;
#1034 = CARTESIAN_POINT ( 'NONE',  ( -0.3000000000000000444, 0.9236510183324003753, -0.3995000000000000773 ) ) ;
#1035 = DIRECTION ( 'NONE',  ( 0.000000000000000000, -1.000000000000000000, 0.000000000000000000 ) ) ;
#1036 = ORIENTED_EDGE ( 'NONE', *, *, #1869, .T. ) ;
#1037 = AXIS2_PLACEMENT_3D ( 'NONE', #496, #520, #917 ) ;
#1038 = VERTEX_POINT ( 'NONE', #1074 ) ;
#1039 = PLANE ( 'NONE',  #2140 ) ;
#1040 = DIRECTION ( 'NONE',  ( 1.000000000000000000, 0.000000000000000000, 0.000000000000000000 ) ) ;
#1041 = VECTOR ( 'NONE', #1758, 1000.000000000000000 ) ;
#1042 = VECTOR ( 'NONE', #1435, 1000.000000000000000 ) ;
#1043 = ORIENTED_EDGE ( 'NONE', *, *, #83, .T. ) ;
#1044 = ADVANCED_FACE ( 'NONE', ( #792 ), #1169, .F. ) ;
#1045 = CARTESIAN_POINT ( 'NONE',  ( 0.000000000000000000, 0.07499999999999999722, 0.000000000000000000 ) ) ;
#1046 = FACE_BOUND ( 'NONE', #2512, .T. ) ;
#1047 = EDGE_LOOP ( 'NONE', ( #1073, #1291, #723, #1107 ) ) ;
#1048 = CARTESIAN_POINT ( 'NONE',  ( -0.3000000000000000444, 0.1000000000000000056, 0.3995000000000000773 ) ) ;
#1049 = AXIS2_PLACEMENT_3D ( 'NONE', #1111, #1339, #898 ) ;
#1050 = CARTESIAN_POINT ( 'NONE',  ( 0.5000000000000000000, 0.07499999999999998335, 0.3250000000000000111 ) ) ;
#1051 = DIRECTION ( 'NONE',  ( 1.000000000000000000, 0.000000000000000000, 0.000000000000000000 ) ) ;
#1052 = ORIENTED_EDGE ( 'NONE', *, *, #1752, .F. ) ;
#1053 = DIRECTION ( 'NONE',  ( 1.000000000000000000, -0.000000000000000000, -0.000000000000000000 ) ) ;
#1054 = SURFACE_STYLE_FILL_AREA ( #375 ) ;
#1055 = EDGE_CURVE ( 'NONE', #1721, #1672, #808, .T. ) ;
#1056 = ORIENTED_EDGE ( 'NONE', *, *, #478, .F. ) ;
#1057 = CARTESIAN_POINT ( 'NONE',  ( -0.8000000000000000444, -0.7476809831277262397, -0.3989999999999999658 ) ) ;
#1058 = CARTESIAN_POINT ( 'NONE',  ( 0.8000000000000000444, 0.7908910531638175812, 0.3250000000000000111 ) ) ;
#1059 = VECTOR ( 'NONE', #237, 1000.000000000000000 ) ;
#1060 = DIRECTION ( 'NONE',  ( 0.000000000000000000, -1.000000000000000000, 0.000000000000000000 ) ) ;
#1061 = ORIENTED_EDGE ( 'NONE', *, *, #1534, .F. ) ;
#1062 = EDGE_CURVE ( 'NONE', #2192, #416, #2564, .T. ) ;
#1063 =( NAMED_UNIT ( * ) PLANE_ANGLE_UNIT ( ) SI_UNIT ( $, .RADIAN. ) );
#1064 = LINE ( 'NONE', #826, #1070 ) ;
#1065 = ORIENTED_EDGE ( 'NONE', *, *, #1380, .F. ) ;
#1066 = DIRECTION ( 'NONE',  ( 0.000000000000000000, 0.000000000000000000, -1.000000000000000000 ) ) ;
#1067 = ADVANCED_FACE ( 'NONE', ( #825 ), #28, .F. ) ;
#1068 = CARTESIAN_POINT ( 'NONE',  ( 0.6000000000000016431, 0.07499999999999998335, -0.2983999999999960018 ) ) ;
#1069 = AXIS2_PLACEMENT_3D ( 'NONE', #882, #659, #1472 ) ;
#1070 = VECTOR ( 'NONE', #1849, 1000.000000000000000 ) ;
#1071 = CARTESIAN_POINT ( 'NONE',  ( 0.7999999999999970468, 0.1499999999999999944, 0.3990000000000054614 ) ) ;
#1072 = CARTESIAN_POINT ( 'NONE',  ( -0.3000000000000000444, 0.000000000000000000, 0.3995000000000000773 ) ) ;
#1073 = ORIENTED_EDGE ( 'NONE', *, *, #697, .F. ) ;
#1074 = CARTESIAN_POINT ( 'NONE',  ( 0.6500000000000026867, 0.07499999999999998335, -0.3989999999999955249 ) ) ;
#1075 = VECTOR ( 'NONE', #2469, 1000.000000000000000 ) ;
#1076 = ORIENTED_EDGE ( 'NONE', *, *, #594, .F. ) ;
#1077 = DIRECTION ( 'NONE',  ( 0.000000000000000000, -1.000000000000000000, 0.000000000000000000 ) ) ;
#1078 = CARTESIAN_POINT ( 'NONE',  ( 0.6000000000000008660, 0.1499999999999999944, -0.1783999999999959507 ) ) ;
#1079 = ORIENTED_EDGE ( 'NONE', *, *, #1156, .T. ) ;
#1080 = PLANE ( 'NONE',  #229 ) ;
#1081 = DIRECTION ( 'NONE',  ( 1.000000000000000000, -0.000000000000000000, 1.807003620809173892E-16 ) ) ;
#1082 = ORIENTED_EDGE ( 'NONE', *, *, #2515, .F. ) ;
#1083 = ORIENTED_EDGE ( 'NONE', *, *, #403, .T. ) ;
#1084 = EDGE_CURVE ( 'NONE', #1883, #2167, #2632, .T. ) ;
#1085 = DIRECTION ( 'NONE',  ( -1.000000000000000000, 0.000000000000000000, 0.000000000000000000 ) ) ;
#1086 = DIRECTION ( 'NONE',  ( -1.000000000000000000, 0.000000000000000000, 0.000000000000000000 ) ) ;
#1087 = DIRECTION ( 'NONE',  ( -1.000000000000000000, 0.000000000000000000, -0.000000000000000000 ) ) ;
#1088 = EDGE_LOOP ( 'NONE', ( #2007, #2302, #1110, #226, #2257 ) ) ;
#1089 = VERTEX_POINT ( 'NONE', #354 ) ;
#1090 = EDGE_CURVE ( 'NONE', #1883, #2346, #1757, .T. ) ;
#1091 = ADVANCED_FACE ( 'NONE', ( #5 ), #2224, .T. ) ;
#1092 = ORIENTED_EDGE ( 'NONE', *, *, #658, .T. ) ;
#1093 = ORIENTED_EDGE ( 'NONE', *, *, #192, .T. ) ;
#1094 = EDGE_CURVE ( 'NONE', #2589, #2633, #16, .T. ) ;
#1095 = DIRECTION ( 'NONE',  ( -1.000000000000000000, 0.000000000000000000, -0.000000000000000000 ) ) ;
#1096 = CARTESIAN_POINT ( 'NONE',  ( -0.5999999999999998668, -0.7476809831277262397, 0.1784000000000001140 ) ) ;
#1097 = EDGE_CURVE ( 'NONE', #1038, #1933, #1720, .T. ) ;
#1098 = CARTESIAN_POINT ( 'NONE',  ( 0.000000000000000000, 0.07499999999999999722, 0.000000000000000000 ) ) ;
#1099 = ORIENTED_EDGE ( 'NONE', *, *, #1760, .T. ) ;
#1100 = ORIENTED_EDGE ( 'NONE', *, *, #497, .F. ) ;
#1101 = CARTESIAN_POINT ( 'NONE',  ( 0.000000000000000000, 0.1000000000000000056, 0.000000000000000000 ) ) ;
#1102 = EDGE_LOOP ( 'NONE', ( #2148, #1943, #471, #1222, #2011, #1341, #2288, #1889 ) ) ;
#1103 = ORIENTED_EDGE ( 'NONE', *, *, #1567, .T. ) ;
#1104 = DIRECTION ( 'NONE',  ( -1.000000000000000000, 0.000000000000000000, 0.000000000000000000 ) ) ;
#1105 = CARTESIAN_POINT ( 'NONE',  ( 0.5000000000000000000, 0.000000000000000000, -0.3249999999999999556 ) ) ;
#1106 = ORIENTED_EDGE ( 'NONE', *, *, #2529, .T. ) ;
#1107 = ORIENTED_EDGE ( 'NONE', *, *, #896, .F. ) ;
#1108 = DIRECTION ( 'NONE',  ( -1.000000000000000000, -0.000000000000000000, -7.589415207398512105E-15 ) ) ;
#1109 = ORIENTED_EDGE ( 'NONE', *, *, #638, .T. ) ;
#1110 = ORIENTED_EDGE ( 'NONE', *, *, #947, .T. ) ;
#1111 = CARTESIAN_POINT ( 'NONE',  ( 0.6499999999999970246, -0.7476809831277262397, 0.3990000000000044622 ) ) ;
#1112 = DIRECTION ( 'NONE',  ( -0.000000000000000000, 0.000000000000000000, -1.000000000000000000 ) ) ;
#1113 = EDGE_CURVE ( 'NONE', #2251, #1202, #1733, .T. ) ;
#1114 = MANIFOLD_SOLID_BREP ( 'Boss-Extrude4[1]', #1728 ) ;
#1115 = ORIENTED_EDGE ( 'NONE', *, *, #2279, .F. ) ;
#1116 = EDGE_LOOP ( 'NONE', ( #209, #291, #2063, #1978 ) ) ;
#1117 = CARTESIAN_POINT ( 'NONE',  ( 0.8000000000000025979, 0.07499999999999998335, -0.3989999999999945257 ) ) ;
#1118 = ORIENTED_EDGE ( 'NONE', *, *, #1717, .T. ) ;
#1119 = EDGE_CURVE ( 'NONE', #2626, #1267, #1726, .T. ) ;
#1120 = VERTEX_POINT ( 'NONE', #910 ) ;
#1121 = CARTESIAN_POINT ( 'NONE',  ( -0.8000000000000000444, 0.07499999999999998335, -0.3989999999999999658 ) ) ;
#1122 = PLANE ( 'NONE',  #737 ) ;
#1123 = ORIENTED_EDGE ( 'NONE', *, *, #763, .T. ) ;
#1124 = EDGE_LOOP ( 'NONE', ( #1953, #1997, #2517, #1373, #2261 ) ) ;
#1125 = EDGE_CURVE ( 'NONE', #2126, #1638, #1679, .T. ) ;
#1126 = CARTESIAN_POINT ( 'NONE',  ( 0.6499999999999970246, 0.07499999999999998335, 0.3990000000000044622 ) ) ;
#1127 = EDGE_CURVE ( 'NONE', #795, #525, #23, .T. ) ;
#1128 = ORIENTED_EDGE ( 'NONE', *, *, #1176, .F. ) ;
#1129 = VERTEX_POINT ( 'NONE', #1922 ) ;
#1130 = CARTESIAN_POINT ( 'NONE',  ( 0.6000000000000000888, 0.3999999999999999667, 0.3999999999999999667 ) ) ;
#1131 = PLANE ( 'NONE',  #1192 ) ;
#1132 = ADVANCED_FACE ( 'NONE', ( #920 ), #876, .T. ) ;
#1133 = DIRECTION ( 'NONE',  ( 1.000000000000000000, 0.000000000000000000, 0.000000000000000000 ) ) ;
#1134 = ORIENTED_EDGE ( 'NONE', *, *, #1572, .T. ) ;
#1135 = ORIENTED_EDGE ( 'NONE', *, *, #1824, .F. ) ;
#1136 = DIRECTION ( 'NONE',  ( -1.807003620809174139E-16, 0.000000000000000000, -1.000000000000000000 ) ) ;
#1137 = ORIENTED_EDGE ( 'NONE', *, *, #1970, .F. ) ;
#1138 = ORIENTED_EDGE ( 'NONE', *, *, #312, .F. ) ;
#1139 = FILL_AREA_STYLE_COLOUR ( '', #2424 ) ;
#1140 = ORIENTED_EDGE ( 'NONE', *, *, #333, .T. ) ;
#1141 = ORIENTED_EDGE ( 'NONE', *, *, #355, .T. ) ;
#1142 = ORIENTED_EDGE ( 'NONE', *, *, #280, .F. ) ;
#1143 = ORIENTED_EDGE ( 'NONE', *, *, #2106, .T. ) ;
#1144 = DIRECTION ( 'NONE',  ( -1.000000000000000000, -0.000000000000000000, -7.589415207398512105E-15 ) ) ;
#1145 = DIRECTION ( 'NONE',  ( 1.000000000000000000, 0.000000000000000000, 6.505213034913009249E-15 ) ) ;
#1146 = PLANE ( 'NONE',  #932 ) ;
#1147 = EDGE_LOOP ( 'NONE', ( #1099, #1197, #1210, #1123 ) ) ;
#1148 = ORIENTED_EDGE ( 'NONE', *, *, #53, .T. ) ;
#1149 = ADVANCED_FACE ( 'NONE', ( #1741 ), #1941, .T. ) ;
#1150 = CARTESIAN_POINT ( 'NONE',  ( -0.5000000000000000000, 0.7908910531638175812, -0.3249999999999999556 ) ) ;
#1151 = CARTESIAN_POINT ( 'NONE',  ( 0.8000000000000025979, 0.07499999999999998335, -0.3989999999999945257 ) ) ;
#1152 = EDGE_CURVE ( 'NONE', #2160, #2017, #1750, .T. ) ;
#1153 = CARTESIAN_POINT ( 'NONE',  ( -0.1000000000000000194, 0.000000000000000000, 0.3995000000000000773 ) ) ;
#1154 = VERTEX_POINT ( 'NONE', #1454 ) ;
#1155 = ORIENTED_EDGE ( 'NONE', *, *, #90, .F. ) ;
#1156 = EDGE_CURVE ( 'NONE', #1333, #1256, #2559, .T. ) ;
#1157 = DIRECTION ( 'NONE',  ( 0.000000000000000000, 1.000000000000000000, 0.000000000000000000 ) ) ;
#1158 = DIRECTION ( 'NONE',  ( -6.866613759074862467E-15, 0.000000000000000000, 1.000000000000000000 ) ) ;
#1159 = VERTEX_POINT ( 'NONE', #2321 ) ;
#1160 = ORIENTED_EDGE ( 'NONE', *, *, #526, .F. ) ;
#1161 = EDGE_CURVE ( 'NONE', #2299, #1936, #2616, .T. ) ;
#1162 = VERTEX_POINT ( 'NONE', #503 ) ;
#1163 = ORIENTED_EDGE ( 'NONE', *, *, #276, .T. ) ;
#1164 = CARTESIAN_POINT ( 'NONE',  ( 0.6500000000000017986, -0.7476809831277262397, -0.2983999999999956132 ) ) ;
#1165 = VERTEX_POINT ( 'NONE', #1476 ) ;
#1166 = ORIENTED_EDGE ( 'NONE', *, *, #1161, .F. ) ;
#1167 = DIRECTION ( 'NONE',  ( 1.000000000000000000, 0.000000000000000000, -0.000000000000000000 ) ) ;
#1168 = CARTESIAN_POINT ( 'NONE',  ( 0.5000000000000000000, 0.000000000000000000, -0.3249999999999999556 ) ) ;
#1169 = PLANE ( 'NONE',  #1484 ) ;
#1170 = ORIENTED_EDGE ( 'NONE', *, *, #150, .T. ) ;
#1171 = ORIENTED_EDGE ( 'NONE', *, *, #212, .T. ) ;
#1172 = DIRECTION ( 'NONE',  ( 1.000000000000000000, -0.000000000000000000, 6.866613759074862467E-15 ) ) ;
#1173 = ORIENTED_EDGE ( 'NONE', *, *, #1450, .T. ) ;
#1174 = STYLED_ITEM ( 'NONE', ( #1961 ), #1019 ) ;
#1175 = ORIENTED_EDGE ( 'NONE', *, *, #1706, .T. ) ;
#1176 = EDGE_CURVE ( 'NONE', #1672, #769, #2550, .T. ) ;
#1177 = CARTESIAN_POINT ( 'NONE',  ( 0.7999999999999970468, 0.07499999999999998335, 0.3990000000000054614 ) ) ;
#1178 = CARTESIAN_POINT ( 'NONE',  ( -0.8000000000000000444, 0.07499999999999998335, 0.3990000000000000213 ) ) ;
#1179 = ORIENTED_EDGE ( 'NONE', *, *, #665, .T. ) ;
#1180 = EDGE_CURVE ( 'NONE', #2124, #465, #2595, .T. ) ;
#1181 = CARTESIAN_POINT ( 'NONE',  ( 0.000000000000000000, 0.000000000000000000, 0.000000000000000000 ) ) ;
#1182 = CARTESIAN_POINT ( 'NONE',  ( -0.8000000000000000444, 0.7908910531638175812, -0.3250000000000000111 ) ) ;
#1183 =( NAMED_UNIT ( * ) PLANE_ANGLE_UNIT ( ) SI_UNIT ( $, .RADIAN. ) );
#1184 = EDGE_LOOP ( 'NONE', ( #2054, #262, #2233, #1163, #296, #1982 ) ) ;
#1185 = EDGE_CURVE ( 'NONE', #2324, #2021, #923, .T. ) ;
#1186 = DIRECTION ( 'NONE',  ( 1.000000000000000000, 0.000000000000000000, 6.866613759074862467E-15 ) ) ;
#1187 = VERTEX_POINT ( 'NONE', #919 ) ;
#1188 = ADVANCED_FACE ( 'NONE', ( #1775 ), #972, .F. ) ;
#1189 = ORIENTED_EDGE ( 'NONE', *, *, #17, .T. ) ;
#1190 = CARTESIAN_POINT ( 'NONE',  ( -0.5999999999999998668, 0.3999999999999999667, 0.3999999999999999667 ) ) ;
#1191 = ORIENTED_EDGE ( 'NONE', *, *, #565, .T. ) ;
#1192 = AXIS2_PLACEMENT_3D ( 'NONE', #913, #647, #1491 ) ;
#1193 = CARTESIAN_POINT ( 'NONE',  ( -0.1000000000000000194, 0.1000000000000000056, -0.3995000000000000773 ) ) ;
#1194 = DIRECTION ( 'NONE',  ( 0.000000000000000000, -0.000000000000000000, 1.000000000000000000 ) ) ;
#1195 = DIRECTION ( 'NONE',  ( 0.000000000000000000, -1.000000000000000000, 0.000000000000000000 ) ) ;
#1196 =( NAMED_UNIT ( * ) SI_UNIT ( $, .STERADIAN. ) SOLID_ANGLE_UNIT ( ) );
#1197 = ORIENTED_EDGE ( 'NONE', *, *, #757, .F. ) ;
#1198 = AXIS2_PLACEMENT_3D ( 'NONE', #797, #476, #2094 ) ;
#1199 = CARTESIAN_POINT ( 'NONE',  ( 0.6500000000000009104, 0.1499999999999999944, -0.1783999999999956454 ) ) ;
#1200 = EDGE_LOOP ( 'NONE', ( #2199, #2048, #470, #230 ) ) ;
#1201 = EDGE_CURVE ( 'NONE', #452, #987, #863, .T. ) ;
#1202 = VERTEX_POINT ( 'NONE', #1358 ) ;
#1203 = DIRECTION ( 'NONE',  ( 0.000000000000000000, 0.000000000000000000, -1.000000000000000000 ) ) ;
#1204 = EDGE_CURVE ( 'NONE', #2179, #2532, #2622, .T. ) ;
#1205 = CARTESIAN_POINT ( 'NONE',  ( 0.6500000000000009104, -0.7476809831277262397, -0.1783999999999956454 ) ) ;
#1206 = ORIENTED_EDGE ( 'NONE', *, *, #1829, .T. ) ;
#1207 = DIRECTION ( 'NONE',  ( 1.000000000000000000, 0.000000000000000000, 0.000000000000000000 ) ) ;
#1208 = DIRECTION ( 'NONE',  ( -1.000000000000000000, -0.000000000000000000, -6.866613759074863256E-15 ) ) ;
#1209 = CARTESIAN_POINT ( 'NONE',  ( 0.5000000000000000000, 0.07499999999999998335, -0.3249999999999999556 ) ) ;
#1210 = ORIENTED_EDGE ( 'NONE', *, *, #1400, .F. ) ;
#1211 = EDGE_CURVE ( 'NONE', #2035, #2453, #1821, .T. ) ;
#1212 = ORIENTED_EDGE ( 'NONE', *, *, #2112, .T. ) ;
#1213 = ORIENTED_EDGE ( 'NONE', *, *, #1402, .F. ) ;
#1214 = DIRECTION ( 'NONE',  ( 1.000000000000000000, -0.000000000000000000, 0.000000000000000000 ) ) ;
#1215 = DIRECTION ( 'NONE',  ( 0.000000000000000000, 0.000000000000000000, -1.000000000000000000 ) ) ;
#1216 = ORIENTED_EDGE ( 'NONE', *, *, #1815, .F. ) ;
#1217 = ORIENTED_EDGE ( 'NONE', *, *, #1928, .F. ) ;
#1218 = ORIENTED_EDGE ( 'NONE', *, *, #47, .F. ) ;
#1219 = ORIENTED_EDGE ( 'NONE', *, *, #811, .T. ) ;
#1220 = DIRECTION ( 'NONE',  ( 0.000000000000000000, 1.000000000000000000, 0.000000000000000000 ) ) ;
#1221 = EDGE_LOOP ( 'NONE', ( #243, #1370, #719, #2531, #224, #848, #493, #218 ) ) ;
#1222 = ORIENTED_EDGE ( 'NONE', *, *, #247, .F. ) ;
#1223 = ADVANCED_FACE ( 'NONE', ( #801 ), #1146, .F. ) ;
#1224 = APPLICATION_PROTOCOL_DEFINITION ( 'draft international standard', 'automotive_design', 1998, #1015 ) ;
#1225 = CARTESIAN_POINT ( 'NONE',  ( -0.5999999999999998668, 0.1499999999999999944, -0.3999999999999999667 ) ) ;
#1226 = DIRECTION ( 'NONE',  ( -1.000000000000000000, -0.000000000000000000, -0.000000000000000000 ) ) ;
#1227 = AXIS2_PLACEMENT_3D ( 'NONE', #1057, #1618, #1095 ) ;
#1228 = ORIENTED_EDGE ( 'NONE', *, *, #543, .F. ) ;
#1229 = CARTESIAN_POINT ( 'NONE',  ( -0.8000000000000000444, -0.7476809831277262397, 0.3990000000000000213 ) ) ;
#1230 = ORIENTED_EDGE ( 'NONE', *, *, #1240, .F. ) ;
#1231 = VECTOR ( 'NONE', #1504, 1000.000000000000000 ) ;
#1232 = ORIENTED_EDGE ( 'NONE', *, *, #1908, .F. ) ;
#1233 = CARTESIAN_POINT ( 'NONE',  ( -0.5000000000000000000, 0.000000000000000000, -0.3249999999999999556 ) ) ;
#1234 = CARTESIAN_POINT ( 'NONE',  ( -0.5000000000000000000, 0.000000000000000000, 0.3250000000000000111 ) ) ;
#1235 = ORIENTED_EDGE ( 'NONE', *, *, #1658, .T. ) ;
#1236 = EDGE_CURVE ( 'NONE', #263, #1595, #928, .T. ) ;
#1237 = ORIENTED_EDGE ( 'NONE', *, *, #1545, .T. ) ;
#1238 = ORIENTED_EDGE ( 'NONE', *, *, #619, .F. ) ;
#1239 = ORIENTED_EDGE ( 'NONE', *, *, #995, .T. ) ;
#1240 = EDGE_CURVE ( 'NONE', #2033, #1972, #840, .T. ) ;
#1241 = CARTESIAN_POINT ( 'NONE',  ( 0.6000000000000008660, -0.7476809831277262397, -0.1783999999999959507 ) ) ;
#1242 = EDGE_CURVE ( 'NONE', #696, #151, #1688, .T. ) ;
#1243 = ORIENTED_EDGE ( 'NONE', *, *, #53, .F. ) ;
#1244 = DIRECTION ( 'NONE',  ( -0.000000000000000000, -1.000000000000000000, -0.000000000000000000 ) ) ;
#1245 = EDGE_LOOP ( 'NONE', ( #1141, #466, #223, #1118, #2062 ) ) ;
#1246 = ORIENTED_EDGE ( 'NONE', *, *, #1770, .F. ) ;
#1247 = CARTESIAN_POINT ( 'NONE',  ( -0.3000000000000000444, 0.000000000000000000, -0.3995000000000000773 ) ) ;
#1248 = PLANE ( 'NONE',  #509 ) ;
#1249 = CARTESIAN_POINT ( 'NONE',  ( -0.1000000000000000194, 0.1000000000000000472, -0.3995000000000000773 ) ) ;
#1250 = ORIENTED_EDGE ( 'NONE', *, *, #1542, .T. ) ;
#1251 = CARTESIAN_POINT ( 'NONE',  ( 0.000000000000000000, 0.3999999999999999667, 0.000000000000000000 ) ) ;
#1252 = EDGE_LOOP ( 'NONE', ( #1447, #581, #388, #2318, #1735 ) ) ;
#1253 = FACE_OUTER_BOUND ( 'NONE', #1647, .T. ) ;
#1254 = VERTEX_POINT ( 'NONE', #390 ) ;
#1255 = PLANE ( 'NONE',  #319 ) ;
#1256 = VERTEX_POINT ( 'NONE', #2250 ) ;
#1257 = ORIENTED_EDGE ( 'NONE', *, *, #2515, .T. ) ;
#1258 = CARTESIAN_POINT ( 'NONE',  ( 0.6500000000000026867, -0.7476809831277262397, -0.3989999999999955249 ) ) ;
#1259 = ORIENTED_EDGE ( 'NONE', *, *, #927, .F. ) ;
#1260 = EDGE_LOOP ( 'NONE', ( #464, #1171, #2115, #2028 ) ) ;
#1261 = VERTEX_POINT ( 'NONE', #689 ) ;
#1262 = VECTOR ( 'NONE', #347, 1000.000000000000000 ) ;
#1263 = CARTESIAN_POINT ( 'NONE',  ( 0.8000000000000000444, 0.000000000000000000, 0.4000000000000000777 ) ) ;
#1264 = ORIENTED_EDGE ( 'NONE', *, *, #2238, .T. ) ;
#1265 = DIRECTION ( 'NONE',  ( 1.000000000000000000, 0.000000000000000000, 0.000000000000000000 ) ) ;
#1266 = ORIENTED_EDGE ( 'NONE', *, *, #1444, .F. ) ;
#1267 = VERTEX_POINT ( 'NONE', #1520 ) ;
#1268 =( GEOMETRIC_REPRESENTATION_CONTEXT ( 3 ) GLOBAL_UNCERTAINTY_ASSIGNED_CONTEXT ( ( #1738 ) ) GLOBAL_UNIT_ASSIGNED_CONTEXT ( ( #1866, #2475, #1433 ) ) REPRESENTATION_CONTEXT ( 'NONE', 'WORKASPACE' ) );
#1269 = DIRECTION ( 'NONE',  ( -1.000000000000000000, -0.000000000000000000, -0.000000000000000000 ) ) ;
#1270 = DIRECTION ( 'NONE',  ( -1.000000000000000000, -0.000000000000000000, -0.000000000000000000 ) ) ;
#1271 = VERTEX_POINT ( 'NONE', #1533 ) ;
#1272 = ORIENTED_EDGE ( 'NONE', *, *, #2077, .F. ) ;
#1273 = CARTESIAN_POINT ( 'NONE',  ( 0.6000000000000016431, 0.1499999999999999944, -0.2983999999999960018 ) ) ;
#1274 = CLOSED_SHELL ( 'NONE', ( #1149, #516, #2309, #153, #1461, #2421 ) ) ;
#1275 = EDGE_CURVE ( 'NONE', #2167, #2479, #2615, .T. ) ;
#1276 = ORIENTED_EDGE ( 'NONE', *, *, #1513, .T. ) ;
#1277 = DIRECTION ( 'NONE',  ( 0.000000000000000000, 0.000000000000000000, -1.000000000000000000 ) ) ;
#1278 = DIRECTION ( 'NONE',  ( 0.000000000000000000, 0.000000000000000000, 1.000000000000000000 ) ) ;
#1279 = VERTEX_POINT ( 'NONE', #935 ) ;
#1280 = VERTEX_POINT ( 'NONE', #1802 ) ;
#1281 = CIRCLE ( 'NONE', #67, 0.3447462835187639629 ) ;
#1282 = PLANE ( 'NONE',  #1037 ) ;
#1283 = ORIENTED_EDGE ( 'NONE', *, *, #2145, .T. ) ;
#1284 = EDGE_CURVE ( 'NONE', #987, #1254, #32, .T. ) ;
#1285 = ORIENTED_EDGE ( 'NONE', *, *, #2529, .F. ) ;
#1286 = EDGE_LOOP ( 'NONE', ( #259, #2584, #561, #176 ) ) ;
#1287 = EDGE_CURVE ( 'NONE', #1638, #2235, #812, .T. ) ;
#1288 = CARTESIAN_POINT ( 'NONE',  ( -0.5999999999999998668, 0.07499999999999998335, 0.1784000000000001140 ) ) ;
#1289 = UNCERTAINTY_MEASURE_WITH_UNIT (LENGTH_MEASURE( 1.000000000000000082E-05 ), #1022, 'distance_accuracy_value', 'NONE');
#1290 = ORIENTED_EDGE ( 'NONE', *, *, #2061, .T. ) ;
#1291 = ORIENTED_EDGE ( 'NONE', *, *, #2314, .T. ) ;
#1292 = ORIENTED_EDGE ( 'NONE', *, *, #2106, .F. ) ;
#1293 = CARTESIAN_POINT ( 'NONE',  ( 0.6499999999999970246, -0.7476809831277262397, 0.3990000000000044622 ) ) ;
#1294 = DIRECTION ( 'NONE',  ( 1.000000000000000000, 0.000000000000000000, 0.000000000000000000 ) ) ;
#1295 = ORIENTED_EDGE ( 'NONE', *, *, #1180, .T. ) ;
#1296 = EDGE_LOOP ( 'NONE', ( #1322, #2066, #1835, #951 ) ) ;
#1297 = ORIENTED_EDGE ( 'NONE', *, *, #122, .T. ) ;
#1298 = AXIS2_PLACEMENT_3D ( 'NONE', #2276, #2644, #2264 ) ;
#1299 = ORIENTED_EDGE ( 'NONE', *, *, #1204, .T. ) ;
#1300 = CARTESIAN_POINT ( 'NONE',  ( 0.7999999999999970468, 0.1499999999999999944, 0.3990000000000054614 ) ) ;
#1301 = ORIENTED_EDGE ( 'NONE', *, *, #686, .F. ) ;
#1302 = ORIENTED_EDGE ( 'NONE', *, *, #157, .F. ) ;
#1303 = ADVANCED_FACE ( 'NONE', ( #15 ), #1980, .T. ) ;
#1304 = VECTOR ( 'NONE', #1697, 1000.000000000000000 ) ;
#1305 = DIRECTION ( 'NONE',  ( -0.000000000000000000, -1.000000000000000000, -0.000000000000000000 ) ) ;
#1306 = ORIENTED_EDGE ( 'NONE', *, *, #1492, .F. ) ;
#1307 = ORIENTED_EDGE ( 'NONE', *, *, #1236, .T. ) ;
#1308 = ORIENTED_EDGE ( 'NONE', *, *, #1998, .F. ) ;
#1309 = CIRCLE ( 'NONE', #2556, 0.3326749358466153383 ) ;
#1310 = ADVANCED_FACE ( 'NONE', ( #2631 ), #988, .F. ) ;
#1311 = ORIENTED_EDGE ( 'NONE', *, *, #798, .T. ) ;
#1312 = ORIENTED_EDGE ( 'NONE', *, *, #366, .T. ) ;
#1313 = VERTEX_POINT ( 'NONE', #211 ) ;
#1314 = EDGE_CURVE ( 'NONE', #2212, #2540, #784, .T. ) ;
#1315 = ORIENTED_EDGE ( 'NONE', *, *, #1656, .F. ) ;
#1316 = CARTESIAN_POINT ( 'NONE',  ( -0.5999999999999998668, 0.07499999999999998335, 0.2984000000000001096 ) ) ;
#1317 = DIRECTION ( 'NONE',  ( 1.000000000000000000, 0.000000000000000000, 6.866613759074862467E-15 ) ) ;
#1318 = ORIENTED_EDGE ( 'NONE', *, *, #1094, .F. ) ;
#1319 = VERTEX_POINT ( 'NONE', #2592 ) ;
#1320 =( NAMED_UNIT ( * ) SI_UNIT ( $, .STERADIAN. ) SOLID_ANGLE_UNIT ( ) );
#1321 = EDGE_CURVE ( 'NONE', #391, #2119, #839, .T. ) ;
#1322 = ORIENTED_EDGE ( 'NONE', *, *, #2000, .F. ) ;
#1323 = CARTESIAN_POINT ( 'NONE',  ( 0.6000000000000016431, 0.1499999999999999944, -0.2983999999999960018 ) ) ;
#1324 = CARTESIAN_POINT ( 'NONE',  ( 0.5000000000000000000, 0.07499999999999998335, -0.3249999999999999556 ) ) ;
#1325 = ORIENTED_EDGE ( 'NONE', *, *, #591, .F. ) ;
#1326 = EDGE_CURVE ( 'NONE', #134, #1708, #831, .T. ) ;
#1327 = DIRECTION ( 'NONE',  ( 0.000000000000000000, 1.000000000000000000, 0.000000000000000000 ) ) ;
#1328 = ORIENTED_EDGE ( 'NONE', *, *, #281, .T. ) ;
#1329 = ORIENTED_EDGE ( 'NONE', *, *, #517, .T. ) ;
#1330 = CARTESIAN_POINT ( 'NONE',  ( 0.6499999999999970246, 0.07499999999999998335, 0.3990000000000044622 ) ) ;
#1331 = DIRECTION ( 'NONE',  ( 1.000000000000000000, 0.000000000000000000, 0.000000000000000000 ) ) ;
#1332 = ORIENTED_EDGE ( 'NONE', *, *, #1326, .T. ) ;
#1333 = VERTEX_POINT ( 'NONE', #195 ) ;
#1334 = ADVANCED_FACE ( 'NONE', ( #1719 ), #413, .F. ) ;
#1335 = CARTESIAN_POINT ( 'NONE',  ( -0.8000000000000000444, 0.07499999999999998335, -0.3250000000000000111 ) ) ;
#1336 = DIRECTION ( 'NONE',  ( 0.000000000000000000, 1.000000000000000000, 0.000000000000000000 ) ) ;
#1337 = ORIENTED_EDGE ( 'NONE', *, *, #896, .T. ) ;
#1338 = ORIENTED_EDGE ( 'NONE', *, *, #304, .T. ) ;
#1339 = DIRECTION ( 'NONE',  ( -1.000000000000000000, 0.000000000000000000, -6.759833427342943129E-15 ) ) ;
#1340 = CARTESIAN_POINT ( 'NONE',  ( 0.5000000000000000000, 0.07499999999999998335, -0.3249999999999999556 ) ) ;
#1341 = ORIENTED_EDGE ( 'NONE', *, *, #1572, .F. ) ;
#1342 = EDGE_CURVE ( 'NONE', #555, #1691, #2558, .T. ) ;
#1343 = ORIENTED_EDGE ( 'NONE', *, *, #445, .T. ) ;
#1344 = DIRECTION ( 'NONE',  ( 1.000000000000000000, 0.000000000000000000, -0.000000000000000000 ) ) ;
#1345 = DIRECTION ( 'NONE',  ( -1.000000000000000000, 0.000000000000000000, 1.807003620809174139E-16 ) ) ;
#1346 = EDGE_CURVE ( 'NONE', #1271, #1319, #894, .T. ) ;
#1347 = ORIENTED_EDGE ( 'NONE', *, *, #1062, .F. ) ;
#1348 =( NAMED_UNIT ( * ) PLANE_ANGLE_UNIT ( ) SI_UNIT ( $, .RADIAN. ) );
#1349 = DIRECTION ( 'NONE',  ( -1.000000000000000000, 0.000000000000000000, -0.000000000000000000 ) ) ;
#1350 = EDGE_CURVE ( 'NONE', #2596, #2626, #883, .T. ) ;
#1351 = EDGE_LOOP ( 'NONE', ( #2604, #834, #338, #815 ) ) ;
#1352 = ADVANCED_FACE ( 'NONE', ( #1724 ), #2290, .F. ) ;
#1353 = EDGE_CURVE ( 'NONE', #1386, #2571, #1703, .T. ) ;
#1354 = DIRECTION ( 'NONE',  ( 0.000000000000000000, 0.000000000000000000, -1.000000000000000000 ) ) ;
#1355 = CARTESIAN_POINT ( 'NONE',  ( 0.6500000000000017986, 0.07499999999999998335, -0.2983999999999956132 ) ) ;
#1356 = ORIENTED_EDGE ( 'NONE', *, *, #1392, .T. ) ;
#1357 = AXIS2_PLACEMENT_3D ( 'NONE', #1150, #2220, #1509 ) ;
#1358 = CARTESIAN_POINT ( 'NONE',  ( -0.6500000000000001332, 0.1499999999999999944, -0.3989999999999999658 ) ) ;
#1359 = ORIENTED_EDGE ( 'NONE', *, *, #397, .T. ) ;
#1360 = DIRECTION ( 'NONE',  ( -0.000000000000000000, 1.000000000000000000, -0.000000000000000000 ) ) ;
#1361 = CARTESIAN_POINT ( 'NONE',  ( 0.6500000000000026867, 0.07499999999999998335, -0.3989999999999955249 ) ) ;
#1362 = CARTESIAN_POINT ( 'NONE',  ( -0.5999999999999998668, 0.3999999999999999667, -0.3999999999999999667 ) ) ;
#1363 = AXIS2_PLACEMENT_3D ( 'NONE', #368, #2388, #560 ) ;
#1364 = DIRECTION ( 'NONE',  ( -1.077735757937877766E-15, 0.000000000000000000, 1.000000000000000000 ) ) ;
#1365 = CARTESIAN_POINT ( 'NONE',  ( 0.5000000000000000000, 0.000000000000000000, -0.3249999999999999556 ) ) ;
#1366 = PRESENTATION_LAYER_ASSIGNMENT (  '', '', ( #2395 ) ) ;
#1367 = ORIENTED_EDGE ( 'NONE', *, *, #1656, .T. ) ;
#1368 = CARTESIAN_POINT ( 'NONE',  ( -0.6500000000000000222, 0.1499999999999999944, 0.1784000000000001140 ) ) ;
#1369 = AXIS2_PLACEMENT_3D ( 'NONE', #532, #1354, #1763 ) ;
#1370 = ORIENTED_EDGE ( 'NONE', *, *, #1028, .T. ) ;
#1371 = ADVANCED_FACE ( 'NONE', ( #2602 ), #1860, .F. ) ;
#1372 = CARTESIAN_POINT ( 'NONE',  ( 0.7999999999999970468, -0.7476809831277262397, 0.3990000000000054614 ) ) ;
#1373 = ORIENTED_EDGE ( 'NONE', *, *, #219, .T. ) ;
#1374 = DIRECTION ( 'NONE',  ( -7.064976562562185217E-15, 0.000000000000000000, 1.000000000000000000 ) ) ;
#1375 = CARTESIAN_POINT ( 'NONE',  ( -0.8000000000000000444, 0.000000000000000000, 0.4000000000000000777 ) ) ;
#1376 = EDGE_CURVE ( 'NONE', #1933, #2160, #1783, .T. ) ;
#1377 = EDGE_CURVE ( 'NONE', #1159, #692, #1740, .T. ) ;
#1378 = DIRECTION ( 'NONE',  ( -0.000000000000000000, -1.000000000000000000, -0.000000000000000000 ) ) ;
#1379 = DIRECTION ( 'NONE',  ( 0.000000000000000000, 1.000000000000000000, 0.000000000000000000 ) ) ;
#1380 = EDGE_CURVE ( 'NONE', #1386, #249, #856, .T. ) ;
#1381 = CARTESIAN_POINT ( 'NONE',  ( 0.7999999999999970468, -0.7476809831277262397, 0.3990000000000054614 ) ) ;
#1382 = DIRECTION ( 'NONE',  ( -1.000000000000000000, -0.000000000000000000, -0.000000000000000000 ) ) ;
#1383 = CARTESIAN_POINT ( 'NONE',  ( -0.8000000000000000444, 0.000000000000000000, -0.3999999999999999667 ) ) ;
#1384 = AXIS2_PLACEMENT_3D ( 'NONE', #2070, #1596, #1558 ) ;
#1385 = DIRECTION ( 'NONE',  ( 0.000000000000000000, -1.000000000000000000, 0.000000000000000000 ) ) ;
#1386 = VERTEX_POINT ( 'NONE', #2092 ) ;
#1387 = FILL_AREA_STYLE ('',( #748 ) ) ;
#1388 = ORIENTED_EDGE ( 'NONE', *, *, #2030, .T. ) ;
#1389 = CARTESIAN_POINT ( 'NONE',  ( 0.000000000000000000, 0.07499999999999999722, 0.000000000000000000 ) ) ;
#1390 = CARTESIAN_POINT ( 'NONE',  ( 0.000000000000000000, 0.1499999999999999944, 0.000000000000000000 ) ) ;
#1391 = VERTEX_POINT ( 'NONE', #2046 ) ;
#1392 = EDGE_CURVE ( 'NONE', #1417, #1313, #900, .T. ) ;
#1393 = DIRECTION ( 'NONE',  ( 0.000000000000000000, 0.000000000000000000, 1.000000000000000000 ) ) ;
#1394 = ORIENTED_EDGE ( 'NONE', *, *, #1392, .F. ) ;
#1395 = EDGE_CURVE ( 'NONE', #2237, #843, #2642, .T. ) ;
#1396 = ADVANCED_FACE ( 'NONE', ( #2594 ), #228, .F. ) ;
#1397 = CARTESIAN_POINT ( 'NONE',  ( -0.1000000000000000194, 0.1000000000000000056, -0.3995000000000000773 ) ) ;
#1398 = CARTESIAN_POINT ( 'NONE',  ( -0.6500000000000001332, 0.1499999999999999944, 0.3990000000000000213 ) ) ;
#1399 = DIRECTION ( 'NONE',  ( -1.077735757937877766E-15, 0.000000000000000000, 1.000000000000000000 ) ) ;
#1400 = EDGE_CURVE ( 'NONE', #585, #1165, #778, .T. ) ;
#1401 = ORIENTED_EDGE ( 'NONE', *, *, #1284, .T. ) ;
#1402 = EDGE_CURVE ( 'NONE', #1603, #1453, #38, .T. ) ;
#1403 = DIRECTION ( 'NONE',  ( 0.000000000000000000, -0.000000000000000000, 1.000000000000000000 ) ) ;
#1404 = CARTESIAN_POINT ( 'NONE',  ( -0.8000000000000000444, 0.1499999999999999944, 0.4000000000000000777 ) ) ;
#1405 = CARTESIAN_POINT ( 'NONE',  ( 0.8000000000000025979, -0.7476809831277262397, -0.3989999999999945257 ) ) ;
#1406 = CARTESIAN_POINT ( 'NONE',  ( 0.000000000000000000, 0.000000000000000000, 0.000000000000000000 ) ) ;
#1407 = AXIS2_PLACEMENT_3D ( 'NONE', #622, #830, #1112 ) ;
#1408 = CARTESIAN_POINT ( 'NONE',  ( 0.6000000000000000888, 0.1499999999999999944, 0.3999999999999999667 ) ) ;
#1409 = PLANE ( 'NONE',  #327 ) ;
#1410 = CARTESIAN_POINT ( 'NONE',  ( -0.8000000000000000444, 0.1499999999999999944, 0.3990000000000000213 ) ) ;
#1411 = ORIENTED_EDGE ( 'NONE', *, *, #2579, .F. ) ;
#1412 = AXIS2_PLACEMENT_3D ( 'NONE', #317, #2097, #1701 ) ;
#1413 = VERTEX_POINT ( 'NONE', #2076 ) ;
#1414 = CARTESIAN_POINT ( 'NONE',  ( -0.5000000000000000000, 0.07499999999999998335, 0.3249999999999999556 ) ) ;
#1415 = DIRECTION ( 'NONE',  ( 0.000000000000000000, 0.000000000000000000, -1.000000000000000000 ) ) ;
#1416 = ORIENTED_EDGE ( 'NONE', *, *, #1799, .T. ) ;
#1417 = VERTEX_POINT ( 'NONE', #1606 ) ;
#1418 = EDGE_CURVE ( 'NONE', #365, #2633, #1755, .T. ) ;
#1419 = CARTESIAN_POINT ( 'NONE',  ( -0.6500000000000000222, -0.7476809831277262397, 0.2984000000000001096 ) ) ;
#1420 = DIRECTION ( 'NONE',  ( 0.000000000000000000, -0.000000000000000000, 1.000000000000000000 ) ) ;
#1421 = ORIENTED_EDGE ( 'NONE', *, *, #2055, .T. ) ;
#1422 = EDGE_CURVE ( 'NONE', #416, #545, #4, .T. ) ;
#1423 = DIRECTION ( 'NONE',  ( -0.000000000000000000, 1.000000000000000000, -0.000000000000000000 ) ) ;
#1424 = VERTEX_POINT ( 'NONE', #1645 ) ;
#1425 = PLANE ( 'NONE',  #1017 ) ;
#1426 = CARTESIAN_POINT ( 'NONE',  ( 0.8000000000000000444, 0.1499999999999999944, 0.4000000000000000777 ) ) ;
#1427 = ADVANCED_FACE ( 'NONE', ( #819 ), #624, .F. ) ;
#1428 = VERTEX_POINT ( 'NONE', #1078 ) ;
#1429 = CARTESIAN_POINT ( 'NONE',  ( 0.000000000000000000, 0.4087537910118554940, -0.3326749358466153383 ) ) ;
#1430 = STYLED_ITEM ( 'NONE', ( #2501 ), #201 ) ;
#1431 = VERTEX_POINT ( 'NONE', #1460 ) ;
#1432 = CARTESIAN_POINT ( 'NONE',  ( 0.8000000000000000444, 0.000000000000000000, 0.4000000000000000777 ) ) ;
#1433 =( NAMED_UNIT ( * ) SI_UNIT ( $, .STERADIAN. ) SOLID_ANGLE_UNIT ( ) );
#1434 = PRESENTATION_LAYER_ASSIGNMENT (  '', '', ( #1174 ) ) ;
#1435 = DIRECTION ( 'NONE',  ( -1.000000000000000000, 0.000000000000000000, 0.000000000000000000 ) ) ;
#1436 = EDGE_LOOP ( 'NONE', ( #1318, #444, #1276, #2091 ) ) ;
#1437 = CARTESIAN_POINT ( 'NONE',  ( 0.000000000000000000, 0.07499999999999999722, 0.000000000000000000 ) ) ;
#1438 = ADVANCED_FACE ( 'NONE', ( #866 ), #635, .T. ) ;
#1439 = LINE ( 'NONE', #20, #1455 ) ;
#1440 = EDGE_CURVE ( 'NONE', #1639, #745, #888, .T. ) ;
#1441 = PLANE ( 'NONE',  #530 ) ;
#1442 = ORIENTED_EDGE ( 'NONE', *, *, #613, .T. ) ;
#1443 = SURFACE_STYLE_FILL_AREA ( #1387 ) ;
#1444 = EDGE_CURVE ( 'NONE', #2571, #2271, #1761, .T. ) ;
#1445 = DIRECTION ( 'NONE',  ( -1.000000000000000000, -0.000000000000000000, -0.000000000000000000 ) ) ;
#1446 = PLANE ( 'NONE',  #42 ) ;
#1447 = ORIENTED_EDGE ( 'NONE', *, *, #2256, .T. ) ;
#1448 = CARTESIAN_POINT ( 'NONE',  ( -0.8000000000000000444, 0.000000000000000000, 0.4000000000000000777 ) ) ;
#1449 = LINE ( 'NONE', #2027, #2394 ) ;
#1450 = EDGE_CURVE ( 'NONE', #1638, #828, #29, .T. ) ;
#1451 = CARTESIAN_POINT ( 'NONE',  ( 0.5000000000000000000, 0.000000000000000000, 0.3250000000000000111 ) ) ;
#1452 = CARTESIAN_POINT ( 'NONE',  ( 0.000000000000000000, 0.3999999999999999667, -0.3447462835187639629 ) ) ;
#1453 = VERTEX_POINT ( 'NONE', #261 ) ;
#1454 = CARTESIAN_POINT ( 'NONE',  ( 0.7999999999999970468, 0.07499999999999998335, 0.3990000000000054614 ) ) ;
#1455 = VECTOR ( 'NONE', #35, 1000.000000000000000 ) ;
#1456 = CARTESIAN_POINT ( 'NONE',  ( -0.3000000000000000444, 0.000000000000000000, 0.3995000000000000773 ) ) ;
#1457 = CARTESIAN_POINT ( 'NONE',  ( -0.3000000000000000444, 0.9236510183324003753, 0.3995000000000000773 ) ) ;
#1458 = VECTOR ( 'NONE', #334, 1000.000000000000000 ) ;
#1459 = AXIS2_PLACEMENT_3D ( 'NONE', #308, #1494, #673 ) ;
#1460 = CARTESIAN_POINT ( 'NONE',  ( 0.6499999999999970246, 0.1499999999999999944, 0.3990000000000044622 ) ) ;
#1461 = ADVANCED_FACE ( 'NONE', ( #10 ), #1282, .T. ) ;
#1462 = PLANE ( 'NONE',  #179 ) ;
#1463 = SHAPE_DEFINITION_REPRESENTATION ( #1587, #1005 ) ;
#1464 = AXIS2_PLACEMENT_3D ( 'NONE', #669, #912, #1490 ) ;
#1465 = CARTESIAN_POINT ( 'NONE',  ( 0.6000000000000008660, -0.7476809831277262397, -0.1783999999999959507 ) ) ;
#1466 = FILL_AREA_STYLE_COLOUR ( '', #2588 ) ;
#1467 = LINE ( 'NONE', #1764, #2350 ) ;
#1468 = VECTOR ( 'NONE', #2450, 1000.000000000000000 ) ;
#1469 = EDGE_CURVE ( 'NONE', #2174, #1933, #871, .T. ) ;
#1470 = CARTESIAN_POINT ( 'NONE',  ( -0.5999999999999998668, 0.1499999999999999944, 0.2984000000000001096 ) ) ;
#1471 = VECTOR ( 'NONE', #512, 1000.000000000000000 ) ;
#1472 = DIRECTION ( 'NONE',  ( 1.077735757937877766E-15, 0.000000000000000000, -1.000000000000000000 ) ) ;
#1473 = LINE ( 'NONE', #1840, #1458 ) ;
#1474 = CARTESIAN_POINT ( 'NONE',  ( 0.6500000000000022427, 0.07499999999999998335, -0.3250000000000000111 ) ) ;
#1475 = CARTESIAN_POINT ( 'NONE',  ( -0.5000000000000000000, 0.7908910531638175812, 0.3250000000000000111 ) ) ;
#1476 = CARTESIAN_POINT ( 'NONE',  ( 0.6000000000000000888, 0.3999999999999999667, -0.3999999999999999667 ) ) ;
#1477 = ADVANCED_FACE ( 'NONE', ( #2587 ), #1441, .F. ) ;
#1478 = CARTESIAN_POINT ( 'NONE',  ( -0.8000000000000000444, -0.7476809831277262397, -0.3989999999999999658 ) ) ;
#1479 = CARTESIAN_POINT ( 'NONE',  ( 0.000000000000000000, 0.1499999999999999944, 0.000000000000000000 ) ) ;
#1480 = LINE ( 'NONE', #1241, #600 ) ;
#1481 = CARTESIAN_POINT ( 'NONE',  ( -0.6500000000000000222, -0.7476809831277262397, 0.2984000000000001096 ) ) ;
#1482 = PLANE ( 'NONE',  #1801 ) ;
#1483 = CARTESIAN_POINT ( 'NONE',  ( -0.3000000000000000444, 0.1000000000000000472, 0.3995000000000000773 ) ) ;
#1484 = AXIS2_PLACEMENT_3D ( 'NONE', #254, #1523, #463 ) ;
#1485 = LINE ( 'NONE', #2441, #626 ) ;
#1486 = DIRECTION ( 'NONE',  ( -1.000000000000000000, 0.000000000000000000, -6.505213034913009249E-15 ) ) ;
#1487 = DIRECTION ( 'NONE',  ( 0.000000000000000000, 0.000000000000000000, -1.000000000000000000 ) ) ;
#1488 = SURFACE_SIDE_STYLE ('',( #2638 ) ) ;
#1489 = ADVANCED_FACE ( 'NONE', ( #1659 ), #1895, .F. ) ;
#1490 = DIRECTION ( 'NONE',  ( -1.224646799147354933E-16, 0.000000000000000000, -1.000000000000000000 ) ) ;
#1491 = DIRECTION ( 'NONE',  ( -1.000000000000000000, 0.000000000000000000, -7.589415207398512105E-15 ) ) ;
#1492 = EDGE_CURVE ( 'NONE', #2322, #2259, #2563, .T. ) ;
#1493 = VECTOR ( 'NONE', #1831, 1000.000000000000000 ) ;
#1494 = DIRECTION ( 'NONE',  ( 0.000000000000000000, 0.000000000000000000, -1.000000000000000000 ) ) ;
#1495 = AXIS2_PLACEMENT_3D ( 'NONE', #269, #823, #1420 ) ;
#1496 = DIRECTION ( 'NONE',  ( -0.000000000000000000, -1.000000000000000000, -0.000000000000000000 ) ) ;
#1497 = CARTESIAN_POINT ( 'NONE',  ( -0.6500000000000000222, 0.1499999999999999944, 0.1784000000000001140 ) ) ;
#1498 = LINE ( 'NONE', #2258, #1503 ) ;
#1499 = AXIS2_PLACEMENT_3D ( 'NONE', #2326, #2072, #2286 ) ;
#1500 = DIRECTION ( 'NONE',  ( 1.877731507595261925E-16, -0.000000000000000000, 1.000000000000000000 ) ) ;
#1501 = CARTESIAN_POINT ( 'NONE',  ( -0.8000000000000000444, 0.1499999999999999944, 0.4000000000000000777 ) ) ;
#1502 = PRESENTATION_LAYER_ASSIGNMENT (  '', '', ( #2170 ) ) ;
#1503 = VECTOR ( 'NONE', #593, 1000.000000000000000 ) ;
#1504 = DIRECTION ( 'NONE',  ( -1.000000000000000000, 0.000000000000000000, -6.866613759074862467E-15 ) ) ;
#1505 = DIRECTION ( 'NONE',  ( -0.000000000000000000, -0.000000000000000000, 1.000000000000000000 ) ) ;
#1506 = ADVANCED_FACE ( 'NONE', ( #800, #1668 ), #2487, .T. ) ;
#1507 = FACE_OUTER_BOUND ( 'NONE', #774, .T. ) ;
#1508 = DIRECTION ( 'NONE',  ( -0.000000000000000000, -0.000000000000000000, 1.000000000000000000 ) ) ;
#1509 = DIRECTION ( 'NONE',  ( -1.000000000000000000, 0.000000000000000000, -1.807003620809174139E-16 ) ) ;
#1510 = PLANE ( 'NONE',  #1597 ) ;
#1511 = DIRECTION ( 'NONE',  ( 1.000000000000000000, -0.000000000000000000, 1.807003620809174139E-16 ) ) ;
#1512 = CARTESIAN_POINT ( 'NONE',  ( -0.5000000000000000000, 0.7908910531638175812, -0.3249999999999999556 ) ) ;
#1513 = EDGE_CURVE ( 'NONE', #1413, #2025, #2574, .T. ) ;
#1514 = VECTOR ( 'NONE', #712, 1000.000000000000000 ) ;
#1515 = CARTESIAN_POINT ( 'NONE',  ( -0.8000000000000000444, 0.07499999999999998335, -0.3989999999999999658 ) ) ;
#1516 = DIRECTION ( 'NONE',  ( 1.000000000000000000, 0.000000000000000000, -1.807003620809173892E-16 ) ) ;
#1517 = CARTESIAN_POINT ( 'NONE',  ( 0.8000000000000000444, 0.1499999999999999944, 0.4000000000000000777 ) ) ;
#1518 = EDGE_CURVE ( 'NONE', #1649, #1333, #2582, .T. ) ;
#1519 = LINE ( 'NONE', #342, #1524 ) ;
#1520 = CARTESIAN_POINT ( 'NONE',  ( 0.8000000000000000444, 0.000000000000000000, 0.3250000000000000111 ) ) ;
#1521 = DIRECTION ( 'NONE',  ( 0.000000000000000000, 0.000000000000000000, 1.000000000000000000 ) ) ;
#1522 = SURFACE_STYLE_USAGE ( .BOTH. , #2241 ) ;
#1523 = DIRECTION ( 'NONE',  ( -1.000000000000000000, 0.000000000000000000, -6.759833427342943129E-15 ) ) ;
#1524 = VECTOR ( 'NONE', #1364, 1000.000000000000000 ) ;
#1525 = VECTOR ( 'NONE', #1486, 1000.000000000000000 ) ;
#1526 = CARTESIAN_POINT ( 'NONE',  ( 0.6499999999999970246, 0.1499999999999999944, 0.3990000000000044622 ) ) ;
#1527 = CARTESIAN_POINT ( 'NONE',  ( -0.5999999999999998668, -0.7476809831277262397, 0.1784000000000001140 ) ) ;
#1528 = STYLED_ITEM ( 'NONE', ( #2385 ), #1005 ) ;
#1529 = VECTOR ( 'NONE', #173, 1000.000000000000000 ) ;
#1530 = CARTESIAN_POINT ( 'NONE',  ( -0.8000000000000000444, 0.07499999999999998335, -0.3989999999999999658 ) ) ;
#1531 = AXIS2_PLACEMENT_3D ( 'NONE', #2311, #1959, #2099 ) ;
#1532 = VECTOR ( 'NONE', #2297, 1000.000000000000000 ) ;
#1533 = CARTESIAN_POINT ( 'NONE',  ( 0.8000000000000000444, 0.000000000000000000, -0.3250000000000000111 ) ) ;
#1534 = EDGE_CURVE ( 'NONE', #1670, #416, #918, .T. ) ;
#1535 = ORIENTED_EDGE ( 'NONE', *, *, #989, .F. ) ;
#1536 = LINE ( 'NONE', #1631, #2473 ) ;
#1537 = ADVANCED_FACE ( 'NONE', ( #1813 ), #2508, .F. ) ;
#1538 = EDGE_CURVE ( 'NONE', #2029, #1159, #1830, .T. ) ;
#1539 = VECTOR ( 'NONE', #939, 1000.000000000000000 ) ;
#1540 = DIRECTION ( 'NONE',  ( 0.000000000000000000, 1.000000000000000000, 0.000000000000000000 ) ) ;
#1541 = DIRECTION ( 'NONE',  ( 0.000000000000000000, -1.000000000000000000, 0.000000000000000000 ) ) ;
#1542 = EDGE_CURVE ( 'NONE', #116, #2532, #1797, .T. ) ;
#1543 = VECTOR ( 'NONE', #462, 1000.000000000000000 ) ;
#1544 = VECTOR ( 'NONE', #2253, 1000.000000000000000 ) ;
#1545 = EDGE_CURVE ( 'NONE', #2098, #2218, #1819, .T. ) ;
#1546 = CARTESIAN_POINT ( 'NONE',  ( -0.5999999999999998668, 0.3999999999999999667, 0.3999999999999999667 ) ) ;
#1547 = VECTOR ( 'NONE', #747, 1000.000000000000000 ) ;
#1548 = VECTOR ( 'NONE', #1208, 1000.000000000000000 ) ;
#1549 = DIRECTION ( 'NONE',  ( 0.000000000000000000, 0.000000000000000000, 1.000000000000000000 ) ) ;
#1550 = UNCERTAINTY_MEASURE_WITH_UNIT (LENGTH_MEASURE( 1.000000000000000082E-05 ), #492, 'distance_accuracy_value', 'NONE');
#1551 = DIRECTION ( 'NONE',  ( -1.000000000000000000, 0.000000000000000000, 0.000000000000000000 ) ) ;
#1552 = LINE ( 'NONE', #1072, #2454 ) ;
#1553 = CARTESIAN_POINT ( 'NONE',  ( 0.000000000000000000, 0.3999999999999999667, 0.000000000000000000 ) ) ;
#1554 = VECTOR ( 'NONE', #2392, 1000.000000000000000 ) ;
#1555 = VECTOR ( 'NONE', #198, 1000.000000000000000 ) ;
#1556 = MECHANICAL_DESIGN_GEOMETRIC_PRESENTATION_REPRESENTATION (  '', ( #2395 ), #110 ) ;
#1557 = FACE_OUTER_BOUND ( 'NONE', #348, .T. ) ;
#1558 = DIRECTION ( 'NONE',  ( 0.000000000000000000, -0.000000000000000000, 1.000000000000000000 ) ) ;
#1559 = DIRECTION ( 'NONE',  ( -0.000000000000000000, -0.000000000000000000, 1.000000000000000000 ) ) ;
#1560 = LINE ( 'NONE', #579, #2488 ) ;
#1561 = FACE_OUTER_BOUND ( 'NONE', #1594, .T. ) ;
#1562 = PLANE ( 'NONE',  #1298 ) ;
#1563 = VECTOR ( 'NONE', #1885, 1000.000000000000000 ) ;
#1564 = ORIENTED_EDGE ( 'NONE', *, *, #1275, .T. ) ;
#1565 = EDGE_LOOP ( 'NONE', ( #782, #428, #1890, #1912, #381, #1160, #940, #385 ) ) ;
#1566 = DIRECTION ( 'NONE',  ( 0.000000000000000000, -0.000000000000000000, 1.000000000000000000 ) ) ;
#1567 = EDGE_CURVE ( 'NONE', #1254, #1680, #907, .T. ) ;
#1568 = LINE ( 'NONE', #60, #1582 ) ;
#1569 = DIRECTION ( 'NONE',  ( -7.228014483236695175E-15, 0.000000000000000000, 1.000000000000000000 ) ) ;
#1570 = CARTESIAN_POINT ( 'NONE',  ( -0.5000000000000000000, 0.7908910531638175812, -0.3249999999999999556 ) ) ;
#1571 = CARTESIAN_POINT ( 'NONE',  ( -0.5999999999999998668, 0.1499999999999999944, 0.1784000000000001140 ) ) ;
#1572 = EDGE_CURVE ( 'NONE', #1187, #1154, #1808, .T. ) ;
#1573 = LINE ( 'NONE', #1247, #2492 ) ;
#1574 = VECTOR ( 'NONE', #2268, 1000.000000000000000 ) ;
#1575 = EDGE_CURVE ( 'NONE', #1165, #587, #1806, .T. ) ;
#1576 = DIRECTION ( 'NONE',  ( -1.077735757937877766E-15, 0.000000000000000000, 1.000000000000000000 ) ) ;
#1577 = FACE_OUTER_BOUND ( 'NONE', #1102, .T. ) ;
#1578 = VERTEX_POINT ( 'NONE', #2327 ) ;
#1579 = FACE_OUTER_BOUND ( 'NONE', #1983, .T. ) ;
#1580 = UNCERTAINTY_MEASURE_WITH_UNIT (LENGTH_MEASURE( 1.000000000000000082E-05 ), #2393, 'distance_accuracy_value', 'NONE');
#1581 = ADVANCED_FACE ( 'NONE', ( #914 ), #1950, .F. ) ;
#1582 = VECTOR ( 'NONE', #252, 1000.000000000000000 ) ;
#1583 = ORIENTED_EDGE ( 'NONE', *, *, #309, .F. ) ;
#1584 = ORIENTED_EDGE ( 'NONE', *, *, #2256, .F. ) ;
#1585 = SURFACE_STYLE_FILL_AREA ( #2459 ) ;
#1586 = DIRECTION ( 'NONE',  ( 0.000000000000000000, -0.000000000000000000, 1.000000000000000000 ) ) ;
#1587 = PRODUCT_DEFINITION_SHAPE ( 'NONE', 'NONE',  #417 ) ;
#1588 = CARTESIAN_POINT ( 'NONE',  ( 0.8000000000000000444, 0.7908910531638175812, -0.3250000000000000111 ) ) ;
#1589 = VECTOR ( 'NONE', #2050, 1000.000000000000000 ) ;
#1590 = SURFACE_SIDE_STYLE ('',( #1585 ) ) ;
#1591 = CARTESIAN_POINT ( 'NONE',  ( -0.1000000000000000194, 0.000000000000000000, 0.3995000000000000773 ) ) ;
#1592 = LINE ( 'NONE', #1050, #1600 ) ;
#1593 = LINE ( 'NONE', #395, #1602 ) ;
#1594 = EDGE_LOOP ( 'NONE', ( #2151, #292, #140, #162 ) ) ;
#1595 = VERTEX_POINT ( 'NONE', #2489 ) ;
#1596 = DIRECTION ( 'NONE',  ( 0.000000000000000000, 1.000000000000000000, 0.000000000000000000 ) ) ;
#1597 = AXIS2_PLACEMENT_3D ( 'NONE', #2001, #1194, #2197 ) ;
#1598 = VECTOR ( 'NONE', #1085, 1000.000000000000000 ) ;
#1599 = ORIENTED_EDGE ( 'NONE', *, *, #1346, .F. ) ;
#1600 = VECTOR ( 'NONE', #874, 1000.000000000000000 ) ;
#1601 = DIRECTION ( 'NONE',  ( 1.000000000000000000, 0.000000000000000000, -1.877731507595261925E-16 ) ) ;
#1602 = VECTOR ( 'NONE', #990, 1000.000000000000000 ) ;
#1603 = VERTEX_POINT ( 'NONE', #534 ) ;
#1604 = EDGE_CURVE ( 'NONE', #134, #1721, #1836, .T. ) ;
#1605 = LINE ( 'NONE', #1071, #668 ) ;
#1606 = CARTESIAN_POINT ( 'NONE',  ( -0.6500000000000000222, 0.07499999999999998335, 0.1784000000000001140 ) ) ;
#1607 = ADVANCED_FACE ( 'NONE', ( #1827 ), #903, .T. ) ;
#1608 = DIRECTION ( 'NONE',  ( 0.000000000000000000, 0.000000000000000000, 1.000000000000000000 ) ) ;
#1609 = LINE ( 'NONE', #1293, #744 ) ;
#1610 = CARTESIAN_POINT ( 'NONE',  ( 0.6500000000000017986, 0.07499999999999998335, -0.2983999999999956132 ) ) ;
#1611 = CARTESIAN_POINT ( 'NONE',  ( 0.5000000000000000000, 0.000000000000000000, -0.3249999999999999556 ) ) ;
#1612 = ORIENTED_EDGE ( 'NONE', *, *, #1350, .T. ) ;
#1613 = LINE ( 'NONE', #1361, #1554 ) ;
#1614 = EDGE_CURVE ( 'NONE', #2215, #446, #63, .T. ) ;
#1615 =( LENGTH_UNIT ( ) NAMED_UNIT ( * ) SI_UNIT ( .MILLI., .METRE. ) );
#1616 = LINE ( 'NONE', #2152, #1598 ) ;
#1617 = ORIENTED_EDGE ( 'NONE', *, *, #953, .F. ) ;
#1618 = DIRECTION ( 'NONE',  ( 0.000000000000000000, 0.000000000000000000, -1.000000000000000000 ) ) ;
#1619 = DIRECTION ( 'NONE',  ( 0.000000000000000000, 1.000000000000000000, 0.000000000000000000 ) ) ;
#1620 = VECTOR ( 'NONE', #1551, 1000.000000000000000 ) ;
#1621 = AXIS2_PLACEMENT_3D ( 'NONE', #1406, #1786, #2404 ) ;
#1622 = DIRECTION ( 'NONE',  ( 0.000000000000000000, -0.000000000000000000, 1.000000000000000000 ) ) ;
#1623 = EDGE_LOOP ( 'NONE', ( #1299, #1856, #1027, #1219 ) ) ;
#1624 = ORIENTED_EDGE ( 'NONE', *, *, #2449, .F. ) ;
#1625 = CARTESIAN_POINT ( 'NONE',  ( 0.5000000000000000000, 0.7908910531638175812, -0.3249999999999999556 ) ) ;
#1626 = CARTESIAN_POINT ( 'NONE',  ( -0.5000000000000000000, 0.000000000000000000, 0.3250000000000000111 ) ) ;
#1627 = LINE ( 'NONE', #1846, #2544 ) ;
#1628 = EDGE_LOOP ( 'NONE', ( #1103, #841, #2003, #1401 ) ) ;
#1629 = LINE ( 'NONE', #2625, #1548 ) ;
#1630 = VECTOR ( 'NONE', #1195, 1000.000000000000000 ) ;
#1631 = CARTESIAN_POINT ( 'NONE',  ( 0.6500000000000009104, 0.1499999999999999944, -0.1783999999999956454 ) ) ;
#1632 = DIRECTION ( 'NONE',  ( 0.000000000000000000, -0.000000000000000000, 1.000000000000000000 ) ) ;
#1633 = EDGE_LOOP ( 'NONE', ( #760, #1359, #245, #529 ) ) ;
#1634 = LINE ( 'NONE', #1398, #688 ) ;
#1635 = DIRECTION ( 'NONE',  ( -0.000000000000000000, 1.000000000000000000, -0.000000000000000000 ) ) ;
#1636 = ADVANCED_FACE ( 'NONE', ( #73 ), #937, .T. ) ;
#1637 = VECTOR ( 'NONE', #2307, 1000.000000000000000 ) ;
#1638 = VERTEX_POINT ( 'NONE', #954 ) ;
#1639 = VERTEX_POINT ( 'NONE', #1330 ) ;
#1640 = LINE ( 'NONE', #527, #814 ) ;
#1641 = PLANE ( 'NONE',  #681 ) ;
#1642 = DIRECTION ( 'NONE',  ( 0.000000000000000000, -1.000000000000000000, 0.000000000000000000 ) ) ;
#1643 = EDGE_CURVE ( 'NONE', #345, #1670, #936, .T. ) ;
#1644 = FACE_OUTER_BOUND ( 'NONE', #1147, .T. ) ;
#1645 = CARTESIAN_POINT ( 'NONE',  ( -0.5999999999999998668, 0.1499999999999999944, 0.1784000000000001140 ) ) ;
#1646 = VECTOR ( 'NONE', #644, 1000.000000000000000 ) ;
#1647 = EDGE_LOOP ( 'NONE', ( #2234, #430, #2037, #295, #1142 ) ) ;
#1648 = LINE ( 'NONE', #553, #1663 ) ;
#1649 = VERTEX_POINT ( 'NONE', #508 ) ;
#1650 = CARTESIAN_POINT ( 'NONE',  ( -0.5000000000000000000, 0.000000000000000000, -0.3249999999999999556 ) ) ;
#1651 = VECTOR ( 'NONE', #1051, 1000.000000000000000 ) ;
#1652 = VECTOR ( 'NONE', #2272, 1000.000000000000000 ) ;
#1653 = ORIENTED_EDGE ( 'NONE', *, *, #1900, .F. ) ;
#1654 = EDGE_LOOP ( 'NONE', ( #447, #2553, #663, #1712 ) ) ;
#1655 = FACE_OUTER_BOUND ( 'NONE', #431, .T. ) ;
#1656 = EDGE_CURVE ( 'NONE', #1279, #2351, #56, .T. ) ;
#1657 = EDGE_LOOP ( 'NONE', ( #2006, #2242, #2245, #374, #106 ) ) ;
#1658 = EDGE_CURVE ( 'NONE', #2033, #1319, #48, .T. ) ;
#1659 = FACE_OUTER_BOUND ( 'NONE', #2073, .T. ) ;
#1660 = CARTESIAN_POINT ( 'NONE',  ( -0.6500000000000001332, 0.07499999999999998335, -0.3989999999999999658 ) ) ;
#1661 = CARTESIAN_POINT ( 'NONE',  ( 0.6000000000000008660, -0.7476809831277262397, -0.1783999999999959507 ) ) ;
#1662 = ORIENTED_EDGE ( 'NONE', *, *, #2405, .F. ) ;
#1663 = VECTOR ( 'NONE', #1500, 1000.000000000000000 ) ;
#1664 = ORIENTED_EDGE ( 'NONE', *, *, #1119, .F. ) ;
#1665 = AXIS2_PLACEMENT_3D ( 'NONE', #1570, #2067, #1014 ) ;
#1666 = CARTESIAN_POINT ( 'NONE',  ( 0.8000000000000000444, 0.7908910531638175812, -0.3250000000000000111 ) ) ;
#1667 = VECTOR ( 'NONE', #713, 1000.000000000000000 ) ;
#1668 = FACE_OUTER_BOUND ( 'NONE', #1962, .T. ) ;
#1669 = VECTOR ( 'NONE', #952, 1000.000000000000000 ) ;
#1670 = VERTEX_POINT ( 'NONE', #661 ) ;
#1671 = VECTOR ( 'NONE', #2361, 1000.000000000000000 ) ;
#1672 = VERTEX_POINT ( 'NONE', #168 ) ;
#1673 = CARTESIAN_POINT ( 'NONE',  ( 0.000000000000000000, 0.4087537910118554940, 0.000000000000000000 ) ) ;
#1674 = DIRECTION ( 'NONE',  ( -0.000000000000000000, 0.000000000000000000, 1.000000000000000000 ) ) ;
#1675 = AXIS2_PLACEMENT_3D ( 'NONE', #930, #2364, #1203 ) ;
#1676 = ADVANCED_FACE ( 'NONE', ( #52 ), #1482, .T. ) ;
#1677 = VECTOR ( 'NONE', #1066, 1000.000000000000000 ) ;
#1678 = DIRECTION ( 'NONE',  ( 6.759833427342943129E-15, 0.000000000000000000, -1.000000000000000000 ) ) ;
#1679 = LINE ( 'NONE', #1126, #847 ) ;
#1680 = VERTEX_POINT ( 'NONE', #628 ) ;
#1681 = VECTOR ( 'NONE', #1725, 1000.000000000000000 ) ;
#1682 = ORIENTED_EDGE ( 'NONE', *, *, #220, .T. ) ;
#1683 = VECTOR ( 'NONE', #528, 1000.000000000000000 ) ;
#1684 = DIRECTION ( 'NONE',  ( 1.000000000000000000, -0.000000000000000000, 1.807003620809174139E-16 ) ) ;
#1685 = AXIS2_PLACEMENT_3D ( 'NONE', #895, #2134, #1730 ) ;
#1686 = CARTESIAN_POINT ( 'NONE',  ( -0.5999999999999998668, 0.3999999999999999667, -0.3999999999999999667 ) ) ;
#1687 = VECTOR ( 'NONE', #1244, 1000.000000000000000 ) ;
#1688 = LINE ( 'NONE', #1372, #1696 ) ;
#1689 = ORIENTED_EDGE ( 'NONE', *, *, #2055, .F. ) ;
#1690 = LINE ( 'NONE', #1121, #2599 ) ;
#1691 = VERTEX_POINT ( 'NONE', #439 ) ;
#1692 = VECTOR ( 'NONE', #1559, 1000.000000000000000 ) ;
#1693 =( GEOMETRIC_REPRESENTATION_CONTEXT ( 3 ) GLOBAL_UNCERTAINTY_ASSIGNED_CONTEXT ( ( #2281 ) ) GLOBAL_UNIT_ASSIGNED_CONTEXT ( ( #379, #1348, #2178 ) ) REPRESENTATION_CONTEXT ( 'NONE', 'WORKASPACE' ) );
#1694 = DIRECTION ( 'NONE',  ( 0.000000000000000000, 0.000000000000000000, 1.000000000000000000 ) ) ;
#1695 = VECTOR ( 'NONE', #901, 1000.000000000000000 ) ;
#1696 = VECTOR ( 'NONE', #142, 1000.000000000000000 ) ;
#1697 = DIRECTION ( 'NONE',  ( 0.000000000000000000, -1.000000000000000000, 0.000000000000000000 ) ) ;
#1698 = ORIENTED_EDGE ( 'NONE', *, *, #621, .F. ) ;
#1699 = VECTOR ( 'NONE', #234, 1000.000000000000000 ) ;
#1700 = ORIENTED_EDGE ( 'NONE', *, *, #360, .T. ) ;
#1701 = DIRECTION ( 'NONE',  ( 1.000000000000000000, 0.000000000000000000, -0.000000000000000000 ) ) ;
#1702 = VECTOR ( 'NONE', #554, 1000.000000000000000 ) ;
#1703 = LINE ( 'NONE', #435, #2621 ) ;
#1704 = PRESENTATION_STYLE_ASSIGNMENT (( #2461 ) ) ;
#1705 = VERTEX_POINT ( 'NONE', #1068 ) ;
#1706 = EDGE_CURVE ( 'NONE', #2259, #2218, #1573, .T. ) ;
#1707 = LINE ( 'NONE', #2580, #794 ) ;
#1708 = VERTEX_POINT ( 'NONE', #1033 ) ;
#1709 = DIRECTION ( 'NONE',  ( -0.000000000000000000, 1.000000000000000000, -0.000000000000000000 ) ) ;
#1710 = VECTOR ( 'NONE', #1963, 1000.000000000000000 ) ;
#1711 = VERTEX_POINT ( 'NONE', #589 ) ;
#1712 = ORIENTED_EDGE ( 'NONE', *, *, #1992, .F. ) ;
#1713 = LINE ( 'NONE', #908, #762 ) ;
#1714 = ORIENTED_EDGE ( 'NONE', *, *, #2360, .T. ) ;
#1715 = EDGE_CURVE ( 'NONE', #1319, #849, #2452, .T. ) ;
#1716 = DIRECTION ( 'NONE',  ( 0.000000000000000000, -1.000000000000000000, 0.000000000000000000 ) ) ;
#1717 = EDGE_CURVE ( 'NONE', #769, #1202, #1627, .T. ) ;
#1718 = CARTESIAN_POINT ( 'NONE',  ( 0.6500000000000009104, -0.7476809831277262397, -0.1783999999999956454 ) ) ;
#1719 = FACE_OUTER_BOUND ( 'NONE', #197, .T. ) ;
#1720 = LINE ( 'NONE', #2382, #64 ) ;
#1721 = VERTEX_POINT ( 'NONE', #58 ) ;
#1722 = EDGE_LOOP ( 'NONE', ( #1987, #1290, #1845, #2135 ) ) ;
#1723 = LINE ( 'NONE', #2275, #27 ) ;
#1724 = FACE_OUTER_BOUND ( 'NONE', #2338, .T. ) ;
#1725 = DIRECTION ( 'NONE',  ( 0.000000000000000000, -1.000000000000000000, 0.000000000000000000 ) ) ;
#1726 = LINE ( 'NONE', #2337, #1646 ) ;
#1727 = CARTESIAN_POINT ( 'NONE',  ( 0.8000000000000025979, 0.1499999999999999944, -0.3989999999999945257 ) ) ;
#1728 = CLOSED_SHELL ( 'NONE', ( #2437, #1303, #1636, #1091, #1607, #1676, #1371, #536, #2491, #2164, #2263, #72, #1438, #1132, #2313, #392 ) ) ;
#1729 = VERTEX_POINT ( 'NONE', #746 ) ;
#1730 = DIRECTION ( 'NONE',  ( 0.000000000000000000, -0.000000000000000000, 1.000000000000000000 ) ) ;
#1731 = LINE ( 'NONE', #204, #1702 ) ;
#1732 = VECTOR ( 'NONE', #818, 1000.000000000000000 ) ;
#1733 = LINE ( 'NONE', #2308, #69 ) ;
#1734 = ORIENTED_EDGE ( 'NONE', *, *, #1715, .F. ) ;
#1735 = ORIENTED_EDGE ( 'NONE', *, *, #1829, .F. ) ;
#1736 = CARTESIAN_POINT ( 'NONE',  ( 0.6000000000000008660, -0.7476809831277262397, -0.1783999999999959507 ) ) ;
#1737 = DIRECTION ( 'NONE',  ( -1.000000000000000000, 0.000000000000000000, 0.000000000000000000 ) ) ;
#1738 = UNCERTAINTY_MEASURE_WITH_UNIT (LENGTH_MEASURE( 1.000000000000000082E-05 ), #1866, 'distance_accuracy_value', 'NONE');
#1739 = LINE ( 'NONE', #1096, #783 ) ;
#1740 = LINE ( 'NONE', #1419, #1792 ) ;
#1741 = FACE_OUTER_BOUND ( 'NONE', #1296, .T. ) ;
#1742 = ORIENTED_EDGE ( 'NONE', *, *, #1185, .T. ) ;
#1743 = EDGE_LOOP ( 'NONE', ( #1996, #1008, #1929, #356 ) ) ;
#1744 = LINE ( 'NONE', #2323, #860 ) ;
#1745 = ADVANCED_FACE ( 'NONE', ( #1644 ), #214, .F. ) ;
#1746 = DIRECTION ( 'NONE',  ( -0.000000000000000000, -0.000000000000000000, -1.000000000000000000 ) ) ;
#1747 = PLANE ( 'NONE',  #117 ) ;
#1748 = PLANE ( 'NONE',  #141 ) ;
#1749 = VECTOR ( 'NONE', #2619, 1000.000000000000000 ) ;
#1750 = LINE ( 'NONE', #1273, #2603 ) ;
#1751 = ORIENTED_EDGE ( 'NONE', *, *, #276, .F. ) ;
#1752 = EDGE_CURVE ( 'NONE', #1120, #1279, #2530, .T. ) ;
#1753 = PRODUCT ( 'APHD1608LVBC_D', 'APHD1608LVBC_D', '', ( #419 ) ) ;
#1754 = ADVANCED_FACE ( 'NONE', ( #706 ), #599, .F. ) ;
#1755 = LINE ( 'NONE', #2439, #1785 ) ;
#1756 = DIRECTION ( 'NONE',  ( 0.000000000000000000, 1.000000000000000000, 0.000000000000000000 ) ) ;
#1757 = LINE ( 'NONE', #271, #1769 ) ;
#1758 = DIRECTION ( 'NONE',  ( 1.000000000000000000, 0.000000000000000000, -1.807003620809174139E-16 ) ) ;
#1759 = LINE ( 'NONE', #1340, #9 ) ;
#1760 = EDGE_CURVE ( 'NONE', #1864, #2226, #738, .T. ) ;
#1761 = LINE ( 'NONE', #108, #18 ) ;
#1762 = VECTOR ( 'NONE', #533, 1000.000000000000000 ) ;
#1763 = DIRECTION ( 'NONE',  ( -1.000000000000000000, 0.000000000000000000, -0.000000000000000000 ) ) ;
#1764 = CARTESIAN_POINT ( 'NONE',  ( -0.6500000000000000222, 0.1499999999999999944, 0.2984000000000001096 ) ) ;
#1765 = VECTOR ( 'NONE', #1077, 1000.000000000000000 ) ;
#1766 = EDGE_CURVE ( 'NONE', #1705, #2017, #750, .T. ) ;
#1767 = VECTOR ( 'NONE', #1032, 1000.000000000000000 ) ;
#1768 = CARTESIAN_POINT ( 'NONE',  ( -0.8000000000000000444, 0.1499999999999999944, 0.4000000000000000777 ) ) ;
#1769 = VECTOR ( 'NONE', #479, 1000.000000000000000 ) ;
#1770 = EDGE_CURVE ( 'NONE', #1187, #745, #2470, .T. ) ;
#1771 = CARTESIAN_POINT ( 'NONE',  ( -0.8000000000000000444, -0.7476809831277262397, 0.3990000000000000213 ) ) ;
#1772 = PLANE ( 'NONE',  #1986 ) ;
#1773 = DIRECTION ( 'NONE',  ( -0.000000000000000000, 0.000000000000000000, -1.000000000000000000 ) ) ;
#1774 = VECTOR ( 'NONE', #88, 1000.000000000000000 ) ;
#1775 = FACE_OUTER_BOUND ( 'NONE', #369, .T. ) ;
#1776 = LINE ( 'NONE', #1960, #21 ) ;
#1777 = ADVANCED_FACE ( 'NONE', ( #1577 ), #796, .T. ) ;
#1778 = AXIS2_PLACEMENT_3D ( 'NONE', #1009, #1566, #2354 ) ;
#1779 = VECTOR ( 'NONE', #2102, 1000.000000000000000 ) ;
#1780 = CARTESIAN_POINT ( 'NONE',  ( 0.6500000000000026867, -0.7476809831277262397, -0.3989999999999955249 ) ) ;
#1781 = CARTESIAN_POINT ( 'NONE',  ( 0.000000000000000000, 0.3999999999999999667, 0.000000000000000000 ) ) ;
#1782 = AXIS2_PLACEMENT_3D ( 'NONE', #1389, #1540, #1403 ) ;
#1783 = LINE ( 'NONE', #2305, #1732 ) ;
#1784 = DIRECTION ( 'NONE',  ( 0.000000000000000000, 0.000000000000000000, -1.000000000000000000 ) ) ;
#1785 = VECTOR ( 'NONE', #1133, 1000.000000000000000 ) ;
#1786 = DIRECTION ( 'NONE',  ( 0.000000000000000000, -1.000000000000000000, 0.000000000000000000 ) ) ;
#1787 = VECTOR ( 'NONE', #425, 1000.000000000000000 ) ;
#1788 = DIRECTION ( 'NONE',  ( -0.000000000000000000, -1.000000000000000000, -0.000000000000000000 ) ) ;
#1789 = CARTESIAN_POINT ( 'NONE',  ( 0.000000000000000000, 0.1499999999999999944, 0.000000000000000000 ) ) ;
#1790 = VECTOR ( 'NONE', #1265, 1000.000000000000000 ) ;
#1791 = EDGE_CURVE ( 'NONE', #2223, #739, #2457, .T. ) ;
#1792 = VECTOR ( 'NONE', #248, 1000.000000000000000 ) ;
#1793 = CARTESIAN_POINT ( 'NONE',  ( 0.6000000000000008660, 0.07499999999999998335, -0.1783999999999959507 ) ) ;
#1794 = CARTESIAN_POINT ( 'NONE',  ( 0.6500000000000026867, 0.07499999999999998335, -0.3989999999999955249 ) ) ;
#1795 = EDGE_CURVE ( 'NONE', #2299, #2174, #722, .T. ) ;
#1796 = FACE_OUTER_BOUND ( 'NONE', #1975, .T. ) ;
#1797 = LINE ( 'NONE', #352, #902 ) ;
#1798 = DIRECTION ( 'NONE',  ( 1.000000000000000000, -0.000000000000000000, 0.000000000000000000 ) ) ;
#1799 = EDGE_CURVE ( 'NONE', #828, #1705, #1593, .T. ) ;
#1800 = VECTOR ( 'NONE', #1746, 1000.000000000000000 ) ;
#1801 = AXIS2_PLACEMENT_3D ( 'NONE', #853, #1011, #1608 ) ;
#1802 = CARTESIAN_POINT ( 'NONE',  ( -0.6500000000000000222, 0.07499999999999998335, 0.3250000000000000111 ) ) ;
#1803 = LINE ( 'NONE', #892, #1834 ) ;
#1804 = CARTESIAN_POINT ( 'NONE',  ( -0.6500000000000001332, 0.07499999999999998335, 0.3990000000000000213 ) ) ;
#1805 = DIRECTION ( 'NONE',  ( 0.000000000000000000, -1.000000000000000000, 0.000000000000000000 ) ) ;
#1806 = LINE ( 'NONE', #1966, #926 ) ;
#1807 = FACE_OUTER_BOUND ( 'NONE', #756, .T. ) ;
#1808 = LINE ( 'NONE', #1117, #68 ) ;
#1809 = DIRECTION ( 'NONE',  ( 1.077735757937877766E-15, 0.000000000000000000, -1.000000000000000000 ) ) ;
#1810 = CARTESIAN_POINT ( 'NONE',  ( 0.6500000000000017986, 0.1499999999999999944, -0.2983999999999956132 ) ) ;
#1811 = AXIS2_PLACEMENT_3D ( 'NONE', #190, #2040, #1215 ) ;
#1812 = LINE ( 'NONE', #2096, #1010 ) ;
#1813 = FACE_OUTER_BOUND ( 'NONE', #2567, .T. ) ;
#1814 = VECTOR ( 'NONE', #1360, 1000.000000000000000 ) ;
#1815 = EDGE_CURVE ( 'NONE', #2098, #2237, #2462, .T. ) ;
#1816 = FACE_OUTER_BOUND ( 'NONE', #129, .T. ) ;
#1817 = ADVANCED_FACE ( 'NONE', ( #2478 ), #2474, .F. ) ;
#1818 = DIRECTION ( 'NONE',  ( 0.000000000000000000, 0.000000000000000000, -1.000000000000000000 ) ) ;
#1819 = LINE ( 'NONE', #2511, #44 ) ;
#1820 = DIRECTION ( 'NONE',  ( 0.000000000000000000, -0.000000000000000000, 1.000000000000000000 ) ) ;
#1821 = CIRCLE ( 'NONE', #2606, 0.01269999999999998387 ) ;
#1822 = VECTOR ( 'NONE', #878, 1000.000000000000000 ) ;
#1823 = CARTESIAN_POINT ( 'NONE',  ( 0.6500000000000017986, -0.7476809831277262397, -0.2983999999999956132 ) ) ;
#1824 = EDGE_CURVE ( 'NONE', #1578, #1883, #1616, .T. ) ;
#1825 = CARTESIAN_POINT ( 'NONE',  ( 0.8000000000000025979, 0.1499999999999999944, -0.3989999999999945257 ) ) ;
#1826 = CARTESIAN_POINT ( 'NONE',  ( 0.000000000000000000, 0.000000000000000000, 0.000000000000000000 ) ) ;
#1827 = FACE_OUTER_BOUND ( 'NONE', #1088, .T. ) ;
#1828 = VECTOR ( 'NONE', #2113, 1000.000000000000000 ) ;
#1829 = EDGE_CURVE ( 'NONE', #1089, #1431, #1609, .T. ) ;
#1830 = LINE ( 'NONE', #371, #922 ) ;
#1831 = DIRECTION ( 'NONE',  ( 0.000000000000000000, 1.000000000000000000, 0.000000000000000000 ) ) ;
#1832 = VECTOR ( 'NONE', #2137, 1000.000000000000000 ) ;
#1833 = EDGE_CURVE ( 'NONE', #1672, #2634, #759, .T. ) ;
#1834 = VECTOR ( 'NONE', #2362, 1000.000000000000000 ) ;
#1835 = ORIENTED_EDGE ( 'NONE', *, *, #1314, .F. ) ;
#1836 = LINE ( 'NONE', #130, #70 ) ;
#1837 = EDGE_CURVE ( 'NONE', #2479, #377, #1568, .T. ) ;
#1838 = LINE ( 'NONE', #2104, #166 ) ;
#1839 = VERTEX_POINT ( 'NONE', #235 ) ;
#1840 = CARTESIAN_POINT ( 'NONE',  ( 0.6499999999999970246, 0.1499999999999999944, 0.3990000000000044622 ) ) ;
#1841 = VECTOR ( 'NONE', #2300, 1000.000000000000000 ) ;
#1842 = CARTESIAN_POINT ( 'NONE',  ( -0.1000000000000000194, 0.1000000000000000056, 0.3995000000000000773 ) ) ;
#1843 = LINE ( 'NONE', #487, #945 ) ;
#1844 = LINE ( 'NONE', #1058, #1855 ) ;
#1845 = ORIENTED_EDGE ( 'NONE', *, *, #47, .T. ) ;
#1846 = CARTESIAN_POINT ( 'NONE',  ( -0.6500000000000001332, 0.1499999999999999944, -0.3989999999999999658 ) ) ;
#1847 = DIRECTION ( 'NONE',  ( 1.000000000000000000, -0.000000000000000000, 6.866613759074863256E-15 ) ) ;
#1848 = CARTESIAN_POINT ( 'NONE',  ( 0.6500000000000017986, 0.1499999999999999944, -0.2983999999999956132 ) ) ;
#1849 = DIRECTION ( 'NONE',  ( 1.877731507595261925E-16, -0.000000000000000000, 1.000000000000000000 ) ) ;
#1850 = LINE ( 'NONE', #2012, #82 ) ;
#1851 = ORIENTED_EDGE ( 'NONE', *, *, #163, .T. ) ;
#1852 = PLANE ( 'NONE',  #1227 ) ;
#1853 = CARTESIAN_POINT ( 'NONE',  ( 0.000000000000000000, 0.07499999999999999722, 0.000000000000000000 ) ) ;
#1854 = LINE ( 'NONE', #2018, #136 ) ;
#1855 = VECTOR ( 'NONE', #656, 1000.000000000000000 ) ;
#1856 = ORIENTED_EDGE ( 'NONE', *, *, #1542, .F. ) ;
#1857 = FACE_OUTER_BOUND ( 'NONE', #1286, .T. ) ;
#1858 = ORIENTED_EDGE ( 'NONE', *, *, #1492, .T. ) ;
#1859 = DIRECTION ( 'NONE',  ( -0.000000000000000000, -1.000000000000000000, -0.000000000000000000 ) ) ;
#1860 = PLANE ( 'NONE',  #33 ) ;
#1861 = FACE_OUTER_BOUND ( 'NONE', #458, .T. ) ;
#1862 = ORIENTED_EDGE ( 'NONE', *, *, #309, .T. ) ;
#1863 = EDGE_CURVE ( 'NONE', #980, #1936, #2524, .T. ) ;
#1864 = VERTEX_POINT ( 'NONE', #76 ) ;
#1865 = DIRECTION ( 'NONE',  ( -0.000000000000000000, 0.000000000000000000, -1.000000000000000000 ) ) ;
#1866 =( LENGTH_UNIT ( ) NAMED_UNIT ( * ) SI_UNIT ( .MILLI., .METRE. ) );
#1867 = DIRECTION ( 'NONE',  ( 0.000000000000000000, 0.000000000000000000, 1.000000000000000000 ) ) ;
#1868 = VECTOR ( 'NONE', #2368, 1000.000000000000000 ) ;
#1869 = EDGE_CURVE ( 'NONE', #1453, #2259, #695, .T. ) ;
#1870 = ADVANCED_FACE ( 'NONE', ( #2504 ), #1905, .F. ) ;
#1871 = ORIENTED_EDGE ( 'NONE', *, *, #355, .F. ) ;
#1872 = EDGE_CURVE ( 'NONE', #2124, #1162, #690, .T. ) ;
#1873 = CARTESIAN_POINT ( 'NONE',  ( -0.5999999999999998668, -0.7476809831277262397, 0.2984000000000001096 ) ) ;
#1874 = FACE_OUTER_BOUND ( 'NONE', #1657, .T. ) ;
#1875 = ORIENTED_EDGE ( 'NONE', *, *, #517, .F. ) ;
#1876 = ORIENTED_EDGE ( 'NONE', *, *, #2403, .F. ) ;
#1877 = VECTOR ( 'NONE', #2173, 1000.000000000000000 ) ;
#1878 = ORIENTED_EDGE ( 'NONE', *, *, #2082, .T. ) ;
#1879 = ORIENTED_EDGE ( 'NONE', *, *, #1937, .F. ) ;
#1880 = DIRECTION ( 'NONE',  ( -1.877731507595261925E-16, 0.000000000000000000, -1.000000000000000000 ) ) ;
#1881 = CARTESIAN_POINT ( 'NONE',  ( 0.6000000000000000888, 0.3999999999999999667, 0.3999999999999999667 ) ) ;
#1882 = FACE_OUTER_BOUND ( 'NONE', #1884, .T. ) ;
#1883 = VERTEX_POINT ( 'NONE', #592 ) ;
#1884 = EDGE_LOOP ( 'NONE', ( #421, #961, #2172, #1250 ) ) ;
#1885 = DIRECTION ( 'NONE',  ( 0.000000000000000000, 0.000000000000000000, -1.000000000000000000 ) ) ;
#1886 = CARTESIAN_POINT ( 'NONE',  ( 0.5000000000000000000, 0.07499999999999998335, 0.3250000000000000111 ) ) ;
#1887 = SURFACE_SIDE_STYLE ('',( #1054 ) ) ;
#1888 = LINE ( 'NONE', #1483, #170 ) ;
#1889 = ORIENTED_EDGE ( 'NONE', *, *, #83, .F. ) ;
#1890 = ORIENTED_EDGE ( 'NONE', *, *, #717, .T. ) ;
#1891 = CARTESIAN_POINT ( 'NONE',  ( 0.5000000000000000000, 0.000000000000000000, 0.3250000000000000111 ) ) ;
#1892 = CARTESIAN_POINT ( 'NONE',  ( -0.8000000000000000444, 0.1499999999999999944, 0.3990000000000000213 ) ) ;
#1893 = VECTOR ( 'NONE', #557, 1000.000000000000000 ) ;
#1894 = ORIENTED_EDGE ( 'NONE', *, *, #887, .T. ) ;
#1895 = PLANE ( 'NONE',  #773 ) ;
#1896 = LINE ( 'NONE', #694, #119 ) ;
#1897 = ORIENTED_EDGE ( 'NONE', *, *, #927, .T. ) ;
#1898 =( NAMED_UNIT ( * ) SI_UNIT ( $, .STERADIAN. ) SOLID_ANGLE_UNIT ( ) );
#1899 = DIRECTION ( 'NONE',  ( -0.000000000000000000, -1.000000000000000000, -0.000000000000000000 ) ) ;
#1900 = EDGE_CURVE ( 'NONE', #2168, #2351, #755, .T. ) ;
#1901 = DIRECTION ( 'NONE',  ( 0.000000000000000000, 1.000000000000000000, 0.000000000000000000 ) ) ;
#1902 = VECTOR ( 'NONE', #364, 1000.000000000000000 ) ;
#1903 = EDGE_LOOP ( 'NONE', ( #451, #266, #361, #943 ) ) ;
#1904 = VECTOR ( 'NONE', #925, 1000.000000000000000 ) ;
#1905 = PLANE ( 'NONE',  #1495 ) ;
#1906 = VECTOR ( 'NONE', #1899, 1000.000000000000000 ) ;
#1907 = ORIENTED_EDGE ( 'NONE', *, *, #1469, .T. ) ;
#1908 = EDGE_CURVE ( 'NONE', #2346, #231, #714, .T. ) ;
#1909 = CARTESIAN_POINT ( 'NONE',  ( -0.6500000000000001332, -0.7476809831277262397, 0.3990000000000000213 ) ) ;
#1910 = CARTESIAN_POINT ( 'NONE',  ( 0.5000000000000000000, 0.07499999999999998335, -0.3249999999999999556 ) ) ;
#1911 = VECTOR ( 'NONE', #966, 1000.000000000000000 ) ;
#1912 = ORIENTED_EDGE ( 'NONE', *, *, #2449, .T. ) ;
#1913 = LINE ( 'NONE', #2157, #1041 ) ;
#1914 = TOROIDAL_SURFACE ( 'NONE', #297, 0.3447462835187639629, 0.01269999999999999948 ) ;
#1915 = ORIENTED_EDGE ( 'NONE', *, *, #1575, .T. ) ;
#1916 = PLANE ( 'NONE',  #2227 ) ;
#1917 = VECTOR ( 'NONE', #2125, 1000.000000000000000 ) ;
#1918 = ORIENTED_EDGE ( 'NONE', *, *, #717, .F. ) ;
#1919 = CARTESIAN_POINT ( 'NONE',  ( -0.5000000000000000000, 0.7908910531638175812, -0.3249999999999999556 ) ) ;
#1920 = LINE ( 'NONE', #2320, #1904 ) ;
#1921 = CARTESIAN_POINT ( 'NONE',  ( -0.8000000000000000444, 0.1499999999999999944, 0.3990000000000000213 ) ) ;
#1922 = CARTESIAN_POINT ( 'NONE',  ( -0.3326749358466153383, 0.4087537910118554940, 0.000000000000000000 ) ) ;
#1923 = VECTOR ( 'NONE', #870, 1000.000000000000000 ) ;
#1924 = ORIENTED_EDGE ( 'NONE', *, *, #2153, .T. ) ;
#1925 = LINE ( 'NONE', #1365, #1004 ) ;
#1926 = CARTESIAN_POINT ( 'NONE',  ( -0.5999999999999998668, 0.3999999999999999667, -0.3999999999999999667 ) ) ;
#1927 = DIRECTION ( 'NONE',  ( 0.000000000000000000, -0.000000000000000000, -1.000000000000000000 ) ) ;
#1928 = EDGE_CURVE ( 'NONE', #483, #1578, #1560, .T. ) ;
#1929 = ORIENTED_EDGE ( 'NONE', *, *, #989, .T. ) ;
#1930 = CARTESIAN_POINT ( 'NONE',  ( -0.3000000000000000444, 0.1000000000000000056, -0.3995000000000000773 ) ) ;
#1931 = CARTESIAN_POINT ( 'NONE',  ( -0.5999999999999998668, 0.07499999999999998335, 0.2984000000000001096 ) ) ;
#1932 = EDGE_CURVE ( 'NONE', #1711, #1254, #718, .T. ) ;
#1933 = VERTEX_POINT ( 'NONE', #441 ) ;
#1934 = PLANE ( 'NONE',  #2444 ) ;
#1935 = ADVANCED_FACE ( 'NONE', ( #2537 ), #855, .F. ) ;
#1936 = VERTEX_POINT ( 'NONE', #602 ) ;
#1937 = EDGE_CURVE ( 'NONE', #2322, #2098, #772, .T. ) ;
#1938 = CARTESIAN_POINT ( 'NONE',  ( -0.6500000000000000222, 0.1499999999999999944, 0.2984000000000001096 ) ) ;
#1939 = LINE ( 'NONE', #1105, #61 ) ;
#1940 = DIRECTION ( 'NONE',  ( 1.000000000000000000, -0.000000000000000000, 1.807003620809173892E-16 ) ) ;
#1941 = PLANE ( 'NONE',  #1685 ) ;
#1942 = LINE ( 'NONE', #1571, #1059 ) ;
#1943 = ORIENTED_EDGE ( 'NONE', *, *, #1518, .F. ) ;
#1944 = DIRECTION ( 'NONE',  ( -1.000000000000000000, 0.000000000000000000, -0.000000000000000000 ) ) ;
#1945 = DIRECTION ( 'NONE',  ( 0.000000000000000000, 0.000000000000000000, 1.000000000000000000 ) ) ;
#1946 = AXIS2_PLACEMENT_3D ( 'NONE', #1826, #2052, #2409 ) ;
#1947 = FACE_OUTER_BOUND ( 'NONE', #468, .T. ) ;
#1948 = ORIENTED_EDGE ( 'NONE', *, *, #473, .T. ) ;
#1949 = CARTESIAN_POINT ( 'NONE',  ( 0.6500000000000026867, 0.1499999999999999944, -0.3989999999999955249 ) ) ;
#1950 = PLANE ( 'NONE',  #2641 ) ;
#1951 = EDGE_LOOP ( 'NONE', ( #1957, #1312, #1243, #415 ) ) ;
#1952 = DIRECTION ( 'NONE',  ( 0.000000000000000000, 1.000000000000000000, 0.000000000000000000 ) ) ;
#1953 = ORIENTED_EDGE ( 'NONE', *, *, #192, .F. ) ;
#1954 =( GEOMETRIC_REPRESENTATION_CONTEXT ( 3 ) GLOBAL_UNCERTAINTY_ASSIGNED_CONTEXT ( ( #344 ) ) GLOBAL_UNIT_ASSIGNED_CONTEXT ( ( #1615, #1183, #2282 ) ) REPRESENTATION_CONTEXT ( 'NONE', 'WORKASPACE' ) );
#1955 = CARTESIAN_POINT ( 'NONE',  ( 0.6000000000000008660, 0.1499999999999999944, -0.1783999999999959507 ) ) ;
#1956 = LINE ( 'NONE', #975, #1042 ) ;
#1957 = ORIENTED_EDGE ( 'NONE', *, *, #92, .F. ) ;
#1958 = EDGE_CURVE ( 'NONE', #1261, #2271, #2448, .T. ) ;
#1959 = DIRECTION ( 'NONE',  ( -0.000000000000000000, 0.000000000000000000, 1.000000000000000000 ) ) ;
#1960 = CARTESIAN_POINT ( 'NONE',  ( -0.3000000000000000444, 0.1000000000000000056, -0.3995000000000000773 ) ) ;
#1961 = PRESENTATION_STYLE_ASSIGNMENT (( #2068 ) ) ;
#1962 = EDGE_LOOP ( 'NONE', ( #1292, #1308, #1734, #1599, #786, #767, #2545, #1664, #2562, #822, #438, #1617 ) ) ;
#1963 = DIRECTION ( 'NONE',  ( -0.000000000000000000, -0.000000000000000000, 1.000000000000000000 ) ) ;
#1964 = EDGE_CURVE ( 'NONE', #2185, #2235, #679, .T. ) ;
#1965 = LINE ( 'NONE', #294, #205 ) ;
#1966 = CARTESIAN_POINT ( 'NONE',  ( -0.5999999999999998668, 0.3999999999999999667, -0.3999999999999999667 ) ) ;
#1967 = CARTESIAN_POINT ( 'NONE',  ( -0.8000000000000000444, 0.07499999999999998335, 0.3990000000000000213 ) ) ;
#1968 = ORIENTED_EDGE ( 'NONE', *, *, #1127, .T. ) ;
#1969 = CARTESIAN_POINT ( 'NONE',  ( -0.3000000000000000444, 0.000000000000000000, -0.3995000000000000773 ) ) ;
#1970 = EDGE_CURVE ( 'NONE', #976, #2035, #684, .T. ) ;
#1971 = VECTOR ( 'NONE', #1053, 1000.000000000000000 ) ;
#1972 = VERTEX_POINT ( 'NONE', #2433 ) ;
#1973 = DIRECTION ( 'NONE',  ( 0.000000000000000000, 0.000000000000000000, -1.000000000000000000 ) ) ;
#1974 = ORIENTED_EDGE ( 'NONE', *, *, #90, .T. ) ;
#1975 = EDGE_LOOP ( 'NONE', ( #2332, #382, #362, #569, #1218, #1535, #1411, #1662, #1564, #2316, #2079, #788, #2578, #2618, #1689, #820, #412, #351, #776, #318 ) ) ;
#1976 = PRODUCT_DEFINITION_FORMATION_WITH_SPECIFIED_SOURCE ( 'ANY', '', #1753, .NOT_KNOWN. ) ;
#1977 = DIRECTION ( 'NONE',  ( -1.000000000000000000, 0.000000000000000000, 0.000000000000000000 ) ) ;
#1978 = ORIENTED_EDGE ( 'NONE', *, *, #445, .F. ) ;
#1979 = ORIENTED_EDGE ( 'NONE', *, *, #1998, .T. ) ;
#1980 = PLANE ( 'NONE',  #1621 ) ;
#1981 = DIRECTION ( 'NONE',  ( 0.000000000000000000, 1.000000000000000000, 0.000000000000000000 ) ) ;
#1982 = ORIENTED_EDGE ( 'NONE', *, *, #360, .F. ) ;
#1983 = EDGE_LOOP ( 'NONE', ( #1036, #1306, #1876, #121 ) ) ;
#1984 = CARTESIAN_POINT ( 'NONE',  ( 0.000000000000000000, 0.2999999999999999889, 0.000000000000000000 ) ) ;
#1985 = CARTESIAN_POINT ( 'NONE',  ( -0.5999999999999998668, 0.1499999999999999944, 0.2984000000000001096 ) ) ;
#1986 = AXIS2_PLACEMENT_3D ( 'NONE', #2221, #1385, #169 ) ;
#1987 = ORIENTED_EDGE ( 'NONE', *, *, #2049, .T. ) ;
#1988 = ORIENTED_EDGE ( 'NONE', *, *, #150, .F. ) ;
#1989 = CARTESIAN_POINT ( 'NONE',  ( 0.6500000000000009104, 0.07499999999999998335, -0.1783999999999956454 ) ) ;
#1990 = CARTESIAN_POINT ( 'NONE',  ( 0.5000000000000000000, 0.07499999999999998335, 0.3250000000000000111 ) ) ;
#1991 = VERTEX_POINT ( 'NONE', #1825 ) ;
#1992 = EDGE_CURVE ( 'NONE', #843, #1453, #1552, .T. ) ;
#1993 = ORIENTED_EDGE ( 'NONE', *, *, #594, .T. ) ;
#1994 = CARTESIAN_POINT ( 'NONE',  ( -0.8000000000000000444, 0.1499999999999999944, 0.4000000000000000777 ) ) ;
#1995 = PRODUCT_DEFINITION_CONTEXT ( 'detailed design', #1015, 'design' ) ;
#1996 = ORIENTED_EDGE ( 'NONE', *, *, #1538, .T. ) ;
#1997 = ORIENTED_EDGE ( 'NONE', *, *, #921, .T. ) ;
#1998 = EDGE_CURVE ( 'NONE', #849, #2266, #685, .T. ) ;
#1999 = CARTESIAN_POINT ( 'NONE',  ( 0.000000000000000000, 0.07499999999999999722, 0.000000000000000000 ) ) ;
#2000 = EDGE_CURVE ( 'NONE', #2589, #1413, #700, .T. ) ;
#2001 = CARTESIAN_POINT ( 'NONE',  ( -0.5999999999999998668, -0.7476809831277262397, 0.2984000000000001096 ) ) ;
#2002 = ORIENTED_EDGE ( 'NONE', *, *, #1928, .T. ) ;
#2003 = ORIENTED_EDGE ( 'NONE', *, *, #1201, .T. ) ;
#2004 = CARTESIAN_POINT ( 'NONE',  ( 0.000000000000000000, 0.4126999999999999558, 0.000000000000000000 ) ) ;
#2005 = CARTESIAN_POINT ( 'NONE',  ( -0.6500000000000001332, 0.07499999999999998335, -0.3989999999999999658 ) ) ;
#2006 = ORIENTED_EDGE ( 'NONE', *, *, #2265, .F. ) ;
#2007 = ORIENTED_EDGE ( 'NONE', *, *, #2186, .F. ) ;
#2008 = DIRECTION ( 'NONE',  ( 0.000000000000000000, -0.000000000000000000, 1.000000000000000000 ) ) ;
#2009 = AXIS2_PLACEMENT_3D ( 'NONE', #1479, #1642, #1927 ) ;
#2010 = ORIENTED_EDGE ( 'NONE', *, *, #621, .T. ) ;
#2011 = ORIENTED_EDGE ( 'NONE', *, *, #658, .F. ) ;
#2012 = CARTESIAN_POINT ( 'NONE',  ( 0.6000000000000016431, 0.07499999999999998335, -0.2983999999999960018 ) ) ;
#2013 = ORIENTED_EDGE ( 'NONE', *, *, #2087, .F. ) ;
#2014 = ORIENTED_EDGE ( 'NONE', *, *, #1236, .F. ) ;
#2015 = CARTESIAN_POINT ( 'NONE',  ( -0.8000000000000000444, 0.1499999999999999944, -0.3999999999999999667 ) ) ;
#2016 = ORIENTED_EDGE ( 'NONE', *, *, #2114, .T. ) ;
#2017 = VERTEX_POINT ( 'NONE', #2419 ) ;
#2018 = CARTESIAN_POINT ( 'NONE',  ( 0.6000000000000000888, 0.3999999999999999667, 0.3999999999999999667 ) ) ;
#2019 = AXIS2_PLACEMENT_3D ( 'NONE', #1823, #339, #2380 ) ;
#2020 = ORIENTED_EDGE ( 'NONE', *, *, #1575, .F. ) ;
#2021 = VERTEX_POINT ( 'NONE', #1611 ) ;
#2022 = CARTESIAN_POINT ( 'NONE',  ( -0.5000000000000000000, 0.000000000000000000, -0.3249999999999999556 ) ) ;
#2023 = DIRECTION ( 'NONE',  ( 0.000000000000000000, -0.000000000000000000, -1.000000000000000000 ) ) ;
#2024 = ORIENTED_EDGE ( 'NONE', *, *, #757, .T. ) ;
#2025 = VERTEX_POINT ( 'NONE', #1591 ) ;
#2026 = EDGE_CURVE ( 'NONE', #2237, #1603, #703, .T. ) ;
#2027 = CARTESIAN_POINT ( 'NONE',  ( -0.5000000000000000000, 0.7908910531638175812, -0.3249999999999999556 ) ) ;
#2028 = ORIENTED_EDGE ( 'NONE', *, *, #1518, .T. ) ;
#2029 = VERTEX_POINT ( 'NONE', #41 ) ;
#2030 = EDGE_CURVE ( 'NONE', #745, #2124, #159, .T. ) ;
#2031 = DIRECTION ( 'NONE',  ( 0.000000000000000000, 0.000000000000000000, 1.000000000000000000 ) ) ;
#2032 = DIRECTION ( 'NONE',  ( -1.000000000000000000, 0.000000000000000000, 0.000000000000000000 ) ) ;
#2033 = VERTEX_POINT ( 'NONE', #2446 ) ;
#2034 = CARTESIAN_POINT ( 'NONE',  ( 0.5000000000000000000, 0.07499999999999998335, -0.3249999999999999556 ) ) ;
#2035 = VERTEX_POINT ( 'NONE', #1452 ) ;
#2036 = DIRECTION ( 'NONE',  ( 0.000000000000000000, 0.000000000000000000, 1.000000000000000000 ) ) ;
#2037 = ORIENTED_EDGE ( 'NONE', *, *, #1614, .F. ) ;
#2038 = EDGE_LOOP ( 'NONE', ( #2600, #1206, #2480, #710 ) ) ;
#2039 = DIRECTION ( 'NONE',  ( -1.807003620809174139E-16, 0.000000000000000000, -1.000000000000000000 ) ) ;
#2040 = DIRECTION ( 'NONE',  ( 1.000000000000000000, -0.000000000000000000, 0.000000000000000000 ) ) ;
#2041 = ORIENTED_EDGE ( 'NONE', *, *, #253, .F. ) ;
#2042 = EDGE_LOOP ( 'NONE', ( #1974, #1143, #1082, #1918, #1016 ) ) ;
#2043 = CARTESIAN_POINT ( 'NONE',  ( 0.6000000000000008660, 0.07499999999999998335, -0.1783999999999959507 ) ) ;
#2044 = ORIENTED_EDGE ( 'NONE', *, *, #1094, .T. ) ;
#2045 = ORIENTED_EDGE ( 'NONE', *, *, #448, .F. ) ;
#2046 = CARTESIAN_POINT ( 'NONE',  ( -0.3000000000000000444, 0.000000000000000000, 0.3995000000000000773 ) ) ;
#2047 = CARTESIAN_POINT ( 'NONE',  ( 0.000000000000000000, 0.4087537910118554940, 0.000000000000000000 ) ) ;
#2048 = ORIENTED_EDGE ( 'NONE', *, *, #1113, .T. ) ;
#2049 = EDGE_CURVE ( 'NONE', #2634, #2029, #180, .T. ) ;
#2050 = DIRECTION ( 'NONE',  ( -0.000000000000000000, -1.000000000000000000, -0.000000000000000000 ) ) ;
#2051 = ORIENTED_EDGE ( 'NONE', *, *, #634, .F. ) ;
#2052 = DIRECTION ( 'NONE',  ( 0.000000000000000000, 0.000000000000000000, 1.000000000000000000 ) ) ;
#2053 = ORIENTED_EDGE ( 'NONE', *, *, #893, .T. ) ;
#2054 = ORIENTED_EDGE ( 'NONE', *, *, #51, .T. ) ;
#2055 = EDGE_CURVE ( 'NONE', #2017, #2185, #1812, .T. ) ;
#2056 = CARTESIAN_POINT ( 'NONE',  ( -0.6500000000000000222, -0.7476809831277262397, 0.2984000000000001096 ) ) ;
#2057 = DIRECTION ( 'NONE',  ( -0.000000000000000000, 1.000000000000000000, -0.000000000000000000 ) ) ;
#2058 = ADVANCED_FACE ( 'NONE', ( #1816 ), #300, .F. ) ;
#2059 = ORIENTED_EDGE ( 'NONE', *, *, #958, .F. ) ;
#2060 = ORIENTED_EDGE ( 'NONE', *, *, #2310, .T. ) ;
#2061 = EDGE_CURVE ( 'NONE', #2029, #1729, #45, .T. ) ;
#2062 = ORIENTED_EDGE ( 'NONE', *, *, #1113, .F. ) ;
#2063 = ORIENTED_EDGE ( 'NONE', *, *, #2376, .T. ) ;
#2064 = CARTESIAN_POINT ( 'NONE',  ( 0.000000000000000000, 0.07499999999999999722, 0.000000000000000000 ) ) ;
#2065 = DIRECTION ( 'NONE',  ( 0.000000000000000000, 0.000000000000000000, 1.000000000000000000 ) ) ;
#2066 = ORIENTED_EDGE ( 'NONE', *, *, #2236, .F. ) ;
#2067 = DIRECTION ( 'NONE',  ( 1.807003620809174139E-16, 0.000000000000000000, -1.000000000000000000 ) ) ;
#2068 = SURFACE_STYLE_USAGE ( .BOTH. , #1887 ) ;
#2069 = VERTEX_POINT ( 'NONE', #331 ) ;
#2070 = CARTESIAN_POINT ( 'NONE',  ( 0.000000000000000000, 0.000000000000000000, 0.000000000000000000 ) ) ;
#2071 = PLANE ( 'NONE',  #457 ) ;
#2072 = DIRECTION ( 'NONE',  ( 0.000000000000000000, -1.000000000000000000, 0.000000000000000000 ) ) ;
#2073 = EDGE_LOOP ( 'NONE', ( #2089, #997, #1907, #965 ) ) ;
#2074 = AXIS2_PLACEMENT_3D ( 'NONE', #505, #1977, #542 ) ;
#2075 = EDGE_LOOP ( 'NONE', ( #1238, #87, #2146, #1924 ) ) ;
#2076 = CARTESIAN_POINT ( 'NONE',  ( -0.1000000000000000194, 0.1000000000000000472, 0.3995000000000000773 ) ) ;
#2077 = EDGE_CURVE ( 'NONE', #1162, #833, #1913, .T. ) ;
#2078 = DIRECTION ( 'NONE',  ( -1.000000000000000000, -0.000000000000000000, -0.000000000000000000 ) ) ;
#2079 = ORIENTED_EDGE ( 'NONE', *, *, #2287, .T. ) ;
#2080 = DIRECTION ( 'NONE',  ( -0.000000000000000000, -0.000000000000000000, 1.000000000000000000 ) ) ;
#2081 = CARTESIAN_POINT ( 'NONE',  ( -0.6500000000000000222, 0.1499999999999999944, 0.2984000000000001096 ) ) ;
#2082 = EDGE_CURVE ( 'NONE', #95, #1256, #1939, .T. ) ;
#2083 = ORIENTED_EDGE ( 'NONE', *, *, #1418, .F. ) ;
#2084 = EDGE_CURVE ( 'NONE', #287, #2168, #1920, .T. ) ;
#2085 = CARTESIAN_POINT ( 'NONE',  ( 0.5000000000000000000, 0.07499999999999998335, -0.3249999999999999556 ) ) ;
#2086 = DIRECTION ( 'NONE',  ( 1.000000000000000000, 0.000000000000000000, -1.807003620809174139E-16 ) ) ;
#2087 = EDGE_CURVE ( 'NONE', #1639, #446, #1803, .T. ) ;
#2088 = CARTESIAN_POINT ( 'NONE',  ( -0.5999999999999998668, 0.1499999999999999944, 0.2984000000000001096 ) ) ;
#2089 = ORIENTED_EDGE ( 'NONE', *, *, #2279, .T. ) ;
#2090 = ADVANCED_FACE ( 'NONE', ( #1807 ), #2132, .F. ) ;
#2091 = ORIENTED_EDGE ( 'NONE', *, *, #2238, .F. ) ;
#2092 = CARTESIAN_POINT ( 'NONE',  ( 0.6000000000000016431, 0.07499999999999998335, -0.2983999999999960018 ) ) ;
#2093 = AXIS2_PLACEMENT_3D ( 'NONE', #126, #676, #1344 ) ;
#2094 = DIRECTION ( 'NONE',  ( -1.000000000000000000, 0.000000000000000000, 0.000000000000000000 ) ) ;
#2095 = VERTEX_POINT ( 'NONE', #343 ) ;
#2096 = CARTESIAN_POINT ( 'NONE',  ( 0.6000000000000008660, 0.1499999999999999944, -0.1783999999999959507 ) ) ;
#2097 = DIRECTION ( 'NONE',  ( 0.000000000000000000, -0.000000000000000000, 1.000000000000000000 ) ) ;
#2098 = VERTEX_POINT ( 'NONE', #2334 ) ;
#2099 = DIRECTION ( 'NONE',  ( 1.000000000000000000, 0.000000000000000000, 0.000000000000000000 ) ) ;
#2100 = CARTESIAN_POINT ( 'NONE',  ( -0.3000000000000000444, 0.1000000000000000056, -0.3995000000000000773 ) ) ;
#2101 = PRESENTATION_LAYER_ASSIGNMENT (  '', '', ( #881 ) ) ;
#2102 = DIRECTION ( 'NONE',  ( -1.000000000000000000, 0.000000000000000000, -6.505213034913009249E-15 ) ) ;
#2103 = EDGE_LOOP ( 'NONE', ( #125, #2149, #2044, #2083 ) ) ;
#2104 = CARTESIAN_POINT ( 'NONE',  ( -0.5999999999999998668, 0.3999999999999999667, 0.3999999999999999667 ) ) ;
#2105 = ORIENTED_EDGE ( 'NONE', *, *, #1450, .F. ) ;
#2106 = EDGE_CURVE ( 'NONE', #2266, #459, #916, .T. ) ;
#2107 = ADVANCED_FACE ( 'NONE', ( #911 ), #2581, .T. ) ;
#2108 = ORIENTED_EDGE ( 'NONE', *, *, #429, .T. ) ;
#2109 = ORIENTED_EDGE ( 'NONE', *, *, #185, .F. ) ;
#2110 = CARTESIAN_POINT ( 'NONE',  ( -0.5999999999999998668, 0.1499999999999999944, -0.3999999999999999667 ) ) ;
#2111 = LINE ( 'NONE', #1300, #1262 ) ;
#2112 = EDGE_CURVE ( 'NONE', #2021, #1271, #1925, .T. ) ;
#2113 = DIRECTION ( 'NONE',  ( 0.000000000000000000, -1.000000000000000000, 0.000000000000000000 ) ) ;
#2114 = EDGE_CURVE ( 'NONE', #2035, #976, #1281, .T. ) ;
#2115 = ORIENTED_EDGE ( 'NONE', *, *, #92, .T. ) ;
#2116 = ORIENTED_EDGE ( 'NONE', *, *, #1964, .T. ) ;
#2117 = DIRECTION ( 'NONE',  ( 0.000000000000000000, 0.000000000000000000, 1.000000000000000000 ) ) ;
#2118 = CARTESIAN_POINT ( 'NONE',  ( -0.6500000000000001332, 0.1499999999999999944, 0.3990000000000000213 ) ) ;
#2119 = VERTEX_POINT ( 'NONE', #174 ) ;
#2120 = AXIS2_PLACEMENT_3D ( 'NONE', #790, #1220, #1586 ) ;
#2121 = DIRECTION ( 'NONE',  ( 6.866613759074862467E-15, 0.000000000000000000, -1.000000000000000000 ) ) ;
#2122 = ORIENTED_EDGE ( 'NONE', *, *, #1346, .T. ) ;
#2123 = DIRECTION ( 'NONE',  ( -6.759833427342943917E-15, -0.000000000000000000, 1.000000000000000000 ) ) ;
#2124 = VERTEX_POINT ( 'NONE', #1990 ) ;
#2125 = DIRECTION ( 'NONE',  ( -0.000000000000000000, -0.000000000000000000, -1.000000000000000000 ) ) ;
#2126 = VERTEX_POINT ( 'NONE', #491 ) ;
#2127 = AXIS2_PLACEMENT_3D ( 'NONE', #1029, #1601, #1880 ) ;
#2128 = VECTOR ( 'NONE', #704, 1000.000000000000000 ) ;
#2129 = ORIENTED_EDGE ( 'NONE', *, *, #2262, .T. ) ;
#2130 = CARTESIAN_POINT ( 'NONE',  ( -0.6500000000000000222, 0.1499999999999999944, 0.1784000000000001140 ) ) ;
#2131 = ORIENTED_EDGE ( 'NONE', *, *, #281, .F. ) ;
#2132 = PLANE ( 'NONE',  #257 ) ;
#2133 = CLOSED_SHELL ( 'NONE', ( #1581, #328, #2386, #1352, #2247, #2058, #2291, #1506, #1396, #519, #1537, #2630, #1870, #1935, #2090, #1334, #2204, #2329, #1427, #934, #2523, #868, #2195, #484, #1817, #2472, #193, #488, #1044, #1223, #632, #2557, #14, #1489, #1754, #567, #80, #1067, #835 ) ) ;
#2134 = DIRECTION ( 'NONE',  ( 0.000000000000000000, 1.000000000000000000, 0.000000000000000000 ) ) ;
#2135 = ORIENTED_EDGE ( 'NONE', *, *, #2310, .F. ) ;
#2136 = ORIENTED_EDGE ( 'NONE', *, *, #1152, .T. ) ;
#2137 = DIRECTION ( 'NONE',  ( -0.000000000000000000, -1.000000000000000000, -0.000000000000000000 ) ) ;
#2138 = ORIENTED_EDGE ( 'NONE', *, *, #1958, .T. ) ;
#2139 = CARTESIAN_POINT ( 'NONE',  ( 0.000000000000000000, 0.07499999999999999722, 0.000000000000000000 ) ) ;
#2140 = AXIS2_PLACEMENT_3D ( 'NONE', #258, #2039, #2283 ) ;
#2141 = EDGE_LOOP ( 'NONE', ( #780, #2565, #793, #188, #2611 ) ) ;
#2142 = CARTESIAN_POINT ( 'NONE',  ( 0.8000000000000025979, 0.07499999999999998335, -0.3989999999999945257 ) ) ;
#2143 = ORIENTED_EDGE ( 'NONE', *, *, #1395, .T. ) ;
#2144 = LINE ( 'NONE', #687, #1231 ) ;
#2145 = EDGE_CURVE ( 'NONE', #2576, #1428, #2182, .T. ) ;
#2146 = ORIENTED_EDGE ( 'NONE', *, *, #570, .T. ) ;
#2147 = CARTESIAN_POINT ( 'NONE',  ( 0.5000000000000000000, 0.7908910531638175812, -0.3249999999999999556 ) ) ;
#2148 = ORIENTED_EDGE ( 'NONE', *, *, #1156, .F. ) ;
#2149 = ORIENTED_EDGE ( 'NONE', *, *, #2236, .T. ) ;
#2150 = LINE ( 'NONE', #2352, #389 ) ;
#2151 = ORIENTED_EDGE ( 'NONE', *, *, #1321, .F. ) ;
#2152 = CARTESIAN_POINT ( 'NONE',  ( -0.6500000000000001332, 0.07499999999999998335, 0.3990000000000000213 ) ) ;
#2153 = EDGE_CURVE ( 'NONE', #2453, #1129, #2193, .T. ) ;
#2154 = DIRECTION ( 'NONE',  ( 6.759833427342943129E-15, 0.000000000000000000, -1.000000000000000000 ) ) ;
#2155 = ORIENTED_EDGE ( 'NONE', *, *, #501, .T. ) ;
#2156 = EDGE_LOOP ( 'NONE', ( #489, #2159, #1367, #1653, #485, #1583, #1093, #521 ) ) ;
#2157 = CARTESIAN_POINT ( 'NONE',  ( 0.5000000000000000000, 0.07499999999999998335, -0.3249999999999999556 ) ) ;
#2158 = ORIENTED_EDGE ( 'NONE', *, *, #2026, .F. ) ;
#2159 = ORIENTED_EDGE ( 'NONE', *, *, #74, .F. ) ;
#2160 = VERTEX_POINT ( 'NONE', #2181 ) ;
#2161 = DIRECTION ( 'NONE',  ( 0.000000000000000000, 0.000000000000000000, -1.000000000000000000 ) ) ;
#2162 = CIRCLE ( 'NONE', #1531, 0.3499999999999999778 ) ;
#2163 = PLANE ( 'NONE',  #2009 ) ;
#2164 = ADVANCED_FACE ( 'NONE', ( #2203 ), #1122, .T. ) ;
#2165 = ORIENTED_EDGE ( 'NONE', *, *, #2153, .F. ) ;
#2166 = CARTESIAN_POINT ( 'NONE',  ( -0.3000000000000000444, 0.1000000000000000472, -0.3995000000000000773 ) ) ;
#2167 = VERTEX_POINT ( 'NONE', #1921 ) ;
#2168 = VERTEX_POINT ( 'NONE', #2349 ) ;
#2169 = VECTOR ( 'NONE', #2117, 1000.000000000000000 ) ;
#2170 = STYLED_ITEM ( 'NONE', ( #2400 ), #511 ) ;
#2171 = CARTESIAN_POINT ( 'NONE',  ( -0.3000000000000000444, 0.1000000000000000056, -0.3995000000000000773 ) ) ;
#2172 = ORIENTED_EDGE ( 'NONE', *, *, #893, .F. ) ;
#2173 = DIRECTION ( 'NONE',  ( 8.621886063503022129E-15, 0.000000000000000000, -1.000000000000000000 ) ) ;
#2174 = VERTEX_POINT ( 'NONE', #1727 ) ;
#2175 = EDGE_LOOP ( 'NONE', ( #1191, #550, #1216, #1237 ) ) ;
#2176 = ORIENTED_EDGE ( 'NONE', *, *, #1545, .F. ) ;
#2177 = DIRECTION ( 'NONE',  ( 1.000000000000000000, 0.000000000000000000, -0.000000000000000000 ) ) ;
#2178 =( NAMED_UNIT ( * ) SI_UNIT ( $, .STERADIAN. ) SOLID_ANGLE_UNIT ( ) );
#2179 = VERTEX_POINT ( 'NONE', #2110 ) ;
#2180 = EDGE_LOOP ( 'NONE', ( #531, #1968, #495, #2201 ) ) ;
#2181 = CARTESIAN_POINT ( 'NONE',  ( 0.6500000000000017986, 0.1499999999999999944, -0.2983999999999956132 ) ) ;
#2182 = LINE ( 'NONE', #1661, #423 ) ;
#2183 = ORIENTED_EDGE ( 'NONE', *, *, #436, .F. ) ;
#2184 = VERTEX_POINT ( 'NONE', #2476 ) ;
#2185 = VERTEX_POINT ( 'NONE', #1955 ) ;
#2186 = EDGE_CURVE ( 'NONE', #525, #987, #434, .T. ) ;
#2187 = ORIENTED_EDGE ( 'NONE', *, *, #2376, .F. ) ;
#2188 = DIRECTION ( 'NONE',  ( 1.077735757937877766E-15, -0.000000000000000000, -1.000000000000000000 ) ) ;
#2189 = ORIENTED_EDGE ( 'NONE', *, *, #2471, .T. ) ;
#2190 = CARTESIAN_POINT ( 'NONE',  ( 0.6500000000000009104, -0.7476809831277262397, -0.1783999999999956454 ) ) ;
#2191 = EDGE_LOOP ( 'NONE', ( #1056, #260, #1347, #1076, #128 ) ) ;
#2192 = VERTEX_POINT ( 'NONE', #2521 ) ;
#2193 = CIRCLE ( 'NONE', #2597, 0.3326749358466153383 ) ;
#2194 = EDGE_CURVE ( 'NONE', #739, #2021, #442, .T. ) ;
#2195 = ADVANCED_FACE ( 'NONE', ( #2 ), #1023, .F. ) ;
#2196 = DIRECTION ( 'NONE',  ( -1.000000000000000000, 0.000000000000000000, 0.000000000000000000 ) ) ;
#2197 = DIRECTION ( 'NONE',  ( 1.000000000000000000, 0.000000000000000000, -0.000000000000000000 ) ) ;
#2198 = DIRECTION ( 'NONE',  ( -1.000000000000000000, 0.000000000000000000, 0.000000000000000000 ) ) ;
#2199 = ORIENTED_EDGE ( 'NONE', *, *, #312, .T. ) ;
#2200 = CARTESIAN_POINT ( 'NONE',  ( -0.1000000000000000194, 0.9236510183324003753, -0.3995000000000000773 ) ) ;
#2201 = ORIENTED_EDGE ( 'NONE', *, *, #1201, .F. ) ;
#2202 = ORIENTED_EDGE ( 'NONE', *, *, #2360, .F. ) ;
#2203 = FACE_OUTER_BOUND ( 'NONE', #250, .T. ) ;
#2204 = ADVANCED_FACE ( 'NONE', ( #2640 ), #13, .T. ) ;
#2205 = ORIENTED_EDGE ( 'NONE', *, *, #645, .T. ) ;
#2206 = CARTESIAN_POINT ( 'NONE',  ( 0.5000000000000000000, 0.000000000000000000, 0.3250000000000000111 ) ) ;
#2207 = ORIENTED_EDGE ( 'NONE', *, *, #448, .T. ) ;
#2208 = EDGE_LOOP ( 'NONE', ( #1140, #1897, #410, #357, #322 ) ) ;
#2209 = CARTESIAN_POINT ( 'NONE',  ( 0.000000000000000000, 0.4087537910118554940, 0.000000000000000000 ) ) ;
#2210 = FACE_OUTER_BOUND ( 'NONE', #202, .T. ) ;
#2211 = ORIENTED_EDGE ( 'NONE', *, *, #1970, .T. ) ;
#2212 = VERTEX_POINT ( 'NONE', #2284 ) ;
#2213 = VERTEX_POINT ( 'NONE', #982 ) ;
#2214 = DIRECTION ( 'NONE',  ( -1.000000000000000000, 0.000000000000000000, -8.621886063503022129E-15 ) ) ;
#2215 = VERTEX_POINT ( 'NONE', #1199 ) ;
#2216 = ORIENTED_EDGE ( 'NONE', *, *, #160, .F. ) ;
#2217 = ORIENTED_EDGE ( 'NONE', *, *, #160, .T. ) ;
#2218 = VERTEX_POINT ( 'NONE', #241 ) ;
#2219 = FACE_OUTER_BOUND ( 'NONE', #1116, .T. ) ;
#2220 = DIRECTION ( 'NONE',  ( 1.807003620809174139E-16, 0.000000000000000000, -1.000000000000000000 ) ) ;
#2221 = CARTESIAN_POINT ( 'NONE',  ( 0.000000000000000000, 0.1499999999999999944, 0.000000000000000000 ) ) ;
#2222 = DIRECTION ( 'NONE',  ( 0.000000000000000000, 0.000000000000000000, -1.000000000000000000 ) ) ;
#2223 = VERTEX_POINT ( 'NONE', #359 ) ;
#2224 = PLANE ( 'NONE',  #838 ) ;
#2225 = ORIENTED_EDGE ( 'NONE', *, *, #1353, .F. ) ;
#2226 = VERTEX_POINT ( 'NONE', #2398 ) ;
#2227 = AXIS2_PLACEMENT_3D ( 'NONE', #2147, #1136, #1345 ) ;
#2228 = ORIENTED_EDGE ( 'NONE', *, *, #2405, .T. ) ;
#2229 = DIRECTION ( 'NONE',  ( -0.000000000000000000, -1.000000000000000000, -0.000000000000000000 ) ) ;
#2230 = ORIENTED_EDGE ( 'NONE', *, *, #2077, .T. ) ;
#2231 = PLANE ( 'NONE',  #2390 ) ;
#2232 = EDGE_CURVE ( 'NONE', #422, #2119, #890, .T. ) ;
#2233 = ORIENTED_EDGE ( 'NONE', *, *, #2287, .F. ) ;
#2234 = ORIENTED_EDGE ( 'NONE', *, *, #1440, .F. ) ;
#2235 = VERTEX_POINT ( 'NONE', #31 ) ;
#2236 = EDGE_CURVE ( 'NONE', #2540, #2589, #904, .T. ) ;
#2237 = VERTEX_POINT ( 'NONE', #754 ) ;
#2238 = EDGE_CURVE ( 'NONE', #2633, #2025, #1731, .T. ) ;
#2239 = DIRECTION ( 'NONE',  ( 1.000000000000000000, 0.000000000000000000, 0.000000000000000000 ) ) ;
#2240 = DIRECTION ( 'NONE',  ( -0.000000000000000000, -0.000000000000000000, -1.000000000000000000 ) ) ;
#2241 = SURFACE_SIDE_STYLE ('',( #1443 ) ) ;
#2242 = ORIENTED_EDGE ( 'NONE', *, *, #1444, .T. ) ;
#2243 = ORIENTED_EDGE ( 'NONE', *, *, #697, .T. ) ;
#2244 = PLANE ( 'NONE',  #584 ) ;
#2245 = ORIENTED_EDGE ( 'NONE', *, *, #1958, .F. ) ;
#2246 = CARTESIAN_POINT ( 'NONE',  ( 0.8000000000000025979, 0.07499999999999998335, -0.3989999999999945257 ) ) ;
#2247 = ADVANCED_FACE ( 'NONE', ( #2614 ), #222, .F. ) ;
#2248 = CLOSED_SHELL ( 'NONE', ( #504, #1188, #884, #1777, #889, #552, #1477, #2107, #595, #2569, #232, #2341, #675, #50, #107, #1310 ) ) ;
#2249 = PLANE ( 'NONE',  #2367 ) ;
#2250 = CARTESIAN_POINT ( 'NONE',  ( 0.8000000000000000444, 0.000000000000000000, -0.3250000000000000111 ) ) ;
#2251 = VERTEX_POINT ( 'NONE', #450 ) ;
#2252 = CARTESIAN_POINT ( 'NONE',  ( 0.5000000000000000000, 0.7908910531638175812, 0.3250000000000000111 ) ) ;
#2253 = DIRECTION ( 'NONE',  ( -0.000000000000000000, -1.000000000000000000, -0.000000000000000000 ) ) ;
#2254 = CARTESIAN_POINT ( 'NONE',  ( -0.8000000000000000444, 0.7908910531638175812, 0.3250000000000000111 ) ) ;
#2255 = DIRECTION ( 'NONE',  ( 0.000000000000000000, 1.000000000000000000, 0.000000000000000000 ) ) ;
#2256 = EDGE_CURVE ( 'NONE', #1089, #2126, #1723, .T. ) ;
#2257 = ORIENTED_EDGE ( 'NONE', *, *, #1284, .F. ) ;
#2258 = CARTESIAN_POINT ( 'NONE',  ( -0.5000000000000000000, 0.07499999999999998335, 0.3250000000000000111 ) ) ;
#2259 = VERTEX_POINT ( 'NONE', #733 ) ;
#2260 = DIRECTION ( 'NONE',  ( 0.000000000000000000, 0.000000000000000000, 1.000000000000000000 ) ) ;
#2261 = ORIENTED_EDGE ( 'NONE', *, *, #806, .F. ) ;
#2262 = EDGE_CURVE ( 'NONE', #802, #231, #37, .T. ) ;
#2263 = ADVANCED_FACE ( 'NONE', ( #2620 ), #2071, .T. ) ;
#2264 = DIRECTION ( 'NONE',  ( -1.000000000000000000, 0.000000000000000000, -0.000000000000000000 ) ) ;
#2265 = EDGE_CURVE ( 'NONE', #2571, #833, #836, .T. ) ;
#2266 = VERTEX_POINT ( 'NONE', #606 ) ;
#2267 = DIRECTION ( 'NONE',  ( -1.000000000000000000, -0.000000000000000000, -0.000000000000000000 ) ) ;
#2268 = DIRECTION ( 'NONE',  ( 8.621886063503022129E-15, 0.000000000000000000, -1.000000000000000000 ) ) ;
#2269 = DIRECTION ( 'NONE',  ( 0.000000000000000000, -0.000000000000000000, 1.000000000000000000 ) ) ;
#2270 = PLANE ( 'NONE',  #2325 ) ;
#2271 = VERTEX_POINT ( 'NONE', #1810 ) ;
#2272 = DIRECTION ( 'NONE',  ( 1.077735757937877766E-15, -0.000000000000000000, -1.000000000000000000 ) ) ;
#2273 = DIRECTION ( 'NONE',  ( -6.866613759074862467E-15, 0.000000000000000000, 1.000000000000000000 ) ) ;
#2274 = EDGE_LOOP ( 'NONE', ( #1851, #1003, #2020, #2024 ) ) ;
#2275 = CARTESIAN_POINT ( 'NONE',  ( 0.6499999999999970246, 0.07499999999999998335, 0.3990000000000044622 ) ) ;
#2276 = CARTESIAN_POINT ( 'NONE',  ( -0.6500000000000000222, -0.7476809831277262397, 0.1784000000000001140 ) ) ;
#2277 = AXIS2_PLACEMENT_3D ( 'NONE', #2333, #1157, #2008 ) ;
#2278 = CARTESIAN_POINT ( 'NONE',  ( 0.8000000000000000444, 0.07499999999999998335, 0.3249999999999999001 ) ) ;
#2279 = EDGE_CURVE ( 'NONE', #1038, #2299, #805, .T. ) ;
#2280 = CARTESIAN_POINT ( 'NONE',  ( -0.3000000000000000444, 0.1000000000000000056, -0.3995000000000000773 ) ) ;
#2281 = UNCERTAINTY_MEASURE_WITH_UNIT (LENGTH_MEASURE( 1.000000000000000082E-05 ), #379, 'distance_accuracy_value', 'NONE');
#2282 =( NAMED_UNIT ( * ) SI_UNIT ( $, .STERADIAN. ) SOLID_ANGLE_UNIT ( ) );
#2283 = DIRECTION ( 'NONE',  ( -1.000000000000000000, 0.000000000000000000, 1.807003620809174139E-16 ) ) ;
#2284 = CARTESIAN_POINT ( 'NONE',  ( -0.3000000000000000444, 0.1000000000000002554, 0.3995000000000000773 ) ) ;
#2285 = EDGE_LOOP ( 'NONE', ( #1179, #1031, #2136, #414 ) ) ;
#2286 = DIRECTION ( 'NONE',  ( 0.000000000000000000, -0.000000000000000000, -1.000000000000000000 ) ) ;
#2287 = EDGE_CURVE ( 'NONE', #377, #151, #2628, .T. ) ;
#2288 = ORIENTED_EDGE ( 'NONE', *, *, #2428, .T. ) ;
#2289 = DIRECTION ( 'NONE',  ( 0.000000000000000000, 1.000000000000000000, 0.000000000000000000 ) ) ;
#2290 = PLANE ( 'NONE',  #672 ) ;
#2291 = ADVANCED_FACE ( 'NONE', ( #1796 ), #2231, .F. ) ;
#2292 = ORIENTED_EDGE ( 'NONE', *, *, #409, .F. ) ;
#2293 = MECHANICAL_DESIGN_GEOMETRIC_PRESENTATION_REPRESENTATION (  '', ( #1528 ), #506 ) ;
#2294 = CARTESIAN_POINT ( 'NONE',  ( 4.221924326292002125E-17, 0.3999999999999999667, 0.3447462835187639629 ) ) ;
#2295 = ORIENTED_EDGE ( 'NONE', *, *, #1342, .F. ) ;
#2296 = AXIS2_PLACEMENT_3D ( 'NONE', #2139, #2312, #321 ) ;
#2297 = DIRECTION ( 'NONE',  ( 1.000000000000000000, 0.000000000000000000, -1.807003620809174139E-16 ) ) ;
#2298 = DIRECTION ( 'NONE',  ( 1.000000000000000000, 0.000000000000000000, 0.000000000000000000 ) ) ;
#2299 = VERTEX_POINT ( 'NONE', #2246 ) ;
#2300 = DIRECTION ( 'NONE',  ( 0.000000000000000000, 1.000000000000000000, 0.000000000000000000 ) ) ;
#2301 = EDGE_CURVE ( 'NONE', #1972, #158, #877, .T. ) ;
#2302 = ORIENTED_EDGE ( 'NONE', *, *, #523, .T. ) ;
#2303 = CARTESIAN_POINT ( 'NONE',  ( -0.8000000000000000444, 0.1499999999999999944, -0.3989999999999999658 ) ) ;
#2304 = DIRECTION ( 'NONE',  ( 1.000000000000000000, 0.000000000000000000, -1.877731507595261925E-16 ) ) ;
#2305 = CARTESIAN_POINT ( 'NONE',  ( 0.6500000000000017986, 0.1499999999999999944, -0.2983999999999956132 ) ) ;
#2306 = CARTESIAN_POINT ( 'NONE',  ( -0.8000000000000000444, 0.7908910531638175812, -0.3250000000000000111 ) ) ;
#2307 = DIRECTION ( 'NONE',  ( 1.000000000000000000, 0.000000000000000000, -1.807003620809174139E-16 ) ) ;
#2308 = CARTESIAN_POINT ( 'NONE',  ( -0.6500000000000001332, -0.7476809831277262397, -0.3989999999999999658 ) ) ;
#2309 = ADVANCED_FACE ( 'NONE', ( #30 ), #306, .T. ) ;
#2310 = EDGE_CURVE ( 'NONE', #2634, #1424, #1739, .T. ) ;
#2311 = CARTESIAN_POINT ( 'NONE',  ( 0.000000000000000000, 0.2999999999999999889, 0.000000000000000000 ) ) ;
#2312 = DIRECTION ( 'NONE',  ( 0.000000000000000000, 1.000000000000000000, 0.000000000000000000 ) ) ;
#2313 = ADVANCED_FACE ( 'NONE', ( #2593 ), #2163, .F. ) ;
#2314 = EDGE_CURVE ( 'NONE', #401, #2168, #2573, .T. ) ;
#2315 = AXIS2_PLACEMENT_3D ( 'NONE', #1397, #1207, #39 ) ;
#2316 = ORIENTED_EDGE ( 'NONE', *, *, #1837, .T. ) ;
#2317 = CARTESIAN_POINT ( 'NONE',  ( -0.5000000000000000000, 0.07499999999999998335, -0.3249999999999999556 ) ) ;
#2318 = ORIENTED_EDGE ( 'NONE', *, *, #2568, .T. ) ;
#2319 = CARTESIAN_POINT ( 'NONE',  ( 0.7999999999999970468, 0.1499999999999999944, 0.3990000000000054614 ) ) ;
#2320 = CARTESIAN_POINT ( 'NONE',  ( -0.8000000000000000444, 0.1499999999999999944, -0.3989999999999999658 ) ) ;
#2321 = CARTESIAN_POINT ( 'NONE',  ( -0.6500000000000000222, 0.07499999999999998335, 0.2984000000000001096 ) ) ;
#2322 = VERTEX_POINT ( 'NONE', #2100 ) ;
#2323 = CARTESIAN_POINT ( 'NONE',  ( -0.3000000000000000444, 0.9236510183324003753, 0.3995000000000000773 ) ) ;
#2324 = VERTEX_POINT ( 'NONE', #1910 ) ;
#2325 = AXIS2_PLACEMENT_3D ( 'NONE', #1362, #2036, #236 ) ;
#2326 = CARTESIAN_POINT ( 'NONE',  ( 0.000000000000000000, 0.000000000000000000, 0.000000000000000000 ) ) ;
#2327 = CARTESIAN_POINT ( 'NONE',  ( -0.6500000000000001332, 0.07499999999999998335, 0.3990000000000000213 ) ) ;
#2328 = ORIENTED_EDGE ( 'NONE', *, *, #2481, .F. ) ;
#2329 = ADVANCED_FACE ( 'NONE', ( #897 ), #899, .T. ) ;
#2330 = CARTESIAN_POINT ( 'NONE',  ( 0.5000000000000000000, 0.7908910531638175812, 0.3250000000000000111 ) ) ;
#2331 = FACE_OUTER_BOUND ( 'NONE', #1623, .T. ) ;
#2332 = ORIENTED_EDGE ( 'NONE', *, *, #2301, .T. ) ;
#2333 = CARTESIAN_POINT ( 'NONE',  ( 0.000000000000000000, 0.07499999999999999722, 0.000000000000000000 ) ) ;
#2334 = CARTESIAN_POINT ( 'NONE',  ( -0.1000000000000000194, 0.1000000000000000056, -0.3995000000000000773 ) ) ;
#2335 = LINE ( 'NONE', #985, #2389 ) ;
#2336 = EDGE_CURVE ( 'NONE', #555, #345, #2636, .T. ) ;
#2337 = CARTESIAN_POINT ( 'NONE',  ( 0.8000000000000000444, 0.000000000000000000, 0.4000000000000000777 ) ) ;
#2338 = EDGE_LOOP ( 'NONE', ( #2357, #2131, #1230, #1235 ) ) ;
#2339 = DIRECTION ( 'NONE',  ( -7.228014483236695175E-15, 0.000000000000000000, 1.000000000000000000 ) ) ;
#2340 = ORIENTED_EDGE ( 'NONE', *, *, #51, .F. ) ;
#2341 = ADVANCED_FACE ( 'NONE', ( #810 ), #1131, .T. ) ;
#2342 = DIRECTION ( 'NONE',  ( 0.000000000000000000, 0.000000000000000000, 1.000000000000000000 ) ) ;
#2343 = ORIENTED_EDGE ( 'NONE', *, *, #693, .T. ) ;
#2344 = DIRECTION ( 'NONE',  ( 0.000000000000000000, 1.000000000000000000, 0.000000000000000000 ) ) ;
#2345 = AXIS2_PLACEMENT_3D ( 'NONE', #1873, #2260, #2412 ) ;
#2346 = VERTEX_POINT ( 'NONE', #861 ) ;
#2347 = DIRECTION ( 'NONE',  ( -0.000000000000000000, 1.000000000000000000, -0.000000000000000000 ) ) ;
#2348 = PLANE ( 'NONE',  #538 ) ;
#2349 = CARTESIAN_POINT ( 'NONE',  ( -0.8000000000000000444, 0.1499999999999999944, -0.3989999999999999658 ) ) ;
#2350 = VECTOR ( 'NONE', #2188, 1000.000000000000000 ) ;
#2351 = VERTEX_POINT ( 'NONE', #1892 ) ;
#2352 = CARTESIAN_POINT ( 'NONE',  ( 0.8000000000000000444, 0.7908910531638175812, -0.3250000000000000111 ) ) ;
#2353 = ORIENTED_EDGE ( 'NONE', *, *, #2481, .T. ) ;
#2354 = DIRECTION ( 'NONE',  ( 1.000000000000000000, 0.000000000000000000, -0.000000000000000000 ) ) ;
#2355 = VECTOR ( 'NONE', #1505, 1000.000000000000000 ) ;
#2356 = DIRECTION ( 'NONE',  ( -1.000000000000000000, -0.000000000000000000, -0.000000000000000000 ) ) ;
#2357 = ORIENTED_EDGE ( 'NONE', *, *, #1715, .T. ) ;
#2358 = EDGE_CURVE ( 'NONE', #2212, #1391, #1744, .T. ) ;
#2359 = CARTESIAN_POINT ( 'NONE',  ( -0.8000000000000000444, 0.000000000000000000, -0.3999999999999999667 ) ) ;
#2360 = EDGE_CURVE ( 'NONE', #2324, #980, #1759, .T. ) ;
#2361 = DIRECTION ( 'NONE',  ( 8.621886063503022129E-15, 0.000000000000000000, -1.000000000000000000 ) ) ;
#2362 = DIRECTION ( 'NONE',  ( 0.000000000000000000, 1.000000000000000000, 0.000000000000000000 ) ) ;
#2363 = CARTESIAN_POINT ( 'NONE',  ( -0.3000000000000000444, 0.1000000000000000056, -0.3995000000000000773 ) ) ;
#2364 = DIRECTION ( 'NONE',  ( 0.000000000000000000, -1.000000000000000000, 0.000000000000000000 ) ) ;
#2365 = CARTESIAN_POINT ( 'NONE',  ( -0.5999999999999998668, 0.1499999999999999944, 0.3999999999999999667 ) ) ;
#2366 = CARTESIAN_POINT ( 'NONE',  ( 0.8000000000000000444, 0.1499999999999999944, -0.3999999999999999667 ) ) ;
#2367 = AXIS2_PLACEMENT_3D ( 'NONE', #1045, #2289, #2402 ) ;
#2368 = DIRECTION ( 'NONE',  ( -0.000000000000000000, -1.000000000000000000, -0.000000000000000000 ) ) ;
#2369 = PLANE ( 'NONE',  #2507 ) ;
#2370 = VECTOR ( 'NONE', #2422, 1000.000000000000000 ) ;
#2371 = CARTESIAN_POINT ( 'NONE',  ( -0.5000000000000000000, 0.07499999999999998335, 0.3250000000000000111 ) ) ;
#2372 = CARTESIAN_POINT ( 'NONE',  ( -0.5999999999999998668, -0.7476809831277262397, 0.2984000000000001096 ) ) ;
#2373 = LINE ( 'NONE', #1546, #2355 ) ;
#2374 = FACE_OUTER_BOUND ( 'NONE', #2038, .T. ) ;
#2375 = FACE_OUTER_BOUND ( 'NONE', #1351, .T. ) ;
#2376 = EDGE_CURVE ( 'NONE', #1162, #95, #869, .T. ) ;
#2377 = DIRECTION ( 'NONE',  ( 1.000000000000000000, -0.000000000000000000, 7.589415207398512105E-15 ) ) ;
#2378 = DIRECTION ( 'NONE',  ( 0.000000000000000000, 1.000000000000000000, 0.000000000000000000 ) ) ;
#2379 = FACE_OUTER_BOUND ( 'NONE', #960, .T. ) ;
#2380 = DIRECTION ( 'NONE',  ( -8.621886063503022129E-15, 0.000000000000000000, 1.000000000000000000 ) ) ;
#2381 = CARTESIAN_POINT ( 'NONE',  ( -0.5000000000000000000, 0.07499999999999998335, -0.3249999999999999556 ) ) ;
#2382 = CARTESIAN_POINT ( 'NONE',  ( 0.6500000000000026867, -0.7476809831277262397, -0.3989999999999955249 ) ) ;
#2383 = CARTESIAN_POINT ( 'NONE',  ( -2.143131898507867989E-17, 0.6500000000000000222, 0.000000000000000000 ) ) ;
#2384 = FACE_OUTER_BOUND ( 'NONE', #171, .T. ) ;
#2385 = PRESENTATION_STYLE_ASSIGNMENT (( #1522 ) ) ;
#2386 = ADVANCED_FACE ( 'NONE', ( #873 ), #482, .F. ) ;
#2387 = LINE ( 'NONE', #315, #1514 ) ;
#2388 = DIRECTION ( 'NONE',  ( -1.224646799147353207E-16, 0.000000000000000000, -1.000000000000000000 ) ) ;
#2389 = VECTOR ( 'NONE', #1393, 1000.000000000000000 ) ;
#2390 = AXIS2_PLACEMENT_3D ( 'NONE', #1390, #1541, #2023 ) ;
#2391 = LINE ( 'NONE', #221, #1468 ) ;
#2392 = DIRECTION ( 'NONE',  ( 1.000000000000000000, -0.000000000000000000, 6.866613759074862467E-15 ) ) ;
#2393 =( LENGTH_UNIT ( ) NAMED_UNIT ( * ) SI_UNIT ( .MILLI., .METRE. ) );
#2394 = VECTOR ( 'NONE', #1859, 1000.000000000000000 ) ;
#2395 = STYLED_ITEM ( 'NONE', ( #1704 ), #1114 ) ;
#2396 = FACE_OUTER_BOUND ( 'NONE', #2551, .T. ) ;
#2397 = CARTESIAN_POINT ( 'NONE',  ( -0.6500000000000001332, 0.1499999999999999944, -0.3989999999999999658 ) ) ;
#2398 = CARTESIAN_POINT ( 'NONE',  ( 0.6000000000000000888, 0.1499999999999999944, -0.3999999999999999667 ) ) ;
#2399 = FACE_OUTER_BOUND ( 'NONE', #969, .T. ) ;
#2400 = PRESENTATION_STYLE_ASSIGNMENT (( #449 ) ) ;
#2401 = VECTOR ( 'NONE', #1756, 1000.000000000000000 ) ;
#2402 = DIRECTION ( 'NONE',  ( 0.000000000000000000, -0.000000000000000000, 1.000000000000000000 ) ) ;
#2403 = EDGE_CURVE ( 'NONE', #1603, #2322, #1776, .T. ) ;
#2404 = DIRECTION ( 'NONE',  ( 0.000000000000000000, -0.000000000000000000, -1.000000000000000000 ) ) ;
#2405 = EDGE_CURVE ( 'NONE', #2167, #1839, #65, .T. ) ;
#2406 = LINE ( 'NONE', #666, #1471 ) ;
#2407 = DIRECTION ( 'NONE',  ( -0.000000000000000000, -1.000000000000000000, -0.000000000000000000 ) ) ;
#2408 = DIRECTION ( 'NONE',  ( -1.000000000000000000, 0.000000000000000000, -0.000000000000000000 ) ) ;
#2409 = DIRECTION ( 'NONE',  ( 1.000000000000000000, 0.000000000000000000, 0.000000000000000000 ) ) ;
#2410 = LINE ( 'NONE', #777, #639 ) ;
#2411 =( NAMED_UNIT ( * ) PLANE_ANGLE_UNIT ( ) SI_UNIT ( $, .RADIAN. ) );
#2412 = DIRECTION ( 'NONE',  ( 1.000000000000000000, 0.000000000000000000, -0.000000000000000000 ) ) ;
#2413 = FACE_OUTER_BOUND ( 'NONE', #1047, .T. ) ;
#2414 = LINE ( 'NONE', #998, #603 ) ;
#2415 = DIRECTION ( 'NONE',  ( 0.000000000000000000, 1.000000000000000000, 0.000000000000000000 ) ) ;
#2416 = DIRECTION ( 'NONE',  ( -0.000000000000000000, -1.000000000000000000, -0.000000000000000000 ) ) ;
#2417 = LINE ( 'NONE', #2397, #2370 ) ;
#2418 = DIRECTION ( 'NONE',  ( -0.000000000000000000, 1.000000000000000000, -0.000000000000000000 ) ) ;
#2419 = CARTESIAN_POINT ( 'NONE',  ( 0.6000000000000016431, 0.1499999999999999944, -0.2983999999999960018 ) ) ;
#2420 = AXIS2_PLACEMENT_3D ( 'NONE', #1736, #2483, #2339 ) ;
#2421 = ADVANCED_FACE ( 'NONE', ( #85 ), #105, .T. ) ;
#2422 = DIRECTION ( 'NONE',  ( -1.877731507595262172E-16, -0.000000000000000000, -1.000000000000000000 ) ) ;
#2423 = DIRECTION ( 'NONE',  ( 6.759833427342943129E-15, 0.000000000000000000, -1.000000000000000000 ) ) ;
#2424 = COLOUR_RGB ( '',1.000000000000000000, 1.000000000000000000, 1.000000000000000000 ) ;
#2425 = EDGE_CURVE ( 'NONE', #2223, #2324, #1018, .T. ) ;
#2426 = PRESENTATION_STYLE_ASSIGNMENT (( #330 ) ) ;
#2427 = PLANE ( 'NONE',  #2499 ) ;
#2428 = EDGE_CURVE ( 'NONE', #1187, #244, #1844, .T. ) ;
#2429 = DIRECTION ( 'NONE',  ( 1.000000000000000000, 0.000000000000000000, -0.000000000000000000 ) ) ;
#2430 = LINE ( 'NONE', #2206, #1529 ) ;
#2431 = DIRECTION ( 'NONE',  ( -1.877731507595262172E-16, -0.000000000000000000, -1.000000000000000000 ) ) ;
#2432 = CARTESIAN_POINT ( 'NONE',  ( 0.8000000000000025979, 0.1499999999999999944, -0.3989999999999945257 ) ) ;
#2433 = CARTESIAN_POINT ( 'NONE',  ( -0.8000000000000000444, 0.1499999999999999944, -0.3999999999999999667 ) ) ;
#2434 = CARTESIAN_POINT ( 'NONE',  ( 0.6500000000000020206, 0.07499999999999998335, -0.3250000000000000111 ) ) ;
#2435 = LINE ( 'NONE', #2130, #612 ) ;
#2436 = DIRECTION ( 'NONE',  ( 0.000000000000000000, -0.000000000000000000, 1.000000000000000000 ) ) ;
#2437 = ADVANCED_FACE ( 'NONE', ( #172 ), #1255, .T. ) ;
#2438 = VECTOR ( 'NONE', #1013, 1000.000000000000000 ) ;
#2439 = CARTESIAN_POINT ( 'NONE',  ( -0.3000000000000000444, 0.000000000000000000, -0.3995000000000000773 ) ) ;
#2440 = LINE ( 'NONE', #2306, #2490 ) ;
#2441 = CARTESIAN_POINT ( 'NONE',  ( 0.6500000000000017986, -0.7476809831277262397, -0.2983999999999956132 ) ) ;
#2442 = DIRECTION ( 'NONE',  ( 0.000000000000000000, 0.000000000000000000, 1.000000000000000000 ) ) ;
#2443 = VECTOR ( 'NONE', #2598, 1000.000000000000000 ) ;
#2444 = AXIS2_PLACEMENT_3D ( 'NONE', #1101, #1952, #650 ) ;
#2445 = DIRECTION ( 'NONE',  ( -1.000000000000000000, 0.000000000000000000, -7.228014483236695175E-15 ) ) ;
#2446 = CARTESIAN_POINT ( 'NONE',  ( 0.8000000000000000444, 0.1499999999999999944, -0.3999999999999999667 ) ) ;
#2447 = DIRECTION ( 'NONE',  ( 1.877731507595261925E-16, -0.000000000000000000, 1.000000000000000000 ) ) ;
#2448 = LINE ( 'NONE', #1848, #1543 ) ;
#2449 = EDGE_CURVE ( 'NONE', #2213, #2069, #2335, .T. ) ;
#2450 = DIRECTION ( 'NONE',  ( -1.077735757937877766E-15, 0.000000000000000000, 1.000000000000000000 ) ) ;
#2451 = CARTESIAN_POINT ( 'NONE',  ( -0.8000000000000000444, -0.7476809831277262397, -0.3989999999999999658 ) ) ;
#2452 = LINE ( 'NONE', #1383, #2516 ) ;
#2453 = VERTEX_POINT ( 'NONE', #1429 ) ;
#2454 = VECTOR ( 'NONE', #1226, 1000.000000000000000 ) ;
#2455 = CARTESIAN_POINT ( 'NONE',  ( -0.8000000000000000444, 0.000000000000000000, 0.4000000000000000777 ) ) ;
#2456 = DIRECTION ( 'NONE',  ( -1.877731507595261925E-16, 0.000000000000000000, -1.000000000000000000 ) ) ;
#2457 = LINE ( 'NONE', #2252, #2509 ) ;
#2458 = AXIS2_PLACEMENT_3D ( 'NONE', #2555, #764, #139 ) ;
#2459 = FILL_AREA_STYLE ('',( #97 ) ) ;
#2460 = DIRECTION ( 'NONE',  ( -0.000000000000000000, -0.000000000000000000, 1.000000000000000000 ) ) ;
#2461 = SURFACE_STYLE_USAGE ( .BOTH. , #1488 ) ;
#2462 = LINE ( 'NONE', #1193, #2549 ) ;
#2463 = LINE ( 'NONE', #629, #724 ) ;
#2464 = AXIS2_PLACEMENT_3D ( 'NONE', #494, #1737, #1278 ) ;
#2465 = CARTESIAN_POINT ( 'NONE',  ( -0.1000000000000000194, 0.000000000000000000, -0.3995000000000000773 ) ) ;
#2466 = VECTOR ( 'NONE', #2080, 1000.000000000000000 ) ;
#2467 = VECTOR ( 'NONE', #2269, 1000.000000000000000 ) ;
#2468 = ORIENTED_EDGE ( 'NONE', *, *, #1084, .F. ) ;
#2469 = DIRECTION ( 'NONE',  ( 0.000000000000000000, 0.000000000000000000, 1.000000000000000000 ) ) ;
#2470 = LINE ( 'NONE', #24, #1555 ) ;
#2471 = EDGE_CURVE ( 'NONE', #587, #116, #2373, .T. ) ;
#2472 = ADVANCED_FACE ( 'NONE', ( #586 ), #2249, .T. ) ;
#2473 = VECTOR ( 'NONE', #461, 1000.000000000000000 ) ;
#2474 = PLANE ( 'NONE',  #816 ) ;
#2475 =( NAMED_UNIT ( * ) PLANE_ANGLE_UNIT ( ) SI_UNIT ( $, .RADIAN. ) );
#2476 = CARTESIAN_POINT ( 'NONE',  ( 0.6500000000000026867, 0.07499999999999998335, -0.3989999999999955249 ) ) ;
#2477 = CARTESIAN_POINT ( 'NONE',  ( 0.8000000000000025979, 0.07499999999999998335, -0.3989999999999945257 ) ) ;
#2478 = FACE_OUTER_BOUND ( 'NONE', #498, .T. ) ;
#2479 = VERTEX_POINT ( 'NONE', #789 ) ;
#2480 = ORIENTED_EDGE ( 'NONE', *, *, #546, .T. ) ;
#2481 = EDGE_CURVE ( 'NONE', #828, #2185, #1480, .T. ) ;
#2482 = FACE_OUTER_BOUND ( 'NONE', #1903, .T. ) ;
#2483 = DIRECTION ( 'NONE',  ( -1.000000000000000000, 0.000000000000000000, -7.228014483236695175E-15 ) ) ;
#2484 = CARTESIAN_POINT ( 'NONE',  ( -0.5999999999999998668, 0.07499999999999998335, 0.1784000000000001140 ) ) ;
#2485 = VECTOR ( 'NONE', #418, 1000.000000000000000 ) ;
#2486 = LINE ( 'NONE', #1919, #736 ) ;
#2487 = PLANE ( 'NONE',  #1499 ) ;
#2488 = VECTOR ( 'NONE', #1399, 1000.000000000000000 ) ;
#2489 = CARTESIAN_POINT ( 'NONE',  ( -0.6500000000000001332, 0.07499999999999998335, -0.3250000000000000111 ) ) ;
#2490 = VECTOR ( 'NONE', #284, 1000.000000000000000 ) ;
#2491 = ADVANCED_FACE ( 'NONE', ( #623 ), #742, .T. ) ;
#2492 = VECTOR ( 'NONE', #2239, 1000.000000000000000 ) ;
#2493 = LINE ( 'NONE', #1225, #671 ) ;
#2494 = DIRECTION ( 'NONE',  ( 1.000000000000000000, -0.000000000000000000, 0.000000000000000000 ) ) ;
#2495 = DIRECTION ( 'NONE',  ( -0.000000000000000000, 1.000000000000000000, -0.000000000000000000 ) ) ;
#2496 = DIRECTION ( 'NONE',  ( 0.000000000000000000, -0.000000000000000000, 1.000000000000000000 ) ) ;
#2497 = VECTOR ( 'NONE', #500, 1000.000000000000000 ) ;
#2498 = EDGE_LOOP ( 'NONE', ( #183, #402, #1297, #386, #133, #1239, #120, #2155 ) ) ;
#2499 = AXIS2_PLACEMENT_3D ( 'NONE', #1190, #227, #1818 ) ;
#2500 = ADVANCED_FACE ( 'NONE', ( #2331 ), #2427, .F. ) ;
#2501 = PRESENTATION_STYLE_ASSIGNMENT (( #299 ) ) ;
#2502 = CARTESIAN_POINT ( 'NONE',  ( 0.7999999999999970468, 0.07499999999999998335, 0.3990000000000054614 ) ) ;
#2503 = DIRECTION ( 'NONE',  ( 0.000000000000000000, -1.000000000000000000, 0.000000000000000000 ) ) ;
#2504 = FACE_OUTER_BOUND ( 'NONE', #1565, .T. ) ;
#2505 = ORIENTED_EDGE ( 'NONE', *, *, #1287, .F. ) ;
#2506 = LINE ( 'NONE', #1610, #1574 ) ;
#2507 = AXIS2_PLACEMENT_3D ( 'NONE', #1251, #727, #186 ) ;
#2508 = PLANE ( 'NONE',  #2093 ) ;
#2509 = VECTOR ( 'NONE', #2407, 1000.000000000000000 ) ;
#2510 = EDGE_LOOP ( 'NONE', ( #349, #1311, #332, #1228 ) ) ;
#2511 = CARTESIAN_POINT ( 'NONE',  ( -0.1000000000000000194, 0.1000000000000000056, -0.3995000000000000773 ) ) ;
#2512 = EDGE_LOOP ( 'NONE', ( #2016, #2211 ) ) ;
#2513 = COLOUR_RGB ( '',0.000000000000000000, 0.5019607843137254832, 0.000000000000000000 ) ;
#2514 = DIRECTION ( 'NONE',  ( -0.000000000000000000, 0.000000000000000000, 1.000000000000000000 ) ) ;
#2515 = EDGE_CURVE ( 'NONE', #2213, #459, #1449, .T. ) ;
#2516 = VECTOR ( 'NONE', #2267, 1000.000000000000000 ) ;
#2517 = ORIENTED_EDGE ( 'NONE', *, *, #850, .T. ) ;
#2518 = EDGE_LOOP ( 'NONE', ( #1173, #2353, #2116, #2505 ) ) ;
#2519 = VECTOR ( 'NONE', #2240, 1000.000000000000000 ) ;
#2520 = CARTESIAN_POINT ( 'NONE',  ( -0.3000000000000000444, 0.000000000000000000, -0.3995000000000000773 ) ) ;
#2521 = CARTESIAN_POINT ( 'NONE',  ( -0.6500000000000001332, 0.1499999999999999944, 0.3990000000000000213 ) ) ;
#2522 = EDGE_CURVE ( 'NONE', #1649, #1991, #620, .T. ) ;
#2523 = ADVANCED_FACE ( 'NONE', ( #2384 ), #1562, .F. ) ;
#2524 = LINE ( 'NONE', #1209, #1637 ) ;
#2525 = ORIENTED_EDGE ( 'NONE', *, *, #1863, .F. ) ;
#2526 = LINE ( 'NONE', #1151, #2438 ) ;
#2527 = EDGE_CURVE ( 'NONE', #729, #2160, #1485, .T. ) ;
#2528 = DIRECTION ( 'NONE',  ( 1.000000000000000000, -0.000000000000000000, -0.000000000000000000 ) ) ;
#2529 = EDGE_CURVE ( 'NONE', #249, #1428, #1439, .T. ) ;
#2530 = LINE ( 'NONE', #1804, #1620 ) ;
#2531 = ORIENTED_EDGE ( 'NONE', *, *, #2336, .T. ) ;
#2532 = VERTEX_POINT ( 'NONE', #210 ) ;
#2533 = ADVANCED_FACE ( 'NONE', ( #608 ), #558, .F. ) ;
#2534 = LINE ( 'NONE', #1182, #1544 ) ;
#2535 = AXIS2_PLACEMENT_3D ( 'NONE', #562, #2342, #1167 ) ;
#2536 = CARTESIAN_POINT ( 'NONE',  ( -0.5999999999999998668, -0.7476809831277262397, 0.1784000000000001140 ) ) ;
#2537 = FACE_OUTER_BOUND ( 'NONE', #2042, .T. ) ;
#2538 = ORIENTED_EDGE ( 'NONE', *, *, #501, .F. ) ;
#2539 = CARTESIAN_POINT ( 'NONE',  ( 0.5000000000000000000, 0.7908910531638175812, -0.3249999999999999556 ) ) ;
#2540 = VERTEX_POINT ( 'NONE', #432 ) ;
#2541 = DIRECTION ( 'NONE',  ( -0.000000000000000000, -0.000000000000000000, 1.000000000000000000 ) ) ;
#2542 = VECTOR ( 'NONE', #2541, 1000.000000000000000 ) ;
#2543 = PRESENTATION_LAYER_ASSIGNMENT (  '', '', ( #1528 ) ) ;
#2544 = VECTOR ( 'NONE', #2431, 1000.000000000000000 ) ;
#2545 = ORIENTED_EDGE ( 'NONE', *, *, #220, .F. ) ;
#2546 = VECTOR ( 'NONE', #539, 1000.000000000000000 ) ;
#2547 = ORIENTED_EDGE ( 'NONE', *, *, #1799, .F. ) ;
#2548 = FILL_AREA_STYLE ('',( #1139 ) ) ;
#2549 = VECTOR ( 'NONE', #6, 1000.000000000000000 ) ;
#2550 = LINE ( 'NONE', #522, #1814 ) ;
#2551 = EDGE_LOOP ( 'NONE', ( #1264, #111, #1894, #946 ) ) ;
#2552 = LINE ( 'NONE', #440, #787 ) ;
#2553 = ORIENTED_EDGE ( 'NONE', *, *, #1706, .F. ) ;
#2554 = DIRECTION ( 'NONE',  ( -0.000000000000000000, -1.000000000000000000, -0.000000000000000000 ) ) ;
#2555 = CARTESIAN_POINT ( 'NONE',  ( 0.6000000000000016431, -0.7476809831277262397, -0.2983999999999960018 ) ) ;
#2556 = AXIS2_PLACEMENT_3D ( 'NONE', #1673, #305, #2161 ) ;
#2557 = ADVANCED_FACE ( 'NONE', ( #588 ), #246, .F. ) ;
#2558 = LINE ( 'NONE', #2536, #846 ) ;
#2559 = LINE ( 'NONE', #1666, #1828 ) ;
#2560 = EDGE_LOOP ( 'NONE', ( #2187, #2230, #1948, #1079, #411 ) ) ;
#2561 = LINE ( 'NONE', #2432, #1699 ) ;
#2562 = ORIENTED_EDGE ( 'NONE', *, *, #1350, .F. ) ;
#2563 = LINE ( 'NONE', #1930, #22 ) ;
#2564 = LINE ( 'NONE', #2081, #1652 ) ;
#2565 = ORIENTED_EDGE ( 'NONE', *, *, #2114, .F. ) ;
#2566 = DIRECTION ( 'NONE',  ( -0.000000000000000000, -1.000000000000000000, -0.000000000000000000 ) ) ;
#2567 = EDGE_LOOP ( 'NONE', ( #1700, #1682, #408, #1302, #2109 ) ) ;
#2568 = EDGE_CURVE ( 'NONE', #2235, #1431, #1473, .T. ) ;
#2569 = ADVANCED_FACE ( 'NONE', ( #2399 ), #455, .T. ) ;
#2570 = LINE ( 'NONE', #2608, #2585 ) ;
#2571 = VERTEX_POINT ( 'NONE', #1355 ) ;
#2572 = CARTESIAN_POINT ( 'NONE',  ( -0.5000000000000000000, 0.000000000000000000, 0.3250000000000000111 ) ) ;
#2573 = LINE ( 'NONE', #2451, #864 ) ;
#2574 = LINE ( 'NONE', #507, #791 ) ;
#2575 = VECTOR ( 'NONE', #2496, 1000.000000000000000 ) ;
#2576 = VERTEX_POINT ( 'NONE', #2043 ) ;
#2577 = LINE ( 'NONE', #1451, #821 ) ;
#2578 = ORIENTED_EDGE ( 'NONE', *, *, #2568, .F. ) ;
#2579 = EDGE_CURVE ( 'NONE', #1839, #692, #1467, .T. ) ;
#2580 = CARTESIAN_POINT ( 'NONE',  ( -0.8000000000000000444, 0.1499999999999999944, -0.3999999999999999667 ) ) ;
#2581 = PLANE ( 'NONE',  #596 ) ;
#2582 = LINE ( 'NONE', #2142, #1695 ) ;
#2583 = VECTOR ( 'NONE', #1716, 1000.000000000000000 ) ;
#2584 = ORIENTED_EDGE ( 'NONE', *, *, #2026, .T. ) ;
#2585 = VECTOR ( 'NONE', #1378, 1000.000000000000000 ) ;
#2586 = EDGE_LOOP ( 'NONE', ( #968, #979, #115, #1875 ) ) ;
#2587 = FACE_OUTER_BOUND ( 'NONE', #2617, .T. ) ;
#2588 = COLOUR_RGB ( '',1.000000000000000000, 0.8117647058823529438, 0.5019607843137254832 ) ;
#2589 = VERTEX_POINT ( 'NONE', #387 ) ;
#2590 = LINE ( 'NONE', #1780, #2401 ) ;
#2591 = ORIENTED_EDGE ( 'NONE', *, *, #333, .F. ) ;
#2592 = CARTESIAN_POINT ( 'NONE',  ( 0.8000000000000000444, 0.000000000000000000, -0.3999999999999999667 ) ) ;
#2593 = FACE_OUTER_BOUND ( 'NONE', #2498, .T. ) ;
#2594 = FACE_OUTER_BOUND ( 'NONE', #566, .T. ) ;
#2595 = LINE ( 'NONE', #547, #2583 ) ;
#2596 = VERTEX_POINT ( 'NONE', #2455 ) ;
#2597 = AXIS2_PLACEMENT_3D ( 'NONE', #2209, #513, #641 ) ;
#2598 = DIRECTION ( 'NONE',  ( 0.000000000000000000, 0.000000000000000000, -1.000000000000000000 ) ) ;
#2599 = VECTOR ( 'NONE', #2494, 1000.000000000000000 ) ;
#2600 = ORIENTED_EDGE ( 'NONE', *, *, #642, .T. ) ;
#2601 = CARTESIAN_POINT ( 'NONE',  ( 0.6500000000000017986, 0.07499999999999998335, -0.2983999999999956132 ) ) ;
#2602 = FACE_OUTER_BOUND ( 'NONE', #1633, .T. ) ;
#2603 = VECTOR ( 'NONE', #1108, 1000.000000000000000 ) ;
#2604 = ORIENTED_EDGE ( 'NONE', *, *, #1791, .T. ) ;
#2605 = LINE ( 'NONE', #2371, #2546 ) ;
#2606 = AXIS2_PLACEMENT_3D ( 'NONE', #721, #1382, #2031 ) ;
#2607 = ORIENTED_EDGE ( 'NONE', *, *, #1125, .F. ) ;
#2608 = CARTESIAN_POINT ( 'NONE',  ( 0.8000000000000000444, 0.7908910531638175812, 0.3250000000000000111 ) ) ;
#2609 = VECTOR ( 'NONE', #350, 1000.000000000000000 ) ;
#2610 = VECTOR ( 'NONE', #2447, 1000.000000000000000 ) ;
#2611 = ORIENTED_EDGE ( 'NONE', *, *, #2232, .F. ) ;
#2612 = ORIENTED_EDGE ( 'NONE', *, *, #665, .F. ) ;
#2613 = AXIS2_PLACEMENT_3D ( 'NONE', #1789, #43, #618 ) ;
#2614 = FACE_OUTER_BOUND ( 'NONE', #785, .T. ) ;
#2615 = LINE ( 'NONE', #1768, #1710 ) ;
#2616 = LINE ( 'NONE', #2477, #779 ) ;
#2617 = EDGE_LOOP ( 'NONE', ( #1246, #1134, #273, #279 ) ) ;
#2618 = ORIENTED_EDGE ( 'NONE', *, *, #1964, .F. ) ;
#2619 = DIRECTION ( 'NONE',  ( 0.000000000000000000, 0.000000000000000000, -1.000000000000000000 ) ) ;
#2620 = FACE_OUTER_BOUND ( 'NONE', #2586, .T. ) ;
#2621 = VECTOR ( 'NONE', #611, 1000.000000000000000 ) ;
#2622 = LINE ( 'NONE', #2365, #867 ) ;
#2623 = CARTESIAN_POINT ( 'NONE',  ( 0.6000000000000016431, -0.7476809831277262397, -0.2983999999999960018 ) ) ;
#2624 = ORIENTED_EDGE ( 'NONE', *, *, #693, .F. ) ;
#2625 = CARTESIAN_POINT ( 'NONE',  ( 0.6500000000000026867, 0.1499999999999999944, -0.3989999999999955249 ) ) ;
#2626 = VERTEX_POINT ( 'NONE', #1263 ) ;
#2627 =( NAMED_UNIT ( * ) PLANE_ANGLE_UNIT ( ) SI_UNIT ( $, .RADIAN. ) );
#2628 = LINE ( 'NONE', #1426, #885 ) ;
#2629 = EDGE_CURVE ( 'NONE', #1202, #158, #577, .T. ) ;
#2630 = ADVANCED_FACE ( 'NONE', ( #2375 ), #1080, .F. ) ;
#2631 = FACE_OUTER_BOUND ( 'NONE', #1260, .T. ) ;
#2632 = LINE ( 'NONE', #1229, #880 ) ;
#2633 = VERTEX_POINT ( 'NONE', #472 ) ;
#2634 = VERTEX_POINT ( 'NONE', #1288 ) ;
#2635 = PLANE ( 'NONE',  #1782 ) ;
#2636 = LINE ( 'NONE', #2484, #852 ) ;
#2637 = VECTOR ( 'NONE', #165, 1000.000000000000000 ) ;
#2638 = SURFACE_STYLE_FILL_AREA ( #286 ) ;
#2639 = ORIENTED_EDGE ( 'NONE', *, *, #642, .F. ) ;
#2640 = FACE_OUTER_BOUND ( 'NONE', #480, .T. ) ;
#2641 = AXIS2_PLACEMENT_3D ( 'NONE', #325, #146, #1521 ) ;
#2642 = LINE ( 'NONE', #1842, #879 ) ;
#2643 = VECTOR ( 'NONE', #1788, 1000.000000000000000 ) ;
#2644 = DIRECTION ( 'NONE',  ( 0.000000000000000000, 0.000000000000000000, -1.000000000000000000 ) ) ;
ENDSEC;
END-ISO-10303-21;
