ISO-10303-21;
HEADER;
FILE_DESCRIPTION (( 'STEP AP214' ),
    '1' );
FILE_NAME ('BD433M5FP-CE2.STEP',
    '2024-08-08T07:29:18',
    ( '' ),
    ( '' ),
    'SwSTEP 2.0',
    'SolidWorks 2022',
    '' );
FILE_SCHEMA (( 'AUTOMOTIVE_DESIGN' ));
ENDSEC;

DATA;
#1 = ORIENTED_EDGE ( 'NONE', *, *, #931, .F. ) ;
#2 = CARTESIAN_POINT ( 'NONE',  ( 3.250000000000000888, -2.582421489763282452, -1.250000000000000000 ) ) ;
#3 = ORIENTED_EDGE ( 'NONE', *, *, #1711, .F. ) ;
#4 = CARTESIAN_POINT ( 'NONE',  ( 3.250000000000000888, 2.600000000000000533, -0.7499999999999998890 ) ) ;
#5 = CARTESIAN_POINT ( 'NONE',  ( -2.674999999999999822, -4.554005336206950361, -1.301331312031222653 ) ) ;
#6 = LINE ( 'NONE', #3291, #1901 ) ;
#7 = SURFACE_STYLE_USAGE ( .BOTH. , #2943 ) ;
#8 = ORIENTED_EDGE ( 'NONE', *, *, #2750, .T. ) ;
#9 = CARTESIAN_POINT ( 'NONE',  ( 3.249997761507016580, 2.600819477201775420, -0.7499787021619220839 ) ) ;
#10 = MECHANICAL_DESIGN_GEOMETRIC_PRESENTATION_REPRESENTATION (  '', ( #2684 ), #1600 ) ;
#11 = DIRECTION ( 'NONE',  ( 0.000000000000000000, -0.000000000000000000, -1.000000000000000000 ) ) ;
#12 = AXIS2_PLACEMENT_3D ( 'NONE', #3397, #481, #1081 ) ;
#13 = SURFACE_STYLE_USAGE ( .BOTH. , #847 ) ;
#14 = EDGE_CURVE ( 'NONE', #1928, #735, #889, .T. ) ;
#15 = DIRECTION ( 'NONE',  ( 0.000000000000000000, 0.000000000000000000, -1.000000000000000000 ) ) ;
#16 = EDGE_LOOP ( 'NONE', ( #3274, #3283, #594, #1358 ) ) ;
#17 = ORIENTED_EDGE ( 'NONE', *, *, #1597, .F. ) ;
#18 =( NAMED_UNIT ( * ) SI_UNIT ( $, .STERADIAN. ) SOLID_ANGLE_UNIT ( ) );
#19 = LINE ( 'NONE', #2432, #1923 ) ;
#20 = ORIENTED_EDGE ( 'NONE', *, *, #849, .T. ) ;
#21 =( NAMED_UNIT ( * ) SI_UNIT ( $, .STERADIAN. ) SOLID_ANGLE_UNIT ( ) );
#22 = CARTESIAN_POINT ( 'NONE',  ( -2.250000000000000444, 2.750000000000001332, -0.7500000000000000000 ) ) ;
#23 = EDGE_LOOP ( 'NONE', ( #2383, #2218, #3142 ) ) ;
#24 = DIRECTION ( 'NONE',  ( 0.000000000000000000, 0.000000000000000000, -1.000000000000000000 ) ) ;
#25 = CARTESIAN_POINT ( 'NONE',  ( -2.550000000000000711, 4.250000000000000000, -0.7500000000000000000 ) ) ;
#26 = DIRECTION ( 'NONE',  ( -1.000000000000000000, -0.000000000000000000, -0.000000000000000000 ) ) ;
#27 = VECTOR ( 'NONE', #15, 1000.000000000000000 ) ;
#28 = CYLINDRICAL_SURFACE ( 'NONE', #692, 0.1499999999999999389 ) ;
#29 = UNCERTAINTY_MEASURE_WITH_UNIT (LENGTH_MEASURE( 1.000000000000000082E-05 ), #2344, 'distance_accuracy_value', 'NONE');
#30 = PRESENTATION_STYLE_ASSIGNMENT (( #1871 ) ) ;
#31 = FACE_OUTER_BOUND ( 'NONE', #2910, .T. ) ;
#32 = AXIS2_PLACEMENT_3D ( 'NONE', #2980, #300, #3002 ) ;
#33 = PRESENTATION_LAYER_ASSIGNMENT (  '', '', ( #3046 ) ) ;
#34 = ORIENTED_EDGE ( 'NONE', *, *, #153, .T. ) ;
#35 = LINE ( 'NONE', #1635, #2648 ) ;
#36 = ORIENTED_EDGE ( 'NONE', *, *, #2060, .F. ) ;
#37 = CARTESIAN_POINT ( 'NONE',  ( -2.250000000000001332, -1.249999999999998668, -0.7500000000000000000 ) ) ;
#38 = AXIS2_PLACEMENT_3D ( 'NONE', #2559, #2808, #2078 ) ;
#39 = DIRECTION ( 'NONE',  ( 1.000000000000000000, 0.000000000000000000, 0.000000000000000000 ) ) ;
#40 = VECTOR ( 'NONE', #2522, 1000.000000000000000 ) ;
#41 = CARTESIAN_POINT ( 'NONE',  ( 3.100000000000000533, 2.600000000000000533, 1.250000000000000000 ) ) ;
#42 = STYLED_ITEM ( 'NONE', ( #1138 ), #626 ) ;
#43 = ORIENTED_EDGE ( 'NONE', *, *, #3242, .F. ) ;
#44 = EDGE_LOOP ( 'NONE', ( #1272, #3047, #136, #2458, #749, #2603, #2331, #2416, #2210, #3022 ) ) ;
#45 = COLOUR_RGB ( '',0.8039215686274510109, 0.8039215686274510109, 0.8039215686274510109 ) ;
#46 = EDGE_LOOP ( 'NONE', ( #71, #55, #1935, #1433, #905, #1933, #2468 ) ) ;
#47 = ORIENTED_EDGE ( 'NONE', *, *, #2101, .F. ) ;
#48 = VECTOR ( 'NONE', #132, 1000.000000000000000 ) ;
#49 =( NAMED_UNIT ( * ) PLANE_ANGLE_UNIT ( ) SI_UNIT ( $, .RADIAN. ) );
#50 = EDGE_CURVE ( 'NONE', #1928, #387, #2741, .T. ) ;
#51 = VECTOR ( 'NONE', #1428, 1000.000000000000000 ) ;
#52 = DIRECTION ( 'NONE',  ( 0.000000000000000000, 0.000000000000000000, 1.000000000000000000 ) ) ;
#53 = SURFACE_STYLE_FILL_AREA ( #910 ) ;
#54 = MECHANICAL_DESIGN_GEOMETRIC_PRESENTATION_REPRESENTATION (  '', ( #2303 ), #1416 ) ;
#55 = ORIENTED_EDGE ( 'NONE', *, *, #2636, .T. ) ;
#56 = CIRCLE ( 'NONE', #1857, 0.2500000000000001110 ) ;
#57 = FILL_AREA_STYLE_COLOUR ( '', #2495 ) ;
#58 = VERTEX_POINT ( 'NONE', #2716 ) ;
#59 = DIRECTION ( 'NONE',  ( -0.000000000000000000, -0.000000000000000000, -1.000000000000000000 ) ) ;
#60 = ORIENTED_EDGE ( 'NONE', *, *, #370, .T. ) ;
#61 = CARTESIAN_POINT ( 'NONE',  ( 0.3750000000000003331, -2.749999999999999112, -0.2500000000000000555 ) ) ;
#62 =( GEOMETRIC_REPRESENTATION_CONTEXT ( 3 ) GLOBAL_UNCERTAINTY_ASSIGNED_CONTEXT ( ( #874 ) ) GLOBAL_UNIT_ASSIGNED_CONTEXT ( ( #2697, #2944, #1642 ) ) REPRESENTATION_CONTEXT ( 'NONE', 'WORKASPACE' ) );
#63 = DIRECTION ( 'NONE',  ( 0.000000000000000000, 0.000000000000000000, -1.000000000000000000 ) ) ;
#64 =( NAMED_UNIT ( * ) PLANE_ANGLE_UNIT ( ) SI_UNIT ( $, .RADIAN. ) );
#65 =( GEOMETRIC_REPRESENTATION_CONTEXT ( 3 ) GLOBAL_UNCERTAINTY_ASSIGNED_CONTEXT ( ( #1449 ) ) GLOBAL_UNIT_ASSIGNED_CONTEXT ( ( #289, #2730, #3227 ) ) REPRESENTATION_CONTEXT ( 'NONE', 'WORKASPACE' ) );
#66 = ORIENTED_EDGE ( 'NONE', *, *, #2428, .T. ) ;
#67 =( NAMED_UNIT ( * ) PLANE_ANGLE_UNIT ( ) SI_UNIT ( $, .RADIAN. ) );
#68 = EDGE_CURVE ( 'NONE', #2795, #932, #1426, .T. ) ;
#69 = CYLINDRICAL_SURFACE ( 'NONE', #3123, 0.4999999999999997780 ) ;
#70 = VERTEX_POINT ( 'NONE', #357 ) ;
#71 = ORIENTED_EDGE ( 'NONE', *, *, #2916, .T. ) ;
#72 = ORIENTED_EDGE ( 'NONE', *, *, #544, .F. ) ;
#73 = CARTESIAN_POINT ( 'NONE',  ( 3.100000000000000533, 2.750000000000000888, -1.250000000000000000 ) ) ;
#74 = UNCERTAINTY_MEASURE_WITH_UNIT (LENGTH_MEASURE( 1.000000000000000082E-05 ), #2765, 'distance_accuracy_value', 'NONE');
#75 = SURFACE_SIDE_STYLE ('',( #1417 ) ) ;
#76 = CARTESIAN_POINT ( 'NONE',  ( 3.250000000000000444, -2.546612637206900231, -0.7500856599709188055 ) ) ;
#77 = DIRECTION ( 'NONE',  ( 1.445602896647337536E-15, -1.000000000000000000, 0.000000000000000000 ) ) ;
#78 = ORIENTED_EDGE ( 'NONE', *, *, #2400, .T. ) ;
#79 = DIRECTION ( 'NONE',  ( -2.907131363079803022E-15, -1.000000000000000000, 0.000000000000000000 ) ) ;
#80 = DIRECTION ( 'NONE',  ( -1.000000000000000000, -0.000000000000000000, -0.000000000000000000 ) ) ;
#81 = FACE_OUTER_BOUND ( 'NONE', #2083, .T. ) ;
#82 = CARTESIAN_POINT ( 'NONE',  ( -2.904730922823985040, 2.553909207129226200, 1.115679269490146952 ) ) ;
#83 = ORIENTED_EDGE ( 'NONE', *, *, #1504, .F. ) ;
#84 = EDGE_CURVE ( 'NONE', #1835, #835, #1115, .T. ) ;
#85 = ORIENTED_EDGE ( 'NONE', *, *, #666, .T. ) ;
#86 = LINE ( 'NONE', #1921, #1672 ) ;
#87 = DIRECTION ( 'NONE',  ( -1.000000000000000000, 1.445602896647339163E-16, -0.000000000000000000 ) ) ;
#88 = SURFACE_STYLE_FILL_AREA ( #3006 ) ;
#89 = DIRECTION ( 'NONE',  ( -0.000000000000000000, -1.000000000000000000, -0.000000000000000000 ) ) ;
#90 = ORIENTED_EDGE ( 'NONE', *, *, #343, .T. ) ;
#91 =( NAMED_UNIT ( * ) PLANE_ANGLE_UNIT ( ) SI_UNIT ( $, .RADIAN. ) );
#92 = ORIENTED_EDGE ( 'NONE', *, *, #630, .F. ) ;
#93 = CARTESIAN_POINT ( 'NONE',  ( 1.925000000000000044, -2.749999999999999112, -0.2500000000000000555 ) ) ;
#94 = FILL_AREA_STYLE ('',( #2484 ) ) ;
#95 =( GEOMETRIC_REPRESENTATION_CONTEXT ( 3 ) GLOBAL_UNCERTAINTY_ASSIGNED_CONTEXT ( ( #2963 ) ) GLOBAL_UNIT_ASSIGNED_CONTEXT ( ( #1442, #3048, #1980 ) ) REPRESENTATION_CONTEXT ( 'NONE', 'WORKASPACE' ) );
#96 = VECTOR ( 'NONE', #458, 1000.000000000000000 ) ;
#97 = CARTESIAN_POINT ( 'NONE',  ( -5.261016559127030590, 2.750000000000000888, -0.7500000000000000000 ) ) ;
#98 = AXIS2_PLACEMENT_3D ( 'NONE', #1436, #921, #117 ) ;
#99 = CARTESIAN_POINT ( 'NONE',  ( -3.044973682803352677, -2.749999999999999112, -0.2500000000000000000 ) ) ;
#100 =( LENGTH_UNIT ( ) NAMED_UNIT ( * ) SI_UNIT ( .MILLI., .METRE. ) );
#101 = VECTOR ( 'NONE', #2022, 1000.000000000000000 ) ;
#102 = ORIENTED_EDGE ( 'NONE', *, *, #2806, .T. ) ;
#103 = PLANE ( 'NONE',  #565 ) ;
#104 = DIRECTION ( 'NONE',  ( 0.000000000000000000, -0.9945218953682740670, -0.1045284632676466569 ) ) ;
#105 = MECHANICAL_DESIGN_GEOMETRIC_PRESENTATION_REPRESENTATION (  '', ( #3052 ), #1400 ) ;
#106 = CARTESIAN_POINT ( 'NONE',  ( 1.925000000000000044, -3.402200851755691424, -0.5000000000000000000 ) ) ;
#107 = MECHANICAL_DESIGN_GEOMETRIC_PRESENTATION_REPRESENTATION (  '', ( #2290 ), #2244 ) ;
#108 = SURFACE_STYLE_USAGE ( .BOTH. , #649 ) ;
#109 = UNCERTAINTY_MEASURE_WITH_UNIT (LENGTH_MEASURE( 1.000000000000000082E-05 ), #2215, 'distance_accuracy_value', 'NONE');
#110 = PRESENTATION_LAYER_ASSIGNMENT (  '', '', ( #1406 ) ) ;
#111 = ADVANCED_FACE ( 'NONE', ( #603 ), #2700, .T. ) ;
#112 = DIRECTION ( 'NONE',  ( -1.000000000000000000, 1.445602896647339163E-16, 0.000000000000000000 ) ) ;
#113 = ORIENTED_EDGE ( 'NONE', *, *, #870, .T. ) ;
#114 = SURFACE_STYLE_USAGE ( .BOTH. , #3075 ) ;
#115 =( NAMED_UNIT ( * ) PLANE_ANGLE_UNIT ( ) SI_UNIT ( $, .RADIAN. ) );
#116 = AXIS2_PLACEMENT_3D ( 'NONE', #841, #1565, #1879 ) ;
#117 = DIRECTION ( 'NONE',  ( 0.000000000000000000, 0.000000000000000000, -1.000000000000000000 ) ) ;
#118 = STYLED_ITEM ( 'NONE', ( #1130 ), #1820 ) ;
#119 = SURFACE_STYLE_FILL_AREA ( #3042 ) ;
#120 =( GEOMETRIC_REPRESENTATION_CONTEXT ( 3 ) GLOBAL_UNCERTAINTY_ASSIGNED_CONTEXT ( ( #3094 ) ) GLOBAL_UNIT_ASSIGNED_CONTEXT ( ( #190, #1327, #1542 ) ) REPRESENTATION_CONTEXT ( 'NONE', 'WORKASPACE' ) );
#121 = APPLICATION_PROTOCOL_DEFINITION ( 'draft international standard', 'automotive_design', 1998, #1925 ) ;
#122 = EDGE_LOOP ( 'NONE', ( #1717, #2160, #1322, #2325 ) ) ;
#123 = CARTESIAN_POINT ( 'NONE',  ( 2.675000000000000266, -4.554005336206950361, -1.301331312031222653 ) ) ;
#124 = LINE ( 'NONE', #2043, #1679 ) ;
#125 = EDGE_CURVE ( 'NONE', #1112, #238, #562, .T. ) ;
#126 = ORIENTED_EDGE ( 'NONE', *, *, #1576, .T. ) ;
#127 = DIRECTION ( 'NONE',  ( -1.000000000000000000, -0.000000000000000000, -0.000000000000000000 ) ) ;
#128 = ORIENTED_EDGE ( 'NONE', *, *, #2359, .T. ) ;
#129 = VECTOR ( 'NONE', #2367, 1000.000000000000000 ) ;
#130 = CARTESIAN_POINT ( 'NONE',  ( -1.924999999999999600, -5.249999999999999112, -0.8487790509594148602 ) ) ;
#131 = CARTESIAN_POINT ( 'NONE',  ( -2.250000000000001332, -1.249999999999998668, -0.7500000000000000000 ) ) ;
#132 = DIRECTION ( 'NONE',  ( -1.000000000000000000, -0.000000000000000000, -0.000000000000000000 ) ) ;
#133 = EDGE_CURVE ( 'NONE', #661, #3081, #2927, .T. ) ;
#134 = UNCERTAINTY_MEASURE_WITH_UNIT (LENGTH_MEASURE( 1.000000000000000082E-05 ), #1801, 'distance_accuracy_value', 'NONE');
#135 = FILL_AREA_STYLE_COLOUR ( '', #1471 ) ;
#136 = ORIENTED_EDGE ( 'NONE', *, *, #2023, .T. ) ;
#137 = CARTESIAN_POINT ( 'NONE',  ( -2.629730922823985129, -1.959835158089652474, 1.239999999999999991 ) ) ;
#138 = DIRECTION ( 'NONE',  ( -1.000000000000000000, -0.000000000000000000, -0.000000000000000000 ) ) ;
#139 = LINE ( 'NONE', #1795, #651 ) ;
#140 =( NAMED_UNIT ( * ) SI_UNIT ( $, .STERADIAN. ) SOLID_ANGLE_UNIT ( ) );
#141 = FACE_OUTER_BOUND ( 'NONE', #901, .T. ) ;
#142 = SURFACE_STYLE_USAGE ( .BOTH. , #2059 ) ;
#143 = ORIENTED_EDGE ( 'NONE', *, *, #1184, .T. ) ;
#144 =( LENGTH_UNIT ( ) NAMED_UNIT ( * ) SI_UNIT ( .MILLI., .METRE. ) );
#145 = EDGE_LOOP ( 'NONE', ( #143, #1737, #3165, #2032 ) ) ;
#146 = PRESENTATION_STYLE_ASSIGNMENT (( #685 ) ) ;
#147 = DIRECTION ( 'NONE',  ( 0.000000000000000000, 1.000000000000000000, 0.000000000000000000 ) ) ;
#148 = CARTESIAN_POINT ( 'NONE',  ( 3.272211641420589068, -2.728137592381015608, -0.9613296516019975702 ) ) ;
#149 = SURFACE_SIDE_STYLE ('',( #2781 ) ) ;
#150 = CLOSED_SHELL ( 'NONE', ( #2313, #781, #2147, #2783, #3303, #1294, #1087, #1223, #1166, #2050, #1820, #236, #1012, #642 ) ) ;
#151 = LINE ( 'NONE', #709, #2465 ) ;
#152 = FILL_AREA_STYLE ('',( #2853 ) ) ;
#153 = EDGE_CURVE ( 'NONE', #1238, #2414, #1951, .T. ) ;
#154 = VECTOR ( 'NONE', #734, 1000.000000000000000 ) ;
#155 = VECTOR ( 'NONE', #1800, 1000.000000000000000 ) ;
#156 = DIRECTION ( 'NONE',  ( 0.000000000000000000, 0.000000000000000000, -1.000000000000000000 ) ) ;
#157 =( BOUNDED_CURVE ( )  B_SPLINE_CURVE ( 3, ( #2451, #621, #1953, #2663 ),
 .UNSPECIFIED., .F., .F. ) 
 B_SPLINE_CURVE_WITH_KNOTS ( ( 4, 4 ),
 ( 0.000000000000000000, 0.005463208521547703242 ),
 .UNSPECIFIED. ) 
 CURVE ( )  GEOMETRIC_REPRESENTATION_ITEM ( )  RATIONAL_B_SPLINE_CURVE ( ( 1.000000000000000000, 0.9999975127809339615, 0.9999975127809339615, 1.000000000000000000 ) ) 
 REPRESENTATION_ITEM ( '' )  );
#158 = CARTESIAN_POINT ( 'NONE',  ( -3.046612637206903340, -2.749999999999999112, -0.2499143400290862183 ) ) ;
#159 = COLOUR_RGB ( '',0.8039215686274510109, 0.8039215686274510109, 0.8039215686274510109 ) ;
#160 = COLOUR_RGB ( '',0.8039215686274510109, 0.8039215686274510109, 0.8039215686274510109 ) ;
#161 = EDGE_CURVE ( 'NONE', #1212, #2151, #1905, .T. ) ;
#162 = CARTESIAN_POINT ( 'NONE',  ( 2.995708526523970683, -2.749991046094875990, 0.2500851907166288246 ) ) ;
#163 = COLOUR_RGB ( '',0.8039215686274510109, 0.8039215686274510109, 0.8039215686274510109 ) ;
#164 = EDGE_CURVE ( 'NONE', #863, #2768, #157, .T. ) ;
#165 = CARTESIAN_POINT ( 'NONE',  ( -1.924999999999999600, -3.988081302429688169, -0.008992173443461048271 ) ) ;
#166 = AXIS2_PLACEMENT_3D ( 'NONE', #1775, #1745, #104 ) ;
#167 = DIRECTION ( 'NONE',  ( 0.000000000000000000, -1.000000000000000000, 0.000000000000000000 ) ) ;
#168 = EDGE_LOOP ( 'NONE', ( #34, #1070, #92, #1664 ) ) ;
#169 = DIRECTION ( 'NONE',  ( 0.000000000000000000, 0.000000000000000000, 1.000000000000000000 ) ) ;
#170 = ORIENTED_EDGE ( 'NONE', *, *, #408, .F. ) ;
#171 = CIRCLE ( 'NONE', #2126, 0.1499999999999999667 ) ;
#172 = CARTESIAN_POINT ( 'NONE',  ( -2.674999999999999822, -3.549999999999998934, 0.2499999999999999445 ) ) ;
#173 = SURFACE_STYLE_FILL_AREA ( #94 ) ;
#174 = CARTESIAN_POINT ( 'NONE',  ( -1.924999999999999600, -4.554005336206950361, -0.8001103629906346493 ) ) ;
#175 = VECTOR ( 'NONE', #87, 1000.000000000000000 ) ;
#176 = EDGE_LOOP ( 'NONE', ( #1963, #2471, #1889, #1003, #2640, #3185 ) ) ;
#177 = CARTESIAN_POINT ( 'NONE',  ( -3.249999999999999556, -2.582421489763282008, -1.250000000000000222 ) ) ;
#178 = EDGE_CURVE ( 'NONE', #3143, #239, #2111, .T. ) ;
#179 = UNCERTAINTY_MEASURE_WITH_UNIT (LENGTH_MEASURE( 1.000000000000000082E-05 ), #2642, 'distance_accuracy_value', 'NONE');
#180 = CYLINDRICAL_SURFACE ( 'NONE', #1337, 0.2750000000000000777 ) ;
#181 = EDGE_CURVE ( 'NONE', #3131, #3301, #1359, .T. ) ;
#182 = ORIENTED_EDGE ( 'NONE', *, *, #2680, .T. ) ;
#183 = DIRECTION ( 'NONE',  ( -0.000000000000000000, -0.000000000000000000, -1.000000000000000000 ) ) ;
#184 = CYLINDRICAL_SURFACE ( 'NONE', #1898, 0.1499999999999999667 ) ;
#185 = CARTESIAN_POINT ( 'NONE',  ( -2.629730922823985129, -1.959835158089652474, 1.239999999999999991 ) ) ;
#186 = LINE ( 'NONE', #1802, #3415 ) ;
#187 = CARTESIAN_POINT ( 'NONE',  ( 2.675000000000000266, -4.554005336206950361, -0.8001103629906346493 ) ) ;
#188 = ORIENTED_EDGE ( 'NONE', *, *, #2409, .T. ) ;
#189 =( NAMED_UNIT ( * ) PLANE_ANGLE_UNIT ( ) SI_UNIT ( $, .RADIAN. ) );
#190 =( LENGTH_UNIT ( ) NAMED_UNIT ( * ) SI_UNIT ( .MILLI., .METRE. ) );
#191 = CARTESIAN_POINT ( 'NONE',  ( 2.550000000000000711, 3.724844346342717216, -1.250000000000000000 ) ) ;
#192 = CARTESIAN_POINT ( 'NONE',  ( -2.550000000000000711, 3.724844346342717216, -0.7500000000000000000 ) ) ;
#193 = ORIENTED_EDGE ( 'NONE', *, *, #1748, .T. ) ;
#194 = CARTESIAN_POINT ( 'NONE',  ( -3.020201077719876892, -2.625305312985543704, 0.001374862734882236360 ) ) ;
#195 = DIRECTION ( 'NONE',  ( 0.000000000000000000, -1.000000000000000000, 0.000000000000000000 ) ) ;
#196 = CARTESIAN_POINT ( 'NONE',  ( 0.3750000000000003331, -2.749999999999999112, 0.2499999999999999445 ) ) ;
#197 = ORIENTED_EDGE ( 'NONE', *, *, #125, .F. ) ;
#198 = DIRECTION ( 'NONE',  ( 0.000000000000000000, 0.000000000000000000, 1.000000000000000000 ) ) ;
#199 = CARTESIAN_POINT ( 'NONE',  ( 2.675000000000000266, -2.749999999999999112, -0.2500000000000000555 ) ) ;
#200 = CARTESIAN_POINT ( 'NONE',  ( -2.995708526523967574, -2.749991046094875990, 0.2500851907166289356 ) ) ;
#201 = ORIENTED_EDGE ( 'NONE', *, *, #3407, .F. ) ;
#202 = DIRECTION ( 'NONE',  ( 0.000000000000000000, -1.000000000000000000, 0.000000000000000000 ) ) ;
#203 = LINE ( 'NONE', #174, #40 ) ;
#204 = FILL_AREA_STYLE ('',( #503 ) ) ;
#205 = ORIENTED_EDGE ( 'NONE', *, *, #243, .F. ) ;
#206 = FACE_OUTER_BOUND ( 'NONE', #2406, .T. ) ;
#207 = UNCERTAINTY_MEASURE_WITH_UNIT (LENGTH_MEASURE( 1.000000000000000082E-05 ), #3069, 'distance_accuracy_value', 'NONE');
#208 = DIRECTION ( 'NONE',  ( 0.000000000000000000, 0.9945218953682740670, -0.1045284632676464626 ) ) ;
#209 = PRESENTATION_STYLE_ASSIGNMENT (( #2579 ) ) ;
#210 = CARTESIAN_POINT ( 'NONE',  ( 1.799999999999997380, 4.250000000000000000, -1.250000000000000000 ) ) ;
#211 =( GEOMETRIC_REPRESENTATION_CONTEXT ( 3 ) GLOBAL_UNCERTAINTY_ASSIGNED_CONTEXT ( ( #2067 ) ) GLOBAL_UNIT_ASSIGNED_CONTEXT ( ( #891, #2983, #2719 ) ) REPRESENTATION_CONTEXT ( 'NONE', 'WORKASPACE' ) );
#212 = DIRECTION ( 'NONE',  ( -0.8191520442889926867, 0.5735764363510449382, -0.000000000000000000 ) ) ;
#213 = AXIS2_PLACEMENT_3D ( 'NONE', #1477, #1208, #2785 ) ;
#214 = MECHANICAL_DESIGN_GEOMETRIC_PRESENTATION_REPRESENTATION (  '', ( #3147 ), #2711 ) ;
#215 = ORIENTED_EDGE ( 'NONE', *, *, #2015, .F. ) ;
#216 = SURFACE_SIDE_STYLE ('',( #2583 ) ) ;
#217 =( LENGTH_UNIT ( ) NAMED_UNIT ( * ) SI_UNIT ( .MILLI., .METRE. ) );
#218 = STYLED_ITEM ( 'NONE', ( #2110 ), #590 ) ;
#219 = COLOUR_RGB ( '',0.9607843137254902244, 0.9607843137254902244, 0.9607843137254902244 ) ;
#220 = CARTESIAN_POINT ( 'NONE',  ( 2.249999999999999556, 2.750000000000000888, -0.7500000000000000000 ) ) ;
#221 = VECTOR ( 'NONE', #2127, 1000.000000000000114 ) ;
#222 = DIRECTION ( 'NONE',  ( -1.000000000000000000, -0.000000000000000000, -0.000000000000000000 ) ) ;
#223 = VERTEX_POINT ( 'NONE', #1694 ) ;
#224 = PRESENTATION_LAYER_ASSIGNMENT (  '', '', ( #750 ) ) ;
#225 = CARTESIAN_POINT ( 'NONE',  ( 2.904730922823984152, 2.553909207129226200, 1.115679269490146952 ) ) ;
#226 = COLOUR_RGB ( '',0.9607843137254902244, 0.9607843137254902244, 0.9607843137254902244 ) ;
#227 = CARTESIAN_POINT ( 'NONE',  ( -3.250000000000000888, -4.761016559127029701, -0.7499999999999998890 ) ) ;
#228 = PLANE ( 'NONE',  #2297 ) ;
#229 = EDGE_CURVE ( 'NONE', #3301, #1835, #86, .T. ) ;
#230 =( GEOMETRIC_REPRESENTATION_CONTEXT ( 3 ) GLOBAL_UNCERTAINTY_ASSIGNED_CONTEXT ( ( #2307 ) ) GLOBAL_UNIT_ASSIGNED_CONTEXT ( ( #3419, #189, #535 ) ) REPRESENTATION_CONTEXT ( 'NONE', 'WORKASPACE' ) );
#231 = PRESENTATION_STYLE_ASSIGNMENT (( #1618 ) ) ;
#232 = EDGE_CURVE ( 'NONE', #669, #223, #2682, .T. ) ;
#233 = MECHANICAL_DESIGN_GEOMETRIC_PRESENTATION_REPRESENTATION (  '', ( #1698 ), #592 ) ;
#234 = MECHANICAL_DESIGN_GEOMETRIC_PRESENTATION_REPRESENTATION (  '', ( #1749 ), #3273 ) ;
#235 = ORIENTED_EDGE ( 'NONE', *, *, #1829, .T. ) ;
#236 = ADVANCED_FACE ( 'NONE', ( #1113 ), #2179, .F. ) ;
#237 = FACE_OUTER_BOUND ( 'NONE', #2454, .T. ) ;
#238 = VERTEX_POINT ( 'NONE', #678 ) ;
#239 = VERTEX_POINT ( 'NONE', #137 ) ;
#240 = PRESENTATION_STYLE_ASSIGNMENT (( #2928 ) ) ;
#241 = PRESENTATION_LAYER_ASSIGNMENT (  '', '', ( #118 ) ) ;
#242 = MECHANICAL_DESIGN_GEOMETRIC_PRESENTATION_REPRESENTATION (  '', ( #1304 ), #2512 ) ;
#243 = EDGE_CURVE ( 'NONE', #1500, #2112, #456, .T. ) ;
#244 = ORIENTED_EDGE ( 'NONE', *, *, #1612, .F. ) ;
#245 = SURFACE_STYLE_FILL_AREA ( #1596 ) ;
#246 = ADVANCED_FACE ( 'NONE', ( #3030 ), #2250, .T. ) ;
#247 = VERTEX_POINT ( 'NONE', #2769 ) ;
#248 = CARTESIAN_POINT ( 'NONE',  ( -3.053909207129226200, 2.539791529468661935, 1.115679269490147174 ) ) ;
#249 = ADVANCED_FACE ( 'NONE', ( #2507 ), #3267, .F. ) ;
#250 = EDGE_LOOP ( 'NONE', ( #1485, #1472, #2159, #684, #3152, #765, #2228, #1207, #2972, #1179, #3337, #1904 ) ) ;
#251 = UNCERTAINTY_MEASURE_WITH_UNIT (LENGTH_MEASURE( 1.000000000000000082E-05 ), #1720, 'distance_accuracy_value', 'NONE');
#252 = FILL_AREA_STYLE ('',( #2619 ) ) ;
#253 = DIRECTION ( 'NONE',  ( -1.000000000000000000, -0.000000000000000000, -0.000000000000000000 ) ) ;
#254 = DIRECTION ( 'NONE',  ( 1.000000000000000000, 0.000000000000000000, 0.000000000000000000 ) ) ;
#255 = CARTESIAN_POINT ( 'NONE',  ( -2.674999999999999822, -2.749999999999999112, 0.2499999999999999445 ) ) ;
#256 =( NAMED_UNIT ( * ) PLANE_ANGLE_UNIT ( ) SI_UNIT ( $, .RADIAN. ) );
#257 = LINE ( 'NONE', #196, #3339 ) ;
#258 = ORIENTED_EDGE ( 'NONE', *, *, #2818, .F. ) ;
#259 = ORIENTED_EDGE ( 'NONE', *, *, #1090, .T. ) ;
#260 =( LENGTH_UNIT ( ) NAMED_UNIT ( * ) SI_UNIT ( .MILLI., .METRE. ) );
#261 = CARTESIAN_POINT ( 'NONE',  ( 1.925000000000000044, -2.749999999999999112, 0.2499999999999999445 ) ) ;
#262 = ORIENTED_EDGE ( 'NONE', *, *, #1061, .T. ) ;
#263 = SURFACE_STYLE_FILL_AREA ( #204 ) ;
#264 = ORIENTED_EDGE ( 'NONE', *, *, #504, .T. ) ;
#265 = CARTESIAN_POINT ( 'NONE',  ( 3.250000000000000888, -2.544973682803350457, -0.7499999999999998890 ) ) ;
#266 = DIRECTION ( 'NONE',  ( 0.000000000000000000, 0.000000000000000000, -1.000000000000000000 ) ) ;
#267 = DIRECTION ( 'NONE',  ( 0.000000000000000000, 0.000000000000000000, -1.000000000000000000 ) ) ;
#268 = CARTESIAN_POINT ( 'NONE',  ( -3.249999999999999556, 2.750000000000000888, -1.250000000000000000 ) ) ;
#269 = CYLINDRICAL_SURFACE ( 'NONE', #1741, 0.1499999999999999389 ) ;
#270 =( NAMED_UNIT ( * ) SI_UNIT ( $, .STERADIAN. ) SOLID_ANGLE_UNIT ( ) );
#271 = VECTOR ( 'NONE', #3237, 1000.000000000000000 ) ;
#272 = ORIENTED_EDGE ( 'NONE', *, *, #68, .F. ) ;
#273 = ORIENTED_EDGE ( 'NONE', *, *, #1118, .T. ) ;
#274 = DIRECTION ( 'NONE',  ( -1.000000000000000000, -0.000000000000000000, -0.000000000000000000 ) ) ;
#275 = PRESENTATION_STYLE_ASSIGNMENT (( #2584 ) ) ;
#276 = PLANE ( 'NONE',  #926 ) ;
#277 = VECTOR ( 'NONE', #1625, 1000.000000000000000 ) ;
#278 = COLOUR_RGB ( '',0.9607843137254902244, 0.9607843137254902244, 0.9607843137254902244 ) ;
#279 = EDGE_CURVE ( 'NONE', #827, #2457, #3065, .T. ) ;
#280 = EDGE_CURVE ( 'NONE', #1890, #3301, #1008, .T. ) ;
#281 = AXIS2_PLACEMENT_3D ( 'NONE', #2675, #313, #1110 ) ;
#282 = CARTESIAN_POINT ( 'NONE',  ( 2.675000000000000266, -5.249999999999999112, -1.350000000000000089 ) ) ;
#283 = STYLED_ITEM ( 'NONE', ( #3104 ), #718 ) ;
#284 = VECTOR ( 'NONE', #89, 1000.000000000000000 ) ;
#285 = VERTEX_POINT ( 'NONE', #664 ) ;
#286 = DIRECTION ( 'NONE',  ( 0.000000000000000000, -0.4820156531130790900, -0.8761626048593786908 ) ) ;
#287 = CIRCLE ( 'NONE', #813, 0.2750000000000000777 ) ;
#288 = CARTESIAN_POINT ( 'NONE',  ( 3.250000000000000888, 2.600273160765783853, -0.7499999999999961142 ) ) ;
#289 =( LENGTH_UNIT ( ) NAMED_UNIT ( * ) SI_UNIT ( .MILLI., .METRE. ) );
#290 = PRESENTATION_LAYER_ASSIGNMENT (  '', '', ( #2290 ) ) ;
#291 = ADVANCED_FACE ( 'NONE', ( #1713 ), #103, .F. ) ;
#292 = EDGE_LOOP ( 'NONE', ( #2028, #3024, #2142, #372 ) ) ;
#293 = DIRECTION ( 'NONE',  ( 0.000000000000000000, 0.000000000000000000, -1.000000000000000000 ) ) ;
#294 = CARTESIAN_POINT ( 'NONE',  ( -3.250000000000000888, 2.600000000000000533, -0.7499999999999998890 ) ) ;
#295 = STYLED_ITEM ( 'NONE', ( #907 ), #1429 ) ;
#296 = CARTESIAN_POINT ( 'NONE',  ( -2.250000000000000444, 2.750000000000001332, -0.7500000000000000000 ) ) ;
#297 = VERTEX_POINT ( 'NONE', #997 ) ;
#298 = ADVANCED_FACE ( 'NONE', ( #1300 ), #3118, .F. ) ;
#299 = ORIENTED_EDGE ( 'NONE', *, *, #870, .F. ) ;
#300 = DIRECTION ( 'NONE',  ( 0.000000000000000000, 0.000000000000000000, 1.000000000000000000 ) ) ;
#301 = FILL_AREA_STYLE ('',( #2664 ) ) ;
#302 = PRESENTATION_STYLE_ASSIGNMENT (( #2301 ) ) ;
#303 =( GEOMETRIC_REPRESENTATION_CONTEXT ( 3 ) GLOBAL_UNCERTAINTY_ASSIGNED_CONTEXT ( ( #1941 ) ) GLOBAL_UNIT_ASSIGNED_CONTEXT ( ( #100, #951, #2249 ) ) REPRESENTATION_CONTEXT ( 'NONE', 'WORKASPACE' ) );
#304 = CARTESIAN_POINT ( 'NONE',  ( 0.3750000000000003331, -2.749999999999999112, -0.2500000000000000555 ) ) ;
#305 = EDGE_CURVE ( 'NONE', #719, #285, #2933, .T. ) ;
#306 = DIRECTION ( 'NONE',  ( 0.000000000000000000, -0.1045284632676468650, 0.9945218953682740670 ) ) ;
#307 = PRESENTATION_LAYER_ASSIGNMENT (  '', '', ( #1361 ) ) ;
#308 = ORIENTED_EDGE ( 'NONE', *, *, #1655, .T. ) ;
#309 = LINE ( 'NONE', #1123, #1560 ) ;
#310 = EDGE_LOOP ( 'NONE', ( #500, #1424, #572, #1045 ) ) ;
#311 = CARTESIAN_POINT ( 'NONE',  ( 3.195452410155265710, -2.687867965644034740, -0.2310143501177116809 ) ) ;
#312 = DIRECTION ( 'NONE',  ( 0.000000000000000000, 0.1045284632676468650, -0.9945218953682740670 ) ) ;
#313 = DIRECTION ( 'NONE',  ( 2.907131363079803022E-15, -1.000000000000000000, -0.000000000000000000 ) ) ;
#314 = ORIENTED_EDGE ( 'NONE', *, *, #279, .T. ) ;
#315 = DIRECTION ( 'NONE',  ( 1.000000000000000000, 1.445602896647337536E-15, 0.000000000000000000 ) ) ;
#316 = CARTESIAN_POINT ( 'NONE',  ( -3.187867965644035184, -2.695452410155265266, -0.7689856498822827957 ) ) ;
#317 = SURFACE_STYLE_FILL_AREA ( #2945 ) ;
#318 = VERTEX_POINT ( 'NONE', #2379 ) ;
#319 = DIRECTION ( 'NONE',  ( 0.000000000000000000, 0.000000000000000000, -1.000000000000000000 ) ) ;
#320 = COLOUR_RGB ( '',0.8039215686274510109, 0.8039215686274510109, 0.8039215686274510109 ) ;
#321 = FILL_AREA_STYLE ('',( #646 ) ) ;
#322 = PRESENTATION_STYLE_ASSIGNMENT (( #1663 ) ) ;
#323 = VERTEX_POINT ( 'NONE', #3412 ) ;
#324 = CARTESIAN_POINT ( 'NONE',  ( -2.904730922823985040, 2.404730922823985040, 1.100000000000000089 ) ) ;
#325 = ORIENTED_EDGE ( 'NONE', *, *, #1040, .T. ) ;
#326 = FILL_AREA_STYLE ('',( #3173 ) ) ;
#327 = SURFACE_STYLE_FILL_AREA ( #2226 ) ;
#328 = SURFACE_STYLE_USAGE ( .BOTH. , #1192 ) ;
#329 = CYLINDRICAL_SURFACE ( 'NONE', #578, 0.1499999999999999389 ) ;
#330 = ORIENTED_EDGE ( 'NONE', *, *, #1768, .F. ) ;
#331 = ADVANCED_FACE ( 'NONE', ( #2120 ), #2886, .F. ) ;
#332 = VERTEX_POINT ( 'NONE', #2087 ) ;
#333 = ORIENTED_EDGE ( 'NONE', *, *, #954, .T. ) ;
#334 = CARTESIAN_POINT ( 'NONE',  ( -2.250000000000001332, -1.249999999999998668, -1.250000000000000000 ) ) ;
#335 = LINE ( 'NONE', #2556, #1069 ) ;
#336 = EDGE_CURVE ( 'NONE', #1341, #3038, #1604, .T. ) ;
#337 = ORIENTED_EDGE ( 'NONE', *, *, #2695, .T. ) ;
#338 = MECHANICAL_DESIGN_GEOMETRIC_PRESENTATION_REPRESENTATION (  '', ( #341 ), #2538 ) ;
#339 = UNCERTAINTY_MEASURE_WITH_UNIT (LENGTH_MEASURE( 1.000000000000000082E-05 ), #3157, 'distance_accuracy_value', 'NONE');
#340 = CARTESIAN_POINT ( 'NONE',  ( 2.675000000000000266, -4.571444454642993982, -0.5507193504256789884 ) ) ;
#341 = STYLED_ITEM ( 'NONE', ( #3138 ), #291 ) ;
#342 = VECTOR ( 'NONE', #3362, 1000.000000000000000 ) ;
#343 = EDGE_CURVE ( 'NONE', #1100, #2778, #1218, .T. ) ;
#344 = ORIENTED_EDGE ( 'NONE', *, *, #704, .T. ) ;
#345 = ORIENTED_EDGE ( 'NONE', *, *, #2704, .F. ) ;
#346 = CARTESIAN_POINT ( 'NONE',  ( 2.675000000000000266, -2.749999999999999112, 0.2499999999999999445 ) ) ;
#347 = PRESENTATION_STYLE_ASSIGNMENT (( #1930 ) ) ;
#348 = VECTOR ( 'NONE', #1876, 1000.000000000000000 ) ;
#349 = SURFACE_STYLE_FILL_AREA ( #1381 ) ;
#350 = AXIS2_PLACEMENT_3D ( 'NONE', #2479, #2984, #1447 ) ;
#351 = EDGE_LOOP ( 'NONE', ( #1105, #2902, #2525, #512 ) ) ;
#352 = DIRECTION ( 'NONE',  ( -1.000000000000000000, 0.000000000000000000, 0.000000000000000000 ) ) ;
#353 = EDGE_CURVE ( 'NONE', #1133, #2545, #2892, .T. ) ;
#354 = CARTESIAN_POINT ( 'NONE',  ( -2.674999999999999822, -3.621241502970535375, -0.3794960867217309075 ) ) ;
#355 = ORIENTED_EDGE ( 'NONE', *, *, #2585, .F. ) ;
#356 = ORIENTED_EDGE ( 'NONE', *, *, #2799, .T. ) ;
#357 = CARTESIAN_POINT ( 'NONE',  ( 2.675000000000000266, -4.383203065557601086, -1.289387653771991937 ) ) ;
#358 =( GEOMETRIC_REPRESENTATION_CONTEXT ( 3 ) GLOBAL_UNCERTAINTY_ASSIGNED_CONTEXT ( ( #912 ) ) GLOBAL_UNIT_ASSIGNED_CONTEXT ( ( #1434, #1215, #2225 ) ) REPRESENTATION_CONTEXT ( 'NONE', 'WORKASPACE' ) );
#359 = DIRECTION ( 'NONE',  ( 0.000000000000000000, 0.000000000000000000, -1.000000000000000000 ) ) ;
#360 = VECTOR ( 'NONE', #1536, 1000.000000000000000 ) ;
#361 = EDGE_LOOP ( 'NONE', ( #1575, #2735, #2514, #2045 ) ) ;
#362 = DIRECTION ( 'NONE',  ( 0.000000000000000000, -0.4820156531130795341, -0.8761626048593784688 ) ) ;
#363 = VERTEX_POINT ( 'NONE', #1249 ) ;
#364 = PRESENTATION_STYLE_ASSIGNMENT (( #576 ) ) ;
#365 = AXIS2_PLACEMENT_3D ( 'NONE', #1602, #1532, #266 ) ;
#366 = PRESENTATION_STYLE_ASSIGNMENT (( #636 ) ) ;
#367 = EDGE_CURVE ( 'NONE', #2221, #879, #2242, .T. ) ;
#368 = EDGE_CURVE ( 'NONE', #1214, #3153, #2255, .T. ) ;
#369 = DIRECTION ( 'NONE',  ( 0.000000000000000000, 0.000000000000000000, 1.000000000000000000 ) ) ;
#370 = EDGE_CURVE ( 'NONE', #2221, #661, #2421, .T. ) ;
#371 = AXIS2_PLACEMENT_3D ( 'NONE', #2444, #1651, #39 ) ;
#372 = ORIENTED_EDGE ( 'NONE', *, *, #717, .T. ) ;
#373 = ORIENTED_EDGE ( 'NONE', *, *, #2704, .T. ) ;
#374 = DIRECTION ( 'NONE',  ( -0.1039620511844907835, 0.1039620511844907974, 0.9891328443778555357 ) ) ;
#375 =( NAMED_UNIT ( * ) SI_UNIT ( $, .STERADIAN. ) SOLID_ANGLE_UNIT ( ) );
#376 = EDGE_CURVE ( 'NONE', #2545, #2918, #6, .T. ) ;
#377 = MECHANICAL_DESIGN_GEOMETRIC_PRESENTATION_REPRESENTATION (  '', ( #1152 ), #2914 ) ;
#378 = CARTESIAN_POINT ( 'NONE',  ( 2.675000000000000266, -2.749999999999999112, -0.2500000000000000555 ) ) ;
#379 = ORIENTED_EDGE ( 'NONE', *, *, #1829, .F. ) ;
#380 = FACE_OUTER_BOUND ( 'NONE', #1352, .T. ) ;
#381 = FILL_AREA_STYLE ('',( #2157 ) ) ;
#382 = ORIENTED_EDGE ( 'NONE', *, *, #2752, .T. ) ;
#383 =( NAMED_UNIT ( * ) SI_UNIT ( $, .STERADIAN. ) SOLID_ANGLE_UNIT ( ) );
#384 = CYLINDRICAL_SURFACE ( 'NONE', #462, 0.2750000000000000777 ) ;
#385 = ADVANCED_FACE ( 'NONE', ( #1975 ), #2678, .F. ) ;
#386 = FILL_AREA_STYLE ('',( #2213 ) ) ;
#387 = VERTEX_POINT ( 'NONE', #656 ) ;
#388 = ORIENTED_EDGE ( 'NONE', *, *, #1148, .T. ) ;
#389 = FILL_AREA_STYLE_COLOUR ( '', #1781 ) ;
#390 = FACE_OUTER_BOUND ( 'NONE', #1766, .T. ) ;
#391 = DIRECTION ( 'NONE',  ( -1.000000000000000000, 0.000000000000000000, -0.000000000000000000 ) ) ;
#392 = ADVANCED_FACE ( 'NONE', ( #917 ), #1432, .T. ) ;
#393 = VECTOR ( 'NONE', #1351, 1000.000000000000000 ) ;
#394 = ORIENTED_EDGE ( 'NONE', *, *, #1576, .F. ) ;
#395 = LINE ( 'NONE', #2744, #3420 ) ;
#396 = VERTEX_POINT ( 'NONE', #3023 ) ;
#397 = DIRECTION ( 'NONE',  ( 1.000000000000000000, -2.891205793294679017E-15, 0.000000000000000000 ) ) ;
#398 = FILL_AREA_STYLE ('',( #2285 ) ) ;
#399 = AXIS2_PLACEMENT_3D ( 'NONE', #427, #1228, #1513 ) ;
#400 = AXIS2_PLACEMENT_3D ( 'NONE', #3254, #2743, #1961 ) ;
#401 = FACE_OUTER_BOUND ( 'NONE', #122, .T. ) ;
#402 = MECHANICAL_DESIGN_GEOMETRIC_PRESENTATION_REPRESENTATION (  '', ( #860 ), #2115 ) ;
#403 = DIRECTION ( 'NONE',  ( -5.782411586589358033E-15, 0.000000000000000000, -1.000000000000000000 ) ) ;
#404 =( BOUNDED_CURVE ( )  B_SPLINE_CURVE ( 3, ( #1899, #1159, #1878, #294 ),
 .UNSPECIFIED., .F., .T. ) 
 B_SPLINE_CURVE_WITH_KNOTS ( ( 4, 4 ),
 ( 6.277722098658053085, 6.283185307179586232 ),
 .UNSPECIFIED. ) 
 CURVE ( )  GEOMETRIC_REPRESENTATION_ITEM ( )  RATIONAL_B_SPLINE_CURVE ( ( 1.000000000000000000, 0.9999975127809339615, 0.9999975127809339615, 1.000000000000000000 ) ) 
 REPRESENTATION_ITEM ( '' )  );
#405 = VECTOR ( 'NONE', #413, 1000.000000000000000 ) ;
#406 = EDGE_LOOP ( 'NONE', ( #244, #273, #1036, #2192, #1976, #2450, #2941, #1017, #933, #3255, #618, #1082 ) ) ;
#407 = DIRECTION ( 'NONE',  ( 0.000000000000000000, 0.4820156531130794786, 0.8761626048593784688 ) ) ;
#408 = EDGE_CURVE ( 'NONE', #239, #3143, #3364, .T. ) ;
#409 = AXIS2_PLACEMENT_3D ( 'NONE', #2737, #942, #428 ) ;
#410 = LINE ( 'NONE', #123, #1580 ) ;
#411 = EDGE_CURVE ( 'NONE', #1866, #2256, #395, .T. ) ;
#412 = SURFACE_STYLE_USAGE ( .BOTH. , #1715 ) ;
#413 = DIRECTION ( 'NONE',  ( -1.000000000000000000, -0.000000000000000000, -0.000000000000000000 ) ) ;
#414 = PRODUCT_DEFINITION_CONTEXT ( 'detailed design', #1925, 'design' ) ;
#415 = MECHANICAL_DESIGN_GEOMETRIC_PRESENTATION_REPRESENTATION (  '', ( #2187 ), #1464 ) ;
#416 = SURFACE_STYLE_FILL_AREA ( #2296 ) ;
#417 = VERTEX_POINT ( 'NONE', #839 ) ;
#418 = DIRECTION ( 'NONE',  ( -0.1039620511844909917, -0.1039620511844918938, 0.9891328443778553137 ) ) ;
#419 = ORIENTED_EDGE ( 'NONE', *, *, #3072, .F. ) ;
#420 =( LENGTH_UNIT ( ) NAMED_UNIT ( * ) SI_UNIT ( .MILLI., .METRE. ) );
#421 = PRESENTATION_LAYER_ASSIGNMENT (  '', '', ( #474 ) ) ;
#422 = CARTESIAN_POINT ( 'NONE',  ( -2.674999999999999822, -4.554005336206950361, -0.8001103629906346493 ) ) ;
#423 = VECTOR ( 'NONE', #2635, 1000.000000000000000 ) ;
#424 = CARTESIAN_POINT ( 'NONE',  ( -1.924999999999999600, -4.571444454642993982, -0.5507193504256789884 ) ) ;
#425 = VECTOR ( 'NONE', #80, 1000.000000000000000 ) ;
#426 = ORIENTED_EDGE ( 'NONE', *, *, #609, .F. ) ;
#427 = CARTESIAN_POINT ( 'NONE',  ( 2.904730922823985040, 2.404730922823985040, 1.100000000000000089 ) ) ;
#428 = DIRECTION ( 'NONE',  ( 0.000000000000000000, 0.000000000000000000, -1.000000000000000000 ) ) ;
#429 =( LENGTH_UNIT ( ) NAMED_UNIT ( * ) SI_UNIT ( .MILLI., .METRE. ) );
#430 =( LENGTH_UNIT ( ) NAMED_UNIT ( * ) SI_UNIT ( .MILLI., .METRE. ) );
#431 = EDGE_CURVE ( 'NONE', #396, #2623, #3312, .T. ) ;
#432 = FACE_OUTER_BOUND ( 'NONE', #595, .T. ) ;
#433 = VERTEX_POINT ( 'NONE', #2760 ) ;
#434 = EDGE_LOOP ( 'NONE', ( #2436, #1288, #1242, #102 ) ) ;
#435 = STYLED_ITEM ( 'NONE', ( #2908 ), #3411 ) ;
#436 =( NAMED_UNIT ( * ) SI_UNIT ( $, .STERADIAN. ) SOLID_ANGLE_UNIT ( ) );
#437 =( NAMED_UNIT ( * ) PLANE_ANGLE_UNIT ( ) SI_UNIT ( $, .RADIAN. ) );
#438 = CARTESIAN_POINT ( 'NONE',  ( -1.924999999999999600, -5.249999999999999112, -0.8487790509594148602 ) ) ;
#439 = DIRECTION ( 'NONE',  ( -0.000000000000000000, -0.000000000000000000, -1.000000000000000000 ) ) ;
#440 = EDGE_CURVE ( 'NONE', #1700, #1851, #1452, .T. ) ;
#441 = EDGE_LOOP ( 'NONE', ( #918, #786, #2934, #2107 ) ) ;
#442 = CARTESIAN_POINT ( 'NONE',  ( -2.674999999999999822, -4.418081302429688328, -0.7906056286420819479 ) ) ;
#443 = SURFACE_STYLE_USAGE ( .BOTH. , #1209 ) ;
#444 = EDGE_CURVE ( 'NONE', #472, #827, #2499, .T. ) ;
#445 = LINE ( 'NONE', #2470, #632 ) ;
#446 = CARTESIAN_POINT ( 'NONE',  ( 3.046612637206903340, -2.749999999999999112, -0.2499143400290881611 ) ) ;
#447 = DIRECTION ( 'NONE',  ( 0.000000000000000000, 0.000000000000000000, -1.000000000000000000 ) ) ;
#448 = ADVANCED_FACE ( 'NONE', ( #1738 ), #1335, .T. ) ;
#449 = EDGE_LOOP ( 'NONE', ( #1598, #2052, #2178, #264 ) ) ;
#450 = ORIENTED_EDGE ( 'NONE', *, *, #2016, .T. ) ;
#451 = DIRECTION ( 'NONE',  ( 0.000000000000000000, 0.9975640502598205339, 0.06975647374417794089 ) ) ;
#452 = DIRECTION ( 'NONE',  ( 1.000000000000000000, 0.000000000000000000, -0.000000000000000000 ) ) ;
#453 = ADVANCED_FACE ( 'NONE', ( #977 ), #2281, .F. ) ;
#454 = AXIS2_PLACEMENT_3D ( 'NONE', #2183, #1926, #52 ) ;
#455 = LINE ( 'NONE', #227, #972 ) ;
#456 = CIRCLE ( 'NONE', #213, 0.2500000000000001110 ) ;
#457 = VECTOR ( 'NONE', #3340, 1000.000000000000000 ) ;
#458 = DIRECTION ( 'NONE',  ( -0.000000000000000000, -0.000000000000000000, 1.000000000000000000 ) ) ;
#459 = MECHANICAL_DESIGN_GEOMETRIC_PRESENTATION_REPRESENTATION (  '', ( #1622 ), #914 ) ;
#460 = CARTESIAN_POINT ( 'NONE',  ( 3.044973682803350457, -2.749999999999999112, -0.2500000000000000000 ) ) ;
#461 = SURFACE_SIDE_STYLE ('',( #2323 ) ) ;
#462 = AXIS2_PLACEMENT_3D ( 'NONE', #2209, #369, #673 ) ;
#463 = CARTESIAN_POINT ( 'NONE',  ( 3.039791529468662379, 2.553909207129226200, 1.115679269490146952 ) ) ;
#464 = VECTOR ( 'NONE', #1030, 1000.000000000000000 ) ;
#465 = SURFACE_STYLE_FILL_AREA ( #2821 ) ;
#466 = DIRECTION ( 'NONE',  ( 0.000000000000000000, 0.000000000000000000, 1.000000000000000000 ) ) ;
#467 = VERTEX_POINT ( 'NONE', #1271 ) ;
#468 = SURFACE_SIDE_STYLE ('',( #2318 ) ) ;
#469 = DIRECTION ( 'NONE',  ( -1.000000000000000000, 0.000000000000000000, 0.000000000000000000 ) ) ;
#470 = LINE ( 'NONE', #993, #1957 ) ;
#471 = DIRECTION ( 'NONE',  ( 0.000000000000000000, 0.000000000000000000, -1.000000000000000000 ) ) ;
#472 = VERTEX_POINT ( 'NONE', #2827 ) ;
#473 = DIRECTION ( 'NONE',  ( -0.1039620511844907697, -0.1039620511844911999, 0.9891328443778553137 ) ) ;
#474 = STYLED_ITEM ( 'NONE', ( #1295 ), #2203 ) ;
#475 = EDGE_CURVE ( 'NONE', #735, #2224, #2542, .T. ) ;
#476 = SURFACE_SIDE_STYLE ('',( #2782 ) ) ;
#477 =( NAMED_UNIT ( * ) SI_UNIT ( $, .STERADIAN. ) SOLID_ANGLE_UNIT ( ) );
#478 = VECTOR ( 'NONE', #1111, 1000.000000000000000 ) ;
#479 = PLANE ( 'NONE',  #2607 ) ;
#480 = STYLED_ITEM ( 'NONE', ( #3381 ), #1808 ) ;
#481 = DIRECTION ( 'NONE',  ( -1.000000000000000000, -0.000000000000000000, -0.000000000000000000 ) ) ;
#482 = ORIENTED_EDGE ( 'NONE', *, *, #815, .F. ) ;
#483 = PLANE ( 'NONE',  #400 ) ;
#484 = DIRECTION ( 'NONE',  ( 1.000000000000000000, 0.000000000000000000, 0.000000000000000000 ) ) ;
#485 = CARTESIAN_POINT ( 'NONE',  ( -3.068924913734947690, -2.576870484763162494, -0.4622014707203137007 ) ) ;
#486 = VERTEX_POINT ( 'NONE', #2027 ) ;
#487 = CARTESIAN_POINT ( 'NONE',  ( -1.924999999999999600, -2.749999999999999112, -0.2500000000000000555 ) ) ;
#488 = CARTESIAN_POINT ( 'NONE',  ( -3.195452410155266154, -2.687867965644033408, -0.2310143501177165937 ) ) ;
#489 = CYLINDRICAL_SURFACE ( 'NONE', #2535, 0.2499999999999994726 ) ;
#490 = ORIENTED_EDGE ( 'NONE', *, *, #622, .T. ) ;
#491 = CARTESIAN_POINT ( 'NONE',  ( 2.249999999999999556, 2.750000000000000888, -0.7500000000000000000 ) ) ;
#492 = CARTESIAN_POINT ( 'NONE',  ( -2.904730922823985040, 2.404730922823985040, 1.100000000000000089 ) ) ;
#493 = PRODUCT_DEFINITION_FORMATION_WITH_SPECIFIED_SOURCE ( 'ANY', '', #2420, .NOT_KNOWN. ) ;
#494 = SURFACE_SIDE_STYLE ('',( #1826 ) ) ;
#495 = CARTESIAN_POINT ( 'NONE',  ( -2.904730922823985040, 2.404730922823985040, 1.250000000000000000 ) ) ;
#496 = DIRECTION ( 'NONE',  ( 0.000000000000000000, 0.000000000000000000, -1.000000000000000000 ) ) ;
#497 = EDGE_CURVE ( 'NONE', #1770, #1418, #3124, .T. ) ;
#498 = ORIENTED_EDGE ( 'NONE', *, *, #1380, .F. ) ;
#499 = FILL_AREA_STYLE ('',( #1084 ) ) ;
#500 = ORIENTED_EDGE ( 'NONE', *, *, #84, .T. ) ;
#501 =( LENGTH_UNIT ( ) NAMED_UNIT ( * ) SI_UNIT ( .MILLI., .METRE. ) );
#502 = EDGE_CURVE ( 'NONE', #1419, #3225, #1803, .T. ) ;
#503 = FILL_AREA_STYLE_COLOUR ( '', #3196 ) ;
#504 = EDGE_CURVE ( 'NONE', #1865, #2124, #1521, .T. ) ;
#505 =( NAMED_UNIT ( * ) PLANE_ANGLE_UNIT ( ) SI_UNIT ( $, .RADIAN. ) );
#506 = FILL_AREA_STYLE_COLOUR ( '', #2328 ) ;
#507 = DIRECTION ( 'NONE',  ( -0.9945218953682740670, 0.000000000000000000, -0.1045284632676466569 ) ) ;
#508 = CARTESIAN_POINT ( 'NONE',  ( -1.924999999999999600, -3.988081302429688169, -0.008992173443461076027 ) ) ;
#509 = ORIENTED_EDGE ( 'NONE', *, *, #536, .F. ) ;
#510 = MECHANICAL_DESIGN_GEOMETRIC_PRESENTATION_REPRESENTATION (  '', ( #3046 ), #2879 ) ;
#511 = VERTEX_POINT ( 'NONE', #3368 ) ;
#512 = ORIENTED_EDGE ( 'NONE', *, *, #1777, .T. ) ;
#513 = CARTESIAN_POINT ( 'NONE',  ( -2.250000000000000444, 2.750000000000001332, -1.250000000000000000 ) ) ;
#514 = PLANE ( 'NONE',  #2398 ) ;
#515 = AXIS2_PLACEMENT_3D ( 'NONE', #131, #2337, #1276 ) ;
#516 = ADVANCED_FACE ( 'NONE', ( #1022 ), #2263, .T. ) ;
#517 = VECTOR ( 'NONE', #3033, 1000.000000000000000 ) ;
#518 = FILL_AREA_STYLE_COLOUR ( '', #3205 ) ;
#519 = ORIENTED_EDGE ( 'NONE', *, *, #675, .F. ) ;
#520 = MECHANICAL_DESIGN_GEOMETRIC_PRESENTATION_REPRESENTATION (  '', ( #750 ), #3110 ) ;
#521 = FACE_OUTER_BOUND ( 'NONE', #1150, .T. ) ;
#522 = VECTOR ( 'NONE', #1546, 1000.000000000000000 ) ;
#523 = CARTESIAN_POINT ( 'NONE',  ( -2.589028690176948366, 3.697516163274367607, -0.7500000000000000000 ) ) ;
#524 = DIRECTION ( 'NONE',  ( 1.000000000000000000, 0.000000000000000000, 0.000000000000000000 ) ) ;
#525 = AXIS2_PLACEMENT_3D ( 'NONE', #585, #3217, #605 ) ;
#526 = CARTESIAN_POINT ( 'NONE',  ( 0.3750000000000003331, -2.749999999999999112, 0.2499999999999999445 ) ) ;
#527 = STYLED_ITEM ( 'NONE', ( #347 ), #2103 ) ;
#528 = DIRECTION ( 'NONE',  ( -0.000000000000000000, -0.000000000000000000, -1.000000000000000000 ) ) ;
#529 = CARTESIAN_POINT ( 'NONE',  ( -3.249997761507015692, 2.600819477201775420, -0.7499787021619137573 ) ) ;
#530 = DIRECTION ( 'NONE',  ( 0.000000000000000000, 0.000000000000000000, -1.000000000000000000 ) ) ;
#531 = PLANE ( 'NONE',  #2687 ) ;
#532 = ORIENTED_EDGE ( 'NONE', *, *, #2425, .F. ) ;
#533 = ORIENTED_EDGE ( 'NONE', *, *, #2572, .T. ) ;
#534 = DIRECTION ( 'NONE',  ( 0.000000000000000000, -1.662374665054309208E-16, 1.000000000000000000 ) ) ;
#535 =( NAMED_UNIT ( * ) SI_UNIT ( $, .STERADIAN. ) SOLID_ANGLE_UNIT ( ) );
#536 = EDGE_CURVE ( 'NONE', #2317, #3396, #1254, .T. ) ;
#537 = LINE ( 'NONE', #1037, #1032 ) ;
#538 = VERTEX_POINT ( 'NONE', #1473 ) ;
#539 = ORIENTED_EDGE ( 'NONE', *, *, #2216, .T. ) ;
#540 = EDGE_CURVE ( 'NONE', #805, #1238, #1200, .T. ) ;
#541 = LINE ( 'NONE', #1585, #1187 ) ;
#542 = SURFACE_SIDE_STYLE ('',( #1014 ) ) ;
#543 = FACE_OUTER_BOUND ( 'NONE', #1190, .T. ) ;
#544 = EDGE_CURVE ( 'NONE', #247, #1341, #2007, .T. ) ;
#545 =( GEOMETRIC_REPRESENTATION_CONTEXT ( 3 ) GLOBAL_UNCERTAINTY_ASSIGNED_CONTEXT ( ( #2341 ) ) GLOBAL_UNIT_ASSIGNED_CONTEXT ( ( #3360, #843, #1371 ) ) REPRESENTATION_CONTEXT ( 'NONE', 'WORKASPACE' ) );
#546 = ADVANCED_FACE ( 'NONE', ( #2316 ), #3348, .T. ) ;
#547 = ORIENTED_EDGE ( 'NONE', *, *, #2166, .F. ) ;
#548 = ORIENTED_EDGE ( 'NONE', *, *, #3387, .F. ) ;
#549 = DIRECTION ( 'NONE',  ( 0.1039620511844907558, 0.1039620511844911999, -0.9891328443778553137 ) ) ;
#550 =( NAMED_UNIT ( * ) PLANE_ANGLE_UNIT ( ) SI_UNIT ( $, .RADIAN. ) );
#551 = CARTESIAN_POINT ( 'NONE',  ( -2.250000000000001332, -1.249999999999998668, -1.250000000000000000 ) ) ;
#552 =( NAMED_UNIT ( * ) SI_UNIT ( $, .STERADIAN. ) SOLID_ANGLE_UNIT ( ) );
#553 = ORIENTED_EDGE ( 'NONE', *, *, #3111, .F. ) ;
#554 = CARTESIAN_POINT ( 'NONE',  ( -1.924999999999999600, -3.979999999999999094, -1.031613455198621132 ) ) ;
#555 = VERTEX_POINT ( 'NONE', #2880 ) ;
#556 = EDGE_CURVE ( 'NONE', #555, #2414, #2588, .T. ) ;
#557 = ADVANCED_FACE ( 'NONE', ( #1855 ), #2097, .T. ) ;
#558 = FILL_AREA_STYLE_COLOUR ( '', #160 ) ;
#559 = CARTESIAN_POINT ( 'NONE',  ( -5.261016559127030590, -2.749999999999999112, -0.2500000000000000000 ) ) ;
#560 = DIRECTION ( 'NONE',  ( 1.000000000000000000, 0.000000000000000000, 0.000000000000000000 ) ) ;
#561 = ORIENTED_EDGE ( 'NONE', *, *, #830, .F. ) ;
#562 = LINE ( 'NONE', #1936, #686 ) ;
#563 = CARTESIAN_POINT ( 'NONE',  ( 1.925000000000000044, -3.988081302429688169, -0.008992173443461076027 ) ) ;
#564 = FILL_AREA_STYLE_COLOUR ( '', #1856 ) ;
#565 = AXIS2_PLACEMENT_3D ( 'NONE', #2070, #2570, #3394 ) ;
#566 = PRESENTATION_LAYER_ASSIGNMENT (  '', '', ( #2390 ) ) ;
#567 = LINE ( 'NONE', #551, #1780 ) ;
#568 = VECTOR ( 'NONE', #466, 1000.000000000000000 ) ;
#569 = STYLED_ITEM ( 'NONE', ( #660 ), #2872 ) ;
#570 = LINE ( 'NONE', #304, #966 ) ;
#571 = AXIS2_PLACEMENT_3D ( 'NONE', #1520, #944, #2513 ) ;
#572 = ORIENTED_EDGE ( 'NONE', *, *, #1756, .F. ) ;
#573 = PRESENTATION_STYLE_ASSIGNMENT (( #2430 ) ) ;
#574 = ORIENTED_EDGE ( 'NONE', *, *, #2877, .F. ) ;
#575 = CIRCLE ( 'NONE', #409, 0.4999999999999997780 ) ;
#576 = SURFACE_STYLE_USAGE ( .BOTH. , #1666 ) ;
#577 = CARTESIAN_POINT ( 'NONE',  ( -3.053909207129226200, -2.509835158089652740, 1.115679269490147174 ) ) ;
#578 = AXIS2_PLACEMENT_3D ( 'NONE', #1383, #1128, #2194 ) ;
#579 = ORIENTED_EDGE ( 'NONE', *, *, #1423, .T. ) ;
#580 = PRESENTATION_STYLE_ASSIGNMENT (( #1932 ) ) ;
#581 = COLOUR_RGB ( '',0.9607843137254902244, 0.9607843137254902244, 0.9607843137254902244 ) ;
#582 = EDGE_CURVE ( 'NONE', #1133, #2863, #812, .T. ) ;
#583 = VERTEX_POINT ( 'NONE', #1103 ) ;
#584 = DIRECTION ( 'NONE',  ( 0.000000000000000000, 0.9975640502598205339, 0.06975647374417832947 ) ) ;
#585 = CARTESIAN_POINT ( 'NONE',  ( -2.354730922823984773, -1.959835158089652474, 1.250000000000000000 ) ) ;
#586 = COLOUR_RGB ( '',0.8039215686274510109, 0.8039215686274510109, 0.8039215686274510109 ) ;
#587 = VECTOR ( 'NONE', #1757, 1000.000000000000000 ) ;
#588 =( LENGTH_UNIT ( ) NAMED_UNIT ( * ) SI_UNIT ( .MILLI., .METRE. ) );
#589 = UNCERTAINTY_MEASURE_WITH_UNIT (LENGTH_MEASURE( 1.000000000000000082E-05 ), #3015, 'distance_accuracy_value', 'NONE');
#590 = ADVANCED_FACE ( 'NONE', ( #2426 ), #1326, .T. ) ;
#591 =( NAMED_UNIT ( * ) PLANE_ANGLE_UNIT ( ) SI_UNIT ( $, .RADIAN. ) );
#592 =( GEOMETRIC_REPRESENTATION_CONTEXT ( 3 ) GLOBAL_UNCERTAINTY_ASSIGNED_CONTEXT ( ( #2034 ) ) GLOBAL_UNIT_ASSIGNED_CONTEXT ( ( #837, #3392, #3136 ) ) REPRESENTATION_CONTEXT ( 'NONE', 'WORKASPACE' ) );
#593 = DIRECTION ( 'NONE',  ( 0.000000000000000000, 0.000000000000000000, -1.000000000000000000 ) ) ;
#594 = ORIENTED_EDGE ( 'NONE', *, *, #1907, .F. ) ;
#595 = EDGE_LOOP ( 'NONE', ( #1498, #2707, #689, #78, #561, #83, #379, #1947, #2483, #355 ) ) ;
#596 = CARTESIAN_POINT ( 'NONE',  ( 3.249999253833817381, 2.600546320512449938, -0.7499929007029805250 ) ) ;
#597 = FACE_OUTER_BOUND ( 'NONE', #1505, .T. ) ;
#598 = EDGE_CURVE ( 'NONE', #835, #2368, #3148, .T. ) ;
#599 = CARTESIAN_POINT ( 'NONE',  ( -1.924999999999999600, -4.418081302429688328, -0.7906056286420819479 ) ) ;
#600 = PLANE ( 'NONE',  #3318 ) ;
#601 = ORIENTED_EDGE ( 'NONE', *, *, #161, .F. ) ;
#602 = ORIENTED_EDGE ( 'NONE', *, *, #1126, .F. ) ;
#603 = FACE_OUTER_BOUND ( 'NONE', #3247, .T. ) ;
#604 = DIRECTION ( 'NONE',  ( 0.9945218953682740670, 0.000000000000000000, -0.1045284632676466569 ) ) ;
#605 = DIRECTION ( 'NONE',  ( 1.000000000000000000, 0.000000000000000000, 0.000000000000000000 ) ) ;
#606 = SURFACE_STYLE_FILL_AREA ( #3004 ) ;
#607 = LINE ( 'NONE', #2724, #1494 ) ;
#608 = EDGE_CURVE ( 'NONE', #3238, #2846, #1089, .T. ) ;
#609 = EDGE_CURVE ( 'NONE', #1684, #1212, #570, .T. ) ;
#610 = ORIENTED_EDGE ( 'NONE', *, *, #1374, .T. ) ;
#611 = ORIENTED_EDGE ( 'NONE', *, *, #3410, .F. ) ;
#612 = ADVANCED_FACE ( 'NONE', ( #3133 ), #28, .T. ) ;
#613 = SURFACE_STYLE_FILL_AREA ( #2443 ) ;
#614 = CARTESIAN_POINT ( 'NONE',  ( 1.925000000000000044, -4.554005336206950361, -0.8001103629906346493 ) ) ;
#615 = CARTESIAN_POINT ( 'NONE',  ( 1.925000000000000044, -5.249999999999999112, -0.8487790509594148602 ) ) ;
#616 = UNCERTAINTY_MEASURE_WITH_UNIT (LENGTH_MEASURE( 1.000000000000000082E-05 ), #925, 'distance_accuracy_value', 'NONE');
#617 = CARTESIAN_POINT ( 'NONE',  ( 2.675000000000000266, -3.549999999999998934, -0.2500000000000000000 ) ) ;
#618 = ORIENTED_EDGE ( 'NONE', *, *, #1683, .F. ) ;
#619 = PRESENTATION_STYLE_ASSIGNMENT (( #1656 ) ) ;
#620 = EDGE_LOOP ( 'NONE', ( #826, #2098, #850, #2519 ) ) ;
#621 = CARTESIAN_POINT ( 'NONE',  ( -3.100273160765782965, 2.750000000000001332, -0.7500000000000002220 ) ) ;
#622 = EDGE_CURVE ( 'NONE', #2368, #982, #1973, .T. ) ;
#623 = VECTOR ( 'NONE', #1026, 1000.000000000000000 ) ;
#624 = CARTESIAN_POINT ( 'NONE',  ( 2.249999999999999556, -1.249999999999999334, -1.250000000000000000 ) ) ;
#625 = DIRECTION ( 'NONE',  ( 1.000000000000000000, 0.000000000000000000, 0.000000000000000000 ) ) ;
#626 = ADVANCED_FACE ( 'NONE', ( #2721 ), #3235, .F. ) ;
#627 = STYLED_ITEM ( 'NONE', ( #2534 ), #236 ) ;
#628 = UNCERTAINTY_MEASURE_WITH_UNIT (LENGTH_MEASURE( 1.000000000000000082E-05 ), #1191, 'distance_accuracy_value', 'NONE');
#629 = DIRECTION ( 'NONE',  ( -0.000000000000000000, 1.000000000000000000, 1.662374665054309455E-16 ) ) ;
#630 = EDGE_CURVE ( 'NONE', #805, #555, #2774, .T. ) ;
#631 = AXIS2_PLACEMENT_3D ( 'NONE', #485, #1213, #1499 ) ;
#632 = VECTOR ( 'NONE', #731, 1000.000000000000000 ) ;
#633 = ORIENTED_EDGE ( 'NONE', *, *, #1534, .F. ) ;
#634 = LINE ( 'NONE', #2727, #3258 ) ;
#635 = ORIENTED_EDGE ( 'NONE', *, *, #2609, .F. ) ;
#636 = SURFACE_STYLE_USAGE ( .BOTH. , #2709 ) ;
#637 = DIRECTION ( 'NONE',  ( 0.000000000000000000, -0.000000000000000000, 1.000000000000000000 ) ) ;
#638 = COLOUR_RGB ( '',0.8039215686274510109, 0.8039215686274510109, 0.8039215686274510109 ) ;
#639 = FILL_AREA_STYLE_COLOUR ( '', #45 ) ;
#640 = CARTESIAN_POINT ( 'NONE',  ( -3.250000000000000000, -2.633999252941362279, -0.7592703633901322080 ) ) ;
#641 = ORIENTED_EDGE ( 'NONE', *, *, #2409, .F. ) ;
#642 = ADVANCED_FACE ( 'NONE', ( #3252 ), #1958, .F. ) ;
#643 = ORIENTED_EDGE ( 'NONE', *, *, #1597, .T. ) ;
#644 = CARTESIAN_POINT ( 'NONE',  ( -1.924999999999999600, -3.979999999999999094, -1.031613455198621132 ) ) ;
#645 = CARTESIAN_POINT ( 'NONE',  ( 2.675000000000000266, -3.549999999999998934, 0.2499999999999999445 ) ) ;
#646 = FILL_AREA_STYLE_COLOUR ( '', #869 ) ;
#647 = AXIS2_PLACEMENT_3D ( 'NONE', #2929, #3180, #1628 ) ;
#648 = SURFACE_SIDE_STYLE ('',( #606 ) ) ;
#649 = SURFACE_SIDE_STYLE ('',( #88 ) ) ;
#650 = EDGE_LOOP ( 'NONE', ( #382, #804, #2575, #2356 ) ) ;
#651 = VECTOR ( 'NONE', #3328, 1000.000000000000000 ) ;
#652 = LINE ( 'NONE', #2480, #284 ) ;
#653 = EDGE_CURVE ( 'NONE', #2317, #1227, #3071, .T. ) ;
#654 = ORIENTED_EDGE ( 'NONE', *, *, #800, .T. ) ;
#655 = CARTESIAN_POINT ( 'NONE',  ( -5.261016559127030590, 2.750000000000000888, -0.7500000000000000000 ) ) ;
#656 = CARTESIAN_POINT ( 'NONE',  ( 3.100819477201775420, 2.749997761507017469, -0.7499787021619264138 ) ) ;
#657 = ORIENTED_EDGE ( 'NONE', *, *, #1908, .T. ) ;
#658 = MECHANICAL_DESIGN_GEOMETRIC_PRESENTATION_REPRESENTATION (  '', ( #480 ), #708 ) ;
#659 = CARTESIAN_POINT ( 'NONE',  ( -3.249999999999999556, -2.749999999999999112, -1.250000000000000000 ) ) ;
#660 = PRESENTATION_STYLE_ASSIGNMENT (( #328 ) ) ;
#661 = VERTEX_POINT ( 'NONE', #1983 ) ;
#662 = EDGE_LOOP ( 'NONE', ( #547, #2884, #2881, #1062, #3390 ) ) ;
#663 = ORIENTED_EDGE ( 'NONE', *, *, #1854, .F. ) ;
#664 = CARTESIAN_POINT ( 'NONE',  ( 3.250000000000000444, 2.600000000000000533, -1.250000000000000000 ) ) ;
#665 = CARTESIAN_POINT ( 'NONE',  ( 1.925000000000000044, -3.979999999999999094, -1.031613455198621132 ) ) ;
#666 = EDGE_CURVE ( 'NONE', #2784, #2279, #1269, .T. ) ;
#667 =( GEOMETRIC_REPRESENTATION_CONTEXT ( 3 ) GLOBAL_UNCERTAINTY_ASSIGNED_CONTEXT ( ( #2851 ) ) GLOBAL_UNIT_ASSIGNED_CONTEXT ( ( #430, #1999, #140 ) ) REPRESENTATION_CONTEXT ( 'NONE', 'WORKASPACE' ) );
#668 = ORIENTED_EDGE ( 'NONE', *, *, #1162, .T. ) ;
#669 = VERTEX_POINT ( 'NONE', #1750 ) ;
#670 = SURFACE_STYLE_FILL_AREA ( #2283 ) ;
#671 =( NAMED_UNIT ( * ) SI_UNIT ( $, .STERADIAN. ) SOLID_ANGLE_UNIT ( ) );
#672 = EDGE_CURVE ( 'NONE', #239, #58, #3288, .T. ) ;
#673 = DIRECTION ( 'NONE',  ( 1.000000000000000000, 0.000000000000000000, 0.000000000000000000 ) ) ;
#674 =( LENGTH_UNIT ( ) NAMED_UNIT ( * ) SI_UNIT ( .MILLI., .METRE. ) );
#675 = EDGE_CURVE ( 'NONE', #932, #3214, #1345, .T. ) ;
#676 = SHAPE_DEFINITION_REPRESENTATION ( #1587, #1495 ) ;
#677 = ORIENTED_EDGE ( 'NONE', *, *, #2636, .F. ) ;
#678 = CARTESIAN_POINT ( 'NONE',  ( 1.925000000000000044, -4.383203065557601086, -1.289387653771991937 ) ) ;
#679 = LINE ( 'NONE', #3032, #1517 ) ;
#680 = DIRECTION ( 'NONE',  ( 0.9945218953682738450, 0.000000000000000000, -0.1045284632676480863 ) ) ;
#681 = FACE_OUTER_BOUND ( 'NONE', #1914, .T. ) ;
#682 = ORIENTED_EDGE ( 'NONE', *, *, #2831, .F. ) ;
#683 = DIRECTION ( 'NONE',  ( 0.000000000000000000, 0.000000000000000000, -1.000000000000000000 ) ) ;
#684 = ORIENTED_EDGE ( 'NONE', *, *, #1551, .T. ) ;
#685 = SURFACE_STYLE_USAGE ( .BOTH. , #2520 ) ;
#686 = VECTOR ( 'NONE', #584, 1000.000000000000114 ) ;
#687 = VECTOR ( 'NONE', #549, 1000.000000000000000 ) ;
#688 = LINE ( 'NONE', #3041, #2883 ) ;
#689 = ORIENTED_EDGE ( 'NONE', *, *, #2302, .F. ) ;
#690 = CIRCLE ( 'NONE', #2176, 0.2499999999999994726 ) ;
#691 = CYLINDRICAL_SURFACE ( 'NONE', #2673, 0.2500000000000001110 ) ;
#692 = AXIS2_PLACEMENT_3D ( 'NONE', #1927, #1395, #1940 ) ;
#693 = EDGE_CURVE ( 'NONE', #1850, #3214, #1906, .T. ) ;
#694 = ORIENTED_EDGE ( 'NONE', *, *, #820, .F. ) ;
#695 = CARTESIAN_POINT ( 'NONE',  ( -3.249999999999999556, -2.749999999999999112, 1.250000000000000000 ) ) ;
#696 = PRESENTATION_STYLE_ASSIGNMENT (( #412 ) ) ;
#697 = MECHANICAL_DESIGN_GEOMETRIC_PRESENTATION_REPRESENTATION (  '', ( #2184 ), #1127 ) ;
#698 =( LENGTH_UNIT ( ) NAMED_UNIT ( * ) SI_UNIT ( .MILLI., .METRE. ) );
#699 = CARTESIAN_POINT ( 'NONE',  ( -3.053909207129226200, 2.404730922823985484, 1.115679269490147174 ) ) ;
#700 = ORIENTED_EDGE ( 'NONE', *, *, #2899, .T. ) ;
#701 = SURFACE_SIDE_STYLE ('',( #3054 ) ) ;
#702 = EDGE_LOOP ( 'NONE', ( #3001, #819, #3332, #2565, #2549 ) ) ;
#703 = FACE_OUTER_BOUND ( 'NONE', #2926, .T. ) ;
#704 = EDGE_CURVE ( 'NONE', #879, #323, #2869, .T. ) ;
#705 = VECTOR ( 'NONE', #2089, 1000.000000000000000 ) ;
#706 = FACE_OUTER_BOUND ( 'NONE', #852, .T. ) ;
#707 = ORIENTED_EDGE ( 'NONE', *, *, #1041, .T. ) ;
#708 =( GEOMETRIC_REPRESENTATION_CONTEXT ( 3 ) GLOBAL_UNCERTAINTY_ASSIGNED_CONTEXT ( ( #3236 ) ) GLOBAL_UNIT_ASSIGNED_CONTEXT ( ( #2660, #256, #270 ) ) REPRESENTATION_CONTEXT ( 'NONE', 'WORKASPACE' ) );
#709 = CARTESIAN_POINT ( 'NONE',  ( -1.924999999999999600, -5.249999999999999112, -0.8487790509594148602 ) ) ;
#710 = DIRECTION ( 'NONE',  ( 0.000000000000000000, -1.000000000000000000, 0.000000000000000000 ) ) ;
#711 = COLOUR_RGB ( '',0.8039215686274510109, 0.8039215686274510109, 0.8039215686274510109 ) ;
#712 = EDGE_CURVE ( 'NONE', #2441, #538, #1731, .T. ) ;
#713 =( NAMED_UNIT ( * ) PLANE_ANGLE_UNIT ( ) SI_UNIT ( $, .RADIAN. ) );
#714 = DIRECTION ( 'NONE',  ( -1.000000000000000000, -0.000000000000000000, -0.000000000000000000 ) ) ;
#715 = EDGE_CURVE ( 'NONE', #1083, #976, #3106, .T. ) ;
#716 = CARTESIAN_POINT ( 'NONE',  ( 0.3750000000000003331, -2.749999999999999112, 0.2499999999999999445 ) ) ;
#717 = EDGE_CURVE ( 'NONE', #2573, #982, #124, .T. ) ;
#718 = ADVANCED_FACE ( 'NONE', ( #3085 ), #732, .F. ) ;
#719 = VERTEX_POINT ( 'NONE', #2145 ) ;
#720 = FILL_AREA_STYLE_COLOUR ( '', #2822 ) ;
#721 = EDGE_LOOP ( 'NONE', ( #388, #2761, #330, #643 ) ) ;
#722 = DIRECTION ( 'NONE',  ( -0.000000000000000000, -1.000000000000000000, -0.000000000000000000 ) ) ;
#723 = PLANE ( 'NONE',  #515 ) ;
#724 = UNCERTAINTY_MEASURE_WITH_UNIT (LENGTH_MEASURE( 1.000000000000000082E-05 ), #1892, 'distance_accuracy_value', 'NONE');
#725 = FILL_AREA_STYLE ('',( #135 ) ) ;
#726 = DIRECTION ( 'NONE',  ( 0.1039620511844907835, -0.1039620511844907974, 0.9891328443778555357 ) ) ;
#727 = DIRECTION ( 'NONE',  ( 1.000000000000000000, 0.000000000000000000, 0.000000000000000000 ) ) ;
#728 = FILL_AREA_STYLE ('',( #1443 ) ) ;
#729 = FILL_AREA_STYLE ('',( #2509 ) ) ;
#730 =( NAMED_UNIT ( * ) PLANE_ANGLE_UNIT ( ) SI_UNIT ( $, .RADIAN. ) );
#731 = DIRECTION ( 'NONE',  ( 1.000000000000000000, -9.637352644315595243E-17, -0.000000000000000000 ) ) ;
#732 = PLANE ( 'NONE',  #1627 ) ;
#733 = CARTESIAN_POINT ( 'NONE',  ( 1.925000000000000044, -3.621241502970535375, -0.3794960867217309075 ) ) ;
#734 = DIRECTION ( 'NONE',  ( 0.000000000000000000, 0.4820156531130790900, 0.8761626048593786908 ) ) ;
#735 = VERTEX_POINT ( 'NONE', #1626 ) ;
#736 = CARTESIAN_POINT ( 'NONE',  ( 3.250000000000000444, -2.546612637206900231, -0.7500856599709188055 ) ) ;
#737 = FILL_AREA_STYLE_COLOUR ( '', #3331 ) ;
#738 = DIRECTION ( 'NONE',  ( -0.000000000000000000, -0.000000000000000000, 1.000000000000000000 ) ) ;
#739 =( GEOMETRIC_REPRESENTATION_CONTEXT ( 3 ) GLOBAL_UNCERTAINTY_ASSIGNED_CONTEXT ( ( #1260 ) ) GLOBAL_UNIT_ASSIGNED_CONTEXT ( ( #3402, #2951, #1630 ) ) REPRESENTATION_CONTEXT ( 'NONE', 'WORKASPACE' ) );
#740 = CARTESIAN_POINT ( 'NONE',  ( 0.3750000000000003331, -3.549999999999998934, 0.2499999999999999445 ) ) ;
#741 = VECTOR ( 'NONE', #1852, 1000.000000000000000 ) ;
#742 = VECTOR ( 'NONE', #2130, 1000.000000000000000 ) ;
#743 = PRESENTATION_LAYER_ASSIGNMENT (  '', '', ( #569 ) ) ;
#744 = CARTESIAN_POINT ( 'NONE',  ( -2.354730922823984773, -1.959835158089652474, 1.239999999999999991 ) ) ;
#745 = CARTESIAN_POINT ( 'NONE',  ( -1.924999999999999600, -4.352403803428149587, -0.6712232637039488026 ) ) ;
#746 = LINE ( 'NONE', #2039, #2558 ) ;
#747 =( GEOMETRIC_REPRESENTATION_CONTEXT ( 3 ) GLOBAL_UNCERTAINTY_ASSIGNED_CONTEXT ( ( #1968 ) ) GLOBAL_UNIT_ASSIGNED_CONTEXT ( ( #588, #2970, #3219 ) ) REPRESENTATION_CONTEXT ( 'NONE', 'WORKASPACE' ) );
#748 = STYLED_ITEM ( 'NONE', ( #3105 ), #3251 ) ;
#749 = ORIENTED_EDGE ( 'NONE', *, *, #949, .T. ) ;
#750 = STYLED_ITEM ( 'NONE', ( #2434 ), #1012 ) ;
#751 =( GEOMETRIC_REPRESENTATION_CONTEXT ( 3 ) GLOBAL_UNCERTAINTY_ASSIGNED_CONTEXT ( ( #589 ) ) GLOBAL_UNIT_ASSIGNED_CONTEXT ( ( #3015, #1771, #2763 ) ) REPRESENTATION_CONTEXT ( 'NONE', 'WORKASPACE' ) );
#752 = CYLINDRICAL_SURFACE ( 'NONE', #3357, 0.1499999999999999667 ) ;
#753 = EDGE_LOOP ( 'NONE', ( #2061, #1439, #1691, #1307 ) ) ;
#754 = AXIS2_PLACEMENT_3D ( 'NONE', #3293, #948, #2009 ) ;
#755 = FILL_AREA_STYLE_COLOUR ( '', #2789 ) ;
#756 = VECTOR ( 'NONE', #2771, 1000.000000000000000 ) ;
#757 = LINE ( 'NONE', #248, #802 ) ;
#758 = ORIENTED_EDGE ( 'NONE', *, *, #2539, .T. ) ;
#759 = DIRECTION ( 'NONE',  ( 0.000000000000000000, -0.000000000000000000, 1.000000000000000000 ) ) ;
#760 = CARTESIAN_POINT ( 'NONE',  ( -2.354730922823984773, -1.959835158089652474, 1.239999999999999991 ) ) ;
#761 =( GEOMETRIC_REPRESENTATION_CONTEXT ( 3 ) GLOBAL_UNCERTAINTY_ASSIGNED_CONTEXT ( ( #74 ) ) GLOBAL_UNIT_ASSIGNED_CONTEXT ( ( #2765, #965, #2837 ) ) REPRESENTATION_CONTEXT ( 'NONE', 'WORKASPACE' ) );
#762 = SURFACE_STYLE_USAGE ( .BOTH. , #1263 ) ;
#763 = FILL_AREA_STYLE ('',( #3176 ) ) ;
#764 = DIRECTION ( 'NONE',  ( -1.000000000000000000, -0.000000000000000000, -0.000000000000000000 ) ) ;
#765 = ORIENTED_EDGE ( 'NONE', *, *, #2412, .T. ) ;
#766 = LINE ( 'NONE', #563, #741 ) ;
#767 = LINE ( 'NONE', #1064, #221 ) ;
#768 =( BOUNDED_CURVE ( )  B_SPLINE_CURVE ( 3, ( #1868, #2913, #1524, #736 ),
 .UNSPECIFIED., .F., .T. ) 
 B_SPLINE_CURVE_WITH_KNOTS ( ( 4, 4 ),
 ( 1.570796326794896114, 3.141592653589795336 ),
 .UNSPECIFIED. ) 
 CURVE ( )  GEOMETRIC_REPRESENTATION_ITEM ( )  RATIONAL_B_SPLINE_CURVE ( ( 1.000000000000000000, 0.8047378541243643824, 0.8047378541243643824, 1.000000000000000000 ) ) 
 REPRESENTATION_ITEM ( '' )  );
#769 = DIRECTION ( 'NONE',  ( 1.000000000000000000, 0.000000000000000000, 0.000000000000000000 ) ) ;
#770 = EDGE_CURVE ( 'NONE', #2256, #2573, #2353, .T. ) ;
#771 = CARTESIAN_POINT ( 'NONE',  ( 2.675000000000000266, -2.749999999999999112, 0.2499999999999999445 ) ) ;
#772 = VERTEX_POINT ( 'NONE', #846 ) ;
#773 =( NAMED_UNIT ( * ) PLANE_ANGLE_UNIT ( ) SI_UNIT ( $, .RADIAN. ) );
#774 = PLANE ( 'NONE',  #2988 ) ;
#775 = VECTOR ( 'NONE', #1849, 1000.000000000000000 ) ;
#776 = ORIENTED_EDGE ( 'NONE', *, *, #2982, .T. ) ;
#777 = SURFACE_SIDE_STYLE ('',( #3376 ) ) ;
#778 = SURFACE_STYLE_FILL_AREA ( #252 ) ;
#779 = CARTESIAN_POINT ( 'NONE',  ( -0.3749999999999998890, -2.749999999999999112, 0.2499999999999999445 ) ) ;
#780 = EDGE_CURVE ( 'NONE', #3011, #2671, #767, .T. ) ;
#781 = ADVANCED_FACE ( 'NONE', ( #1815 ), #514, .F. ) ;
#782 = LINE ( 'NONE', #1318, #2403 ) ;
#783 = CARTESIAN_POINT ( 'NONE',  ( -2.079730922823984862, -1.959835158089652474, 1.239999999999999991 ) ) ;
#784 = LINE ( 'NONE', #2840, #129 ) ;
#785 = ORIENTED_EDGE ( 'NONE', *, *, #3184, .T. ) ;
#786 = ORIENTED_EDGE ( 'NONE', *, *, #497, .F. ) ;
#787 = DIRECTION ( 'NONE',  ( -0.000000000000000000, 1.000000000000000000, -0.000000000000000000 ) ) ;
#788 = EDGE_CURVE ( 'NONE', #1331, #583, #1594, .T. ) ;
#789 = FILL_AREA_STYLE ('',( #1833 ) ) ;
#790 = CARTESIAN_POINT ( 'NONE',  ( -3.249999999999999556, -2.749999999999999112, 1.250000000000000000 ) ) ;
#791 = EDGE_LOOP ( 'NONE', ( #1649, #1874, #3310, #3361 ) ) ;
#792 = SURFACE_STYLE_USAGE ( .BOTH. , #2562 ) ;
#793 = DIRECTION ( 'NONE',  ( 0.000000000000000000, 0.000000000000000000, -1.000000000000000000 ) ) ;
#794 = EDGE_LOOP ( 'NONE', ( #215, #2634, #3406, #1689 ) ) ;
#795 = FILL_AREA_STYLE_COLOUR ( '', #1020 ) ;
#796 = UNCERTAINTY_MEASURE_WITH_UNIT (LENGTH_MEASURE( 1.000000000000000082E-05 ), #1196, 'distance_accuracy_value', 'NONE');
#797 = LINE ( 'NONE', #5, #2654 ) ;
#798 = PRESENTATION_LAYER_ASSIGNMENT (  '', '', ( #341 ) ) ;
#799 = FILL_AREA_STYLE ('',( #1339 ) ) ;
#800 = EDGE_CURVE ( 'NONE', #968, #1987, #1610, .T. ) ;
#801 = VECTOR ( 'NONE', #2299, 1000.000000000000000 ) ;
#802 = VECTOR ( 'NONE', #1807, 1000.000000000000000 ) ;
#803 = CYLINDRICAL_SURFACE ( 'NONE', #1873, 0.1499999999999999389 ) ;
#804 = ORIENTED_EDGE ( 'NONE', *, *, #2461, .F. ) ;
#805 = VERTEX_POINT ( 'NONE', #645 ) ;
#806 = LINE ( 'NONE', #513, #1678 ) ;
#807 = AXIS2_PLACEMENT_3D ( 'NONE', #1718, #1170, #683 ) ;
#808 = CYLINDRICAL_SURFACE ( 'NONE', #647, 0.1499999999999999667 ) ;
#809 = AXIS2_PLACEMENT_3D ( 'NONE', #882, #1931, #1457 ) ;
#810 = SURFACE_STYLE_USAGE ( .BOTH. , #1574 ) ;
#811 = VECTOR ( 'NONE', #3019, 1000.000000000000000 ) ;
#812 = LINE ( 'NONE', #1048, #742 ) ;
#813 = AXIS2_PLACEMENT_3D ( 'NONE', #2380, #3159, #1861 ) ;
#814 = SURFACE_STYLE_FILL_AREA ( #1309 ) ;
#815 = EDGE_CURVE ( 'NONE', #2791, #2990, #1847, .T. ) ;
#816 = VECTOR ( 'NONE', #1125, 1000.000000000000000 ) ;
#817 = ORIENTED_EDGE ( 'NONE', *, *, #1440, .F. ) ;
#818 = DIRECTION ( 'NONE',  ( -0.8191520442889926867, -0.5735764363510449382, -0.000000000000000000 ) ) ;
#819 = ORIENTED_EDGE ( 'NONE', *, *, #1217, .T. ) ;
#820 = EDGE_CURVE ( 'NONE', #1342, #719, #1427, .T. ) ;
#821 = FACE_OUTER_BOUND ( 'NONE', #2338, .T. ) ;
#822 = PRESENTATION_LAYER_ASSIGNMENT (  '', '', ( #1129 ) ) ;
#823 = DIRECTION ( 'NONE',  ( -1.000000000000000000, 0.000000000000000000, -0.000000000000000000 ) ) ;
#824 =( LENGTH_UNIT ( ) NAMED_UNIT ( * ) SI_UNIT ( .MILLI., .METRE. ) );
#825 = CARTESIAN_POINT ( 'NONE',  ( -0.3749999999999998890, -3.549999999999998934, -1.350000000000000089 ) ) ;
#826 = ORIENTED_EDGE ( 'NONE', *, *, #3141, .T. ) ;
#827 = VERTEX_POINT ( 'NONE', #2452 ) ;
#828 = VECTOR ( 'NONE', #1385, 1000.000000000000000 ) ;
#829 = DIRECTION ( 'NONE',  ( 0.000000000000000000, -1.000000000000000000, 0.000000000000000000 ) ) ;
#830 = EDGE_CURVE ( 'NONE', #511, #1091, #1153, .T. ) ;
#831 = PRESENTATION_LAYER_ASSIGNMENT (  '', '', ( #2303 ) ) ;
#832 = DIRECTION ( 'NONE',  ( -1.000000000000000000, -0.000000000000000000, -0.000000000000000000 ) ) ;
#833 = EDGE_CURVE ( 'NONE', #1639, #958, #1441, .T. ) ;
#834 = ORIENTED_EDGE ( 'NONE', *, *, #788, .T. ) ;
#835 = VERTEX_POINT ( 'NONE', #1659 ) ;
#836 = DIRECTION ( 'NONE',  ( 1.000000000000000000, 0.000000000000000000, -0.000000000000000000 ) ) ;
#837 =( LENGTH_UNIT ( ) NAMED_UNIT ( * ) SI_UNIT ( .MILLI., .METRE. ) );
#838 = FACE_OUTER_BOUND ( 'NONE', #3319, .T. ) ;
#839 = CARTESIAN_POINT ( 'NONE',  ( -3.249997761507015692, 2.600819477201775420, -0.7499787021619137573 ) ) ;
#840 = PRESENTATION_STYLE_ASSIGNMENT (( #3413 ) ) ;
#841 = CARTESIAN_POINT ( 'NONE',  ( -2.354730922823984773, -1.959835158089652474, 1.250000000000000000 ) ) ;
#842 =( GEOMETRIC_REPRESENTATION_CONTEXT ( 3 ) GLOBAL_UNCERTAINTY_ASSIGNED_CONTEXT ( ( #3034 ) ) GLOBAL_UNIT_ASSIGNED_CONTEXT ( ( #2681, #886, #904 ) ) REPRESENTATION_CONTEXT ( 'NONE', 'WORKASPACE' ) );
#843 =( NAMED_UNIT ( * ) PLANE_ANGLE_UNIT ( ) SI_UNIT ( $, .RADIAN. ) );
#844 = ORIENTED_EDGE ( 'NONE', *, *, #1655, .F. ) ;
#845 = DIRECTION ( 'NONE',  ( -1.000000000000000000, -0.000000000000000000, -0.000000000000000000 ) ) ;
#846 = CARTESIAN_POINT ( 'NONE',  ( 0.3750000000000003331, -3.549999999999998934, -0.2983681280693528115 ) ) ;
#847 = SURFACE_SIDE_STYLE ('',( #2630 ) ) ;
#848 = EDGE_CURVE ( 'NONE', #467, #1851, #2701, .T. ) ;
#849 = EDGE_CURVE ( 'NONE', #1321, #538, #575, .T. ) ;
#850 = ORIENTED_EDGE ( 'NONE', *, *, #1705, .F. ) ;
#851 = SURFACE_SIDE_STYLE ('',( #1052 ) ) ;
#852 = EDGE_LOOP ( 'NONE', ( #2204, #1451, #2658, #1093 ) ) ;
#853 = FILL_AREA_STYLE ('',( #558 ) ) ;
#854 = VERTEX_POINT ( 'NONE', #3311 ) ;
#855 = VECTOR ( 'NONE', #2590, 1000.000000000000000 ) ;
#856 = MECHANICAL_DESIGN_GEOMETRIC_PRESENTATION_REPRESENTATION (  '', ( #3107 ), #211 ) ;
#857 = ORIENTED_EDGE ( 'NONE', *, *, #1644, .F. ) ;
#858 = DIRECTION ( 'NONE',  ( 1.000000000000000000, 0.000000000000000000, 0.000000000000000000 ) ) ;
#859 = CARTESIAN_POINT ( 'NONE',  ( 3.100000000000000977, 2.750000000000000888, -0.7500000000000000000 ) ) ;
#860 = STYLED_ITEM ( 'NONE', ( #3379 ), #331 ) ;
#861 = CARTESIAN_POINT ( 'NONE',  ( 3.100000000000000977, -2.749999999999999112, -0.2500000000000000000 ) ) ;
#862 = ORIENTED_EDGE ( 'NONE', *, *, #3242, .T. ) ;
#863 = VERTEX_POINT ( 'NONE', #1478 ) ;
#864 = LINE ( 'NONE', #2956, #3270 ) ;
#865 = CARTESIAN_POINT ( 'NONE',  ( 2.675000000000000266, -2.749999999999999112, 0.2499999999999999445 ) ) ;
#866 = DIRECTION ( 'NONE',  ( 0.000000000000000000, 1.000000000000000000, 0.000000000000000000 ) ) ;
#867 = MECHANICAL_DESIGN_GEOMETRIC_PRESENTATION_REPRESENTATION (  '', ( #3373 ), #751 ) ;
#868 = FILL_AREA_STYLE_COLOUR ( '', #163 ) ;
#869 = COLOUR_RGB ( '',0.8039215686274510109, 0.8039215686274510109, 0.8039215686274510109 ) ;
#870 = EDGE_CURVE ( 'NONE', #1500, #2964, #2536, .T. ) ;
#871 = CARTESIAN_POINT ( 'NONE',  ( 0.3750000000000003331, -2.749999999999999112, -0.2500000000000000555 ) ) ;
#872 = CARTESIAN_POINT ( 'NONE',  ( -1.924999999999999600, -4.352403803428149587, -0.6712232637039488026 ) ) ;
#873 = ADVANCED_FACE ( 'NONE', ( #3031 ), #2555, .T. ) ;
#874 = UNCERTAINTY_MEASURE_WITH_UNIT (LENGTH_MEASURE( 1.000000000000000082E-05 ), #2697, 'distance_accuracy_value', 'NONE');
#875 = PRESENTATION_LAYER_ASSIGNMENT (  '', '', ( #527 ) ) ;
#876 =( NAMED_UNIT ( * ) PLANE_ANGLE_UNIT ( ) SI_UNIT ( $, .RADIAN. ) );
#877 = ORIENTED_EDGE ( 'NONE', *, *, #2631, .F. ) ;
#878 = LINE ( 'NONE', #463, #155 ) ;
#879 = VERTEX_POINT ( 'NONE', #460 ) ;
#880 = CARTESIAN_POINT ( 'NONE',  ( 3.194973682803352588, -2.599999999999999201, -0.2264595636173977744 ) ) ;
#881 = PLANE ( 'NONE',  #1863 ) ;
#882 = CARTESIAN_POINT ( 'NONE',  ( 2.249999999999999556, -1.249999999999999334, -0.7500000000000000000 ) ) ;
#883 = ORIENTED_EDGE ( 'NONE', *, *, #2627, .T. ) ;
#884 = SURFACE_SIDE_STYLE ('',( #2996 ) ) ;
#885 = ORIENTED_EDGE ( 'NONE', *, *, #1202, .F. ) ;
#886 =( NAMED_UNIT ( * ) PLANE_ANGLE_UNIT ( ) SI_UNIT ( $, .RADIAN. ) );
#887 = EDGE_CURVE ( 'NONE', #1865, #3121, #1250, .T. ) ;
#888 = ORIENTED_EDGE ( 'NONE', *, *, #84, .F. ) ;
#889 = LINE ( 'NONE', #2423, #1168 ) ;
#890 = CARTESIAN_POINT ( 'NONE',  ( 0.3750000000000003331, -2.749999999999999112, 0.2499999999999999445 ) ) ;
#891 =( LENGTH_UNIT ( ) NAMED_UNIT ( * ) SI_UNIT ( .MILLI., .METRE. ) );
#892 = ADVANCED_FACE ( 'NONE', ( #2489 ), #3342, .T. ) ;
#893 = EDGE_LOOP ( 'NONE', ( #333, #663, #2431, #2217 ) ) ;
#894 = DIRECTION ( 'NONE',  ( -1.000000000000000000, 0.000000000000000000, 0.000000000000000000 ) ) ;
#895 = ORIENTED_EDGE ( 'NONE', *, *, #666, .F. ) ;
#896 = CARTESIAN_POINT ( 'NONE',  ( 3.133999252941363167, -2.749999999999999112, -0.2407296366098621854 ) ) ;
#897 = DIRECTION ( 'NONE',  ( 0.000000000000000000, 0.000000000000000000, -1.000000000000000000 ) ) ;
#898 = LINE ( 'NONE', #97, #2236 ) ;
#899 = ORIENTED_EDGE ( 'NONE', *, *, #1990, .F. ) ;
#900 = CARTESIAN_POINT ( 'NONE',  ( -3.249999999999999556, -2.546612637206902008, -0.7500856599708993766 ) ) ;
#901 = EDGE_LOOP ( 'NONE', ( #1144, #1648, #539, #2351 ) ) ;
#902 =( BOUNDED_CURVE ( )  B_SPLINE_CURVE ( 3, ( #2848, #488, #1543, #2576 ),
 .UNSPECIFIED., .F., .T. ) 
 B_SPLINE_CURVE_WITH_KNOTS ( ( 4, 4 ),
 ( 1.570796326794897890, 3.141592653589792228 ),
 .UNSPECIFIED. ) 
 CURVE ( )  GEOMETRIC_REPRESENTATION_ITEM ( )  RATIONAL_B_SPLINE_CURVE ( ( 1.000000000000000000, 0.8047378541243654926, 0.8047378541243654926, 1.000000000000000000 ) ) 
 REPRESENTATION_ITEM ( '' )  );
#903 = ADVANCED_FACE ( 'NONE', ( #1982 ), #3327, .F. ) ;
#904 =( NAMED_UNIT ( * ) SI_UNIT ( $, .STERADIAN. ) SOLID_ANGLE_UNIT ( ) );
#905 = ORIENTED_EDGE ( 'NONE', *, *, #14, .T. ) ;
#906 = CARTESIAN_POINT ( 'NONE',  ( -3.099999999999999645, -2.644895764734329191, -1.250000000000000666 ) ) ;
#907 = PRESENTATION_STYLE_ASSIGNMENT (( #1645 ) ) ;
#908 = EDGE_CURVE ( 'NONE', #2151, #2722, #1535, .T. ) ;
#909 = FILL_AREA_STYLE_COLOUR ( '', #1174 ) ;
#910 = FILL_AREA_STYLE ('',( #2253 ) ) ;
#911 = STYLED_ITEM ( 'NONE', ( #3385 ), #2657 ) ;
#912 = UNCERTAINTY_MEASURE_WITH_UNIT (LENGTH_MEASURE( 1.000000000000000082E-05 ), #1434, 'distance_accuracy_value', 'NONE');
#913 = PLANE ( 'NONE',  #1347 ) ;
#914 =( GEOMETRIC_REPRESENTATION_CONTEXT ( 3 ) GLOBAL_UNCERTAINTY_ASSIGNED_CONTEXT ( ( #1438 ) ) GLOBAL_UNIT_ASSIGNED_CONTEXT ( ( #2139, #91, #2942 ) ) REPRESENTATION_CONTEXT ( 'NONE', 'WORKASPACE' ) );
#915 = AXIS2_PLACEMENT_3D ( 'NONE', #3077, #2832, #452 ) ;
#916 = ORIENTED_EDGE ( 'NONE', *, *, #780, .F. ) ;
#917 = FACE_OUTER_BOUND ( 'NONE', #2859, .T. ) ;
#918 = ORIENTED_EDGE ( 'NONE', *, *, #2400, .F. ) ;
#919 = DIRECTION ( 'NONE',  ( 0.000000000000000000, -1.000000000000000000, -1.662374665054309208E-16 ) ) ;
#920 = SPHERICAL_SURFACE ( 'NONE', #371, 0.1499999999999999944 ) ;
#921 = DIRECTION ( 'NONE',  ( 1.000000000000000000, 0.000000000000000000, 0.000000000000000000 ) ) ;
#922 = ADVANCED_FACE ( 'NONE', ( #2071 ), #1811, .F. ) ;
#923 = CARTESIAN_POINT ( 'NONE',  ( -3.249999999999999556, -2.494069522799801319, -1.250000000000000000 ) ) ;
#924 = VERTEX_POINT ( 'NONE', #2322 ) ;
#925 =( LENGTH_UNIT ( ) NAMED_UNIT ( * ) SI_UNIT ( .MILLI., .METRE. ) );
#926 = AXIS2_PLACEMENT_3D ( 'NONE', #3269, #1938, #2201 ) ;
#927 = LINE ( 'NONE', #2739, #51 ) ;
#928 = FACE_OUTER_BOUND ( 'NONE', #292, .T. ) ;
#929 = EDGE_CURVE ( 'NONE', #3036, #924, #2887, .T. ) ;
#930 = VECTOR ( 'NONE', #2797, 1000.000000000000000 ) ;
#931 = EDGE_CURVE ( 'NONE', #3238, #1474, #2906, .T. ) ;
#932 = VERTEX_POINT ( 'NONE', #495 ) ;
#933 = ORIENTED_EDGE ( 'NONE', *, *, #3347, .T. ) ;
#934 = CARTESIAN_POINT ( 'NONE',  ( 1.925000000000000044, -3.549999999999998934, 0.2499999999999999445 ) ) ;
#935 = MECHANICAL_DESIGN_GEOMETRIC_PRESENTATION_REPRESENTATION (  '', ( #1755 ), #2676 ) ;
#936 = PLANE ( 'NONE',  #3313 ) ;
#937 = CARTESIAN_POINT ( 'NONE',  ( 2.904730922823985484, -2.659013442394893900, 1.115679269490146952 ) ) ;
#938 = UNCERTAINTY_MEASURE_WITH_UNIT (LENGTH_MEASURE( 1.000000000000000082E-05 ), #144, 'distance_accuracy_value', 'NONE');
#939 = DIRECTION ( 'NONE',  ( -0.000000000000000000, -0.9975640502598205339, -0.06975647374417794089 ) ) ;
#940 = ORIENTED_EDGE ( 'NONE', *, *, #1990, .T. ) ;
#941 = SURFACE_STYLE_USAGE ( .BOTH. , #2037 ) ;
#942 = DIRECTION ( 'NONE',  ( 1.000000000000000000, 0.000000000000000000, 0.000000000000000000 ) ) ;
#943 = COLOUR_RGB ( '',0.8039215686274510109, 0.8039215686274510109, 0.8039215686274510109 ) ;
#944 = DIRECTION ( 'NONE',  ( -3.038779738999110732E-16, -1.000000000000000000, -2.891205793294683355E-15 ) ) ;
#945 = ORIENTED_EDGE ( 'NONE', *, *, #1348, .F. ) ;
#946 = CARTESIAN_POINT ( 'NONE',  ( -2.354730922823984773, -1.959835158089652474, 1.239999999999999991 ) ) ;
#947 = ORIENTED_EDGE ( 'NONE', *, *, #3068, .F. ) ;
#948 = DIRECTION ( 'NONE',  ( 0.000000000000000000, 0.000000000000000000, 1.000000000000000000 ) ) ;
#949 = EDGE_CURVE ( 'NONE', #1830, #2375, #2140, .T. ) ;
#950 =( NAMED_UNIT ( * ) SI_UNIT ( $, .STERADIAN. ) SOLID_ANGLE_UNIT ( ) );
#951 =( NAMED_UNIT ( * ) PLANE_ANGLE_UNIT ( ) SI_UNIT ( $, .RADIAN. ) );
#952 = SURFACE_STYLE_FILL_AREA ( #3082 ) ;
#953 = CARTESIAN_POINT ( 'NONE',  ( 3.100000000000000977, -2.694973682803349035, -0.7735404363826170471 ) ) ;
#954 = EDGE_CURVE ( 'NONE', #2768, #417, #1934, .T. ) ;
#955 = AXIS2_PLACEMENT_3D ( 'NONE', #3091, #469, #1049 ) ;
#956 = ORIENTED_EDGE ( 'NONE', *, *, #229, .F. ) ;
#957 = CARTESIAN_POINT ( 'NONE',  ( 0.000000000000000000, 0.000000000000000000, -1.250000000000000000 ) ) ;
#958 = VERTEX_POINT ( 'NONE', #2088 ) ;
#959 = VECTOR ( 'NONE', #2800, 1000.000000000000000 ) ;
#960 = LINE ( 'NONE', #2012, #2544 ) ;
#961 = ORIENTED_EDGE ( 'NONE', *, *, #1348, .T. ) ;
#962 = PRESENTATION_LAYER_ASSIGNMENT (  '', '', ( #1622 ) ) ;
#963 = AXIS2_PLACEMENT_3D ( 'NONE', #3174, #2655, #2155 ) ;
#964 = CARTESIAN_POINT ( 'NONE',  ( -2.629730922823985129, -1.959835158089652474, 1.239999999999999991 ) ) ;
#965 =( NAMED_UNIT ( * ) PLANE_ANGLE_UNIT ( ) SI_UNIT ( $, .RADIAN. ) );
#966 = VECTOR ( 'NONE', #1362, 1000.000000000000000 ) ;
#967 = EDGE_CURVE ( 'NONE', #1100, #1896, #782, .T. ) ;
#968 = VERTEX_POINT ( 'NONE', #1058 ) ;
#969 = STYLED_ITEM ( 'NONE', ( #840 ), #922 ) ;
#970 = CARTESIAN_POINT ( 'NONE',  ( 3.144074049039572660, -2.599999999999999201, 0.2578181025976935548 ) ) ;
#971 = FILL_AREA_STYLE ('',( #2511 ) ) ;
#972 = VECTOR ( 'NONE', #1297, 1000.000000000000000 ) ;
#973 = DIRECTION ( 'NONE',  ( 0.000000000000000000, 0.1045284632676464348, -0.9945218953682740670 ) ) ;
#974 = CARTESIAN_POINT ( 'NONE',  ( 3.045522982884955265, -2.749999999999999112, -0.2500000000000012212 ) ) ;
#975 = ADVANCED_FACE ( 'NONE', ( #543 ), #269, .T. ) ;
#976 = VERTEX_POINT ( 'NONE', #2599 ) ;
#977 = FACE_OUTER_BOUND ( 'NONE', #406, .T. ) ;
#978 = ORIENTED_EDGE ( 'NONE', *, *, #1114, .F. ) ;
#979 = PLANE ( 'NONE',  #754 ) ;
#980 = CARTESIAN_POINT ( 'NONE',  ( 0.000000000000000000, 0.000000000000000000, -1.250000000000000000 ) ) ;
#981 = CARTESIAN_POINT ( 'NONE',  ( -3.249999999999999556, 2.750000000000000888, 1.250000000000000000 ) ) ;
#982 = VERTEX_POINT ( 'NONE', #255 ) ;
#983 = CIRCLE ( 'NONE', #365, 0.1499999999999999667 ) ;
#984 = SURFACE_STYLE_USAGE ( .BOTH. , #476 ) ;
#985 =( NAMED_UNIT ( * ) PLANE_ANGLE_UNIT ( ) SI_UNIT ( $, .RADIAN. ) );
#986 = COLOUR_RGB ( '',0.8039215686274510109, 0.8039215686274510109, 0.8039215686274510109 ) ;
#987 = PLANE ( 'NONE',  #3061 ) ;
#988 = EDGE_CURVE ( 'NONE', #1007, #1896, #287, .T. ) ;
#989 =( LENGTH_UNIT ( ) NAMED_UNIT ( * ) SI_UNIT ( .MILLI., .METRE. ) );
#990 = ORIENTED_EDGE ( 'NONE', *, *, #1895, .T. ) ;
#991 = ORIENTED_EDGE ( 'NONE', *, *, #598, .F. ) ;
#992 = DIRECTION ( 'NONE',  ( 0.000000000000000000, -0.8761626048593786908, 0.4820156531130790900 ) ) ;
#993 = CARTESIAN_POINT ( 'NONE',  ( -3.250000000000000888, -2.599999999999999201, -0.7499999999999998890 ) ) ;
#994 = UNCERTAINTY_MEASURE_WITH_UNIT (LENGTH_MEASURE( 1.000000000000000082E-05 ), #2086, 'distance_accuracy_value', 'NONE');
#995 = CYLINDRICAL_SURFACE ( 'NONE', #2025, 0.4999999999999997780 ) ;
#996 = FACE_OUTER_BOUND ( 'NONE', #1553, .T. ) ;
#997 = CARTESIAN_POINT ( 'NONE',  ( 3.053909207129226200, -2.509835158089653184, 1.115679269490146952 ) ) ;
#998 = SURFACE_STYLE_USAGE ( .BOTH. , #2311 ) ;
#999 = LINE ( 'NONE', #1814, #1116 ) ;
#1000 = FILL_AREA_STYLE_COLOUR ( '', #159 ) ;
#1001 = ADVANCED_FACE ( 'NONE', ( #1605 ), #2402, .F. ) ;
#1002 = FILL_AREA_STYLE ('',( #720 ) ) ;
#1003 = ORIENTED_EDGE ( 'NONE', *, *, #164, .F. ) ;
#1004 =( GEOMETRIC_REPRESENTATION_CONTEXT ( 3 ) GLOBAL_UNCERTAINTY_ASSIGNED_CONTEXT ( ( #1662 ) ) GLOBAL_UNIT_ASSIGNED_CONTEXT ( ( #501, #773, #1785 ) ) REPRESENTATION_CONTEXT ( 'NONE', 'WORKASPACE' ) );
#1005 = SURFACE_STYLE_FILL_AREA ( #2357 ) ;
#1006 = FACE_OUTER_BOUND ( 'NONE', #2405, .T. ) ;
#1007 = VERTEX_POINT ( 'NONE', #2211 ) ;
#1008 = CIRCLE ( 'NONE', #2819, 0.4999999999999993339 ) ;
#1009 = CARTESIAN_POINT ( 'NONE',  ( 2.249999999999999556, 2.750000000000000888, -1.250000000000000000 ) ) ;
#1010 = VECTOR ( 'NONE', #2099, 1000.000000000000227 ) ;
#1011 = CARTESIAN_POINT ( 'NONE',  ( -0.3749999999999998890, -2.749999999999999112, 0.2499999999999999445 ) ) ;
#1012 = ADVANCED_FACE ( 'NONE', ( #3211 ), #1147, .T. ) ;
#1013 = AXIS2_PLACEMENT_3D ( 'NONE', #1096, #3393, #2597 ) ;
#1014 = SURFACE_STYLE_FILL_AREA ( #2905 ) ;
#1015 = DIRECTION ( 'NONE',  ( -1.000000000000000000, -0.000000000000000000, -0.000000000000000000 ) ) ;
#1016 = CARTESIAN_POINT ( 'NONE',  ( -1.924999999999999600, -2.749999999999999112, 0.2499999999999999445 ) ) ;
#1017 = ORIENTED_EDGE ( 'NONE', *, *, #2923, .F. ) ;
#1018 = CARTESIAN_POINT ( 'NONE',  ( 2.550000000000000711, 2.750000000000000888, -0.7500000000000000000 ) ) ;
#1019 =( GEOMETRIC_REPRESENTATION_CONTEXT ( 3 ) GLOBAL_UNCERTAINTY_ASSIGNED_CONTEXT ( ( #1298 ) ) GLOBAL_UNIT_ASSIGNED_CONTEXT ( ( #1996, #2259, #1761 ) ) REPRESENTATION_CONTEXT ( 'NONE', 'WORKASPACE' ) );
#1020 = COLOUR_RGB ( '',0.8039215686274510109, 0.8039215686274510109, 0.8039215686274510109 ) ;
#1021 = EDGE_CURVE ( 'NONE', #417, #669, #404, .T. ) ;
#1022 = FACE_OUTER_BOUND ( 'NONE', #3188, .T. ) ;
#1023 = ORIENTED_EDGE ( 'NONE', *, *, #2095, .T. ) ;
#1024 = DIRECTION ( 'NONE',  ( 0.000000000000000000, 1.000000000000000000, 0.000000000000000000 ) ) ;
#1025 = ADVANCED_FACE ( 'NONE', ( #1369 ), #600, .F. ) ;
#1026 = DIRECTION ( 'NONE',  ( -0.000000000000000000, 1.000000000000000000, 1.662374665054309455E-16 ) ) ;
#1027 = UNCERTAINTY_MEASURE_WITH_UNIT (LENGTH_MEASURE( 1.000000000000000082E-05 ), #2718, 'distance_accuracy_value', 'NONE');
#1028 = FACE_OUTER_BOUND ( 'NONE', #1163, .T. ) ;
#1029 = VECTOR ( 'NONE', #2532, 1000.000000000000000 ) ;
#1030 = DIRECTION ( 'NONE',  ( -1.000000000000000000, -0.000000000000000000, -0.000000000000000000 ) ) ;
#1031 = CARTESIAN_POINT ( 'NONE',  ( 2.675000000000000266, -4.571444454642993982, -0.5507193504256789884 ) ) ;
#1032 = VECTOR ( 'NONE', #202, 1000.000000000000000 ) ;
#1033 = ORIENTED_EDGE ( 'NONE', *, *, #370, .F. ) ;
#1034 = FACE_OUTER_BOUND ( 'NONE', #2108, .T. ) ;
#1035 = CYLINDRICAL_SURFACE ( 'NONE', #454, 0.4999999999999993339 ) ;
#1036 = ORIENTED_EDGE ( 'NONE', *, *, #2166, .T. ) ;
#1037 = CARTESIAN_POINT ( 'NONE',  ( -2.674999999999999822, -2.749999999999999112, 0.2499999999999999445 ) ) ;
#1038 = VECTOR ( 'NONE', #1552, 1000.000000000000000 ) ;
#1039 = ADVANCED_FACE ( 'NONE', ( #2463 ), #329, .T. ) ;
#1040 = EDGE_CURVE ( 'NONE', #1538, #2221, #1353, .T. ) ;
#1041 = EDGE_CURVE ( 'NONE', #3074, #1419, #1948, .T. ) ;
#1042 = DIRECTION ( 'NONE',  ( 0.000000000000000000, -0.000000000000000000, -1.000000000000000000 ) ) ;
#1043 = LINE ( 'NONE', #3119, #1751 ) ;
#1044 = ORIENTED_EDGE ( 'NONE', *, *, #653, .T. ) ;
#1045 = ORIENTED_EDGE ( 'NONE', *, *, #3149, .T. ) ;
#1046 = CARTESIAN_POINT ( 'NONE',  ( -1.924999999999999600, -3.549999999999998934, 0.2499999999999999445 ) ) ;
#1047 = PRESENTATION_STYLE_ASSIGNMENT (( #3350 ) ) ;
#1048 = CARTESIAN_POINT ( 'NONE',  ( 3.250000000000000888, -4.761016559127029701, -0.7499999999999998890 ) ) ;
#1049 = DIRECTION ( 'NONE',  ( 0.000000000000000000, 0.000000000000000000, 1.000000000000000000 ) ) ;
#1050 = PRESENTATION_LAYER_ASSIGNMENT (  '', '', ( #1382 ) ) ;
#1051 = ORIENTED_EDGE ( 'NONE', *, *, #3184, .F. ) ;
#1052 = SURFACE_STYLE_FILL_AREA ( #3405 ) ;
#1053 = LINE ( 'NONE', #2116, #1137 ) ;
#1054 = MECHANICAL_DESIGN_GEOMETRIC_PRESENTATION_REPRESENTATION (  '', ( #1894 ), #2239 ) ;
#1055 = AXIS2_PLACEMENT_3D ( 'NONE', #2834, #1258, #793 ) ;
#1056 = CARTESIAN_POINT ( 'NONE',  ( -3.100819477201776309, 2.749997761507017469, -0.7499787021619260807 ) ) ;
#1057 = AXIS2_PLACEMENT_3D ( 'NONE', #1317, #3341, #2855 ) ;
#1058 = CARTESIAN_POINT ( 'NONE',  ( -2.250000000000000444, 2.750000000000001332, -0.7500000000000000000 ) ) ;
#1059 = CARTESIAN_POINT ( 'NONE',  ( 0.3750000000000003331, -3.402200851755691424, -0.2500000000000005551 ) ) ;
#1060 = STYLED_ITEM ( 'NONE', ( #2792 ), #546 ) ;
#1061 = EDGE_CURVE ( 'NONE', #2224, #2795, #3160, .T. ) ;
#1062 = ORIENTED_EDGE ( 'NONE', *, *, #1126, .T. ) ;
#1063 = ORIENTED_EDGE ( 'NONE', *, *, #3111, .T. ) ;
#1064 = CARTESIAN_POINT ( 'NONE',  ( -2.674999999999999822, -5.249999999999999112, -0.8487790509594148602 ) ) ;
#1065 = AXIS2_PLACEMENT_3D ( 'NONE', #2315, #3317, #680 ) ;
#1066 = VECTOR ( 'NONE', #629, 1000.000000000000000 ) ;
#1067 = STYLED_ITEM ( 'NONE', ( #1991 ), #1102 ) ;
#1068 =( LENGTH_UNIT ( ) NAMED_UNIT ( * ) SI_UNIT ( .MILLI., .METRE. ) );
#1069 = VECTOR ( 'NONE', #2537, 1000.000000000000000 ) ;
#1070 = ORIENTED_EDGE ( 'NONE', *, *, #556, .F. ) ;
#1071 = CARTESIAN_POINT ( 'NONE',  ( 1.925000000000000044, -3.988081302429688169, -0.008992173443461048271 ) ) ;
#1072 = ORIENTED_EDGE ( 'NONE', *, *, #2060, .T. ) ;
#1073 =( LENGTH_UNIT ( ) NAMED_UNIT ( * ) SI_UNIT ( .MILLI., .METRE. ) );
#1074 = DIRECTION ( 'NONE',  ( -1.000000000000000000, -0.000000000000000000, -0.000000000000000000 ) ) ;
#1075 = AXIS2_PLACEMENT_3D ( 'NONE', #3285, #2949, #2968 ) ;
#1076 = DIRECTION ( 'NONE',  ( 0.000000000000000000, 0.000000000000000000, -1.000000000000000000 ) ) ;
#1077 = EDGE_LOOP ( 'NONE', ( #602, #785, #2604, #3125, #3375, #1490, #2064 ) ) ;
#1078 = CARTESIAN_POINT ( 'NONE',  ( -2.550000000000000711, 2.750000000000000888, -0.7500000000000000000 ) ) ;
#1079 = DIRECTION ( 'NONE',  ( 0.000000000000000000, -1.000000000000000000, -1.662374665054309208E-16 ) ) ;
#1080 = LINE ( 'NONE', #1016, #2668 ) ;
#1081 = DIRECTION ( 'NONE',  ( 0.000000000000000000, 0.000000000000000000, -1.000000000000000000 ) ) ;
#1082 = ORIENTED_EDGE ( 'NONE', *, *, #2425, .T. ) ;
#1083 = VERTEX_POINT ( 'NONE', #937 ) ;
#1084 = FILL_AREA_STYLE_COLOUR ( '', #1621 ) ;
#1085 = AXIS2_PLACEMENT_3D ( 'NONE', #2085, #2568, #2068 ) ;
#1086 = SURFACE_STYLE_FILL_AREA ( #2561 ) ;
#1087 = ADVANCED_FACE ( 'NONE', ( #1177 ), #2749, .F. ) ;
#1088 = DIRECTION ( 'NONE',  ( 1.000000000000000000, 0.000000000000000000, 0.000000000000000000 ) ) ;
#1089 = LINE ( 'NONE', #1887, #2453 ) ;
#1090 = EDGE_CURVE ( 'NONE', #772, #2279, #1461, .T. ) ;
#1091 = VERTEX_POINT ( 'NONE', #2506 ) ;
#1092 = CARTESIAN_POINT ( 'NONE',  ( -1.924999999999999600, -3.988081302429688169, -0.008992173443461048271 ) ) ;
#1093 = ORIENTED_EDGE ( 'NONE', *, *, #1870, .T. ) ;
#1094 = CARTESIAN_POINT ( 'NONE',  ( 3.249997761507016580, 2.600819477201775420, -0.7499787021619220839 ) ) ;
#1095 = FACE_OUTER_BOUND ( 'NONE', #434, .T. ) ;
#1096 = CARTESIAN_POINT ( 'NONE',  ( 2.675000000000000266, -4.554005336206950361, -1.301331312031222653 ) ) ;
#1097 = DIRECTION ( 'NONE',  ( -0.1039620511844907697, 0.1039620511844911999, -0.9891328443778553137 ) ) ;
#1098 = FILL_AREA_STYLE ('',( #868 ) ) ;
#1099 = AXIS2_PLACEMENT_3D ( 'NONE', #2314, #2757, #391 ) ;
#1100 = VERTEX_POINT ( 'NONE', #964 ) ;
#1101 = ORIENTED_EDGE ( 'NONE', *, *, #2428, .F. ) ;
#1102 = MANIFOLD_SOLID_BREP ( 'Boss-Extrude5', #1558 ) ;
#1103 = CARTESIAN_POINT ( 'NONE',  ( 2.994069522799804428, -2.749999999999999112, 0.2500000000000000000 ) ) ;
#1104 = DIRECTION ( 'NONE',  ( 0.1039620511844907558, -0.1039620511844911999, 0.9891328443778553137 ) ) ;
#1105 = ORIENTED_EDGE ( 'NONE', *, *, #672, .F. ) ;
#1106 = ORIENTED_EDGE ( 'NONE', *, *, #3053, .F. ) ;
#1107 = PLANE ( 'NONE',  #1350 ) ;
#1108 = DIRECTION ( 'NONE',  ( 0.000000000000000000, 0.9945218953682740670, 0.1045284632676466569 ) ) ;
#1109 =( BOUNDED_CURVE ( )  B_SPLINE_CURVE ( 3, ( #1728, #1466, #1516, #970 ),
 .UNSPECIFIED., .F., .F. ) 
 B_SPLINE_CURVE_WITH_KNOTS ( ( 4, 4 ),
 ( 3.152519070632891829, 4.712388980384690562 ),
 .UNSPECIFIED. ) 
 CURVE ( )  GEOMETRIC_REPRESENTATION_ITEM ( )  RATIONAL_B_SPLINE_CURVE ( ( 1.000000000000000000, 0.8073061876036358164, 0.8073061876036358164, 1.000000000000000000 ) ) 
 REPRESENTATION_ITEM ( '' )  );
#1110 = DIRECTION ( 'NONE',  ( -1.000000000000000000, -2.891205793294679017E-15, 0.000000000000000000 ) ) ;
#1111 = DIRECTION ( 'NONE',  ( -0.000000000000000000, -0.000000000000000000, -1.000000000000000000 ) ) ;
#1112 = VERTEX_POINT ( 'NONE', #2288 ) ;
#1113 = FACE_OUTER_BOUND ( 'NONE', #1614, .T. ) ;
#1114 = EDGE_CURVE ( 'NONE', #1083, #297, #1231, .T. ) ;
#1115 = CIRCLE ( 'NONE', #2488, 0.2499999999999994726 ) ;
#1116 = VECTOR ( 'NONE', #1764, 1000.000000000000000 ) ;
#1117 =( GEOMETRIC_REPRESENTATION_CONTEXT ( 3 ) GLOBAL_UNCERTAINTY_ASSIGNED_CONTEXT ( ( #1824 ) ) GLOBAL_UNIT_ASSIGNED_CONTEXT ( ( #1688, #64, #950 ) ) REPRESENTATION_CONTEXT ( 'NONE', 'WORKASPACE' ) );
#1118 = EDGE_CURVE ( 'NONE', #3081, #2677, #2177, .T. ) ;
#1119 = LINE ( 'NONE', #2667, #2870 ) ;
#1120 = VECTOR ( 'NONE', #1937, 1000.000000000000000 ) ;
#1121 = LINE ( 'NONE', #378, #1066 ) ;
#1122 = EDGE_LOOP ( 'NONE', ( #3203, #2909, #1101, #272 ) ) ;
#1123 = CARTESIAN_POINT ( 'NONE',  ( -2.892910024877014319, -2.749999999999999112, 1.212468331243661712 ) ) ;
#1124 = EDGE_LOOP ( 'NONE', ( #20, #2946, #2298, #883 ) ) ;
#1125 = DIRECTION ( 'NONE',  ( -0.000000000000000000, 1.000000000000000000, 1.662374665054309455E-16 ) ) ;
#1126 = EDGE_CURVE ( 'NONE', #958, #669, #455, .T. ) ;
#1127 =( GEOMETRIC_REPRESENTATION_CONTEXT ( 3 ) GLOBAL_UNCERTAINTY_ASSIGNED_CONTEXT ( ( #2685 ) ) GLOBAL_UNIT_ASSIGNED_CONTEXT ( ( #1073, #3241, #18 ) ) REPRESENTATION_CONTEXT ( 'NONE', 'WORKASPACE' ) );
#1128 = DIRECTION ( 'NONE',  ( 0.1039620511844907835, 0.1039620511844907974, -0.9891328443778555357 ) ) ;
#1129 = STYLED_ITEM ( 'NONE', ( #302 ), #1397 ) ;
#1130 = PRESENTATION_STYLE_ASSIGNMENT (( #3231 ) ) ;
#1131 = ORIENTED_EDGE ( 'NONE', *, *, #1141, .T. ) ;
#1132 = COLOUR_RGB ( '',0.8039215686274510109, 0.8039215686274510109, 0.8039215686274510109 ) ;
#1133 = VERTEX_POINT ( 'NONE', #265 ) ;
#1134 = CARTESIAN_POINT ( 'NONE',  ( 3.249521871388892702, 2.687926784503682054, -0.7454509101379331870 ) ) ;
#1135 = CARTESIAN_POINT ( 'NONE',  ( 2.550000000000000711, 3.724844346342717216, -0.7500000000000000000 ) ) ;
#1136 = SURFACE_STYLE_USAGE ( .BOTH. , #648 ) ;
#1137 = VECTOR ( 'NONE', #1074, 1000.000000000000000 ) ;
#1138 = PRESENTATION_STYLE_ASSIGNMENT (( #2240 ) ) ;
#1139 = UNCERTAINTY_MEASURE_WITH_UNIT (LENGTH_MEASURE( 1.000000000000000082E-05 ), #1154, 'distance_accuracy_value', 'NONE');
#1140 =( NAMED_UNIT ( * ) PLANE_ANGLE_UNIT ( ) SI_UNIT ( $, .RADIAN. ) );
#1141 = EDGE_CURVE ( 'NONE', #1593, #879, #2836, .T. ) ;
#1142 = ORIENTED_EDGE ( 'NONE', *, *, #3248, .T. ) ;
#1143 = LINE ( 'NONE', #2935, #2767 ) ;
#1144 = ORIENTED_EDGE ( 'NONE', *, *, #3068, .T. ) ;
#1145 = SURFACE_SIDE_STYLE ('',( #613 ) ) ;
#1146 = VERTEX_POINT ( 'NONE', #1530 ) ;
#1147 = PLANE ( 'NONE',  #1631 ) ;
#1148 = EDGE_CURVE ( 'NONE', #238, #1419, #1291, .T. ) ;
#1149 = EDGE_LOOP ( 'NONE', ( #1033, #2046, #553, #1051, #1985, #1372 ) ) ;
#1150 = EDGE_LOOP ( 'NONE', ( #3426, #2841, #3320, #817 ) ) ;
#1151 = VERTEX_POINT ( 'NONE', #1259 ) ;
#1152 = STYLED_ITEM ( 'NONE', ( #619 ), #1495 ) ;
#1153 = LINE ( 'NONE', #25, #2497 ) ;
#1154 =( LENGTH_UNIT ( ) NAMED_UNIT ( * ) SI_UNIT ( .MILLI., .METRE. ) );
#1155 = DIRECTION ( 'NONE',  ( 0.000000000000000000, 0.000000000000000000, 1.000000000000000000 ) ) ;
#1156 = CARTESIAN_POINT ( 'NONE',  ( 3.250000000000000444, -2.546612637206900231, -0.7500856599709188055 ) ) ;
#1157 = ORIENTED_EDGE ( 'NONE', *, *, #1908, .F. ) ;
#1158 = LINE ( 'NONE', #2731, #1563 ) ;
#1159 = CARTESIAN_POINT ( 'NONE',  ( -3.249999253833816493, 2.600546320512449938, -0.7499929007029725314 ) ) ;
#1160 = CARTESIAN_POINT ( 'NONE',  ( -2.250000000000000444, 2.750000000000001332, -1.250000000000000000 ) ) ;
#1161 = ORIENTED_EDGE ( 'NONE', *, *, #609, .T. ) ;
#1162 = EDGE_CURVE ( 'NONE', #332, #854, #2100, .T. ) ;
#1163 = EDGE_LOOP ( 'NONE', ( #1702, #3073, #3266, #2979 ) ) ;
#1164 = DIRECTION ( 'NONE',  ( 0.000000000000000000, 0.1045284632676468650, -0.9945218953682740670 ) ) ;
#1165 = PLANE ( 'NONE',  #1075 ) ;
#1166 = ADVANCED_FACE ( 'NONE', ( #206 ), #1279, .F. ) ;
#1167 = DIRECTION ( 'NONE',  ( 0.000000000000000000, 0.000000000000000000, -1.000000000000000000 ) ) ;
#1168 = VECTOR ( 'NONE', #1410, 1000.000000000000227 ) ;
#1169 = AXIS2_PLACEMENT_3D ( 'NONE', #3401, #534, #2625 ) ;
#1170 = DIRECTION ( 'NONE',  ( -1.000000000000000000, -0.000000000000000000, -0.000000000000000000 ) ) ;
#1171 = ORIENTED_EDGE ( 'NONE', *, *, #475, .T. ) ;
#1172 = FACE_OUTER_BOUND ( 'NONE', #1872, .T. ) ;
#1173 = SURFACE_SIDE_STYLE ('',( #173 ) ) ;
#1174 = COLOUR_RGB ( '',0.8039215686274510109, 0.8039215686274510109, 0.8039215686274510109 ) ;
#1175 = CARTESIAN_POINT ( 'NONE',  ( 3.250000000000000888, 2.600000000000000533, -0.7499999999999998890 ) ) ;
#1176 = COLOUR_RGB ( '',0.8039215686274510109, 0.8039215686274510109, 0.8039215686274510109 ) ;
#1177 = FACE_OUTER_BOUND ( 'NONE', #2835, .T. ) ;
#1178 = EDGE_LOOP ( 'NONE', ( #2271, #2900, #1767, #373, #1601 ) ) ;
#1179 = ORIENTED_EDGE ( 'NONE', *, *, #1380, .T. ) ;
#1180 = PRESENTATION_LAYER_ASSIGNMENT (  '', '', ( #295 ) ) ;
#1181 = FILL_AREA_STYLE ('',( #1514 ) ) ;
#1182 =( NAMED_UNIT ( * ) SI_UNIT ( $, .STERADIAN. ) SOLID_ANGLE_UNIT ( ) );
#1183 = PRESENTATION_LAYER_ASSIGNMENT (  '', '', ( #1749 ) ) ;
#1184 = EDGE_CURVE ( 'NONE', #2466, #1227, #2937, .T. ) ;
#1185 = CIRCLE ( 'NONE', #1240, 0.2499999999999994726 ) ;
#1186 = ADVANCED_FACE ( 'NONE', ( #2651 ), #1107, .F. ) ;
#1187 = VECTOR ( 'NONE', #1332, 1000.000000000000000 ) ;
#1188 = EDGE_LOOP ( 'NONE', ( #2726, #2828, #2849, #1329, #2382, #1709, #128, #2997 ) ) ;
#1189 = PRESENTATION_STYLE_ASSIGNMENT (( #1877 ) ) ;
#1190 = EDGE_LOOP ( 'NONE', ( #2690, #3369, #1376, #2373, #3434 ) ) ;
#1191 =( LENGTH_UNIT ( ) NAMED_UNIT ( * ) SI_UNIT ( .MILLI., .METRE. ) );
#1192 = SURFACE_SIDE_STYLE ('',( #349 ) ) ;
#1193 = ORIENTED_EDGE ( 'NONE', *, *, #1661, .F. ) ;
#1194 = CARTESIAN_POINT ( 'NONE',  ( 0.000000000000000000, 0.000000000000000000, 0.000000000000000000 ) ) ;
#1195 = ORIENTED_EDGE ( 'NONE', *, *, #929, .F. ) ;
#1196 =( LENGTH_UNIT ( ) NAMED_UNIT ( * ) SI_UNIT ( .MILLI., .METRE. ) );
#1197 = FACE_OUTER_BOUND ( 'NONE', #1839, .T. ) ;
#1198 = EDGE_CURVE ( 'NONE', #323, #3029, #3438, .T. ) ;
#1199 = VERTEX_POINT ( 'NONE', #2919 ) ;
#1200 = LINE ( 'NONE', #2518, #3260 ) ;
#1201 = ORIENTED_EDGE ( 'NONE', *, *, #800, .F. ) ;
#1202 = EDGE_CURVE ( 'NONE', #2863, #1928, #1581, .T. ) ;
#1203 =( NAMED_UNIT ( * ) PLANE_ANGLE_UNIT ( ) SI_UNIT ( $, .RADIAN. ) );
#1204 = CARTESIAN_POINT ( 'NONE',  ( -2.629730922823985129, -1.959835158089652474, 1.250000000000000000 ) ) ;
#1205 =( NAMED_UNIT ( * ) SI_UNIT ( $, .STERADIAN. ) SOLID_ANGLE_UNIT ( ) );
#1206 = EDGE_CURVE ( 'NONE', #1146, #2466, #1401, .T. ) ;
#1207 = ORIENTED_EDGE ( 'NONE', *, *, #3137, .T. ) ;
#1208 = DIRECTION ( 'NONE',  ( -1.000000000000000000, -0.000000000000000000, -0.000000000000000000 ) ) ;
#1209 = SURFACE_SIDE_STYLE ('',( #2526 ) ) ;
#1210 = DIRECTION ( 'NONE',  ( -0.000000000000000000, 0.9975640502598207560, 0.06975647374417391633 ) ) ;
#1211 =( NAMED_UNIT ( * ) SI_UNIT ( $, .STERADIAN. ) SOLID_ANGLE_UNIT ( ) );
#1212 = VERTEX_POINT ( 'NONE', #61 ) ;
#1213 = DIRECTION ( 'NONE',  ( -0.1039620511844907558, 0.1039620511844911999, -0.9891328443778553137 ) ) ;
#1214 = VERTEX_POINT ( 'NONE', #37 ) ;
#1215 =( NAMED_UNIT ( * ) PLANE_ANGLE_UNIT ( ) SI_UNIT ( $, .RADIAN. ) );
#1216 = CARTESIAN_POINT ( 'NONE',  ( 2.675000000000000266, -3.621241502970535375, -0.3794960867217309075 ) ) ;
#1217 = EDGE_CURVE ( 'NONE', #396, #318, #864, .T. ) ;
#1218 = CIRCLE ( 'NONE', #3146, 0.2750000000000000777 ) ;
#1219 = DIRECTION ( 'NONE',  ( 0.000000000000000000, -0.000000000000000000, 1.000000000000000000 ) ) ;
#1220 = AXIS2_PLACEMENT_3D ( 'NONE', #2220, #625, #1167 ) ;
#1221 = AXIS2_PLACEMENT_3D ( 'NONE', #981, #1024, #1219 ) ;
#1222 = CARTESIAN_POINT ( 'NONE',  ( 0.3750000000000003331, -3.549999999999998934, -0.5507193504256789884 ) ) ;
#1223 = ADVANCED_FACE ( 'NONE', ( #1650 ), #1378, .F. ) ;
#1224 = DIRECTION ( 'NONE',  ( 0.000000000000000000, 0.000000000000000000, 1.000000000000000000 ) ) ;
#1225 = LINE ( 'NONE', #1246, #96 ) ;
#1226 = COLOUR_RGB ( '',0.8039215686274510109, 0.8039215686274510109, 0.8039215686274510109 ) ;
#1227 = VERTEX_POINT ( 'NONE', #93 ) ;
#1228 = DIRECTION ( 'NONE',  ( 0.000000000000000000, 1.000000000000000000, 0.000000000000000000 ) ) ;
#1229 = PRESENTATION_STYLE_ASSIGNMENT (( #443 ) ) ;
#1230 = EDGE_CURVE ( 'NONE', #3353, #2791, #171, .T. ) ;
#1231 = CIRCLE ( 'NONE', #2129, 0.1499999999999999389 ) ;
#1232 = FACE_OUTER_BOUND ( 'NONE', #1188, .T. ) ;
#1233 =( NAMED_UNIT ( * ) PLANE_ANGLE_UNIT ( ) SI_UNIT ( $, .RADIAN. ) );
#1234 =( GEOMETRIC_REPRESENTATION_CONTEXT ( 3 ) GLOBAL_UNCERTAINTY_ASSIGNED_CONTEXT ( ( #3272 ) ) GLOBAL_UNIT_ASSIGNED_CONTEXT ( ( #1853, #2047, #375 ) ) REPRESENTATION_CONTEXT ( 'NONE', 'WORKASPACE' ) );
#1235 = LINE ( 'NONE', #1984, #1277 ) ;
#1236 = ORIENTED_EDGE ( 'NONE', *, *, #3086, .T. ) ;
#1237 = CARTESIAN_POINT ( 'NONE',  ( 1.925000000000000044, -3.979999999999999094, -1.031613455198621132 ) ) ;
#1238 = VERTEX_POINT ( 'NONE', #934 ) ;
#1239 = DIRECTION ( 'NONE',  ( 0.000000000000000000, 0.000000000000000000, 1.000000000000000000 ) ) ;
#1240 = AXIS2_PLACEMENT_3D ( 'NONE', #2422, #764, #496 ) ;
#1241 = FACE_OUTER_BOUND ( 'NONE', #753, .T. ) ;
#1242 = ORIENTED_EDGE ( 'NONE', *, *, #1919, .F. ) ;
#1243 = COLOUR_RGB ( '',0.8039215686274510109, 0.8039215686274510109, 0.8039215686274510109 ) ;
#1244 = DIRECTION ( 'NONE',  ( 0.9945218953682740670, 0.000000000000000000, 0.1045284632676466569 ) ) ;
#1245 = LINE ( 'NONE', #3095, #1357 ) ;
#1246 = CARTESIAN_POINT ( 'NONE',  ( 3.250000000000000444, 2.600000000000000533, -0.7500000000000000000 ) ) ;
#1247 = CIRCLE ( 'NONE', #2960, 0.1499999999999999667 ) ;
#1248 = PRODUCT_RELATED_PRODUCT_CATEGORY ( 'part', '', ( #2420 ) ) ;
#1249 = CARTESIAN_POINT ( 'NONE',  ( 3.144074049039572660, -2.599999999999999201, 0.2578181025976935548 ) ) ;
#1250 = LINE ( 'NONE', #2508, #2598 ) ;
#1251 = LINE ( 'NONE', #3140, #3223 ) ;
#1252 = PLANE ( 'NONE',  #3101 ) ;
#1253 = DIRECTION ( 'NONE',  ( 0.000000000000000000, 0.000000000000000000, -1.000000000000000000 ) ) ;
#1254 = LINE ( 'NONE', #771, #2491 ) ;
#1255 = EDGE_LOOP ( 'NONE', ( #2469, #1403, #899, #668 ) ) ;
#1256 = FILL_AREA_STYLE ('',( #564 ) ) ;
#1257 = DIRECTION ( 'NONE',  ( 0.1045284632676464209, -0.000000000000000000, 0.9945218953682740670 ) ) ;
#1258 = DIRECTION ( 'NONE',  ( 1.000000000000000000, 0.000000000000000000, 0.000000000000000000 ) ) ;
#1259 = CARTESIAN_POINT ( 'NONE',  ( -1.924999999999999600, -3.621241502970535375, -0.3794960867217309075 ) ) ;
#1260 = UNCERTAINTY_MEASURE_WITH_UNIT (LENGTH_MEASURE( 1.000000000000000082E-05 ), #3402, 'distance_accuracy_value', 'NONE');
#1261 = DIRECTION ( 'NONE',  ( -0.1039620511844907835, -0.1039620511844907974, -0.9891328443778555357 ) ) ;
#1262 = CARTESIAN_POINT ( 'NONE',  ( -3.124169335050447138, 2.624169335050447138, -0.9878170291786311230 ) ) ;
#1263 = SURFACE_SIDE_STYLE ('',( #2867 ) ) ;
#1264 = CARTESIAN_POINT ( 'NONE',  ( -1.924999999999999600, -2.749999999999999112, -0.2500000000000000555 ) ) ;
#1265 = EDGE_CURVE ( 'NONE', #1866, #835, #1454, .T. ) ;
#1266 = FILL_AREA_STYLE ('',( #2622 ) ) ;
#1267 = EDGE_LOOP ( 'NONE', ( #1278, #3055, #633, #3109 ) ) ;
#1268 = DIRECTION ( 'NONE',  ( -1.000000000000000000, 0.000000000000000000, 0.000000000000000000 ) ) ;
#1269 = LINE ( 'NONE', #716, #2065 ) ;
#1270 = EDGE_CURVE ( 'NONE', #735, #297, #3025, .T. ) ;
#1271 = CARTESIAN_POINT ( 'NONE',  ( -2.250000000000001332, -1.249999999999998668, -1.250000000000000000 ) ) ;
#1272 = ORIENTED_EDGE ( 'NONE', *, *, #1519, .T. ) ;
#1273 = VECTOR ( 'NONE', #2048, 1000.000000000000000 ) ;
#1274 = SURFACE_STYLE_USAGE ( .BOTH. , #1525 ) ;
#1275 = ADVANCED_FACE ( 'NONE', ( #1172 ), #979, .T. ) ;
#1276 = DIRECTION ( 'NONE',  ( -2.168404344971008868E-16, -1.000000000000000000, 0.000000000000000000 ) ) ;
#1277 = VECTOR ( 'NONE', #3289, 1000.000000000000000 ) ;
#1278 = ORIENTED_EDGE ( 'NONE', *, *, #229, .T. ) ;
#1279 = PLANE ( 'NONE',  #1515 ) ;
#1280 = STYLED_ITEM ( 'NONE', ( #1995 ), #249 ) ;
#1281 = DIRECTION ( 'NONE',  ( 0.1039620511844907697, 0.1039620511844907835, 0.9891328443778553137 ) ) ;
#1282 = AXIS2_PLACEMENT_3D ( 'NONE', #655, #1481, #973 ) ;
#1283 = VECTOR ( 'NONE', #222, 1000.000000000000000 ) ;
#1284 = DIRECTION ( 'NONE',  ( 0.8191520442889926867, -0.5735764363510449382, -0.000000000000000000 ) ) ;
#1285 = CARTESIAN_POINT ( 'NONE',  ( -1.924999999999999600, -2.749999999999999112, 0.2499999999999999445 ) ) ;
#1286 = DIRECTION ( 'NONE',  ( -1.000000000000000000, -0.000000000000000000, -0.000000000000000000 ) ) ;
#1287 = CARTESIAN_POINT ( 'NONE',  ( -3.249999999999999556, 2.750000000000000888, -1.250000000000000000 ) ) ;
#1288 = ORIENTED_EDGE ( 'NONE', *, *, #2332, .F. ) ;
#1289 = LINE ( 'NONE', #2092, #687 ) ;
#1290 = PRESENTATION_LAYER_ASSIGNMENT (  '', '', ( #1681 ) ) ;
#1291 = CIRCLE ( 'NONE', #1632, 0.4999999999999993339 ) ;
#1292 = ORIENTED_EDGE ( 'NONE', *, *, #830, .T. ) ;
#1293 = VECTOR ( 'NONE', #3012, 1000.000000000000000 ) ;
#1294 = ADVANCED_FACE ( 'NONE', ( #703 ), #2029, .F. ) ;
#1295 = PRESENTATION_STYLE_ASSIGNMENT (( #2847 ) ) ;
#1296 = ORIENTED_EDGE ( 'NONE', *, *, #1230, .F. ) ;
#1297 = DIRECTION ( 'NONE',  ( -0.000000000000000000, 1.000000000000000000, -0.000000000000000000 ) ) ;
#1298 = UNCERTAINTY_MEASURE_WITH_UNIT (LENGTH_MEASURE( 1.000000000000000082E-05 ), #1996, 'distance_accuracy_value', 'NONE');
#1299 = CARTESIAN_POINT ( 'NONE',  ( -2.250000000000000444, 2.750000000000001332, -1.250000000000000000 ) ) ;
#1300 = FACE_OUTER_BOUND ( 'NONE', #1077, .T. ) ;
#1301 = DIRECTION ( 'NONE',  ( 0.000000000000000000, -1.662374665054309208E-16, 1.000000000000000000 ) ) ;
#1302 = DIRECTION ( 'NONE',  ( 1.000000000000000000, 0.000000000000000000, 0.000000000000000000 ) ) ;
#1303 = ORIENTED_EDGE ( 'NONE', *, *, #3086, .F. ) ;
#1304 = STYLED_ITEM ( 'NONE', ( #3040 ), #2149 ) ;
#1305 = CARTESIAN_POINT ( 'NONE',  ( -2.550000000000000711, 3.724844346342717216, -0.7500000000000000000 ) ) ;
#1306 = ORIENTED_EDGE ( 'NONE', *, *, #1118, .F. ) ;
#1307 = ORIENTED_EDGE ( 'NONE', *, *, #1885, .T. ) ;
#1308 = CARTESIAN_POINT ( 'NONE',  ( 2.675000000000000266, -5.249999999999999112, -0.8487790509594148602 ) ) ;
#1309 = FILL_AREA_STYLE ('',( #2613 ) ) ;
#1310 = ADVANCED_FACE ( 'NONE', ( #1611 ), #3145, .T. ) ;
#1311 = PLANE ( 'NONE',  #2587 ) ;
#1312 = VECTOR ( 'NONE', #1797, 1000.000000000000000 ) ;
#1313 = ORIENTED_EDGE ( 'NONE', *, *, #1777, .F. ) ;
#1314 =( LENGTH_UNIT ( ) NAMED_UNIT ( * ) SI_UNIT ( .MILLI., .METRE. ) );
#1315 = ADVANCED_FACE ( 'NONE', ( #1595 ), #808, .T. ) ;
#1316 =( NAMED_UNIT ( * ) SI_UNIT ( $, .STERADIAN. ) SOLID_ANGLE_UNIT ( ) );
#1317 = CARTESIAN_POINT ( 'NONE',  ( -3.250000000000000888, -4.761016559127029701, -0.7499999999999998890 ) ) ;
#1318 = CARTESIAN_POINT ( 'NONE',  ( -2.629730922823985129, -1.959835158089652474, 1.239999999999999991 ) ) ;
#1319 = CARTESIAN_POINT ( 'NONE',  ( -3.082339957911438777, -2.749039280062316237, 0.2591406396255492295 ) ) ;
#1320 = DIRECTION ( 'NONE',  ( -1.000000000000000000, -0.000000000000000000, -0.000000000000000000 ) ) ;
#1321 = VERTEX_POINT ( 'NONE', #172 ) ;
#1322 = ORIENTED_EDGE ( 'NONE', *, *, #444, .F. ) ;
#1323 =( NAMED_UNIT ( * ) SI_UNIT ( $, .STERADIAN. ) SOLID_ANGLE_UNIT ( ) );
#1324 = CARTESIAN_POINT ( 'NONE',  ( -2.994069522799803984, -2.749999999999999112, 0.2500000000000000000 ) ) ;
#1325 = CARTESIAN_POINT ( 'NONE',  ( -2.994069522799803984, -2.749999999999999112, 0.2500000000000000000 ) ) ;
#1326 = CYLINDRICAL_SURFACE ( 'NONE', #1567, 0.4999999999999993339 ) ;
#1327 =( NAMED_UNIT ( * ) PLANE_ANGLE_UNIT ( ) SI_UNIT ( $, .RADIAN. ) );
#1328 =( BOUNDED_CURVE ( )  B_SPLINE_CURVE ( 3, ( #2019, #2839, #1319, #1812 ),
 .UNSPECIFIED., .F., .F. ) 
 B_SPLINE_CURVE_WITH_KNOTS ( ( 4, 4 ),
 ( 4.712388980384689674, 6.272258890136507503 ),
 .UNSPECIFIED. ) 
 CURVE ( )  GEOMETRIC_REPRESENTATION_ITEM ( )  RATIONAL_B_SPLINE_CURVE ( ( 1.000000000000000000, 0.8073061876036311535, 0.8073061876036311535, 1.000000000000000000 ) ) 
 REPRESENTATION_ITEM ( '' )  );
#1329 = ORIENTED_EDGE ( 'NONE', *, *, #2539, .F. ) ;
#1330 = CARTESIAN_POINT ( 'NONE',  ( 3.100000000000000977, -2.644895764734329191, -1.250000000000000000 ) ) ;
#1331 = VERTEX_POINT ( 'NONE', #1324 ) ;
#1332 = DIRECTION ( 'NONE',  ( -1.000000000000000000, -1.445602896647337536E-15, -0.000000000000000000 ) ) ;
#1333 =( GEOMETRIC_REPRESENTATION_CONTEXT ( 3 ) GLOBAL_UNCERTAINTY_ASSIGNED_CONTEXT ( ( #2567 ) ) GLOBAL_UNIT_ASSIGNED_CONTEXT ( ( #989, #3087, #1540 ) ) REPRESENTATION_CONTEXT ( 'NONE', 'WORKASPACE' ) );
#1334 = FACE_OUTER_BOUND ( 'NONE', #3164, .T. ) ;
#1335 = CYLINDRICAL_SURFACE ( 'NONE', #631, 0.1499999999999999389 ) ;
#1336 = CLOSED_SHELL ( 'NONE', ( #2740, #1979, #1544, #1001, #3064, #557, #2551, #453, #1469, #2557, #2515, #298, #2861, #2349, #2986, #2965, #3102, #2134, #1315, #2888, #612, #448, #2691, #2531, #1039, #892, #3345, #2038, #246, #975, #2040, #3230, #2003, #111, #2775, #2081, #2270, #385, #516 ) ) ;
#1337 = AXIS2_PLACEMENT_3D ( 'NONE', #760, #2798, #2054 ) ;
#1338 = CARTESIAN_POINT ( 'NONE',  ( 3.100821715694759728, -2.599999999999999201, -0.7656792694901468632 ) ) ;
#1339 = FILL_AREA_STYLE_COLOUR ( '', #586 ) ;
#1340 = VECTOR ( 'NONE', #1783, 1000.000000000000000 ) ;
#1341 = VERTEX_POINT ( 'NONE', #1501 ) ;
#1342 = VERTEX_POINT ( 'NONE', #859 ) ;
#1343 =( NAMED_UNIT ( * ) SI_UNIT ( $, .STERADIAN. ) SOLID_ANGLE_UNIT ( ) );
#1344 = CARTESIAN_POINT ( 'NONE',  ( -2.250000000000000444, 2.750000000000001332, -0.7500000000000000000 ) ) ;
#1345 = CIRCLE ( 'NONE', #571, 0.1499999999999999667 ) ;
#1346 = CARTESIAN_POINT ( 'NONE',  ( 2.249999999999999556, 2.750000000000000888, -0.7500000000000000000 ) ) ;
#1347 = AXIS2_PLACEMENT_3D ( 'NONE', #3221, #2186, #1959 ) ;
#1348 = EDGE_CURVE ( 'NONE', #1593, #2545, #768, .T. ) ;
#1349 = AXIS2_PLACEMENT_3D ( 'NONE', #1285, #195, #1042 ) ;
#1350 = AXIS2_PLACEMENT_3D ( 'NONE', #2393, #2692, #836 ) ;
#1351 = DIRECTION ( 'NONE',  ( -1.000000000000000000, -0.000000000000000000, -0.000000000000000000 ) ) ;
#1352 = EDGE_LOOP ( 'NONE', ( #1236, #1569, #834, #533, #337, #3253 ) ) ;
#1353 =( BOUNDED_CURVE ( )  B_SPLINE_CURVE ( 3, ( #1690, #2732, #3079, #99 ),
 .UNSPECIFIED., .F., .T. ) 
 B_SPLINE_CURVE_WITH_KNOTS ( ( 4, 4 ),
 ( -8.881784197001252323E-16, 0.01092641704307440072 ),
 .UNSPECIFIED. ) 
 CURVE ( )  GEOMETRIC_REPRESENTATION_ITEM ( )  RATIONAL_B_SPLINE_CURVE ( ( 1.000000000000000000, 0.9999900511422950000, 0.9999900511422950000, 1.000000000000000000 ) ) 
 REPRESENTATION_ITEM ( '' )  );
#1354 = CARTESIAN_POINT ( 'NONE',  ( 2.550000000000000711, 2.750000000000000888, -0.7500000000000000000 ) ) ;
#1355 = DIRECTION ( 'NONE',  ( 1.000000000000000000, 0.000000000000000000, 0.000000000000000000 ) ) ;
#1356 = DIRECTION ( 'NONE',  ( -2.168404344971008868E-16, -1.000000000000000000, 0.000000000000000000 ) ) ;
#1357 = VECTOR ( 'NONE', #439, 1000.000000000000000 ) ;
#1358 = ORIENTED_EDGE ( 'NONE', *, *, #2981, .T. ) ;
#1359 = LINE ( 'NONE', #644, #2001 ) ;
#1360 = CARTESIAN_POINT ( 'NONE',  ( -3.249999999999999556, -2.545522982884955709, -0.7499999999999865663 ) ) ;
#1361 = STYLED_ITEM ( 'NONE', ( #2388 ), #2200 ) ;
#1362 = DIRECTION ( 'NONE',  ( -0.000000000000000000, 1.000000000000000000, 1.662374665054309455E-16 ) ) ;
#1363 = EDGE_LOOP ( 'NONE', ( #1313, #3177 ) ) ;
#1364 =( LENGTH_UNIT ( ) NAMED_UNIT ( * ) SI_UNIT ( .MILLI., .METRE. ) );
#1365 = ORIENTED_EDGE ( 'NONE', *, *, #1408, .F. ) ;
#1366 = CARTESIAN_POINT ( 'NONE',  ( -3.099999999999999645, -2.756755483808067453, 1.249289970040503350 ) ) ;
#1367 =( NAMED_UNIT ( * ) PLANE_ANGLE_UNIT ( ) SI_UNIT ( $, .RADIAN. ) );
#1368 = DIRECTION ( 'NONE',  ( 0.000000000000000000, 0.000000000000000000, 1.000000000000000000 ) ) ;
#1369 = FACE_OUTER_BOUND ( 'NONE', #1624, .T. ) ;
#1370 = DIRECTION ( 'NONE',  ( -0.1039620511844907697, 0.1039620511844907835, -0.9891328443778553137 ) ) ;
#1371 =( NAMED_UNIT ( * ) SI_UNIT ( $, .STERADIAN. ) SOLID_ANGLE_UNIT ( ) );
#1372 = ORIENTED_EDGE ( 'NONE', *, *, #1848, .T. ) ;
#1373 = DIRECTION ( 'NONE',  ( 0.000000000000000000, 0.4820156531130790900, 0.8761626048593786908 ) ) ;
#1374 = EDGE_CURVE ( 'NONE', #2778, #1100, #2131, .T. ) ;
#1375 = UNCERTAINTY_MEASURE_WITH_UNIT (LENGTH_MEASURE( 1.000000000000000082E-05 ), #1068, 'distance_accuracy_value', 'NONE');
#1376 = ORIENTED_EDGE ( 'NONE', *, *, #1531, .F. ) ;
#1377 = ORIENTED_EDGE ( 'NONE', *, *, #50, .T. ) ;
#1378 = PLANE ( 'NONE',  #2723 ) ;
#1379 = DIRECTION ( 'NONE',  ( -1.000000000000000000, 0.000000000000000000, -0.000000000000000000 ) ) ;
#1380 = EDGE_CURVE ( 'NONE', #3396, #805, #2665, .T. ) ;
#1381 = FILL_AREA_STYLE ('',( #1706 ) ) ;
#1382 = STYLED_ITEM ( 'NONE', ( #3371 ), #2273 ) ;
#1383 = CARTESIAN_POINT ( 'NONE',  ( 3.010446063818763562, 2.510446063818764451, 0.09418762024607491012 ) ) ;
#1384 = COLOUR_RGB ( '',0.8039215686274510109, 0.8039215686274510109, 0.8039215686274510109 ) ;
#1385 = DIRECTION ( 'NONE',  ( 2.168404344971008868E-16, 1.000000000000000000, -0.000000000000000000 ) ) ;
#1386 = DIRECTION ( 'NONE',  ( 1.000000000000000000, 0.000000000000000000, 0.000000000000000000 ) ) ;
#1387 = ORIENTED_EDGE ( 'NONE', *, *, #715, .F. ) ;
#1388 = ORIENTED_EDGE ( 'NONE', *, *, #704, .F. ) ;
#1389 = DIRECTION ( 'NONE',  ( 2.168404344971008868E-16, 1.000000000000000000, 0.000000000000000000 ) ) ;
#1390 = LINE ( 'NONE', #890, #3163 ) ;
#1391 = COLOUR_RGB ( '',0.8039215686274510109, 0.8039215686274510109, 0.8039215686274510109 ) ;
#1392 = CIRCLE ( 'NONE', #3309, 0.1499999999999999667 ) ;
#1393 = VECTOR ( 'NONE', #1986, 1000.000000000000000 ) ;
#1394 = AXIS2_PLACEMENT_3D ( 'NONE', #1918, #3429, #1076 ) ;
#1395 = DIRECTION ( 'NONE',  ( 0.000000000000000000, -0.1045284632676468650, 0.9945218953682740670 ) ) ;
#1396 = DIRECTION ( 'NONE',  ( -1.000000000000000000, -0.000000000000000000, -0.000000000000000000 ) ) ;
#1397 = ADVANCED_FACE ( 'NONE', ( #3167 ), #276, .T. ) ;
#1398 = VERTEX_POINT ( 'NONE', #1971 ) ;
#1399 = ORIENTED_EDGE ( 'NONE', *, *, #2487, .F. ) ;
#1400 =( GEOMETRIC_REPRESENTATION_CONTEXT ( 3 ) GLOBAL_UNCERTAINTY_ASSIGNED_CONTEXT ( ( #2376 ) ) GLOBAL_UNIT_ASSIGNED_CONTEXT ( ( #3190, #67, #21 ) ) REPRESENTATION_CONTEXT ( 'NONE', 'WORKASPACE' ) );
#1401 = LINE ( 'NONE', #1929, #3056 ) ;
#1402 = DIRECTION ( 'NONE',  ( -0.1045284632676464209, 0.000000000000000000, 0.9945218953682740670 ) ) ;
#1403 = ORIENTED_EDGE ( 'NONE', *, *, #3097, .F. ) ;
#1404 = SURFACE_STYLE_FILL_AREA ( #1098 ) ;
#1405 = UNCERTAINTY_MEASURE_WITH_UNIT (LENGTH_MEASURE( 1.000000000000000082E-05 ), #2055, 'distance_accuracy_value', 'NONE');
#1406 = STYLED_ITEM ( 'NONE', ( #146 ), #1294 ) ;
#1407 = CARTESIAN_POINT ( 'NONE',  ( -2.250000000000000444, 2.750000000000001332, -0.7500000000000000000 ) ) ;
#1408 = EDGE_CURVE ( 'NONE', #3225, #2466, #3378, .T. ) ;
#1409 = EDGE_LOOP ( 'NONE', ( #2167, #2649, #574, #2624 ) ) ;
#1410 = DIRECTION ( 'NONE',  ( -0.1039620511844907697, -0.1039620511844907835, 0.9891328443778553137 ) ) ;
#1411 = CARTESIAN_POINT ( 'NONE',  ( 1.925000000000000044, -2.749999999999999112, 0.2499999999999999445 ) ) ;
#1412 = EDGE_CURVE ( 'NONE', #3038, #486, #2755, .T. ) ;
#1413 = AXIS2_PLACEMENT_3D ( 'NONE', #492, #3156, #524 ) ;
#1414 = CARTESIAN_POINT ( 'NONE',  ( -2.674999999999999822, -2.749999999999999112, 0.2499999999999999445 ) ) ;
#1415 = EDGE_LOOP ( 'NONE', ( #1453, #1566 ) ) ;
#1416 =( GEOMETRIC_REPRESENTATION_CONTEXT ( 3 ) GLOBAL_UNCERTAINTY_ASSIGNED_CONTEXT ( ( #251 ) ) GLOBAL_UNIT_ASSIGNED_CONTEXT ( ( #1720, #1486, #2521 ) ) REPRESENTATION_CONTEXT ( 'NONE', 'WORKASPACE' ) );
#1417 = SURFACE_STYLE_FILL_AREA ( #2987 ) ;
#1418 = VERTEX_POINT ( 'NONE', #3250 ) ;
#1419 = VERTEX_POINT ( 'NONE', #665 ) ;
#1420 =( NAMED_UNIT ( * ) PLANE_ANGLE_UNIT ( ) SI_UNIT ( $, .RADIAN. ) );
#1421 = VERTEX_POINT ( 'NONE', #1411 ) ;
#1422 = FILL_AREA_STYLE ('',( #639 ) ) ;
#1423 = EDGE_CURVE ( 'NONE', #1212, #2784, #1390, .T. ) ;
#1424 = ORIENTED_EDGE ( 'NONE', *, *, #1265, .F. ) ;
#1425 = ORIENTED_EDGE ( 'NONE', *, *, #1612, .T. ) ;
#1426 = LINE ( 'NONE', #2947, #2586 ) ;
#1427 = LINE ( 'NONE', #73, #811 ) ;
#1428 = DIRECTION ( 'NONE',  ( 1.000000000000000000, -0.000000000000000000, 0.000000000000000000 ) ) ;
#1429 = ADVANCED_FACE ( 'NONE', ( #1714 ), #2219, .T. ) ;
#1430 = PLANE ( 'NONE',  #1099 ) ;
#1431 = FILL_AREA_STYLE_COLOUR ( '', #2825 ) ;
#1432 = PLANE ( 'NONE',  #1735 ) ;
#1433 = ORIENTED_EDGE ( 'NONE', *, *, #1202, .T. ) ;
#1434 =( LENGTH_UNIT ( ) NAMED_UNIT ( * ) SI_UNIT ( .MILLI., .METRE. ) );
#1435 = FACE_OUTER_BOUND ( 'NONE', #44, .T. ) ;
#1436 = CARTESIAN_POINT ( 'NONE',  ( -1.924999999999999600, -3.549999999999998934, -0.2500000000000000000 ) ) ;
#1437 = CARTESIAN_POINT ( 'NONE',  ( 2.904730922823984152, 2.404730922823985040, 1.100000000000000089 ) ) ;
#1438 = UNCERTAINTY_MEASURE_WITH_UNIT (LENGTH_MEASURE( 1.000000000000000082E-05 ), #2139, 'distance_accuracy_value', 'NONE');
#1439 = ORIENTED_EDGE ( 'NONE', *, *, #1870, .F. ) ;
#1440 = EDGE_CURVE ( 'NONE', #3353, #976, #927, .T. ) ;
#1441 =( BOUNDED_CURVE ( )  B_SPLINE_CURVE ( 3, ( #2180, #1970, #1360, #2424 ),
 .UNSPECIFIED., .F., .T. ) 
 B_SPLINE_CURVE_WITH_KNOTS ( ( 4, 4 ),
 ( 3.141592653589794892, 3.152519070632866516 ),
 .UNSPECIFIED. ) 
 CURVE ( )  GEOMETRIC_REPRESENTATION_ITEM ( )  RATIONAL_B_SPLINE_CURVE ( ( 1.000000000000000000, 0.9999900511422952221, 0.9999900511422952221, 1.000000000000000000 ) ) 
 REPRESENTATION_ITEM ( '' )  );
#1442 =( LENGTH_UNIT ( ) NAMED_UNIT ( * ) SI_UNIT ( .MILLI., .METRE. ) );
#1443 = FILL_AREA_STYLE_COLOUR ( '', #2661 ) ;
#1444 = DIRECTION ( 'NONE',  ( 0.000000000000000000, 0.000000000000000000, 1.000000000000000000 ) ) ;
#1445 = PRESENTATION_LAYER_ASSIGNMENT (  '', '', ( #3107 ) ) ;
#1446 = CARTESIAN_POINT ( 'NONE',  ( 2.550000000000000711, 2.750000000000000888, -1.250000000000000000 ) ) ;
#1447 = DIRECTION ( 'NONE',  ( 0.000000000000000000, 0.000000000000000000, 1.000000000000000000 ) ) ;
#1448 = AXIS2_PLACEMENT_3D ( 'NONE', #2754, #2017, #407 ) ;
#1449 = UNCERTAINTY_MEASURE_WITH_UNIT (LENGTH_MEASURE( 1.000000000000000082E-05 ), #289, 'distance_accuracy_value', 'NONE');
#1450 =( GEOMETRIC_REPRESENTATION_CONTEXT ( 3 ) GLOBAL_UNCERTAINTY_ASSIGNED_CONTEXT ( ( #938 ) ) GLOBAL_UNIT_ASSIGNED_CONTEXT ( ( #144, #3403, #2898 ) ) REPRESENTATION_CONTEXT ( 'NONE', 'WORKASPACE' ) );
#1451 = ORIENTED_EDGE ( 'NONE', *, *, #3009, .T. ) ;
#1452 = LINE ( 'NONE', #268, #1393 ) ;
#1453 = ORIENTED_EDGE ( 'NONE', *, *, #1374, .F. ) ;
#1454 = LINE ( 'NONE', #3057, #1293 ) ;
#1455 = PRESENTATION_LAYER_ASSIGNMENT (  '', '', ( #3316 ) ) ;
#1456 =( LENGTH_UNIT ( ) NAMED_UNIT ( * ) SI_UNIT ( .MILLI., .METRE. ) );
#1457 = DIRECTION ( 'NONE',  ( 1.000000000000000000, -1.445602896647339163E-16, 0.000000000000000000 ) ) ;
#1458 = VECTOR ( 'NONE', #138, 1000.000000000000000 ) ;
#1459 = EDGE_CURVE ( 'NONE', #1199, #1214, #2182, .T. ) ;
#1460 = ORIENTED_EDGE ( 'NONE', *, *, #1848, .F. ) ;
#1461 = LINE ( 'NONE', #1222, #2407 ) ;
#1462 = LINE ( 'NONE', #2014, #930 ) ;
#1463 = ORIENTED_EDGE ( 'NONE', *, *, #3208, .T. ) ;
#1464 =( GEOMETRIC_REPRESENTATION_CONTEXT ( 3 ) GLOBAL_UNCERTAINTY_ASSIGNED_CONTEXT ( ( #628 ) ) GLOBAL_UNIT_ASSIGNED_CONTEXT ( ( #1191, #1420, #2245 ) ) REPRESENTATION_CONTEXT ( 'NONE', 'WORKASPACE' ) );
#1465 = DIRECTION ( 'NONE',  ( -0.000000000000000000, -0.9975640502598205339, -0.06975647374417794089 ) ) ;
#1466 = CARTESIAN_POINT ( 'NONE',  ( 3.082339957911440109, -2.749039280062314905, 0.2591406396255528377 ) ) ;
#1467 =( BOUNDED_CURVE ( )  B_SPLINE_CURVE ( 3, ( #1883, #2144, #1867, #2605 ),
 .UNSPECIFIED., .F., .F. ) 
 B_SPLINE_CURVE_WITH_KNOTS ( ( 4, 4 ),
 ( 3.136129445068257304, 3.141592653589787343 ),
 .UNSPECIFIED. ) 
 CURVE ( )  GEOMETRIC_REPRESENTATION_ITEM ( )  RATIONAL_B_SPLINE_CURVE ( ( 1.000000000000000000, 0.9999975127809339615, 0.9999975127809339615, 1.000000000000000000 ) ) 
 REPRESENTATION_ITEM ( '' )  );
#1468 = CARTESIAN_POINT ( 'NONE',  ( 2.904730922823985040, -2.509835158089653184, 1.100000000000000089 ) ) ;
#1469 = ADVANCED_FACE ( 'NONE', ( #390 ), #1165, .F. ) ;
#1470 = SURFACE_SIDE_STYLE ('',( #416 ) ) ;
#1471 = COLOUR_RGB ( '',0.8039215686274510109, 0.8039215686274510109, 0.8039215686274510109 ) ;
#1472 = ORIENTED_EDGE ( 'NONE', *, *, #887, .T. ) ;
#1473 = CARTESIAN_POINT ( 'NONE',  ( -2.674999999999999822, -3.988081302429688169, -0.008992173443461048271 ) ) ;
#1474 = VERTEX_POINT ( 'NONE', #2234 ) ;
#1475 = EDGE_CURVE ( 'NONE', #1896, #1007, #2018, .T. ) ;
#1476 = FILL_AREA_STYLE_COLOUR ( '', #1910 ) ;
#1477 = CARTESIAN_POINT ( 'NONE',  ( -1.924999999999999600, -4.571444454642993982, -0.5507193504256789884 ) ) ;
#1478 = CARTESIAN_POINT ( 'NONE',  ( -3.099999999999999645, 2.750000000000000888, -0.7500000000000000000 ) ) ;
#1479 = DIRECTION ( 'NONE',  ( 1.000000000000000000, 0.000000000000000000, 0.000000000000000000 ) ) ;
#1480 = PRESENTATION_LAYER_ASSIGNMENT (  '', '', ( #2684 ) ) ;
#1481 = DIRECTION ( 'NONE',  ( 0.000000000000000000, -0.9945218953682740670, -0.1045284632676464348 ) ) ;
#1482 = EDGE_CURVE ( 'NONE', #1684, #2623, #2683, .T. ) ;
#1483 = ORIENTED_EDGE ( 'NONE', *, *, #2412, .F. ) ;
#1484 = DIRECTION ( 'NONE',  ( 1.000000000000000000, 0.000000000000000000, -0.000000000000000000 ) ) ;
#1485 = ORIENTED_EDGE ( 'NONE', *, *, #1705, .T. ) ;
#1486 =( NAMED_UNIT ( * ) PLANE_ANGLE_UNIT ( ) SI_UNIT ( $, .RADIAN. ) );
#1487 = DIRECTION ( 'NONE',  ( 0.000000000000000000, -0.1045284632676468650, 0.9945218953682740670 ) ) ;
#1488 = CARTESIAN_POINT ( 'NONE',  ( 2.675000000000000266, -3.979999999999999094, -1.031613455198621132 ) ) ;
#1489 = SURFACE_STYLE_USAGE ( .BOTH. , #3297 ) ;
#1490 = ORIENTED_EDGE ( 'NONE', *, *, #1854, .T. ) ;
#1491 = DIRECTION ( 'NONE',  ( 0.000000000000000000, 0.8761626048593784688, -0.4820156531130794786 ) ) ;
#1492 = DIRECTION ( 'NONE',  ( 0.000000000000000000, 0.000000000000000000, -1.000000000000000000 ) ) ;
#1493 = CARTESIAN_POINT ( 'NONE',  ( 0.000000000000000000, 0.000000000000000000, 1.250000000000000000 ) ) ;
#1494 = VECTOR ( 'NONE', #1104, 1000.000000000000000 ) ;
#1495 = ADVANCED_BREP_SHAPE_REPRESENTATION ( 'BD433M5FP-CE2', ( #3307, #2273, #3314, #1102, #2200, #2203, #2629 ), #842 ) ;
#1496 = PLANE ( 'NONE',  #1629 ) ;
#1497 = AXIS2_PLACEMENT_3D ( 'NONE', #2467, #374, #1882 ) ;
#1498 = ORIENTED_EDGE ( 'NONE', *, *, #2799, .F. ) ;
#1499 = DIRECTION ( 'NONE',  ( 0.000000000000000000, 0.9945218953682740670, 0.1045284632676470177 ) ) ;
#1500 = VERTEX_POINT ( 'NONE', #872 ) ;
#1501 = CARTESIAN_POINT ( 'NONE',  ( 1.799999999999997380, 4.250000000000000000, -1.250000000000000000 ) ) ;
#1502 = PRESENTATION_LAYER_ASSIGNMENT (  '', '', ( #218 ) ) ;
#1503 =( GEOMETRIC_REPRESENTATION_CONTEXT ( 3 ) GLOBAL_UNCERTAINTY_ASSIGNED_CONTEXT ( ( #994 ) ) GLOBAL_UNIT_ASSIGNED_CONTEXT ( ( #2086, #985, #477 ) ) REPRESENTATION_CONTEXT ( 'NONE', 'WORKASPACE' ) );
#1504 = EDGE_CURVE ( 'NONE', #968, #511, #335, .T. ) ;
#1505 = EDGE_LOOP ( 'NONE', ( #3078, #3399, #1387 ) ) ;
#1506 =( GEOMETRIC_REPRESENTATION_CONTEXT ( 3 ) GLOBAL_UNCERTAINTY_ASSIGNED_CONTEXT ( ( #134 ) ) GLOBAL_UNIT_ASSIGNED_CONTEXT ( ( #1801, #2000, #1211 ) ) REPRESENTATION_CONTEXT ( 'NONE', 'WORKASPACE' ) );
#1507 = AXIS2_PLACEMENT_3D ( 'NONE', #2921, #866, #3409 ) ;
#1508 = CARTESIAN_POINT ( 'NONE',  ( -3.099999999999999645, -2.644895764734329191, -1.250000000000000000 ) ) ;
#1509 = UNCERTAINTY_MEASURE_WITH_UNIT (LENGTH_MEASURE( 1.000000000000000082E-05 ), #1527, 'distance_accuracy_value', 'NONE');
#1510 = FACE_OUTER_BOUND ( 'NONE', #1952, .T. ) ;
#1511 = CYLINDRICAL_SURFACE ( 'NONE', #963, 0.2750000000000000777 ) ;
#1512 = VECTOR ( 'NONE', #1589, 1000.000000000000000 ) ;
#1513 = DIRECTION ( 'NONE',  ( 1.000000000000000000, 0.000000000000000000, 0.000000000000000000 ) ) ;
#1514 = FILL_AREA_STYLE_COLOUR ( '', #638 ) ;
#1515 = AXIS2_PLACEMENT_3D ( 'NONE', #346, #1891, #2729 ) ;
#1516 = CARTESIAN_POINT ( 'NONE',  ( 3.143599458868155505, -2.687108607248611225, 0.2623335264549458978 ) ) ;
#1517 = VECTOR ( 'NONE', #1776, 1000.000000000000000 ) ;
#1518 = CARTESIAN_POINT ( 'NONE',  ( 2.675000000000000266, -5.249999999999999112, -1.350000000000000089 ) ) ;
#1519 = EDGE_CURVE ( 'NONE', #1770, #1341, #679, .T. ) ;
#1520 = CARTESIAN_POINT ( 'NONE',  ( -2.904730922823985040, 2.404730922823985484, 1.100000000000000311 ) ) ;
#1521 = LINE ( 'NONE', #187, #801 ) ;
#1522 = ADVANCED_FACE ( 'NONE', ( #2312 ), #479, .T. ) ;
#1523 = ORIENTED_EDGE ( 'NONE', *, *, #1519, .F. ) ;
#1524 = CARTESIAN_POINT ( 'NONE',  ( 3.250000000000001776, -2.633999252941360059, -0.7592703633901589644 ) ) ;
#1525 = SURFACE_SIDE_STYLE ('',( #814 ) ) ;
#1526 = CARTESIAN_POINT ( 'NONE',  ( 3.194973682803352588, -2.599999999999999201, -0.2264595636173977744 ) ) ;
#1527 =( LENGTH_UNIT ( ) NAMED_UNIT ( * ) SI_UNIT ( .MILLI., .METRE. ) );
#1528 = ORIENTED_EDGE ( 'NONE', *, *, #1423, .F. ) ;
#1529 = MECHANICAL_DESIGN_GEOMETRIC_PRESENTATION_REPRESENTATION (  '', ( #118 ), #62 ) ;
#1530 = CARTESIAN_POINT ( 'NONE',  ( 2.675000000000000266, -3.402200851755691424, -0.2500000000000005551 ) ) ;
#1531 = EDGE_CURVE ( 'NONE', #1608, #363, #1109, .T. ) ;
#1532 = DIRECTION ( 'NONE',  ( 0.000000000000000000, -1.000000000000000000, 0.000000000000000000 ) ) ;
#1533 = CYLINDRICAL_SURFACE ( 'NONE', #2396, 0.1499999999999999389 ) ;
#1534 = EDGE_CURVE ( 'NONE', #3131, #1151, #3066, .T. ) ;
#1535 = LINE ( 'NONE', #3139, #1512 ) ;
#1536 = DIRECTION ( 'NONE',  ( -1.000000000000000000, -0.000000000000000000, -0.000000000000000000 ) ) ;
#1537 = CARTESIAN_POINT ( 'NONE',  ( -3.100821715694759728, -2.599999999999999201, -0.7656792694901468632 ) ) ;
#1538 = VERTEX_POINT ( 'NONE', #158 ) ;
#1539 = CARTESIAN_POINT ( 'NONE',  ( 2.994618855672572799, -2.749999999999999112, 0.2499999999999998335 ) ) ;
#1540 =( NAMED_UNIT ( * ) SI_UNIT ( $, .STERADIAN. ) SOLID_ANGLE_UNIT ( ) );
#1541 = ORIENTED_EDGE ( 'NONE', *, *, #178, .T. ) ;
#1542 =( NAMED_UNIT ( * ) SI_UNIT ( $, .STERADIAN. ) SOLID_ANGLE_UNIT ( ) );
#1543 = CARTESIAN_POINT ( 'NONE',  ( -3.133999252941363611, -2.749999999999998668, -0.2407296366098670148 ) ) ;
#1544 = ADVANCED_FACE ( 'NONE', ( #1197 ), #987, .F. ) ;
#1545 = CARTESIAN_POINT ( 'NONE',  ( -0.3749999999999998890, -2.749999999999999112, -0.2500000000000000555 ) ) ;
#1546 = DIRECTION ( 'NONE',  ( -0.000000000000000000, -0.000000000000000000, -1.000000000000000000 ) ) ;
#1547 = UNCERTAINTY_MEASURE_WITH_UNIT (LENGTH_MEASURE( 1.000000000000000082E-05 ), #824, 'distance_accuracy_value', 'NONE');
#1548 = CARTESIAN_POINT ( 'NONE',  ( -3.272211641420589068, -2.728137592381015164, -0.9613296516019975702 ) ) ;
#1549 =( NAMED_UNIT ( * ) SI_UNIT ( $, .STERADIAN. ) SOLID_ANGLE_UNIT ( ) );
#1550 = CARTESIAN_POINT ( 'NONE',  ( 2.675000000000000266, -4.418081302429688328, -0.7906056286420819479 ) ) ;
#1551 = EDGE_CURVE ( 'NONE', #2500, #70, #410, .T. ) ;
#1552 = DIRECTION ( 'NONE',  ( 0.000000000000000000, 0.000000000000000000, -1.000000000000000000 ) ) ;
#1553 = EDGE_LOOP ( 'NONE', ( #170, #1819, #1858, #3 ) ) ;
#1554 = CARTESIAN_POINT ( 'NONE',  ( -1.924999999999999600, -4.554005336206950361, -1.301331312031222653 ) ) ;
#1555 = ORIENTED_EDGE ( 'NONE', *, *, #133, .T. ) ;
#1556 =( GEOMETRIC_REPRESENTATION_CONTEXT ( 3 ) GLOBAL_UNCERTAINTY_ASSIGNED_CONTEXT ( ( #2813 ) ) GLOBAL_UNIT_ASSIGNED_CONTEXT ( ( #2427, #1140, #3182 ) ) REPRESENTATION_CONTEXT ( 'NONE', 'WORKASPACE' ) );
#1557 = CARTESIAN_POINT ( 'NONE',  ( -2.674999999999999822, -2.749999999999999112, -0.2500000000000000555 ) ) ;
#1558 = CLOSED_SHELL ( 'NONE', ( #2747, #2872, #1186, #1275 ) ) ;
#1559 = CARTESIAN_POINT ( 'NONE',  ( -1.924999999999999600, -3.549999999999998934, 0.2499999999999999445 ) ) ;
#1560 = VECTOR ( 'NONE', #3224, 1000.000000000000000 ) ;
#1561 = SURFACE_SIDE_STYLE ('',( #2378 ) ) ;
#1562 = AXIS2_PLACEMENT_3D ( 'NONE', #3333, #418, #2330 ) ;
#1563 = VECTOR ( 'NONE', #2191, 1000.000000000000000 ) ;
#1564 = DIRECTION ( 'NONE',  ( 0.1045284632676464209, 0.000000000000000000, -0.9945218953682740670 ) ) ;
#1565 = DIRECTION ( 'NONE',  ( 0.000000000000000000, 0.000000000000000000, 1.000000000000000000 ) ) ;
#1566 = ORIENTED_EDGE ( 'NONE', *, *, #343, .F. ) ;
#1567 = AXIS2_PLACEMENT_3D ( 'NONE', #2372, #832, #2915 ) ;
#1568 = LINE ( 'NONE', #1287, #775 ) ;
#1569 = ORIENTED_EDGE ( 'NONE', *, *, #3271, .T. ) ;
#1570 = ORIENTED_EDGE ( 'NONE', *, *, #1907, .T. ) ;
#1571 = CARTESIAN_POINT ( 'NONE',  ( -2.550000000000000711, 4.250000000000000000, -1.250000000000000000 ) ) ;
#1572 = VECTOR ( 'NONE', #1015, 1000.000000000000000 ) ;
#1573 = COLOUR_RGB ( '',0.8039215686274510109, 0.8039215686274510109, 0.8039215686274510109 ) ;
#1574 = SURFACE_SIDE_STYLE ('',( #2876 ) ) ;
#1575 = ORIENTED_EDGE ( 'NONE', *, *, #598, .T. ) ;
#1576 = EDGE_CURVE ( 'NONE', #2964, #3011, #56, .T. ) ;
#1577 = PRESENTATION_LAYER_ASSIGNMENT (  '', '', ( #2187 ) ) ;
#1578 = CARTESIAN_POINT ( 'NONE',  ( 0.3750000000000003331, -3.549999999999998934, 0.2499999999999998890 ) ) ;
#1579 = VECTOR ( 'NONE', #3302, 1000.000000000000000 ) ;
#1580 = VECTOR ( 'NONE', #1210, 1000.000000000000227 ) ;
#1581 =( BOUNDED_CURVE ( )  B_SPLINE_CURVE ( 3, ( #4, #288, #596, #1094 ),
 .UNSPECIFIED., .F., .T. ) 
 B_SPLINE_CURVE_WITH_KNOTS ( ( 4, 4 ),
 ( 3.141592653589793116, 3.147055862111326263 ),
 .UNSPECIFIED. ) 
 CURVE ( )  GEOMETRIC_REPRESENTATION_ITEM ( )  RATIONAL_B_SPLINE_CURVE ( ( 1.000000000000000000, 0.9999975127809339615, 0.9999975127809339615, 1.000000000000000000 ) ) 
 REPRESENTATION_ITEM ( '' )  );
#1582 = FACE_OUTER_BOUND ( 'NONE', #1267, .T. ) ;
#1583 = ORIENTED_EDGE ( 'NONE', *, *, #1412, .T. ) ;
#1584 = UNCERTAINTY_MEASURE_WITH_UNIT (LENGTH_MEASURE( 1.000000000000000082E-05 ), #2229, 'distance_accuracy_value', 'NONE');
#1585 = CARTESIAN_POINT ( 'NONE',  ( -2.550000000000000711, 2.750000000000000888, -1.250000000000000000 ) ) ;
#1586 = LINE ( 'NONE', #1354, #348 ) ;
#1587 = PRODUCT_DEFINITION_SHAPE ( 'NONE', 'NONE',  #2788 ) ;
#1588 = SURFACE_STYLE_USAGE ( .BOTH. , #542 ) ;
#1589 = DIRECTION ( 'NONE',  ( -0.000000000000000000, -0.000000000000000000, 1.000000000000000000 ) ) ;
#1590 = SURFACE_STYLE_FILL_AREA ( #799 ) ;
#1591 = LINE ( 'NONE', #2090, #1312 ) ;
#1592 = ORIENTED_EDGE ( 'NONE', *, *, #2752, .F. ) ;
#1593 = VERTEX_POINT ( 'NONE', #953 ) ;
#1594 = LINE ( 'NONE', #2626, #2594 ) ;
#1595 = FACE_OUTER_BOUND ( 'NONE', #176, .T. ) ;
#1596 = FILL_AREA_STYLE ('',( #755 ) ) ;
#1597 = EDGE_CURVE ( 'NONE', #70, #238, #2293, .T. ) ;
#1598 = ORIENTED_EDGE ( 'NONE', *, *, #2818, .T. ) ;
#1599 = SURFACE_SIDE_STYLE ('',( #263 ) ) ;
#1600 =( GEOMETRIC_REPRESENTATION_CONTEXT ( 3 ) GLOBAL_UNCERTAINTY_ASSIGNED_CONTEXT ( ( #207 ) ) GLOBAL_UNIT_ASSIGNED_CONTEXT ( ( #3069, #730, #2057 ) ) REPRESENTATION_CONTEXT ( 'NONE', 'WORKASPACE' ) );
#1601 = ORIENTED_EDGE ( 'NONE', *, *, #582, .F. ) ;
#1602 = CARTESIAN_POINT ( 'NONE',  ( 2.904730922823985040, -2.509835158089653184, 1.100000000000000089 ) ) ;
#1603 = CARTESIAN_POINT ( 'NONE',  ( 0.3750000000000003331, -3.402200851755691424, -0.5000000000000000000 ) ) ;
#1604 = LINE ( 'NONE', #210, #3049 ) ;
#1605 = FACE_OUTER_BOUND ( 'NONE', #1178, .T. ) ;
#1606 = LINE ( 'NONE', #783, #2610 ) ;
#1607 = ORIENTED_EDGE ( 'NONE', *, *, #2275, .F. ) ;
#1608 = VERTEX_POINT ( 'NONE', #2787 ) ;
#1609 = SURFACE_SIDE_STYLE ('',( #3418 ) ) ;
#1610 = LINE ( 'NONE', #1344, #1120 ) ;
#1611 = FACE_OUTER_BOUND ( 'NONE', #794, .T. ) ;
#1612 = EDGE_CURVE ( 'NONE', #3081, #1784, #139, .T. ) ;
#1613 =( GEOMETRIC_REPRESENTATION_CONTEXT ( 3 ) GLOBAL_UNCERTAINTY_ASSIGNED_CONTEXT ( ( #1375 ) ) GLOBAL_UNIT_ASSIGNED_CONTEXT ( ( #1068, #591, #2185 ) ) REPRESENTATION_CONTEXT ( 'NONE', 'WORKASPACE' ) );
#1614 = EDGE_LOOP ( 'NONE', ( #2152, #1195, #1724, #2546 ) ) ;
#1615 = CARTESIAN_POINT ( 'NONE',  ( 3.046612637206903340, -2.749999999999999112, -0.2499143400290881611 ) ) ;
#1616 = FACE_OUTER_BOUND ( 'NONE', #1920, .T. ) ;
#1617 = MECHANICAL_DESIGN_GEOMETRIC_PRESENTATION_REPRESENTATION (  '', ( #748 ), #1333 ) ;
#1618 = SURFACE_STYLE_USAGE ( .BOTH. , #1561 ) ;
#1619 = CARTESIAN_POINT ( 'NONE',  ( -2.250000000000001332, -1.249999999999998668, -0.7500000000000000000 ) ) ;
#1620 = PRESENTATION_LAYER_ASSIGNMENT (  '', '', ( #627 ) ) ;
#1621 = COLOUR_RGB ( '',0.8039215686274510109, 0.8039215686274510109, 0.8039215686274510109 ) ;
#1622 = STYLED_ITEM ( 'NONE', ( #1189 ), #392 ) ;
#1623 = CIRCLE ( 'NONE', #2826, 0.4999999999999993339 ) ;
#1624 = EDGE_LOOP ( 'NONE', ( #188, #1, #36, #776 ) ) ;
#1625 = DIRECTION ( 'NONE',  ( -1.000000000000000000, -0.000000000000000000, -0.000000000000000000 ) ) ;
#1626 = CARTESIAN_POINT ( 'NONE',  ( 3.053909207129226200, 2.404730922823985484, 1.115679269490146952 ) ) ;
#1627 = AXIS2_PLACEMENT_3D ( 'NONE', #1554, #3386, #2875 ) ;
#1628 = DIRECTION ( 'NONE',  ( -1.000000000000000000, 0.000000000000000000, 0.000000000000000000 ) ) ;
#1629 = AXIS2_PLACEMENT_3D ( 'NONE', #2096, #1869, #1088 ) ;
#1630 =( NAMED_UNIT ( * ) SI_UNIT ( $, .STERADIAN. ) SOLID_ANGLE_UNIT ( ) );
#1631 = AXIS2_PLACEMENT_3D ( 'NONE', #3262, #560, #2962 ) ;
#1632 = AXIS2_PLACEMENT_3D ( 'NONE', #2850, #3114, #2566 ) ;
#1633 = COLOUR_RGB ( '',0.8039215686274510109, 0.8039215686274510109, 0.8039215686274510109 ) ;
#1634 = ORIENTED_EDGE ( 'NONE', *, *, #431, .T. ) ;
#1635 = CARTESIAN_POINT ( 'NONE',  ( -1.924999999999999600, -4.383203065557601086, -1.289387653771991937 ) ) ;
#1636 = EDGE_LOOP ( 'NONE', ( #700, #2243, #3178, #2617 ) ) ;
#1637 = CARTESIAN_POINT ( 'NONE',  ( 2.249999999999999556, -1.249999999999999334, -0.7500000000000000000 ) ) ;
#1638 = CARTESIAN_POINT ( 'NONE',  ( 2.904730922823985040, 2.404730922823985040, 1.250000000000000000 ) ) ;
#1639 = VERTEX_POINT ( 'NONE', #2274 ) ;
#1640 = SURFACE_SIDE_STYLE ('',( #3189 ) ) ;
#1641 = CIRCLE ( 'NONE', #116, 0.2750000000000000777 ) ;
#1642 =( NAMED_UNIT ( * ) SI_UNIT ( $, .STERADIAN. ) SOLID_ANGLE_UNIT ( ) );
#1643 = SURFACE_SIDE_STYLE ('',( #317 ) ) ;
#1644 = EDGE_CURVE ( 'NONE', #2974, #1112, #746, .T. ) ;
#1645 = SURFACE_STYLE_USAGE ( .BOTH. , #2490 ) ;
#1646 = FILL_AREA_STYLE_COLOUR ( '', #1946 ) ;
#1647 = CARTESIAN_POINT ( 'NONE',  ( -2.079730922823984862, -1.959835158089652474, 1.239999999999999991 ) ) ;
#1648 = ORIENTED_EDGE ( 'NONE', *, *, #1440, .T. ) ;
#1649 = ORIENTED_EDGE ( 'NONE', *, *, #3278, .F. ) ;
#1650 = FACE_OUTER_BOUND ( 'NONE', #145, .T. ) ;
#1651 = DIRECTION ( 'NONE',  ( 0.000000000000000000, 1.000000000000000000, 0.000000000000000000 ) ) ;
#1652 = DIRECTION ( 'NONE',  ( 1.000000000000000000, 0.000000000000000000, 0.000000000000000000 ) ) ;
#1653 = DIRECTION ( 'NONE',  ( 0.000000000000000000, 0.000000000000000000, 1.000000000000000000 ) ) ;
#1654 = ORIENTED_EDGE ( 'NONE', *, *, #2291, .F. ) ;
#1655 = EDGE_CURVE ( 'NONE', #1685, #433, #1328, .T. ) ;
#1656 = SURFACE_STYLE_USAGE ( .BOTH. , #1643 ) ;
#1657 = ORIENTED_EDGE ( 'NONE', *, *, #2302, .T. ) ;
#1658 = FILL_AREA_STYLE ('',( #2967 ) ) ;
#1659 = CARTESIAN_POINT ( 'NONE',  ( -2.674999999999999822, -3.402200851755691424, -0.2500000000000005551 ) ) ;
#1660 = CARTESIAN_POINT ( 'NONE',  ( 0.3750000000000003331, -3.402200851755691424, -0.2500000000000005551 ) ) ;
#1661 = EDGE_CURVE ( 'NONE', #486, #247, #1251, .T. ) ;
#1662 = UNCERTAINTY_MEASURE_WITH_UNIT (LENGTH_MEASURE( 1.000000000000000082E-05 ), #501, 'distance_accuracy_value', 'NONE');
#1663 = SURFACE_STYLE_USAGE ( .BOTH. , #75 ) ;
#1664 = ORIENTED_EDGE ( 'NONE', *, *, #540, .T. ) ;
#1665 = ORIENTED_EDGE ( 'NONE', *, *, #1412, .F. ) ;
#1666 = SURFACE_SIDE_STYLE ('',( #3204 ) ) ;
#1667 = FILL_AREA_STYLE_COLOUR ( '', #711 ) ;
#1668 = CARTESIAN_POINT ( 'NONE',  ( -1.924999999999999600, -5.249999999999999112, -0.8487790509594148602 ) ) ;
#1669 =( NAMED_UNIT ( * ) SI_UNIT ( $, .STERADIAN. ) SOLID_ANGLE_UNIT ( ) );
#1670 = CARTESIAN_POINT ( 'NONE',  ( 2.249999999999999556, 2.750000000000000888, -1.250000000000000000 ) ) ;
#1671 = ORIENTED_EDGE ( 'NONE', *, *, #3382, .T. ) ;
#1672 = VECTOR ( 'NONE', #1373, 1000.000000000000000 ) ;
#1673 = ORIENTED_EDGE ( 'NONE', *, *, #1482, .T. ) ;
#1674 = DIRECTION ( 'NONE',  ( -1.000000000000000000, 0.000000000000000000, -0.000000000000000000 ) ) ;
#1675 = CARTESIAN_POINT ( 'NONE',  ( -2.904730922823985040, -2.509835158089652740, 1.100000000000000311 ) ) ;
#1676 = DIRECTION ( 'NONE',  ( -0.000000000000000000, -0.000000000000000000, 1.000000000000000000 ) ) ;
#1677 = VECTOR ( 'NONE', #1701, 1000.000000000000000 ) ;
#1678 = VECTOR ( 'NONE', #2109, 1000.000000000000000 ) ;
#1679 = VECTOR ( 'NONE', #2261, 1000.000000000000000 ) ;
#1680 = VECTOR ( 'NONE', #2286, 1000.000000000000000 ) ;
#1681 = STYLED_ITEM ( 'NONE', ( #2770 ), #903 ) ;
#1682 = LINE ( 'NONE', #2688, #271 ) ;
#1683 = EDGE_CURVE ( 'NONE', #2918, #285, #1043, .T. ) ;
#1684 = VERTEX_POINT ( 'NONE', #1059 ) ;
#1685 = VERTEX_POINT ( 'NONE', #2121 ) ;
#1686 = PRESENTATION_LAYER_ASSIGNMENT (  '', '', ( #2547 ) ) ;
#1687 = SURFACE_STYLE_FILL_AREA ( #3187 ) ;
#1688 =( LENGTH_UNIT ( ) NAMED_UNIT ( * ) SI_UNIT ( .MILLI., .METRE. ) );
#1689 = ORIENTED_EDGE ( 'NONE', *, *, #2275, .T. ) ;
#1690 = CARTESIAN_POINT ( 'NONE',  ( -3.046612637206903340, -2.749999999999999112, -0.2499143400290862183 ) ) ;
#1691 = ORIENTED_EDGE ( 'NONE', *, *, #279, .F. ) ;
#1692 =( NAMED_UNIT ( * ) SI_UNIT ( $, .STERADIAN. ) SOLID_ANGLE_UNIT ( ) );
#1693 = ORIENTED_EDGE ( 'NONE', *, *, #1475, .F. ) ;
#1694 = CARTESIAN_POINT ( 'NONE',  ( -3.249999999999999556, 2.600000000000000533, -1.250000000000000000 ) ) ;
#1695 = DIRECTION ( 'NONE',  ( -0.000000000000000000, 1.000000000000000000, -0.000000000000000000 ) ) ;
#1696 = DIRECTION ( 'NONE',  ( 0.000000000000000000, -0.000000000000000000, 1.000000000000000000 ) ) ;
#1697 = PRESENTATION_STYLE_ASSIGNMENT (( #1136 ) ) ;
#1698 = STYLED_ITEM ( 'NONE', ( #2865 ), #2050 ) ;
#1699 = UNCERTAINTY_MEASURE_WITH_UNIT (LENGTH_MEASURE( 1.000000000000000082E-05 ), #1364, 'distance_accuracy_value', 'NONE');
#1700 = VERTEX_POINT ( 'NONE', #1828 ) ;
#1701 = DIRECTION ( 'NONE',  ( 1.000000000000000000, -0.000000000000000000, -0.000000000000000000 ) ) ;
#1702 = ORIENTED_EDGE ( 'NONE', *, *, #2831, .T. ) ;
#1703 = FILL_AREA_STYLE ('',( #3039 ) ) ;
#1704 = FACE_OUTER_BOUND ( 'NONE', #16, .T. ) ;
#1705 = EDGE_CURVE ( 'NONE', #3036, #1865, #2024, .T. ) ;
#1706 = FILL_AREA_STYLE_COLOUR ( '', #219 ) ;
#1707 = FILL_AREA_STYLE_COLOUR ( '', #2948 ) ;
#1708 = CARTESIAN_POINT ( 'NONE',  ( 2.675000000000000266, -4.554005336206950361, -0.8001103629906346493 ) ) ;
#1709 = ORIENTED_EDGE ( 'NONE', *, *, #164, .T. ) ;
#1710 = PRESENTATION_LAYER_ASSIGNMENT (  '', '', ( #3127 ) ) ;
#1711 = EDGE_CURVE ( 'NONE', #3143, #2136, #1606, .T. ) ;
#1712 = ORIENTED_EDGE ( 'NONE', *, *, #988, .F. ) ;
#1713 = FACE_OUTER_BOUND ( 'NONE', #2993, .T. ) ;
#1714 = FACE_OUTER_BOUND ( 'NONE', #2198, .T. ) ;
#1715 = SURFACE_SIDE_STYLE ('',( #3020 ) ) ;
#1716 = SURFACE_SIDE_STYLE ('',( #53 ) ) ;
#1717 = ORIENTED_EDGE ( 'NONE', *, *, #3305, .T. ) ;
#1718 = CARTESIAN_POINT ( 'NONE',  ( -0.3749999999999998890, -3.402200851755691424, -0.5000000000000000000 ) ) ;
#1719 = ORIENTED_EDGE ( 'NONE', *, *, #717, .F. ) ;
#1720 =( LENGTH_UNIT ( ) NAMED_UNIT ( * ) SI_UNIT ( .MILLI., .METRE. ) );
#1721 = DIRECTION ( 'NONE',  ( 0.000000000000000000, 0.000000000000000000, 1.000000000000000000 ) ) ;
#1722 = SURFACE_STYLE_USAGE ( .BOTH. , #149 ) ;
#1723 = PRESENTATION_STYLE_ASSIGNMENT (( #984 ) ) ;
#1724 = ORIENTED_EDGE ( 'NONE', *, *, #2505, .F. ) ;
#1725 = SURFACE_STYLE_FILL_AREA ( #1658 ) ;
#1726 = CARTESIAN_POINT ( 'NONE',  ( -1.924999999999999600, -4.571444454642993982, -0.5507193504256789884 ) ) ;
#1727 = EDGE_CURVE ( 'NONE', #2441, #1500, #2890, .T. ) ;
#1728 = CARTESIAN_POINT ( 'NONE',  ( 2.995708526523970683, -2.749991046094875990, 0.2500851907166288246 ) ) ;
#1729 = PRESENTATION_LAYER_ASSIGNMENT (  '', '', ( #1998 ) ) ;
#1730 = SURFACE_SIDE_STYLE ('',( #2020 ) ) ;
#1731 = LINE ( 'NONE', #165, #405 ) ;
#1732 = CLOSED_SHELL ( 'NONE', ( #546, #2103, #1310, #1397, #1429, #3194, #392, #1808, #3251, #2195, #2756, #2355 ) ) ;
#1733 = COLOUR_RGB ( '',0.8039215686274510109, 0.8039215686274510109, 0.8039215686274510109 ) ;
#1734 = DIRECTION ( 'NONE',  ( -0.000000000000000000, -0.000000000000000000, 1.000000000000000000 ) ) ;
#1735 = AXIS2_PLACEMENT_3D ( 'NONE', #1078, #77, #315 ) ;
#1736 = PRESENTATION_LAYER_ASSIGNMENT (  '', '', ( #3207 ) ) ;
#1737 = ORIENTED_EDGE ( 'NONE', *, *, #653, .F. ) ;
#1738 = FACE_OUTER_BOUND ( 'NONE', #1149, .T. ) ;
#1739 = ORIENTED_EDGE ( 'NONE', *, *, #1475, .T. ) ;
#1740 = LINE ( 'NONE', #659, #1579 ) ;
#1741 = AXIS2_PLACEMENT_3D ( 'NONE', #1338, #1564, #507 ) ;
#1742 = DIRECTION ( 'NONE',  ( 1.000000000000000000, 6.077559477998213575E-16, -5.782411586589358822E-15 ) ) ;
#1743 = AXIS2_PLACEMENT_3D ( 'NONE', #3281, #3060, #2796 ) ;
#1744 = CARTESIAN_POINT ( 'NONE',  ( 2.675000000000000266, -3.988081302429688169, -0.008992173443461076027 ) ) ;
#1745 = DIRECTION ( 'NONE',  ( -0.1039620511844907558, -0.1039620511844911999, 0.9891328443778553137 ) ) ;
#1746 = APPLICATION_CONTEXT ( 'automotive_design' ) ;
#1747 = DIRECTION ( 'NONE',  ( 0.000000000000000000, 0.000000000000000000, -1.000000000000000000 ) ) ;
#1748 = EDGE_CURVE ( 'NONE', #2573, #1960, #1080, .T. ) ;
#1749 = STYLED_ITEM ( 'NONE', ( #1762 ), #1522 ) ;
#1750 = CARTESIAN_POINT ( 'NONE',  ( -3.250000000000000888, 2.600000000000000533, -0.7499999999999998890 ) ) ;
#1751 = VECTOR ( 'NONE', #2871, 1000.000000000000000 ) ;
#1752 = ORIENTED_EDGE ( 'NONE', *, *, #693, .T. ) ;
#1753 = SURFACE_STYLE_USAGE ( .BOTH. , #701 ) ;
#1754 = ORIENTED_EDGE ( 'NONE', *, *, #2703, .T. ) ;
#1755 = STYLED_ITEM ( 'NONE', ( #366 ), #2147 ) ;
#1756 = EDGE_CURVE ( 'NONE', #1151, #1866, #1185, .T. ) ;
#1757 = DIRECTION ( 'NONE',  ( -0.1045284632676464209, -0.000000000000000000, 0.9945218953682740670 ) ) ;
#1758 = LINE ( 'NONE', #3355, #457 ) ;
#1759 = EDGE_LOOP ( 'NONE', ( #259, #1813, #2462, #2392 ) ) ;
#1760 = CARTESIAN_POINT ( 'NONE',  ( -2.250000000000001332, -1.249999999999998668, -0.7500000000000000000 ) ) ;
#1761 =( NAMED_UNIT ( * ) SI_UNIT ( $, .STERADIAN. ) SOLID_ANGLE_UNIT ( ) );
#1762 = PRESENTATION_STYLE_ASSIGNMENT (( #2802 ) ) ;
#1763 = PRESENTATION_LAYER_ASSIGNMENT (  '', '', ( #435 ) ) ;
#1764 = DIRECTION ( 'NONE',  ( 0.000000000000000000, -0.4820156531130795341, -0.8761626048593784688 ) ) ;
#1765 = CARTESIAN_POINT ( 'NONE',  ( 3.044973682803350457, -2.749999999999999112, -0.2500000000000000000 ) ) ;
#1766 = EDGE_LOOP ( 'NONE', ( #60, #1555, #1425, #2807, #1131, #2391 ) ) ;
#1767 = ORIENTED_EDGE ( 'NONE', *, *, #1683, .T. ) ;
#1768 = EDGE_CURVE ( 'NONE', #70, #3074, #3120, .T. ) ;
#1769 = CARTESIAN_POINT ( 'NONE',  ( -3.249999999999999556, -2.548269598061922547, -0.7343207305098528037 ) ) ;
#1770 = VERTEX_POINT ( 'NONE', #2348 ) ;
#1771 =( NAMED_UNIT ( * ) PLANE_ANGLE_UNIT ( ) SI_UNIT ( $, .RADIAN. ) );
#1772 = DIRECTION ( 'NONE',  ( -1.000000000000000000, -0.000000000000000000, -0.000000000000000000 ) ) ;
#1773 = DIRECTION ( 'NONE',  ( 0.000000000000000000, -0.9945218953682740670, -0.1045284632676466569 ) ) ;
#1774 = SURFACE_SIDE_STYLE ('',( #1725 ) ) ;
#1775 = CARTESIAN_POINT ( 'NONE',  ( 2.955201642503264114, -2.690593755994845626, 0.6198031787043920549 ) ) ;
#1776 = DIRECTION ( 'NONE',  ( 1.000000000000000000, -0.000000000000000000, -0.000000000000000000 ) ) ;
#1777 = EDGE_CURVE ( 'NONE', #2136, #58, #1641, .T. ) ;
#1778 = FACE_OUTER_BOUND ( 'NONE', #1122, .T. ) ;
#1779 = DIRECTION ( 'NONE',  ( -2.891205793294679017E-15, 1.000000000000000000, -1.445602896647339508E-15 ) ) ;
#1780 = VECTOR ( 'NONE', #2327, 1000.000000000000000 ) ;
#1781 = COLOUR_RGB ( '',0.8039215686274510109, 0.8039215686274510109, 0.8039215686274510109 ) ;
#1782 = VECTOR ( 'NONE', #2321, 1000.000000000000227 ) ;
#1783 = DIRECTION ( 'NONE',  ( 0.000000000000000000, 0.000000000000000000, -1.000000000000000000 ) ) ;
#1784 = VERTEX_POINT ( 'NONE', #3161 ) ;
#1785 =( NAMED_UNIT ( * ) SI_UNIT ( $, .STERADIAN. ) SOLID_ANGLE_UNIT ( ) );
#1786 = AXIS2_PLACEMENT_3D ( 'NONE', #790, #2645, #1834 ) ;
#1787 = DIRECTION ( 'NONE',  ( -0.000000000000000000, -0.000000000000000000, -1.000000000000000000 ) ) ;
#1788 = ADVANCED_FACE ( 'NONE', ( #3414 ), #2366, .F. ) ;
#1789 = PLANE ( 'NONE',  #1055 ) ;
#1790 = ORIENTED_EDGE ( 'NONE', *, *, #544, .T. ) ;
#1791 = VECTOR ( 'NONE', #3035, 1000.000000000000000 ) ;
#1792 = MECHANICAL_DESIGN_GEOMETRIC_PRESENTATION_REPRESENTATION (  '', ( #969 ), #2720 ) ;
#1793 =( LENGTH_UNIT ( ) NAMED_UNIT ( * ) SI_UNIT ( .MILLI., .METRE. ) );
#1794 = STYLED_ITEM ( 'NONE', ( #1944 ), #1223 ) ;
#1795 = CARTESIAN_POINT ( 'NONE',  ( -5.261016559127030590, -2.644895764734329191, -1.250000000000000000 ) ) ;
#1796 =( BOUNDED_CURVE ( )  B_SPLINE_CURVE ( 3, ( #900, #640, #316, #2733 ),
 .UNSPECIFIED., .F., .F. ) 
 B_SPLINE_CURVE_WITH_KNOTS ( ( 4, 4 ),
 ( -8.881784197001252323E-16, 1.570796326794896558 ),
 .UNSPECIFIED. ) 
 CURVE ( )  GEOMETRIC_REPRESENTATION_ITEM ( )  RATIONAL_B_SPLINE_CURVE ( ( 1.000000000000000000, 0.8047378541243648264, 0.8047378541243648264, 1.000000000000000000 ) ) 
 REPRESENTATION_ITEM ( '' )  );
#1797 = DIRECTION ( 'NONE',  ( -1.000000000000000000, -0.000000000000000000, -0.000000000000000000 ) ) ;
#1798 = AXIS2_PLACEMENT_3D ( 'NONE', #1346, #829, #11 ) ;
#1799 = ORIENTED_EDGE ( 'NONE', *, *, #1888, .F. ) ;
#1800 = DIRECTION ( 'NONE',  ( 1.000000000000000000, 0.000000000000000000, 0.000000000000000000 ) ) ;
#1801 =( LENGTH_UNIT ( ) NAMED_UNIT ( * ) SI_UNIT ( .MILLI., .METRE. ) );
#1802 = CARTESIAN_POINT ( 'NONE',  ( 1.925000000000000044, -2.749999999999999112, 0.2499999999999999445 ) ) ;
#1803 = LINE ( 'NONE', #1237, #154 ) ;
#1804 = EDGE_LOOP ( 'NONE', ( #2305, #677, #2264, #1388, #2442, #961 ) ) ;
#1805 = DIRECTION ( 'NONE',  ( 1.000000000000000000, 0.000000000000000000, 0.000000000000000000 ) ) ;
#1806 = CARTESIAN_POINT ( 'NONE',  ( 2.675000000000000266, -5.249999999999999112, -0.8487790509594148602 ) ) ;
#1807 = DIRECTION ( 'NONE',  ( -0.000000000000000000, 1.000000000000000000, 0.000000000000000000 ) ) ;
#1808 = ADVANCED_FACE ( 'NONE', ( #3130 ), #2106, .T. ) ;
#1809 = CARTESIAN_POINT ( 'NONE',  ( 2.550000000000000711, 2.750000000000000888, -1.250000000000000000 ) ) ;
#1810 = FACE_OUTER_BOUND ( 'NONE', #1831, .T. ) ;
#1811 = PLANE ( 'NONE',  #2776 ) ;
#1812 = CARTESIAN_POINT ( 'NONE',  ( -2.995708526523967574, -2.749991046094875990, 0.2500851907166289356 ) ) ;
#1813 = ORIENTED_EDGE ( 'NONE', *, *, #1888, .T. ) ;
#1814 = CARTESIAN_POINT ( 'NONE',  ( 2.675000000000000266, -3.988081302429688169, -0.008992173443461076027 ) ) ;
#1815 = FACE_OUTER_BOUND ( 'NONE', #449, .T. ) ;
#1816 = CIRCLE ( 'NONE', #12, 0.2499999999999994726 ) ;
#1817 = CARTESIAN_POINT ( 'NONE',  ( -2.994618855672571467, -2.749999999999999112, 0.2499999999999998335 ) ) ;
#1818 = CARTESIAN_POINT ( 'NONE',  ( -2.250000000000001332, -1.249999999999998668, -0.7500000000000000000 ) ) ;
#1819 = ORIENTED_EDGE ( 'NONE', *, *, #672, .T. ) ;
#1820 = ADVANCED_FACE ( 'NONE', ( #1950 ), #69, .T. ) ;
#1821 =( BOUNDED_CURVE ( )  B_SPLINE_CURVE ( 3, ( #200, #1886, #1817, #1325 ),
 .UNSPECIFIED., .F., .F. ) 
 B_SPLINE_CURVE_WITH_KNOTS ( ( 4, 4 ),
 ( 3.141652178752771807, 3.152578595795850536 ),
 .UNSPECIFIED. ) 
 CURVE ( )  GEOMETRIC_REPRESENTATION_ITEM ( )  RATIONAL_B_SPLINE_CURVE ( ( 1.000000000000000000, 0.9999900511422950000, 0.9999900511422950000, 1.000000000000000000 ) ) 
 REPRESENTATION_ITEM ( '' )  );
#1822 = ORIENTED_EDGE ( 'NONE', *, *, #2254, .T. ) ;
#1823 = SURFACE_STYLE_USAGE ( .BOTH. , #777 ) ;
#1824 = UNCERTAINTY_MEASURE_WITH_UNIT (LENGTH_MEASURE( 1.000000000000000082E-05 ), #1688, 'distance_accuracy_value', 'NONE');
#1825 = SURFACE_STYLE_USAGE ( .BOTH. , #3428 ) ;
#1826 = SURFACE_STYLE_FILL_AREA ( #152 ) ;
#1827 = DIRECTION ( 'NONE',  ( 0.000000000000000000, 0.000000000000000000, 1.000000000000000000 ) ) ;
#1828 = CARTESIAN_POINT ( 'NONE',  ( -3.099999999999999645, 2.750000000000000888, -1.250000000000000000 ) ) ;
#1829 = EDGE_CURVE ( 'NONE', #1214, #968, #2679, .T. ) ;
#1830 = VERTEX_POINT ( 'NONE', #1670 ) ;
#1831 = EDGE_LOOP ( 'NONE', ( #610, #2036, #1712, #1157 ) ) ;
#1832 = MECHANICAL_DESIGN_GEOMETRIC_PRESENTATION_REPRESENTATION (  '', ( #3096 ), #1613 ) ;
#1833 = FILL_AREA_STYLE_COLOUR ( '', #2230 ) ;
#1834 = DIRECTION ( 'NONE',  ( 0.000000000000000000, 0.000000000000000000, 1.000000000000000000 ) ) ;
#1835 = VERTEX_POINT ( 'NONE', #354 ) ;
#1836 =( GEOMETRIC_REPRESENTATION_CONTEXT ( 3 ) GLOBAL_UNCERTAINTY_ASSIGNED_CONTEXT ( ( #1509 ) ) GLOBAL_UNIT_ASSIGNED_CONTEXT ( ( #1527, #2113, #2360 ) ) REPRESENTATION_CONTEXT ( 'NONE', 'WORKASPACE' ) );
#1837 = CARTESIAN_POINT ( 'NONE',  ( 2.904730922823985040, 2.539791529468662379, 1.250000000000000000 ) ) ;
#1838 = LINE ( 'NONE', #523, #2233 ) ;
#1839 = EDGE_LOOP ( 'NONE', ( #2745, #325, #2079, #344, #990, #1916 ) ) ;
#1840 = CARTESIAN_POINT ( 'NONE',  ( 2.955201642503264114, -2.839772040300086786, 0.6041239092142451916 ) ) ;
#1841 = COLOUR_RGB ( '',0.8039215686274510109, 0.8039215686274510109, 0.8039215686274510109 ) ;
#1842 = LINE ( 'NONE', #1809, #2251 ) ;
#1843 = MECHANICAL_DESIGN_GEOMETRIC_PRESENTATION_REPRESENTATION (  '', ( #911 ), #1503 ) ;
#1844 = CARTESIAN_POINT ( 'NONE',  ( -2.079730922823984862, -1.959835158089652474, 1.239999999999999991 ) ) ;
#1845 = DIRECTION ( 'NONE',  ( 0.000000000000000000, 0.000000000000000000, -1.000000000000000000 ) ) ;
#1846 = CARTESIAN_POINT ( 'NONE',  ( 2.249999999999999556, -1.249999999999999334, -1.250000000000000000 ) ) ;
#1847 = CIRCLE ( 'NONE', #2284, 0.1499999999999999389 ) ;
#1848 = EDGE_CURVE ( 'NONE', #1639, #661, #1796, .T. ) ;
#1849 = DIRECTION ( 'NONE',  ( 1.000000000000000000, 0.000000000000000000, 0.000000000000000000 ) ) ;
#1850 = VERTEX_POINT ( 'NONE', #82 ) ;
#1851 = VERTEX_POINT ( 'NONE', #1160 ) ;
#1852 = DIRECTION ( 'NONE',  ( 0.000000000000000000, -0.4820156531130795341, -0.8761626048593784688 ) ) ;
#1853 =( LENGTH_UNIT ( ) NAMED_UNIT ( * ) SI_UNIT ( .MILLI., .METRE. ) );
#1854 = EDGE_CURVE ( 'NONE', #3214, #417, #2231, .T. ) ;
#1855 = FACE_OUTER_BOUND ( 'NONE', #662, .T. ) ;
#1856 = COLOUR_RGB ( '',0.8039215686274510109, 0.8039215686274510109, 0.8039215686274510109 ) ;
#1857 = AXIS2_PLACEMENT_3D ( 'NONE', #3299, #714, #1747 ) ;
#1858 = ORIENTED_EDGE ( 'NONE', *, *, #2961, .T. ) ;
#1859 = DIRECTION ( 'NONE',  ( -0.000000000000000000, -1.000000000000000000, -0.000000000000000000 ) ) ;
#1860 =( NAMED_UNIT ( * ) PLANE_ANGLE_UNIT ( ) SI_UNIT ( $, .RADIAN. ) );
#1861 = DIRECTION ( 'NONE',  ( 1.000000000000000000, 0.000000000000000000, 0.000000000000000000 ) ) ;
#1862 = SURFACE_SIDE_STYLE ('',( #1590 ) ) ;
#1863 = AXIS2_PLACEMENT_3D ( 'NONE', #1637, #3243, #897 ) ;
#1864 = SURFACE_STYLE_USAGE ( .BOTH. , #3162 ) ;
#1865 = VERTEX_POINT ( 'NONE', #1708 ) ;
#1866 = VERTEX_POINT ( 'NONE', #2751 ) ;
#1867 = CARTESIAN_POINT ( 'NONE',  ( 3.100273160765783853, 2.750000000000001332, -0.7500000000000002220 ) ) ;
#1868 = CARTESIAN_POINT ( 'NONE',  ( 3.100000000000000977, -2.694973682803349035, -0.7735404363826170471 ) ) ;
#1869 = DIRECTION ( 'NONE',  ( -0.000000000000000000, 0.000000000000000000, 1.000000000000000000 ) ) ;
#1870 = EDGE_CURVE ( 'NONE', #2457, #1851, #2435, .T. ) ;
#1871 = SURFACE_STYLE_USAGE ( .BOTH. , #2686 ) ;
#1872 = EDGE_LOOP ( 'NONE', ( #2528, #1739 ) ) ;
#1873 = AXIS2_PLACEMENT_3D ( 'NONE', #1537, #2350, #2072 ) ;
#1874 = ORIENTED_EDGE ( 'NONE', *, *, #2703, .F. ) ;
#1875 = CARTESIAN_POINT ( 'NONE',  ( 2.249999999999999556, -1.249999999999999334, -0.7500000000000000000 ) ) ;
#1876 = DIRECTION ( 'NONE',  ( -0.000000000000000000, -1.000000000000000000, -0.000000000000000000 ) ) ;
#1877 = SURFACE_STYLE_USAGE ( .BOTH. , #1640 ) ;
#1878 = CARTESIAN_POINT ( 'NONE',  ( -3.250000000000000000, 2.600273160765783853, -0.7499999999999881206 ) ) ;
#1879 = DIRECTION ( 'NONE',  ( 1.000000000000000000, 0.000000000000000000, 0.000000000000000000 ) ) ;
#1880 = DIRECTION ( 'NONE',  ( 0.000000000000000000, 0.000000000000000000, -1.000000000000000000 ) ) ;
#1881 = ORIENTED_EDGE ( 'NONE', *, *, #1727, .T. ) ;
#1882 = DIRECTION ( 'NONE',  ( 0.000000000000000000, -0.9945218953682740670, 0.1045284632676466569 ) ) ;
#1883 = CARTESIAN_POINT ( 'NONE',  ( 3.100819477201775420, 2.749997761507017469, -0.7499787021619264138 ) ) ;
#1884 = CARTESIAN_POINT ( 'NONE',  ( -1.924999999999999600, -2.749999999999999112, 0.2499999999999999445 ) ) ;
#1885 = EDGE_CURVE ( 'NONE', #827, #467, #2174, .T. ) ;
#1886 = CARTESIAN_POINT ( 'NONE',  ( -2.995165195682751857, -2.749997015335264638, 0.2500283971880626344 ) ) ;
#1887 = CARTESIAN_POINT ( 'NONE',  ( -1.924999999999999600, -4.554005336206950361, -1.301331312031222653 ) ) ;
#1888 = EDGE_CURVE ( 'NONE', #2279, #318, #2258, .T. ) ;
#1889 = ORIENTED_EDGE ( 'NONE', *, *, #954, .F. ) ;
#1890 = VERTEX_POINT ( 'NONE', #3306 ) ;
#1891 = DIRECTION ( 'NONE',  ( 0.000000000000000000, -1.000000000000000000, 0.000000000000000000 ) ) ;
#1892 =( LENGTH_UNIT ( ) NAMED_UNIT ( * ) SI_UNIT ( .MILLI., .METRE. ) );
#1893 = ADVANCED_FACE ( 'NONE', ( #1994 ), #995, .T. ) ;
#1894 = STYLED_ITEM ( 'NONE', ( #322 ), #3194 ) ;
#1895 = EDGE_CURVE ( 'NONE', #323, #583, #2053, .T. ) ;
#1896 = VERTEX_POINT ( 'NONE', #1204 ) ;
#1897 = AXIS2_PLACEMENT_3D ( 'NONE', #1744, #1491, #2816 ) ;
#1898 = AXIS2_PLACEMENT_3D ( 'NONE', #2803, #1268, #198 ) ;
#1899 = CARTESIAN_POINT ( 'NONE',  ( -3.249997761507015692, 2.600819477201775420, -0.7499787021619137573 ) ) ;
#1900 = DIRECTION ( 'NONE',  ( -1.000000000000000000, -0.000000000000000000, -0.000000000000000000 ) ) ;
#1901 = VECTOR ( 'NONE', #2659, 1000.000000000000000 ) ;
#1902 = CIRCLE ( 'NONE', #98, 0.4999999999999997780 ) ;
#1903 = FILL_AREA_STYLE_COLOUR ( '', #320 ) ;
#1904 = ORIENTED_EDGE ( 'NONE', *, *, #2505, .T. ) ;
#1905 = LINE ( 'NONE', #871, #277 ) ;
#1906 = CIRCLE ( 'NONE', #1065, 0.1499999999999999667 ) ;
#1907 = EDGE_CURVE ( 'NONE', #2112, #2978, #151, .T. ) ;
#1908 = EDGE_CURVE ( 'NONE', #2778, #1007, #1462, .T. ) ;
#1909 = UNCERTAINTY_MEASURE_WITH_UNIT (LENGTH_MEASURE( 1.000000000000000082E-05 ), #1314, 'distance_accuracy_value', 'NONE');
#1910 = COLOUR_RGB ( '',0.9607843137254902244, 0.9607843137254902244, 0.9607843137254902244 ) ;
#1911 = FILL_AREA_STYLE ('',( #1646 ) ) ;
#1912 =( NAMED_UNIT ( * ) SI_UNIT ( $, .STERADIAN. ) SOLID_ANGLE_UNIT ( ) );
#1913 = VECTOR ( 'NONE', #1444, 1000.000000000000000 ) ;
#1914 = EDGE_LOOP ( 'NONE', ( #2917, #3233, #1296, #947 ) ) ;
#1915 = CARTESIAN_POINT ( 'NONE',  ( 3.187867965644036961, -2.644895764734328747, -1.250000000000000000 ) ) ;
#1916 = ORIENTED_EDGE ( 'NONE', *, *, #788, .F. ) ;
#1917 = CYLINDRICAL_SURFACE ( 'NONE', #2606, 0.1499999999999999389 ) ;
#1918 = CARTESIAN_POINT ( 'NONE',  ( 1.799999999999997380, 4.250000000000000000, -0.7500000000000000000 ) ) ;
#1919 = EDGE_CURVE ( 'NONE', #3121, #2500, #1245, .T. ) ;
#1920 = EDGE_LOOP ( 'NONE', ( #1306, #2669, #1460, #2560 ) ) ;
#1921 = CARTESIAN_POINT ( 'NONE',  ( -2.674999999999999822, -3.979999999999999094, -1.031613455198621132 ) ) ;
#1922 = DIRECTION ( 'NONE',  ( 0.1039620511844910056, 0.1039620511844892847, 0.9891328443778556467 ) ) ;
#1923 = VECTOR ( 'NONE', #2991, 1000.000000000000000 ) ;
#1924 = ADVANCED_FACE ( 'NONE', ( #1510 ), #691, .F. ) ;
#1925 = APPLICATION_CONTEXT ( 'automotive_design' ) ;
#1926 = DIRECTION ( 'NONE',  ( -1.000000000000000000, -0.000000000000000000, -0.000000000000000000 ) ) ;
#1927 = CARTESIAN_POINT ( 'NONE',  ( 3.100000000000000977, -2.600821715694757952, -0.2343207305098529980 ) ) ;
#1928 = VERTEX_POINT ( 'NONE', #2596 ) ;
#1929 = CARTESIAN_POINT ( 'NONE',  ( 2.675000000000000266, -3.402200851755691424, -0.2500000000000005551 ) ) ;
#1930 = SURFACE_STYLE_USAGE ( .BOTH. , #2473 ) ;
#1931 = DIRECTION ( 'NONE',  ( -1.445602896647339163E-16, -1.000000000000000000, 0.000000000000000000 ) ) ;
#1932 = SURFACE_STYLE_USAGE ( .BOTH. , #2924 ) ;
#1933 = ORIENTED_EDGE ( 'NONE', *, *, #1270, .T. ) ;
#1934 =( BOUNDED_CURVE ( )  B_SPLINE_CURVE ( 3, ( #2580, #3380, #3129, #529 ),
 .UNSPECIFIED., .F., .F. ) 
 B_SPLINE_CURVE_WITH_KNOTS ( ( 4, 4 ),
 ( 2.361657698713888642, 3.921527608465705139 ),
 .UNSPECIFIED. ) 
 CURVE ( )  GEOMETRIC_REPRESENTATION_ITEM ( )  RATIONAL_B_SPLINE_CURVE ( ( 1.000000000000000000, 0.8073061876036314866, 0.8073061876036314866, 1.000000000000000000 ) ) 
 REPRESENTATION_ITEM ( '' )  );
#1935 = ORIENTED_EDGE ( 'NONE', *, *, #582, .T. ) ;
#1936 = CARTESIAN_POINT ( 'NONE',  ( 1.925000000000000044, -4.554005336206950361, -1.301331312031222653 ) ) ;
#1937 = DIRECTION ( 'NONE',  ( 0.000000000000000000, 0.000000000000000000, -1.000000000000000000 ) ) ;
#1938 = DIRECTION ( 'NONE',  ( 1.000000000000000000, -0.000000000000000000, 0.000000000000000000 ) ) ;
#1939 = EDGE_CURVE ( 'NONE', #297, #976, #983, .T. ) ;
#1940 = DIRECTION ( 'NONE',  ( 0.000000000000000000, -0.9945218953682740670, -0.1045284632676468373 ) ) ;
#1941 = UNCERTAINTY_MEASURE_WITH_UNIT (LENGTH_MEASURE( 1.000000000000000082E-05 ), #100, 'distance_accuracy_value', 'NONE');
#1942 = DIRECTION ( 'NONE',  ( -1.000000000000000000, -0.000000000000000000, -0.000000000000000000 ) ) ;
#1943 = ORIENTED_EDGE ( 'NONE', *, *, #475, .F. ) ;
#1944 = PRESENTATION_STYLE_ASSIGNMENT (( #2207 ) ) ;
#1945 = CARTESIAN_POINT ( 'NONE',  ( 2.675000000000000266, -3.621241502970535375, -0.3794960867217309075 ) ) ;
#1946 = COLOUR_RGB ( '',0.8039215686274510109, 0.8039215686274510109, 0.8039215686274510109 ) ;
#1947 = ORIENTED_EDGE ( 'NONE', *, *, #1459, .F. ) ;
#1948 = LINE ( 'NONE', #1488, #48 ) ;
#1949 = PRESENTATION_LAYER_ASSIGNMENT (  '', '', ( #748 ) ) ;
#1950 = FACE_OUTER_BOUND ( 'NONE', #168, .T. ) ;
#1951 = CIRCLE ( 'NONE', #3100, 0.4999999999999997780 ) ;
#1952 = EDGE_LOOP ( 'NONE', ( #126, #2955, #205, #113 ) ) ;
#1953 = CARTESIAN_POINT ( 'NONE',  ( -3.100546320512449938, 2.749999253833817825, -0.7499929007029845218 ) ) ;
#1954 = CARTESIAN_POINT ( 'NONE',  ( 2.550000000000000711, 4.250000000000000000, -0.7500000000000000000 ) ) ;
#1955 = VECTOR ( 'NONE', #1097, 1000.000000000000114 ) ;
#1956 = VECTOR ( 'NONE', #710, 1000.000000000000000 ) ;
#1957 = VECTOR ( 'NONE', #1257, 1000.000000000000000 ) ;
#1958 = PLANE ( 'NONE',  #2717 ) ;
#1959 = DIRECTION ( 'NONE',  ( -0.000000000000000000, 0.000000000000000000, 1.000000000000000000 ) ) ;
#1960 = VERTEX_POINT ( 'NONE', #1559 ) ;
#1961 = DIRECTION ( 'NONE',  ( 0.000000000000000000, 0.1045284632676464348, 0.9945218953682740670 ) ) ;
#1962 = CARTESIAN_POINT ( 'NONE',  ( -2.354730922823984773, -1.959835158089652474, 1.239999999999999991 ) ) ;
#1963 = ORIENTED_EDGE ( 'NONE', *, *, #232, .F. ) ;
#1964 = PRESENTATION_LAYER_ASSIGNMENT (  '', '', ( #1067 ) ) ;
#1965 = CARTESIAN_POINT ( 'NONE',  ( -2.904730922823985484, -2.509835158089652740, 1.100000000000000089 ) ) ;
#1966 = CARTESIAN_POINT ( 'NONE',  ( -5.261016559127030590, 2.750000000000000888, -0.7500000000000000000 ) ) ;
#1967 = MECHANICAL_DESIGN_GEOMETRIC_PRESENTATION_REPRESENTATION (  '', ( #3432 ), #230 ) ;
#1968 = UNCERTAINTY_MEASURE_WITH_UNIT (LENGTH_MEASURE( 1.000000000000000082E-05 ), #588, 'distance_accuracy_value', 'NONE');
#1969 = DIRECTION ( 'NONE',  ( 0.000000000000000000, 0.000000000000000000, -1.000000000000000000 ) ) ;
#1970 = CARTESIAN_POINT ( 'NONE',  ( -3.249999999999999556, -2.546069306454767922, -0.7500285536076998216 ) ) ;
#1971 = CARTESIAN_POINT ( 'NONE',  ( -2.550000000000000711, 2.750000000000000888, -1.250000000000000000 ) ) ;
#1972 = FILL_AREA_STYLE_COLOUR ( '', #2764 ) ;
#1973 = LINE ( 'NONE', #1414, #3154 ) ;
#1974 = EDGE_LOOP ( 'NONE', ( #877, #2712, #235, #654 ) ) ;
#1975 = FACE_OUTER_BOUND ( 'NONE', #351, .T. ) ;
#1976 = ORIENTED_EDGE ( 'NONE', *, *, #440, .T. ) ;
#1977 = DIRECTION ( 'NONE',  ( 0.000000000000000000, -1.662374665054309208E-16, 1.000000000000000000 ) ) ;
#1978 = DIRECTION ( 'NONE',  ( 0.000000000000000000, 0.000000000000000000, -1.000000000000000000 ) ) ;
#1979 = ADVANCED_FACE ( 'NONE', ( #3115 ), #228, .T. ) ;
#1980 =( NAMED_UNIT ( * ) SI_UNIT ( $, .STERADIAN. ) SOLID_ANGLE_UNIT ( ) );
#1981 = MECHANICAL_DESIGN_GEOMETRIC_PRESENTATION_REPRESENTATION (  '', ( #435 ), #545 ) ;
#1982 = FACE_OUTER_BOUND ( 'NONE', #2989, .T. ) ;
#1983 = CARTESIAN_POINT ( 'NONE',  ( -3.099999999999999645, -2.694973682803351700, -0.7735404363825897356 ) ) ;
#1984 = CARTESIAN_POINT ( 'NONE',  ( -2.550000000000000711, 2.750000000000000888, -0.7500000000000000000 ) ) ;
#1985 = ORIENTED_EDGE ( 'NONE', *, *, #833, .F. ) ;
#1986 = DIRECTION ( 'NONE',  ( 1.000000000000000000, 0.000000000000000000, 0.000000000000000000 ) ) ;
#1987 = VERTEX_POINT ( 'NONE', #1299 ) ;
#1988 = FILL_AREA_STYLE_COLOUR ( '', #581 ) ;
#1989 = PLANE ( 'NONE',  #2030 ) ;
#1990 = EDGE_CURVE ( 'NONE', #332, #472, #2320, .T. ) ;
#1991 = PRESENTATION_STYLE_ASSIGNMENT (( #2033 ) ) ;
#1992 = UNCERTAINTY_MEASURE_WITH_UNIT (LENGTH_MEASURE( 1.000000000000000082E-05 ), #698, 'distance_accuracy_value', 'NONE');
#1993 = EDGE_CURVE ( 'NONE', #1685, #2791, #2377, .T. ) ;
#1994 = FACE_OUTER_BOUND ( 'NONE', #1124, .T. ) ;
#1995 = PRESENTATION_STYLE_ASSIGNMENT (( #941 ) ) ;
#1996 =( LENGTH_UNIT ( ) NAMED_UNIT ( * ) SI_UNIT ( .MILLI., .METRE. ) );
#1997 = CARTESIAN_POINT ( 'NONE',  ( -1.924999999999999600, -3.979999999999999094, -1.031613455198621132 ) ) ;
#1998 = STYLED_ITEM ( 'NONE', ( #2633 ), #2333 ) ;
#1999 =( NAMED_UNIT ( * ) PLANE_ANGLE_UNIT ( ) SI_UNIT ( $, .RADIAN. ) );
#2000 =( NAMED_UNIT ( * ) PLANE_ANGLE_UNIT ( ) SI_UNIT ( $, .RADIAN. ) );
#2001 = VECTOR ( 'NONE', #2477, 1000.000000000000000 ) ;
#2002 = VECTOR ( 'NONE', #362, 1000.000000000000000 ) ;
#2003 = ADVANCED_FACE ( 'NONE', ( #1028 ), #2903, .T. ) ;
#2004 = COLOUR_RGB ( '',0.8039215686274510109, 0.8039215686274510109, 0.8039215686274510109 ) ;
#2005 = VECTOR ( 'NONE', #2563, 1000.000000000000000 ) ;
#2006 = ORIENTED_EDGE ( 'NONE', *, *, #2639, .F. ) ;
#2007 = LINE ( 'NONE', #3300, #1340 ) ;
#2008 = EDGE_LOOP ( 'NONE', ( #1377, #2582, #1943, #3010 ) ) ;
#2009 = DIRECTION ( 'NONE',  ( 1.000000000000000000, 0.000000000000000000, -0.000000000000000000 ) ) ;
#2010 = MECHANICAL_DESIGN_GEOMETRIC_PRESENTATION_REPRESENTATION (  '', ( #3150 ), #2339 ) ;
#2011 = CARTESIAN_POINT ( 'NONE',  ( 2.675000000000000266, -5.249999999999999112, -1.350000000000000089 ) ) ;
#2012 = CARTESIAN_POINT ( 'NONE',  ( 2.249999999999999556, -1.249999999999999334, -0.7500000000000000000 ) ) ;
#2013 = PRESENTATION_LAYER_ASSIGNMENT (  '', '', ( #3052 ) ) ;
#2014 = CARTESIAN_POINT ( 'NONE',  ( -2.079730922823984862, -1.959835158089652474, 1.239999999999999991 ) ) ;
#2015 = EDGE_CURVE ( 'NONE', #3335, #1830, #3408, .T. ) ;
#2016 = EDGE_CURVE ( 'NONE', #772, #396, #1053, .T. ) ;
#2017 = DIRECTION ( 'NONE',  ( 0.000000000000000000, 0.8761626048593784688, -0.4820156531130794786 ) ) ;
#2018 = CIRCLE ( 'NONE', #525, 0.2750000000000000777 ) ;
#2019 = CARTESIAN_POINT ( 'NONE',  ( -3.144074049039573104, -2.599999999999999201, 0.2578181025976893914 ) ) ;
#2020 = SURFACE_STYLE_FILL_AREA ( #971 ) ;
#2021 = FACE_BOUND ( 'NONE', #1363, .T. ) ;
#2022 = DIRECTION ( 'NONE',  ( -1.000000000000000000, -0.000000000000000000, -0.000000000000000000 ) ) ;
#2023 = EDGE_CURVE ( 'NONE', #3038, #3335, #1842, .T. ) ;
#2024 = CIRCLE ( 'NONE', #2193, 0.2500000000000001110 ) ;
#2025 = AXIS2_PLACEMENT_3D ( 'NONE', #2289, #3043, #2269 ) ;
#2026 = ORIENTED_EDGE ( 'NONE', *, *, #1090, .F. ) ;
#2027 = CARTESIAN_POINT ( 'NONE',  ( 2.550000000000000711, 3.724844346342717216, -0.7500000000000000000 ) ) ;
#2028 = ORIENTED_EDGE ( 'NONE', *, *, #2202, .T. ) ;
#2029 = PLANE ( 'NONE',  #3008 ) ;
#2030 = AXIS2_PLACEMENT_3D ( 'NONE', #130, #2502, #451 ) ;
#2031 = PLANE ( 'NONE',  #915 ) ;
#2032 = ORIENTED_EDGE ( 'NONE', *, *, #1206, .T. ) ;
#2033 = SURFACE_STYLE_USAGE ( .BOTH. , #2248 ) ;
#2034 = UNCERTAINTY_MEASURE_WITH_UNIT (LENGTH_MEASURE( 1.000000000000000082E-05 ), #837, 'distance_accuracy_value', 'NONE');
#2035 = DIRECTION ( 'NONE',  ( 0.000000000000000000, -1.000000000000000000, 0.000000000000000000 ) ) ;
#2036 = ORIENTED_EDGE ( 'NONE', *, *, #967, .T. ) ;
#2037 = SURFACE_SIDE_STYLE ('',( #952 ) ) ;
#2038 = ADVANCED_FACE ( 'NONE', ( #3126 ), #2852, .T. ) ;
#2039 = CARTESIAN_POINT ( 'NONE',  ( 1.925000000000000044, -5.249999999999999112, -1.350000000000000089 ) ) ;
#2040 = ADVANCED_FACE ( 'NONE', ( #821 ), #2578, .T. ) ;
#2041 = COLOUR_RGB ( '',0.8039215686274510109, 0.8039215686274510109, 0.8039215686274510109 ) ;
#2042 = CARTESIAN_POINT ( 'NONE',  ( 2.249999999999999556, 2.750000000000000888, -0.7500000000000000000 ) ) ;
#2043 = CARTESIAN_POINT ( 'NONE',  ( -1.924999999999999600, -2.749999999999999112, 0.2499999999999999445 ) ) ;
#2044 = EDGE_CURVE ( 'NONE', #1987, #1398, #541, .T. ) ;
#2045 = ORIENTED_EDGE ( 'NONE', *, *, #1265, .T. ) ;
#2046 = ORIENTED_EDGE ( 'NONE', *, *, #1040, .F. ) ;
#2047 =( NAMED_UNIT ( * ) PLANE_ANGLE_UNIT ( ) SI_UNIT ( $, .RADIAN. ) );
#2048 = DIRECTION ( 'NONE',  ( 0.000000000000000000, -1.000000000000000000, 0.000000000000000000 ) ) ;
#2049 = CARTESIAN_POINT ( 'NONE',  ( -3.099999999999999645, -2.644895764734329191, -1.250000000000000000 ) ) ;
#2050 = ADVANCED_FACE ( 'NONE', ( #2395 ), #3377, .F. ) ;
#2051 = FACE_OUTER_BOUND ( 'NONE', #1255, .T. ) ;
#2052 = ORIENTED_EDGE ( 'NONE', *, *, #2806, .F. ) ;
#2053 = LINE ( 'NONE', #2814, #587 ) ;
#2054 = DIRECTION ( 'NONE',  ( 1.000000000000000000, 0.000000000000000000, 0.000000000000000000 ) ) ;
#2055 =( LENGTH_UNIT ( ) NAMED_UNIT ( * ) SI_UNIT ( .MILLI., .METRE. ) );
#2056 = DIRECTION ( 'NONE',  ( 0.000000000000000000, -0.000000000000000000, 1.000000000000000000 ) ) ;
#2057 =( NAMED_UNIT ( * ) SI_UNIT ( $, .STERADIAN. ) SOLID_ANGLE_UNIT ( ) );
#2058 = LINE ( 'NONE', #3084, #2002 ) ;
#2059 = SURFACE_SIDE_STYLE ('',( #465 ) ) ;
#2060 = EDGE_CURVE ( 'NONE', #2978, #3238, #19, .T. ) ;
#2061 = ORIENTED_EDGE ( 'NONE', *, *, #848, .T. ) ;
#2062 = DIRECTION ( 'NONE',  ( 0.1039620511844907697, -0.1039620511844907835, -0.9891328443778553137 ) ) ;
#2063 = SURFACE_STYLE_USAGE ( .BOTH. , #1599 ) ;
#2064 = ORIENTED_EDGE ( 'NONE', *, *, #1021, .T. ) ;
#2065 = VECTOR ( 'NONE', #2277, 1000.000000000000000 ) ;
#2066 = AXIS2_PLACEMENT_3D ( 'NONE', #3181, #3366, #769 ) ;
#2067 = UNCERTAINTY_MEASURE_WITH_UNIT (LENGTH_MEASURE( 1.000000000000000082E-05 ), #891, 'distance_accuracy_value', 'NONE');
#2068 = DIRECTION ( 'NONE',  ( 0.000000000000000000, 0.000000000000000000, -1.000000000000000000 ) ) ;
#2069 = CARTESIAN_POINT ( 'NONE',  ( 2.906477806488197757, -2.660760326059102621, 1.099058781649735694 ) ) ;
#2070 = CARTESIAN_POINT ( 'NONE',  ( -2.674999999999999822, -4.571444454642993982, -0.5507193504256789884 ) ) ;
#2071 = FACE_OUTER_BOUND ( 'NONE', #361, .T. ) ;
#2072 = DIRECTION ( 'NONE',  ( 0.9945218953682740670, 0.000000000000000000, -0.1045284632676466569 ) ) ;
#2073 = AXIS2_PLACEMENT_3D ( 'NONE', #1954, #3003, #1696 ) ;
#2074 = EDGE_LOOP ( 'NONE', ( #2196, #299, #3416, #2715 ) ) ;
#2075 = SURFACE_SIDE_STYLE ('',( #3363 ) ) ;
#2076 = EDGE_CURVE ( 'NONE', #3353, #2990, #1247, .T. ) ;
#2077 = AXIS2_PLACEMENT_3D ( 'NONE', #825, #2141, #2600 ) ;
#2078 = DIRECTION ( 'NONE',  ( 1.000000000000000000, 0.000000000000000000, -0.000000000000000000 ) ) ;
#2079 = ORIENTED_EDGE ( 'NONE', *, *, #367, .T. ) ;
#2080 = SURFACE_SIDE_STYLE ('',( #245 ) ) ;
#2081 = ADVANCED_FACE ( 'NONE', ( #597 ), #920, .T. ) ;
#2082 = DIRECTION ( 'NONE',  ( -1.000000000000000000, -0.000000000000000000, -0.000000000000000000 ) ) ;
#2083 = EDGE_LOOP ( 'NONE', ( #694, #3240, #2474, #885, #345, #2966 ) ) ;
#2084 = PRESENTATION_LAYER_ASSIGNMENT (  '', '', ( #1755 ) ) ;
#2085 = CARTESIAN_POINT ( 'NONE',  ( 2.904730922823985040, 0.000000000000000000, 1.100000000000000089 ) ) ;
#2086 =( LENGTH_UNIT ( ) NAMED_UNIT ( * ) SI_UNIT ( .MILLI., .METRE. ) );
#2087 = CARTESIAN_POINT ( 'NONE',  ( 2.249999999999999556, 2.750000000000000888, -0.7500000000000000000 ) ) ;
#2088 = CARTESIAN_POINT ( 'NONE',  ( -3.250000000000000888, -2.544973682803350457, -0.7499999999999998890 ) ) ;
#2089 = DIRECTION ( 'NONE',  ( 0.000000000000000000, -0.4820156531130795341, -0.8761626048593784688 ) ) ;
#2090 = CARTESIAN_POINT ( 'NONE',  ( -3.039791529468661935, -2.659013442394893900, 1.115679269490146952 ) ) ;
#2091 = EDGE_LOOP ( 'NONE', ( #2206, #611, #1528, #3183 ) ) ;
#2092 = CARTESIAN_POINT ( 'NONE',  ( 3.226048769068405431, -2.568924913734945914, -0.5221192597895379928 ) ) ;
#2093 = MECHANICAL_DESIGN_GEOMETRIC_PRESENTATION_REPRESENTATION (  '', ( #3127 ), #667 ) ;
#2094 = DIRECTION ( 'NONE',  ( -0.000000000000000000, -0.000000000000000000, 1.000000000000000000 ) ) ;
#2095 = EDGE_CURVE ( 'NONE', #2593, #3335, #2693, .T. ) ;
#2096 = CARTESIAN_POINT ( 'NONE',  ( 0.000000000000000000, 0.000000000000000000, -0.7500000000000000000 ) ) ;
#2097 = PLANE ( 'NONE',  #1786 ) ;
#2098 = ORIENTED_EDGE ( 'NONE', *, *, #504, .F. ) ;
#2099 = DIRECTION ( 'NONE',  ( 0.1039620511844907697, -0.1039620511844907835, 0.9891328443778553137 ) ) ;
#2100 = LINE ( 'NONE', #491, #522 ) ;
#2101 = EDGE_CURVE ( 'NONE', #2164, #3225, #2418, .T. ) ;
#2102 = PLANE ( 'NONE',  #1394 ) ;
#2103 = ADVANCED_FACE ( 'NONE', ( #2674 ), #881, .T. ) ;
#2104 = CARTESIAN_POINT ( 'NONE',  ( 0.3750000000000003331, -2.749999999999999112, 0.2499999999999999445 ) ) ;
#2105 = DIRECTION ( 'NONE',  ( -0.000000000000000000, -1.000000000000000000, -0.000000000000000000 ) ) ;
#2106 = PLANE ( 'NONE',  #3280 ) ;
#2107 = ORIENTED_EDGE ( 'NONE', *, *, #3382, .F. ) ;
#2108 = EDGE_LOOP ( 'NONE', ( #2481, #601, #426, #1673 ) ) ;
#2109 = DIRECTION ( 'NONE',  ( 2.168404344971008868E-16, 1.000000000000000000, -0.000000000000000000 ) ) ;
#2110 = PRESENTATION_STYLE_ASSIGNMENT (( #13 ) ) ;
#2111 = CIRCLE ( 'NONE', #32, 0.2750000000000000777 ) ;
#2112 = VERTEX_POINT ( 'NONE', #3206 ) ;
#2113 =( NAMED_UNIT ( * ) PLANE_ANGLE_UNIT ( ) SI_UNIT ( $, .RADIAN. ) );
#2114 =( NAMED_UNIT ( * ) PLANE_ANGLE_UNIT ( ) SI_UNIT ( $, .RADIAN. ) );
#2115 =( GEOMETRIC_REPRESENTATION_CONTEXT ( 3 ) GLOBAL_UNCERTAINTY_ASSIGNED_CONTEXT ( ( #1405 ) ) GLOBAL_UNIT_ASSIGNED_CONTEXT ( ( #2055, #1860, #1549 ) ) REPRESENTATION_CONTEXT ( 'NONE', 'WORKASPACE' ) );
#2116 = CARTESIAN_POINT ( 'NONE',  ( 0.3750000000000003331, -3.549999999999998934, -0.2983681280693528115 ) ) ;
#2117 = DIRECTION ( 'NONE',  ( 0.000000000000000000, 0.9975640502598205339, 0.06975647374417832947 ) ) ;
#2118 = VECTOR ( 'NONE', #3439, 1000.000000000000000 ) ;
#2119 = VECTOR ( 'NONE', #3092, 1000.000000000000227 ) ;
#2120 = FACE_OUTER_BOUND ( 'NONE', #2232, .T. ) ;
#2121 = CARTESIAN_POINT ( 'NONE',  ( -3.144074049039573104, -2.599999999999999201, 0.2578181025976893914 ) ) ;
#2122 = ORIENTED_EDGE ( 'NONE', *, *, #1184, .F. ) ;
#2123 = ORIENTED_EDGE ( 'NONE', *, *, #1148, .F. ) ;
#2124 = VERTEX_POINT ( 'NONE', #614 ) ;
#2125 = CARTESIAN_POINT ( 'NONE',  ( -3.194973682803352588, -2.599999999999999201, -0.2264595636173978577 ) ) ;
#2126 = AXIS2_PLACEMENT_3D ( 'NONE', #2810, #79, #397 ) ;
#2127 = DIRECTION ( 'NONE',  ( -0.000000000000000000, -0.9975640502598205339, -0.06975647374417794089 ) ) ;
#2128 = DIRECTION ( 'NONE',  ( 0.000000000000000000, -1.000000000000000000, 0.000000000000000000 ) ) ;
#2129 = AXIS2_PLACEMENT_3D ( 'NONE', #3323, #2812, #1244 ) ;
#2130 = DIRECTION ( 'NONE',  ( -0.000000000000000000, 1.000000000000000000, -0.000000000000000000 ) ) ;
#2131 = CIRCLE ( 'NONE', #2292, 0.2750000000000000777 ) ;
#2132 = CARTESIAN_POINT ( 'NONE',  ( 2.675000000000000266, -2.749999999999999112, -0.2500000000000000555 ) ) ;
#2133 = CARTESIAN_POINT ( 'NONE',  ( -1.924999999999999600, -3.979999999999999094, -1.031613455198621132 ) ) ;
#2134 = ADVANCED_FACE ( 'NONE', ( #1616 ), #1917, .T. ) ;
#2135 = EDGE_LOOP ( 'NONE', ( #1822, #2953, #498, #2282 ) ) ;
#2136 = VERTEX_POINT ( 'NONE', #3256 ) ;
#2137 = SPHERICAL_SURFACE ( 'NONE', #1507, 0.1499999999999999944 ) ;
#2138 = PRESENTATION_LAYER_ASSIGNMENT (  '', '', ( #1698 ) ) ;
#2139 =( LENGTH_UNIT ( ) NAMED_UNIT ( * ) SI_UNIT ( .MILLI., .METRE. ) );
#2140 = LINE ( 'NONE', #1846, #3213 ) ;
#2141 = DIRECTION ( 'NONE',  ( -0.000000000000000000, 1.000000000000000000, 0.000000000000000000 ) ) ;
#2142 = ORIENTED_EDGE ( 'NONE', *, *, #1748, .F. ) ;
#2143 = ORIENTED_EDGE ( 'NONE', *, *, #376, .F. ) ;
#2144 = CARTESIAN_POINT ( 'NONE',  ( 3.100546320512449938, 2.749999253833817825, -0.7499929007029846328 ) ) ;
#2145 = CARTESIAN_POINT ( 'NONE',  ( 3.099999999999998757, 2.750000000000000888, -1.250000000000000000 ) ) ;
#2146 = SURFACE_SIDE_STYLE ('',( #1086 ) ) ;
#2147 = ADVANCED_FACE ( 'NONE', ( #1095 ), #2154, .F. ) ;
#2148 = CARTESIAN_POINT ( 'NONE',  ( 2.675000000000000266, -3.988081302429688169, -0.008992173443461048271 ) ) ;
#2149 = ADVANCED_FACE ( 'NONE', ( #1704 ), #1989, .F. ) ;
#2150 = FACE_OUTER_BOUND ( 'NONE', #310, .T. ) ;
#2151 = VERTEX_POINT ( 'NONE', #2266 ) ;
#2152 = ORIENTED_EDGE ( 'NONE', *, *, #2609, .T. ) ;
#2153 = DIRECTION ( 'NONE',  ( 0.000000000000000000, -0.000000000000000000, 1.000000000000000000 ) ) ;
#2154 = PLANE ( 'NONE',  #3282 ) ;
#2155 = DIRECTION ( 'NONE',  ( 1.000000000000000000, 0.000000000000000000, 0.000000000000000000 ) ) ;
#2156 = ORIENTED_EDGE ( 'NONE', *, *, #280, .F. ) ;
#2157 = FILL_AREA_STYLE_COLOUR ( '', #2004 ) ;
#2158 = SURFACE_STYLE_FILL_AREA ( #1422 ) ;
#2159 = ORIENTED_EDGE ( 'NONE', *, *, #1919, .T. ) ;
#2160 = ORIENTED_EDGE ( 'NONE', *, *, #1885, .F. ) ;
#2161 = CARTESIAN_POINT ( 'NONE',  ( 1.925000000000000044, -3.549999999999998934, -0.2500000000000000000 ) ) ;
#2162 = LINE ( 'NONE', #2706, #27 ) ;
#2163 = CARTESIAN_POINT ( 'NONE',  ( -1.924999999999999600, -2.749999999999999112, -0.2500000000000000555 ) ) ;
#2164 = VERTEX_POINT ( 'NONE', #1216 ) ;
#2165 =( NAMED_UNIT ( * ) PLANE_ANGLE_UNIT ( ) SI_UNIT ( $, .RADIAN. ) );
#2166 = EDGE_CURVE ( 'NONE', #2677, #223, #1740, .T. ) ;
#2167 = ORIENTED_EDGE ( 'NONE', *, *, #280, .T. ) ;
#2168 = DIRECTION ( 'NONE',  ( -1.000000000000000000, -0.000000000000000000, -0.000000000000000000 ) ) ;
#2169 = FILL_AREA_STYLE_COLOUR ( '', #1132 ) ;
#2170 = LINE ( 'NONE', #1966, #3151 ) ;
#2171 = VECTOR ( 'NONE', #1164, 1000.000000000000000 ) ;
#2172 = PRESENTATION_LAYER_ASSIGNMENT (  '', '', ( #3147 ) ) ;
#2173 = DIRECTION ( 'NONE',  ( 0.000000000000000000, 1.000000000000000000, 0.000000000000000000 ) ) ;
#2174 = LINE ( 'NONE', #3212, #1029 ) ;
#2175 = MECHANICAL_DESIGN_GEOMETRIC_PRESENTATION_REPRESENTATION (  '', ( #218 ), #2394 ) ;
#2176 = AXIS2_PLACEMENT_3D ( 'NONE', #1603, #2397, #267 ) ;
#2177 =( BOUNDED_CURVE ( )  B_SPLINE_CURVE ( 3, ( #1508, #2550, #177, #923 ),
 .UNSPECIFIED., .F., .T. ) 
 B_SPLINE_CURVE_WITH_KNOTS ( ( 4, 4 ),
 ( 3.141592653589793116, 4.712388980384689674 ),
 .UNSPECIFIED. ) 
 CURVE ( )  GEOMETRIC_REPRESENTATION_ITEM ( )  RATIONAL_B_SPLINE_CURVE ( ( 1.000000000000000000, 0.8047378541243649375, 0.8047378541243649375, 1.000000000000000000 ) ) 
 REPRESENTATION_ITEM ( '' )  );
#2178 = ORIENTED_EDGE ( 'NONE', *, *, #887, .F. ) ;
#2179 = PLANE ( 'NONE',  #1897 ) ;
#2180 = CARTESIAN_POINT ( 'NONE',  ( -3.249999999999999556, -2.546612637206902008, -0.7500856599708993766 ) ) ;
#2181 =( GEOMETRIC_REPRESENTATION_CONTEXT ( 3 ) GLOBAL_UNCERTAINTY_ASSIGNED_CONTEXT ( ( #2595 ) ) GLOBAL_UNIT_ASSIGNED_CONTEXT ( ( #217, #550, #1323 ) ) REPRESENTATION_CONTEXT ( 'NONE', 'WORKASPACE' ) );
#2182 = LINE ( 'NONE', #2478, #175 ) ;
#2183 = CARTESIAN_POINT ( 'NONE',  ( 2.675000000000000266, -4.418081302429688328, -0.7906056286420819479 ) ) ;
#2184 = STYLED_ITEM ( 'NONE', ( #364 ), #1186 ) ;
#2185 =( NAMED_UNIT ( * ) SI_UNIT ( $, .STERADIAN. ) SOLID_ANGLE_UNIT ( ) );
#2186 = DIRECTION ( 'NONE',  ( -1.000000000000000000, 0.000000000000000000, -0.000000000000000000 ) ) ;
#2187 = STYLED_ITEM ( 'NONE', ( #3321 ), #1275 ) ;
#2188 = ORIENTED_EDGE ( 'NONE', *, *, #497, .T. ) ;
#2189 = ORIENTED_EDGE ( 'NONE', *, *, #3198, .T. ) ;
#2190 = MECHANICAL_DESIGN_GEOMETRIC_PRESENTATION_REPRESENTATION (  '', ( #527 ), #65 ) ;
#2191 = DIRECTION ( 'NONE',  ( 0.1045284632676464209, 0.000000000000000000, -0.9945218953682740670 ) ) ;
#2192 = ORIENTED_EDGE ( 'NONE', *, *, #3286, .T. ) ;
#2193 = AXIS2_PLACEMENT_3D ( 'NONE', #1031, #1286, #530 ) ;
#2194 = DIRECTION ( 'NONE',  ( 0.000000000000000000, 0.9945218953682740670, 0.1045284632676464626 ) ) ;
#2195 = ADVANCED_FACE ( 'NONE', ( #1435 ), #3277, .F. ) ;
#2196 = ORIENTED_EDGE ( 'NONE', *, *, #2533, .T. ) ;
#2197 = STYLED_ITEM ( 'NONE', ( #1723 ), #1893 ) ;
#2198 = EDGE_LOOP ( 'NONE', ( #1657, #1790, #1523, #2188 ) ) ;
#2199 = CARTESIAN_POINT ( 'NONE',  ( 3.187926784503682498, 2.749521871388893146, -0.7454509101379331870 ) ) ;
#2200 = MANIFOLD_SOLID_BREP ( 'LPattern1[2]', #3045 ) ;
#2201 = DIRECTION ( 'NONE',  ( 0.000000000000000000, 0.000000000000000000, -1.000000000000000000 ) ) ;
#2202 = EDGE_CURVE ( 'NONE', #982, #1321, #537, .T. ) ;
#2203 = MANIFOLD_SOLID_BREP ( 'Cut-Extrude7', #2878 ) ;
#2204 = ORIENTED_EDGE ( 'NONE', *, *, #440, .F. ) ;
#2205 = CARTESIAN_POINT ( 'NONE',  ( 1.925000000000000044, -3.402200851755691424, -0.2500000000000005551 ) ) ;
#2206 = ORIENTED_EDGE ( 'NONE', *, *, #908, .T. ) ;
#2207 = SURFACE_STYLE_USAGE ( .BOTH. , #1145 ) ;
#2208 = CARTESIAN_POINT ( 'NONE',  ( 2.550000000000000711, 2.750000000000000888, -0.7500000000000000000 ) ) ;
#2209 = CARTESIAN_POINT ( 'NONE',  ( -2.354730922823984773, -1.959835158089652474, 1.239999999999999991 ) ) ;
#2210 = ORIENTED_EDGE ( 'NONE', *, *, #2639, .T. ) ;
#2211 = CARTESIAN_POINT ( 'NONE',  ( -2.079730922823984862, -1.959835158089652474, 1.250000000000000000 ) ) ;
#2212 = UNCERTAINTY_MEASURE_WITH_UNIT (LENGTH_MEASURE( 1.000000000000000082E-05 ), #1793, 'distance_accuracy_value', 'NONE');
#2213 = FILL_AREA_STYLE_COLOUR ( '', #3017 ) ;
#2214 = ORIENTED_EDGE ( 'NONE', *, *, #608, .T. ) ;
#2215 =( LENGTH_UNIT ( ) NAMED_UNIT ( * ) SI_UNIT ( .MILLI., .METRE. ) );
#2216 = EDGE_CURVE ( 'NONE', #976, #2795, #2319, .T. ) ;
#2217 = ORIENTED_EDGE ( 'NONE', *, *, #2359, .F. ) ;
#2218 = ORIENTED_EDGE ( 'NONE', *, *, #815, .T. ) ;
#2219 = PLANE ( 'NONE',  #2073 ) ;
#2220 = CARTESIAN_POINT ( 'NONE',  ( 2.675000000000000266, -3.549999999999998934, -0.2500000000000000000 ) ) ;
#2221 = VERTEX_POINT ( 'NONE', #2334 ) ;
#2222 = DIRECTION ( 'NONE',  ( 0.8191520442889926867, 0.5735764363510449382, -0.000000000000000000 ) ) ;
#2223 = DIRECTION ( 'NONE',  ( 1.000000000000000000, 0.000000000000000000, 0.000000000000000000 ) ) ;
#2224 = VERTEX_POINT ( 'NONE', #225 ) ;
#2225 =( NAMED_UNIT ( * ) SI_UNIT ( $, .STERADIAN. ) SOLID_ANGLE_UNIT ( ) );
#2226 = FILL_AREA_STYLE ('',( #2169 ) ) ;
#2227 = CARTESIAN_POINT ( 'NONE',  ( 2.249999999999999556, -1.249999999999999334, -1.250000000000000000 ) ) ;
#2228 = ORIENTED_EDGE ( 'NONE', *, *, #3387, .T. ) ;
#2229 =( LENGTH_UNIT ( ) NAMED_UNIT ( * ) SI_UNIT ( .MILLI., .METRE. ) );
#2230 = COLOUR_RGB ( '',0.8039215686274510109, 0.8039215686274510109, 0.8039215686274510109 ) ;
#2231 = LINE ( 'NONE', #3016, #2358 ) ;
#2232 = EDGE_LOOP ( 'NONE', ( #182, #1799, #895, #2612 ) ) ;
#2233 = VECTOR ( 'NONE', #818, 1000.000000000000000 ) ;
#2234 = CARTESIAN_POINT ( 'NONE',  ( -2.674999999999999822, -5.249999999999999112, -1.350000000000000089 ) ) ;
#2235 = VECTOR ( 'NONE', #112, 1000.000000000000000 ) ;
#2236 = VECTOR ( 'NONE', #2485, 1000.000000000000000 ) ;
#2237 = FILL_AREA_STYLE ('',( #1972 ) ) ;
#2238 = PRESENTATION_LAYER_ASSIGNMENT (  '', '', ( #283 ) ) ;
#2239 =( GEOMETRIC_REPRESENTATION_CONTEXT ( 3 ) GLOBAL_UNCERTAINTY_ASSIGNED_CONTEXT ( ( #1139 ) ) GLOBAL_UNIT_ASSIGNED_CONTEXT ( ( #1154, #876, #1912 ) ) REPRESENTATION_CONTEXT ( 'NONE', 'WORKASPACE' ) );
#2240 = SURFACE_STYLE_USAGE ( .BOTH. , #1716 ) ;
#2241 = VECTOR ( 'NONE', #1389, 1000.000000000000000 ) ;
#2242 = LINE ( 'NONE', #559, #1677 ) ;
#2243 = ORIENTED_EDGE ( 'NONE', *, *, #820, .T. ) ;
#2244 =( GEOMETRIC_REPRESENTATION_CONTEXT ( 3 ) GLOBAL_UNCERTAINTY_ASSIGNED_CONTEXT ( ( #1909 ) ) GLOBAL_UNIT_ASSIGNED_CONTEXT ( ( #1314, #2114, #3186 ) ) REPRESENTATION_CONTEXT ( 'NONE', 'WORKASPACE' ) );
#2245 =( NAMED_UNIT ( * ) SI_UNIT ( $, .STERADIAN. ) SOLID_ANGLE_UNIT ( ) );
#2246 = DIRECTION ( 'NONE',  ( -0.000000000000000000, -1.000000000000000000, -0.000000000000000000 ) ) ;
#2247 = MECHANICAL_DESIGN_GEOMETRIC_PRESENTATION_REPRESENTATION (  '', ( #1406 ), #2725 ) ;
#2248 = SURFACE_SIDE_STYLE ('',( #119 ) ) ;
#2249 =( NAMED_UNIT ( * ) SI_UNIT ( $, .STERADIAN. ) SOLID_ANGLE_UNIT ( ) );
#2250 = SPHERICAL_SURFACE ( 'NONE', #399, 0.1499999999999999944 ) ;
#2251 = VECTOR ( 'NONE', #1859, 1000.000000000000000 ) ;
#2252 = MECHANICAL_DESIGN_GEOMETRIC_PRESENTATION_REPRESENTATION (  '', ( #1361 ), #120 ) ;
#2253 = FILL_AREA_STYLE_COLOUR ( '', #1226 ) ;
#2254 = EDGE_CURVE ( 'NONE', #1421, #1238, #3135, .T. ) ;
#2255 = LINE ( 'NONE', #1619, #2335 ) ;
#2256 = VERTEX_POINT ( 'NONE', #487 ) ;
#2257 = DIRECTION ( 'NONE',  ( 1.000000000000000000, -0.000000000000000000, -0.000000000000000000 ) ) ;
#2258 = LINE ( 'NONE', #740, #3329 ) ;
#2259 =( NAMED_UNIT ( * ) PLANE_ANGLE_UNIT ( ) SI_UNIT ( $, .RADIAN. ) );
#2260 = DIRECTION ( 'NONE',  ( 0.000000000000000000, 1.000000000000000000, 0.000000000000000000 ) ) ;
#2261 = DIRECTION ( 'NONE',  ( -1.000000000000000000, -0.000000000000000000, -0.000000000000000000 ) ) ;
#2262 = EDGE_LOOP ( 'NONE', ( #3249, #635, #2601, #2809, #3275, #2122, #1365, #2369, #2123, #197, #857, #258 ) ) ;
#2263 = PLANE ( 'NONE',  #38 ) ;
#2264 = ORIENTED_EDGE ( 'NONE', *, *, #1198, .F. ) ;
#2265 =( NAMED_UNIT ( * ) PLANE_ANGLE_UNIT ( ) SI_UNIT ( $, .RADIAN. ) );
#2266 = CARTESIAN_POINT ( 'NONE',  ( -0.3749999999999998890, -2.749999999999999112, -0.2500000000000000555 ) ) ;
#2267 = LINE ( 'NONE', #2780, #1680 ) ;
#2268 = FILL_AREA_STYLE ('',( #1707 ) ) ;
#2269 = DIRECTION ( 'NONE',  ( 0.000000000000000000, 0.000000000000000000, 1.000000000000000000 ) ) ;
#2270 = ADVANCED_FACE ( 'NONE', ( #521 ), #3351, .T. ) ;
#2271 = ORIENTED_EDGE ( 'NONE', *, *, #353, .T. ) ;
#2272 =( NAMED_UNIT ( * ) SI_UNIT ( $, .STERADIAN. ) SOLID_ANGLE_UNIT ( ) );
#2273 = MANIFOLD_SOLID_BREP ( 'Boss-Extrude4', #150 ) ;
#2274 = CARTESIAN_POINT ( 'NONE',  ( -3.249999999999999556, -2.546612637206902008, -0.7500856599708993766 ) ) ;
#2275 = EDGE_CURVE ( 'NONE', #3296, #1830, #2162, .T. ) ;
#2276 = DIRECTION ( 'NONE',  ( 0.1039620511844907697, 0.1039620511844907835, -0.9891328443778553137 ) ) ;
#2277 = DIRECTION ( 'NONE',  ( 0.000000000000000000, -1.000000000000000000, 0.000000000000000000 ) ) ;
#2278 = CIRCLE ( 'NONE', #2773, 0.2750000000000000777 ) ;
#2279 = VERTEX_POINT ( 'NONE', #1578 ) ;
#2281 = PLANE ( 'NONE',  #2652 ) ;
#2280 =( BOUNDED_CURVE ( )  B_SPLINE_CURVE ( 3, ( #2415, #2, #1915, #1330 ),
 .UNSPECIFIED., .F., .F. ) 
 B_SPLINE_CURVE_WITH_KNOTS ( ( 4, 4 ),
 ( 4.712388980384689674, 6.283185307179586232 ),
 .UNSPECIFIED. ) 
 CURVE ( )  GEOMETRIC_REPRESENTATION_ITEM ( )  RATIONAL_B_SPLINE_CURVE ( ( 1.000000000000000000, 0.8047378541243649375, 0.8047378541243649375, 1.000000000000000000 ) ) 
 REPRESENTATION_ITEM ( '' )  );
#2282 = ORIENTED_EDGE ( 'NONE', *, *, #3407, .T. ) ;
#2283 = FILL_AREA_STYLE ('',( #1988 ) ) ;
#2284 = AXIS2_PLACEMENT_3D ( 'NONE', #1675, #1922, #604 ) ;
#2285 = FILL_AREA_STYLE_COLOUR ( '', #2618 ) ;
#2286 = DIRECTION ( 'NONE',  ( -0.000000000000000000, -1.000000000000000000, 0.000000000000000000 ) ) ;
#2287 = AXIS2_PLACEMENT_3D ( 'NONE', #1726, #2801, #156 ) ;
#2288 = CARTESIAN_POINT ( 'NONE',  ( 1.925000000000000044, -5.249999999999999112, -1.350000000000000089 ) ) ;
#2289 = CARTESIAN_POINT ( 'NONE',  ( -1.924999999999999600, -3.549999999999998934, -0.2500000000000000000 ) ) ;
#2290 = STYLED_ITEM ( 'NONE', ( #2361 ), #1166 ) ;
#2291 = EDGE_CURVE ( 'NONE', #1784, #1593, #3197, .T. ) ;
#2292 = AXIS2_PLACEMENT_3D ( 'NONE', #2408, #1239, #2385 ) ;
#2293 = LINE ( 'NONE', #3083, #360 ) ;
#2294 = CARTESIAN_POINT ( 'NONE',  ( 3.010446063818763562, 2.659624348124005611, 0.1098668897362218982 ) ) ;
#2295 = PRESENTATION_STYLE_ASSIGNMENT (( #108 ) ) ;
#2296 = FILL_AREA_STYLE ('',( #2845 ) ) ;
#2297 = AXIS2_PLACEMENT_3D ( 'NONE', #2920, #3354, #759 ) ;
#2298 = ORIENTED_EDGE ( 'NONE', *, *, #2854, .F. ) ;
#2299 = DIRECTION ( 'NONE',  ( -1.000000000000000000, -0.000000000000000000, -0.000000000000000000 ) ) ;
#2300 = ORIENTED_EDGE ( 'NONE', *, *, #2202, .F. ) ;
#2301 = SURFACE_STYLE_USAGE ( .BOTH. , #2146 ) ;
#2302 = EDGE_CURVE ( 'NONE', #1418, #247, #1119, .T. ) ;
#2303 = STYLED_ITEM ( 'NONE', ( #3026 ), #2195 ) ;
#2304 = CARTESIAN_POINT ( 'NONE',  ( -2.904730922823985484, -2.659013442394893900, 1.115679269490146952 ) ) ;
#2305 = ORIENTED_EDGE ( 'NONE', *, *, #353, .F. ) ;
#2306 = PRESENTATION_STYLE_ASSIGNMENT (( #1722 ) ) ;
#2307 = UNCERTAINTY_MEASURE_WITH_UNIT (LENGTH_MEASURE( 1.000000000000000082E-05 ), #3419, 'distance_accuracy_value', 'NONE');
#2308 = SURFACE_STYLE_FILL_AREA ( #3062 ) ;
#2309 = CARTESIAN_POINT ( 'NONE',  ( -3.249999999999999556, -2.494069522799801319, -1.250000000000000000 ) ) ;
#2310 = CARTESIAN_POINT ( 'NONE',  ( 3.250000000000000888, -2.544973682803350457, -0.7499999999999998890 ) ) ;
#2311 = SURFACE_SIDE_STYLE ('',( #2786 ) ) ;
#2312 = FACE_OUTER_BOUND ( 'NONE', #3172, .T. ) ;
#2313 = ADVANCED_FACE ( 'NONE', ( #3440 ), #2932, .F. ) ;
#2314 = CARTESIAN_POINT ( 'NONE',  ( -1.924999999999999600, -2.749999999999999112, 0.2499999999999999445 ) ) ;
#2315 = CARTESIAN_POINT ( 'NONE',  ( -2.904730922823985040, 2.404730922823985040, 1.100000000000000089 ) ) ;
#2316 = FACE_OUTER_BOUND ( 'NONE', #791, .T. ) ;
#2317 = VERTEX_POINT ( 'NONE', #2132 ) ;
#2318 = SURFACE_STYLE_FILL_AREA ( #1256 ) ;
#2319 = LINE ( 'NONE', #1837, #855 ) ;
#2320 = LINE ( 'NONE', #1875, #423 ) ;
#2321 = DIRECTION ( 'NONE',  ( -0.1039620511844907697, 0.1039620511844907835, 0.9891328443778553137 ) ) ;
#2322 = CARTESIAN_POINT ( 'NONE',  ( 1.925000000000000044, -4.352403803428149587, -0.6712232637039488026 ) ) ;
#2323 = SURFACE_STYLE_FILL_AREA ( #729 ) ;
#2324 = SURFACE_STYLE_FILL_AREA ( #1266 ) ;
#2325 = ORIENTED_EDGE ( 'NONE', *, *, #3097, .T. ) ;
#2326 = LINE ( 'NONE', #2294, #3359 ) ;
#2327 = DIRECTION ( 'NONE',  ( -1.000000000000000000, 1.445602896647339163E-16, -0.000000000000000000 ) ) ;
#2328 = COLOUR_RGB ( '',0.8039215686274510109, 0.8039215686274510109, 0.8039215686274510109 ) ;
#2329 = VECTOR ( 'NONE', #274, 1000.000000000000000 ) ;
#2330 = DIRECTION ( 'NONE',  ( 0.000000000000000000, -0.9945218953682738450, -0.1045284632676480863 ) ) ;
#2331 = ORIENTED_EDGE ( 'NONE', *, *, #2631, .T. ) ;
#2332 = EDGE_CURVE ( 'NONE', #2500, #1112, #2413, .T. ) ;
#2333 = ADVANCED_FACE ( 'NONE', ( #2150 ), #489, .F. ) ;
#2334 = CARTESIAN_POINT ( 'NONE',  ( -3.044973682803352677, -2.749999999999999112, -0.2500000000000000000 ) ) ;
#2335 = VECTOR ( 'NONE', #293, 1000.000000000000000 ) ;
#2336 = VECTOR ( 'NONE', #2246, 1000.000000000000000 ) ;
#2337 = DIRECTION ( 'NONE',  ( -1.000000000000000000, 2.168404344971008868E-16, 0.000000000000000000 ) ) ;
#2338 = EDGE_LOOP ( 'NONE', ( #308, #1303, #482, #2736 ) ) ;
#2339 =( GEOMETRIC_REPRESENTATION_CONTEXT ( 3 ) GLOBAL_UNCERTAINTY_ASSIGNED_CONTEXT ( ( #1992 ) ) GLOBAL_UNIT_ASSIGNED_CONTEXT ( ( #698, #1233, #2790 ) ) REPRESENTATION_CONTEXT ( 'NONE', 'WORKASPACE' ) );
#2340 = FILL_AREA_STYLE ('',( #795 ) ) ;
#2341 = UNCERTAINTY_MEASURE_WITH_UNIT (LENGTH_MEASURE( 1.000000000000000082E-05 ), #3360, 'distance_accuracy_value', 'NONE');
#2342 = DIRECTION ( 'NONE',  ( -1.000000000000000000, -0.000000000000000000, -0.000000000000000000 ) ) ;
#2343 = EDGE_CURVE ( 'NONE', #2623, #2151, #3391, .T. ) ;
#2344 =( LENGTH_UNIT ( ) NAMED_UNIT ( * ) SI_UNIT ( .MILLI., .METRE. ) );
#2345 = PRESENTATION_LAYER_ASSIGNMENT (  '', '', ( #969 ) ) ;
#2346 = SURFACE_STYLE_FILL_AREA ( #763 ) ;
#2347 = VECTOR ( 'NONE', #473, 1000.000000000000114 ) ;
#2348 = CARTESIAN_POINT ( 'NONE',  ( -1.799999999999997380, 4.250000000000000000, -1.250000000000000000 ) ) ;
#2349 = ADVANCED_FACE ( 'NONE', ( #2051 ), #1789, .F. ) ;
#2350 = DIRECTION ( 'NONE',  ( 0.1045284632676464209, -0.000000000000000000, 0.9945218953682740670 ) ) ;
#2351 = ORIENTED_EDGE ( 'NONE', *, *, #68, .T. ) ;
#2352 = SURFACE_STYLE_USAGE ( .BOTH. , #216 ) ;
#2353 = LINE ( 'NONE', #1884, #2494 ) ;
#2354 = FACE_OUTER_BOUND ( 'NONE', #721, .T. ) ;
#2355 = ADVANCED_FACE ( 'NONE', ( #3093 ), #774, .F. ) ;
#2356 = ORIENTED_EDGE ( 'NONE', *, *, #931, .T. ) ;
#2357 = FILL_AREA_STYLE ('',( #737 ) ) ;
#2358 = VECTOR ( 'NONE', #1370, 1000.000000000000227 ) ;
#2359 = EDGE_CURVE ( 'NONE', #2768, #1850, #2564, .T. ) ;
#2360 =( NAMED_UNIT ( * ) SI_UNIT ( $, .STERADIAN. ) SOLID_ANGLE_UNIT ( ) );
#2361 = PRESENTATION_STYLE_ASSIGNMENT (( #1823 ) ) ;
#2362 = LINE ( 'NONE', #2620, #3424 ) ;
#2363 =( NAMED_UNIT ( * ) PLANE_ANGLE_UNIT ( ) SI_UNIT ( $, .RADIAN. ) );
#2364 = SURFACE_SIDE_STYLE ('',( #2346 ) ) ;
#2365 = EDGE_CURVE ( 'NONE', #2791, #3214, #757, .T. ) ;
#2366 = PLANE ( 'NONE',  #2077 ) ;
#2367 = DIRECTION ( 'NONE',  ( -1.000000000000000000, -0.000000000000000000, -0.000000000000000000 ) ) ;
#2368 = VERTEX_POINT ( 'NONE', #1557 ) ;
#2369 = ORIENTED_EDGE ( 'NONE', *, *, #502, .F. ) ;
#2370 = PLANE ( 'NONE',  #1169 ) ;
#2371 = DIRECTION ( 'NONE',  ( 0.000000000000000000, 0.06975647374417795477, -0.9975640502598206449 ) ) ;
#2372 = CARTESIAN_POINT ( 'NONE',  ( -1.924999999999999600, -4.418081302429688328, -0.7906056286420819479 ) ) ;
#2373 = ORIENTED_EDGE ( 'NONE', *, *, #2572, .F. ) ;
#2374 = FILL_AREA_STYLE_COLOUR ( '', #2995 ) ;
#2375 = VERTEX_POINT ( 'NONE', #2901 ) ;
#2376 = UNCERTAINTY_MEASURE_WITH_UNIT (LENGTH_MEASURE( 1.000000000000000082E-05 ), #3190, 'distance_accuracy_value', 'NONE');
#2377 = LINE ( 'NONE', #1548, #2734 ) ;
#2378 = SURFACE_STYLE_FILL_AREA ( #853 ) ;
#2379 = CARTESIAN_POINT ( 'NONE',  ( -0.3749999999999998890, -3.549999999999998934, 0.2499999999999999445 ) ) ;
#2380 = CARTESIAN_POINT ( 'NONE',  ( -2.354730922823984773, -1.959835158089652474, 1.250000000000000000 ) ) ;
#2381 = DIRECTION ( 'NONE',  ( 0.000000000000000000, 0.000000000000000000, -1.000000000000000000 ) ) ;
#2382 = ORIENTED_EDGE ( 'NONE', *, *, #2843, .F. ) ;
#2383 = ORIENTED_EDGE ( 'NONE', *, *, #1230, .T. ) ;
#2384 = CARTESIAN_POINT ( 'NONE',  ( -0.3749999999999998890, -3.402200851755691424, -0.2500000000000005551 ) ) ;
#2385 = DIRECTION ( 'NONE',  ( 1.000000000000000000, 0.000000000000000000, 0.000000000000000000 ) ) ;
#2386 = DIRECTION ( 'NONE',  ( -1.445602896647339163E-16, -1.000000000000000000, 0.000000000000000000 ) ) ;
#2387 = PRESENTATION_LAYER_ASSIGNMENT (  '', '', ( #1894 ) ) ;
#2388 = PRESENTATION_STYLE_ASSIGNMENT (( #792 ) ) ;
#2389 = PRESENTATION_LAYER_ASSIGNMENT (  '', '', ( #1280 ) ) ;
#2390 = STYLED_ITEM ( 'NONE', ( #209 ), #2747 ) ;
#2391 = ORIENTED_EDGE ( 'NONE', *, *, #367, .F. ) ;
#2392 = ORIENTED_EDGE ( 'NONE', *, *, #2016, .F. ) ;
#2393 = CARTESIAN_POINT ( 'NONE',  ( -2.354730922823984773, -1.959835158089652474, 1.239999999999999991 ) ) ;
#2394 =( GEOMETRIC_REPRESENTATION_CONTEXT ( 3 ) GLOBAL_UNCERTAINTY_ASSIGNED_CONTEXT ( ( #3263 ) ) GLOBAL_UNIT_ASSIGNED_CONTEXT ( ( #260, #2611, #552 ) ) REPRESENTATION_CONTEXT ( 'NONE', 'WORKASPACE' ) );
#2395 = FACE_OUTER_BOUND ( 'NONE', #2135, .T. ) ;
#2396 = AXIS2_PLACEMENT_3D ( 'NONE', #1262, #726, #1773 ) ;
#2397 = DIRECTION ( 'NONE',  ( -1.000000000000000000, -0.000000000000000000, -0.000000000000000000 ) ) ;
#2398 = AXIS2_PLACEMENT_3D ( 'NONE', #1308, #2371, #2896 ) ;
#2399 = MECHANICAL_DESIGN_GEOMETRIC_PRESENTATION_REPRESENTATION (  '', ( #2390 ), #3261 ) ;
#2400 = EDGE_CURVE ( 'NONE', #1418, #1091, #1838, .T. ) ;
#2401 = CARTESIAN_POINT ( 'NONE',  ( 2.249999999999999556, -1.249999999999999334, -0.7500000000000000000 ) ) ;
#2402 = PLANE ( 'NONE',  #3268 ) ;
#2403 = VECTOR ( 'NONE', #1827, 1000.000000000000000 ) ;
#2404 = ADVANCED_FACE ( 'NONE', ( #1582 ), #1311, .F. ) ;
#2405 = EDGE_LOOP ( 'NONE', ( #940, #2699, #314, #758 ) ) ;
#2406 = EDGE_LOOP ( 'NONE', ( #1142, #201, #509, #1044 ) ) ;
#2407 = VECTOR ( 'NONE', #3028, 1000.000000000000000 ) ;
#2408 = CARTESIAN_POINT ( 'NONE',  ( -2.354730922823984773, -1.959835158089652474, 1.239999999999999991 ) ) ;
#2409 = EDGE_CURVE ( 'NONE', #2671, #1474, #634, .T. ) ;
#2410 = VECTOR ( 'NONE', #722, 1000.000000000000000 ) ;
#2411 = CARTESIAN_POINT ( 'NONE',  ( -2.674999999999999822, -2.749999999999999112, -0.2500000000000000555 ) ) ;
#2412 = EDGE_CURVE ( 'NONE', #3074, #2164, #1143, .T. ) ;
#2413 = LINE ( 'NONE', #282, #393 ) ;
#2414 = VERTEX_POINT ( 'NONE', #1071 ) ;
#2415 = CARTESIAN_POINT ( 'NONE',  ( 3.250000000000000444, -2.494069522799801764, -1.250000000000000000 ) ) ;
#2416 = ORIENTED_EDGE ( 'NONE', *, *, #2044, .T. ) ;
#2417 = MECHANICAL_DESIGN_GEOMETRIC_PRESENTATION_REPRESENTATION (  '', ( #2197 ), #761 ) ;
#2418 = LINE ( 'NONE', #1945, #425 ) ;
#2419 = DIRECTION ( 'NONE',  ( -0.000000000000000000, -0.9975640502598205339, -0.06975647374417794089 ) ) ;
#2420 = PRODUCT ( 'BD433M5FP-CE2', 'BD433M5FP-CE2', '', ( #3044 ) ) ;
#2421 = LINE ( 'NONE', #2433, #1955 ) ;
#2422 = CARTESIAN_POINT ( 'NONE',  ( -1.924999999999999600, -3.402200851755691424, -0.5000000000000000000 ) ) ;
#2423 = CARTESIAN_POINT ( 'NONE',  ( 3.170432456210491967, 2.521254171905250807, 0.007034610340750650954 ) ) ;
#2424 = CARTESIAN_POINT ( 'NONE',  ( -3.250000000000000888, -2.544973682803350457, -0.7499999999999998890 ) ) ;
#2425 = EDGE_CURVE ( 'NONE', #2918, #1784, #2280, .T. ) ;
#2426 = FACE_OUTER_BOUND ( 'NONE', #1409, .T. ) ;
#2427 =( LENGTH_UNIT ( ) NAMED_UNIT ( * ) SI_UNIT ( .MILLI., .METRE. ) );
#2428 = EDGE_CURVE ( 'NONE', #932, #1850, #1392, .T. ) ;
#2429 = ORIENTED_EDGE ( 'NONE', *, *, #1551, .F. ) ;
#2430 = SURFACE_STYLE_USAGE ( .BOTH. , #851 ) ;
#2431 = ORIENTED_EDGE ( 'NONE', *, *, #693, .F. ) ;
#2432 = CARTESIAN_POINT ( 'NONE',  ( -1.924999999999999600, -5.249999999999999112, -1.350000000000000089 ) ) ;
#2433 = CARTESIAN_POINT ( 'NONE',  ( -3.068924913734947690, -2.726048769068403654, -0.4778807402104608415 ) ) ;
#2434 = PRESENTATION_STYLE_ASSIGNMENT (( #7 ) ) ;
#2435 = LINE ( 'NONE', #22, #478 ) ;
#2436 = ORIENTED_EDGE ( 'NONE', *, *, #1644, .T. ) ;
#2437 = CARTESIAN_POINT ( 'NONE',  ( -3.249999999999999556, 2.600000000000000533, 1.250000000000000000 ) ) ;
#2438 = DIRECTION ( 'NONE',  ( -1.000000000000000000, -0.000000000000000000, -0.000000000000000000 ) ) ;
#2439 = LINE ( 'NONE', #624, #2486 ) ;
#2440 = VECTOR ( 'NONE', #306, 1000.000000000000000 ) ;
#2441 = VERTEX_POINT ( 'NONE', #1092 ) ;
#2442 = ORIENTED_EDGE ( 'NONE', *, *, #1141, .F. ) ;
#2443 = FILL_AREA_STYLE ('',( #2975 ) ) ;
#2444 = CARTESIAN_POINT ( 'NONE',  ( 2.904730922823985040, -2.509835158089652740, 1.100000000000000089 ) ) ;
#2445 = MECHANICAL_DESIGN_GEOMETRIC_PRESENTATION_REPRESENTATION (  '', ( #1998 ), #1836 ) ;
#2446 = MECHANICAL_DESIGN_GEOMETRIC_PRESENTATION_REPRESENTATION (  '', ( #1280 ), #3200 ) ;
#2447 =( NAMED_UNIT ( * ) PLANE_ANGLE_UNIT ( ) SI_UNIT ( $, .RADIAN. ) );
#2448 = AXIS2_PLACEMENT_3D ( 'NONE', #946, #3037, #1355 ) ;
#2449 = VECTOR ( 'NONE', #1487, 1000.000000000000000 ) ;
#2450 = ORIENTED_EDGE ( 'NONE', *, *, #848, .F. ) ;
#2451 = CARTESIAN_POINT ( 'NONE',  ( -3.099999999999999645, 2.750000000000000888, -0.7500000000000000000 ) ) ;
#2452 = CARTESIAN_POINT ( 'NONE',  ( -2.250000000000001332, -1.249999999999998668, -0.7500000000000000000 ) ) ;
#2453 = VECTOR ( 'NONE', #2930, 1000.000000000000227 ) ;
#2454 = EDGE_LOOP ( 'NONE', ( #1399, #3171, #844, #419, #1063 ) ) ;
#2455 = PRESENTATION_LAYER_ASSIGNMENT (  '', '', ( #1794 ) ) ;
#2456 = DIRECTION ( 'NONE',  ( 0.000000000000000000, 0.000000000000000000, 1.000000000000000000 ) ) ;
#2457 = VERTEX_POINT ( 'NONE', #2973 ) ;
#2458 = ORIENTED_EDGE ( 'NONE', *, *, #2015, .T. ) ;
#2459 = DIRECTION ( 'NONE',  ( 0.000000000000000000, 0.000000000000000000, -1.000000000000000000 ) ) ;
#2460 = AXIS2_PLACEMENT_3D ( 'NONE', #980, #3422, #1805 ) ;
#2461 = EDGE_CURVE ( 'NONE', #2846, #1890, #35, .T. ) ;
#2462 = ORIENTED_EDGE ( 'NONE', *, *, #1217, .F. ) ;
#2463 = FACE_OUTER_BOUND ( 'NONE', #2008, .T. ) ;
#2464 = EDGE_LOOP ( 'NONE', ( #2742, #1570, #1072, #2214, #2793, #2476, #2936, #3400, #3417, #193, #2577, #1881 ) ) ;
#2465 = VECTOR ( 'NONE', #939, 1000.000000000000114 ) ;
#2466 = VERTEX_POINT ( 'NONE', #2205 ) ;
#2467 = CARTESIAN_POINT ( 'NONE',  ( 2.906477806488194204, -2.511582041753861905, 1.083379512159588387 ) ) ;
#2468 = ORIENTED_EDGE ( 'NONE', *, *, #3053, .T. ) ;
#2469 = ORIENTED_EDGE ( 'NONE', *, *, #2923, .T. ) ;
#2470 = CARTESIAN_POINT ( 'NONE',  ( 2.249999999999999556, 2.750000000000000888, -0.7500000000000000000 ) ) ;
#2471 = ORIENTED_EDGE ( 'NONE', *, *, #1021, .F. ) ;
#2472 = SURFACE_STYLE_FILL_AREA ( #1703 ) ;
#2473 = SURFACE_SIDE_STYLE ('',( #327 ) ) ;
#2474 = ORIENTED_EDGE ( 'NONE', *, *, #50, .F. ) ;
#2475 =( NAMED_UNIT ( * ) PLANE_ANGLE_UNIT ( ) SI_UNIT ( $, .RADIAN. ) );
#2476 = ORIENTED_EDGE ( 'NONE', *, *, #1534, .T. ) ;
#2477 = DIRECTION ( 'NONE',  ( -1.000000000000000000, -0.000000000000000000, -0.000000000000000000 ) ) ;
#2478 = CARTESIAN_POINT ( 'NONE',  ( -2.250000000000001332, -1.249999999999998668, -0.7500000000000000000 ) ) ;
#2479 = CARTESIAN_POINT ( 'NONE',  ( 0.3750000000000003331, -3.402200851755691424, -0.5000000000000000000 ) ) ;
#2480 = CARTESIAN_POINT ( 'NONE',  ( 2.249999999999999556, -1.249999999999999334, -0.7500000000000000000 ) ) ;
#2481 = ORIENTED_EDGE ( 'NONE', *, *, #2343, .T. ) ;
#2482 = DIRECTION ( 'NONE',  ( -0.000000000000000000, 1.000000000000000000, 1.662374665054309455E-16 ) ) ;
#2483 = ORIENTED_EDGE ( 'NONE', *, *, #3198, .F. ) ;
#2484 = FILL_AREA_STYLE_COLOUR ( '', #986 ) ;
#2485 = DIRECTION ( 'NONE',  ( 1.000000000000000000, -0.000000000000000000, -0.000000000000000000 ) ) ;
#2486 = VECTOR ( 'NONE', #2969, 1000.000000000000000 ) ;
#2487 = EDGE_CURVE ( 'NONE', #1331, #1538, #309, .T. ) ;
#2488 = AXIS2_PLACEMENT_3D ( 'NONE', #3215, #845, #3234 ) ;
#2489 = FACE_OUTER_BOUND ( 'NONE', #1804, .T. ) ;
#2490 = SURFACE_SIDE_STYLE ('',( #2702 ) ) ;
#2491 = VECTOR ( 'NONE', #3089, 1000.000000000000000 ) ;
#2492 = AXIS2_PLACEMENT_3D ( 'NONE', #41, #637, #3259 ) ;
#2493 = EDGE_CURVE ( 'NONE', #1850, #2224, #878, .T. ) ;
#2494 = VECTOR ( 'NONE', #2094, 1000.000000000000000 ) ;
#2495 = COLOUR_RGB ( '',0.8039215686274510109, 0.8039215686274510109, 0.8039215686274510109 ) ;
#2496 = DIRECTION ( 'NONE',  ( -0.000000000000000000, -0.000000000000000000, 1.000000000000000000 ) ) ;
#2497 = VECTOR ( 'NONE', #1695, 1000.000000000000000 ) ;
#2498 = CARTESIAN_POINT ( 'NONE',  ( 1.925000000000000044, -4.571444454642993982, -0.5507193504256789884 ) ) ;
#2499 = LINE ( 'NONE', #2401, #2235 ) ;
#2500 = VERTEX_POINT ( 'NONE', #1518 ) ;
#2501 = CARTESIAN_POINT ( 'NONE',  ( 3.053909207129226200, -2.644895764734329635, 1.115679269490146952 ) ) ;
#2502 = DIRECTION ( 'NONE',  ( 0.000000000000000000, 0.06975647374417795477, -0.9975640502598206449 ) ) ;
#2503 = CARTESIAN_POINT ( 'NONE',  ( -2.674999999999999822, -4.352403803428149587, -0.6712232637039488026 ) ) ;
#2504 = AXIS2_PLACEMENT_3D ( 'NONE', #106, #26, #359 ) ;
#2505 = EDGE_CURVE ( 'NONE', #555, #3036, #999, .T. ) ;
#2506 = CARTESIAN_POINT ( 'NONE',  ( -2.550000000000000711, 3.724844346342717216, -0.7500000000000000000 ) ) ;
#2507 = FACE_OUTER_BOUND ( 'NONE', #2074, .T. ) ;
#2508 = CARTESIAN_POINT ( 'NONE',  ( 2.675000000000000266, -5.249999999999999112, -0.8487790509594148602 ) ) ;
#2509 = FILL_AREA_STYLE_COLOUR ( '', #3220 ) ;
#2510 = STYLED_ITEM ( 'NONE', ( #3324 ), #1924 ) ;
#2511 = FILL_AREA_STYLE_COLOUR ( '', #943 ) ;
#2512 =( GEOMETRIC_REPRESENTATION_CONTEXT ( 3 ) GLOBAL_UNCERTAINTY_ASSIGNED_CONTEXT ( ( #3007 ) ) GLOBAL_UNIT_ASSIGNED_CONTEXT ( ( #1456, #437, #383 ) ) REPRESENTATION_CONTEXT ( 'NONE', 'WORKASPACE' ) );
#2513 = DIRECTION ( 'NONE',  ( 0.000000000000000000, -2.891205793294679017E-15, 1.000000000000000000 ) ) ;
#2514 = ORIENTED_EDGE ( 'NONE', *, *, #411, .F. ) ;
#2515 = ADVANCED_FACE ( 'NONE', ( #1232 ), #2527, .F. ) ;
#2516 = SURFACE_STYLE_USAGE ( .BOTH. , #1470 ) ;
#2517 = ORIENTED_EDGE ( 'NONE', *, *, #1504, .T. ) ;
#2518 = CARTESIAN_POINT ( 'NONE',  ( 2.675000000000000266, -3.549999999999998934, 0.2499999999999999445 ) ) ;
#2519 = ORIENTED_EDGE ( 'NONE', *, *, #929, .T. ) ;
#2520 = SURFACE_SIDE_STYLE ('',( #2472 ) ) ;
#2521 =( NAMED_UNIT ( * ) SI_UNIT ( $, .STERADIAN. ) SOLID_ANGLE_UNIT ( ) );
#2522 = DIRECTION ( 'NONE',  ( -1.000000000000000000, -0.000000000000000000, -0.000000000000000000 ) ) ;
#2523 =( NAMED_UNIT ( * ) SI_UNIT ( $, .STERADIAN. ) SOLID_ANGLE_UNIT ( ) );
#2524 = DIRECTION ( 'NONE',  ( -1.000000000000000000, -0.000000000000000000, -0.000000000000000000 ) ) ;
#2525 = ORIENTED_EDGE ( 'NONE', *, *, #1711, .T. ) ;
#2526 = SURFACE_STYLE_FILL_AREA ( #728 ) ;
#2527 = PLANE ( 'NONE',  #1282 ) ;
#2528 = ORIENTED_EDGE ( 'NONE', *, *, #988, .T. ) ;
#2529 = EDGE_LOOP ( 'NONE', ( #3192, #1607, #2189, #1754 ) ) ;
#2530 = LINE ( 'NONE', #148, #2714 ) ;
#2531 = ADVANCED_FACE ( 'NONE', ( #1778 ), #184, .T. ) ;
#2532 = DIRECTION ( 'NONE',  ( -0.000000000000000000, -0.000000000000000000, -1.000000000000000000 ) ) ;
#2533 = EDGE_CURVE ( 'NONE', #538, #2964, #2058, .T. ) ;
#2534 = PRESENTATION_STYLE_ASSIGNMENT (( #2554 ) ) ;
#2535 = AXIS2_PLACEMENT_3D ( 'NONE', #3374, #2082, #2616 ) ;
#2536 = LINE ( 'NONE', #745, #1458 ) ;
#2537 = DIRECTION ( 'NONE',  ( -1.000000000000000000, -1.445602896647337536E-15, -0.000000000000000000 ) ) ;
#2538 =( GEOMETRIC_REPRESENTATION_CONTEXT ( 3 ) GLOBAL_UNCERTAINTY_ASSIGNED_CONTEXT ( ( #2212 ) ) GLOBAL_UNIT_ASSIGNED_CONTEXT ( ( #1793, #2363, #2838 ) ) REPRESENTATION_CONTEXT ( 'NONE', 'WORKASPACE' ) );
#2539 = EDGE_CURVE ( 'NONE', #2457, #332, #445, .T. ) ;
#2540 = CARTESIAN_POINT ( 'NONE',  ( 2.995165195682754078, -2.749997015335264638, 0.2500283971880626344 ) ) ;
#2541 = DIRECTION ( 'NONE',  ( -1.000000000000000000, -2.907131363079811305E-15, 0.000000000000000000 ) ) ;
#2542 = CIRCLE ( 'NONE', #1562, 0.1499999999999999667 ) ;
#2543 = VECTOR ( 'NONE', #2222, 1000.000000000000000 ) ;
#2544 = VECTOR ( 'NONE', #1787, 1000.000000000000000 ) ;
#2545 = VERTEX_POINT ( 'NONE', #76 ) ;
#2546 = ORIENTED_EDGE ( 'NONE', *, *, #556, .T. ) ;
#2547 = STYLED_ITEM ( 'NONE', ( #1229 ), #873 ) ;
#2548 = PRESENTATION_LAYER_ASSIGNMENT (  '', '', ( #3373 ) ) ;
#2549 = ORIENTED_EDGE ( 'NONE', *, *, #2343, .F. ) ;
#2550 = CARTESIAN_POINT ( 'NONE',  ( -3.187867965644034740, -2.644895764734328747, -1.250000000000000222 ) ) ;
#2551 = ADVANCED_FACE ( 'NONE', ( #2021, #141 ), #1252, .T. ) ;
#2552 = VECTOR ( 'NONE', #2438, 1000.000000000000000 ) ;
#2553 = EDGE_CURVE ( 'NONE', #2698, #1770, #3070, .T. ) ;
#2554 = SURFACE_STYLE_USAGE ( .BOTH. , #1774 ) ;
#2555 = PLANE ( 'NONE',  #2287 ) ;
#2556 = CARTESIAN_POINT ( 'NONE',  ( -2.550000000000000711, 2.750000000000000888, -0.7500000000000000000 ) ) ;
#2557 = ADVANCED_FACE ( 'NONE', ( #380 ), #483, .F. ) ;
#2558 = VECTOR ( 'NONE', #183, 1000.000000000000000 ) ;
#2559 = CARTESIAN_POINT ( 'NONE',  ( -2.354730922823984773, -1.959835158089652474, 1.239999999999999991 ) ) ;
#2560 = ORIENTED_EDGE ( 'NONE', *, *, #2998, .F. ) ;
#2561 = FILL_AREA_STYLE ('',( #3437 ) ) ;
#2562 = SURFACE_SIDE_STYLE ('',( #1005 ) ) ;
#2563 = DIRECTION ( 'NONE',  ( -1.000000000000000000, -0.000000000000000000, -0.000000000000000000 ) ) ;
#2564 = LINE ( 'NONE', #3113, #1010 ) ;
#2565 = ORIENTED_EDGE ( 'NONE', *, *, #908, .F. ) ;
#2566 = DIRECTION ( 'NONE',  ( 0.000000000000000000, 0.000000000000000000, -1.000000000000000000 ) ) ;
#2567 = UNCERTAINTY_MEASURE_WITH_UNIT (LENGTH_MEASURE( 1.000000000000000082E-05 ), #989, 'distance_accuracy_value', 'NONE');
#2568 = DIRECTION ( 'NONE',  ( 0.000000000000000000, -1.000000000000000000, 0.000000000000000000 ) ) ;
#2569 = FACE_OUTER_BOUND ( 'NONE', #893, .T. ) ;
#2570 = DIRECTION ( 'NONE',  ( 1.000000000000000000, 0.000000000000000000, 0.000000000000000000 ) ) ;
#2571 =( NAMED_UNIT ( * ) PLANE_ANGLE_UNIT ( ) SI_UNIT ( $, .RADIAN. ) );
#2572 = EDGE_CURVE ( 'NONE', #583, #1608, #3343, .T. ) ;
#2573 = VERTEX_POINT ( 'NONE', #3122 ) ;
#2574 = CARTESIAN_POINT ( 'NONE',  ( 1.925000000000000044, -4.571444454642993982, -0.5507193504256789884 ) ) ;
#2575 = ORIENTED_EDGE ( 'NONE', *, *, #608, .F. ) ;
#2576 = CARTESIAN_POINT ( 'NONE',  ( -3.046612637206903340, -2.749999999999999112, -0.2499143400290862183 ) ) ;
#2577 = ORIENTED_EDGE ( 'NONE', *, *, #2854, .T. ) ;
#2578 = CYLINDRICAL_SURFACE ( 'NONE', #3170, 0.1499999999999999389 ) ;
#2579 = SURFACE_STYLE_USAGE ( .BOTH. , #494 ) ;
#2580 = CARTESIAN_POINT ( 'NONE',  ( -3.100819477201776309, 2.749997761507017469, -0.7499787021619260807 ) ) ;
#2581 = EDGE_CURVE ( 'NONE', #2224, #387, #2326, .T. ) ;
#2582 = ORIENTED_EDGE ( 'NONE', *, *, #2581, .F. ) ;
#2583 = SURFACE_STYLE_FILL_AREA ( #499 ) ;
#2584 = SURFACE_STYLE_USAGE ( .BOTH. , #2075 ) ;
#2585 = EDGE_CURVE ( 'NONE', #2593, #3296, #3330, .T. ) ;
#2586 = VECTOR ( 'NONE', #1674, 1000.000000000000000 ) ;
#2587 = AXIS2_PLACEMENT_3D ( 'NONE', #554, #2650, #286 ) ;
#2588 = LINE ( 'NONE', #2148, #1283 ) ;
#2589 = ORIENTED_EDGE ( 'NONE', *, *, #2695, .F. ) ;
#2590 = DIRECTION ( 'NONE',  ( 0.000000000000000000, 1.000000000000000000, -0.000000000000000000 ) ) ;
#2591 = AXIS2_PLACEMENT_3D ( 'NONE', #1818, #2386, #2862 ) ;
#2592 = MECHANICAL_DESIGN_GEOMETRIC_PRESENTATION_REPRESENTATION (  '', ( #569 ), #1117 ) ;
#2593 = VERTEX_POINT ( 'NONE', #1018 ) ;
#2594 = VECTOR ( 'NONE', #2912, 1000.000000000000000 ) ;
#2595 = UNCERTAINTY_MEASURE_WITH_UNIT (LENGTH_MEASURE( 1.000000000000000082E-05 ), #217, 'distance_accuracy_value', 'NONE');
#2596 = CARTESIAN_POINT ( 'NONE',  ( 3.249997761507016580, 2.600819477201775420, -0.7499787021619220839 ) ) ;
#2597 = DIRECTION ( 'NONE',  ( 0.000000000000000000, -0.9975640502598205339, -0.06975647374417831559 ) ) ;
#2598 = VECTOR ( 'NONE', #1465, 1000.000000000000114 ) ;
#2599 = CARTESIAN_POINT ( 'NONE',  ( 2.904730922823985040, -2.509835158089653184, 1.250000000000000000 ) ) ;
#2600 = DIRECTION ( 'NONE',  ( 0.000000000000000000, -0.000000000000000000, 1.000000000000000000 ) ) ;
#2601 = ORIENTED_EDGE ( 'NONE', *, *, #153, .F. ) ;
#2602 = PRESENTATION_LAYER_ASSIGNMENT (  '', '', ( #3432 ) ) ;
#2603 = ORIENTED_EDGE ( 'NONE', *, *, #3278, .T. ) ;
#2604 = ORIENTED_EDGE ( 'NONE', *, *, #3072, .T. ) ;
#2605 = CARTESIAN_POINT ( 'NONE',  ( 3.100000000000000977, 2.750000000000000888, -0.7500000000000000000 ) ) ;
#2606 = AXIS2_PLACEMENT_3D ( 'NONE', #1366, #312, #1108 ) ;
#2607 = AXIS2_PLACEMENT_3D ( 'NONE', #2817, #1479, #1492 ) ;
#2608 = PRESENTATION_STYLE_ASSIGNMENT (( #810 ) ) ;
#2609 = EDGE_CURVE ( 'NONE', #2414, #924, #766, .T. ) ;
#2610 = VECTOR ( 'NONE', #2857, 1000.000000000000000 ) ;
#2611 =( NAMED_UNIT ( * ) PLANE_ANGLE_UNIT ( ) SI_UNIT ( $, .RADIAN. ) );
#2612 = ORIENTED_EDGE ( 'NONE', *, *, #3410, .T. ) ;
#2613 = FILL_AREA_STYLE_COLOUR ( '', #1384 ) ;
#2614 = VECTOR ( 'NONE', #2342, 1000.000000000000000 ) ;
#2615 = VERTEX_POINT ( 'NONE', #2125 ) ;
#2616 = DIRECTION ( 'NONE',  ( 0.000000000000000000, 0.000000000000000000, 1.000000000000000000 ) ) ;
#2617 = ORIENTED_EDGE ( 'NONE', *, *, #1162, .F. ) ;
#2618 = COLOUR_RGB ( '',0.8039215686274510109, 0.8039215686274510109, 0.8039215686274510109 ) ;
#2619 = FILL_AREA_STYLE_COLOUR ( '', #1243 ) ;
#2620 = CARTESIAN_POINT ( 'NONE',  ( 1.925000000000000044, -5.249999999999999112, -0.8487790509594148602 ) ) ;
#2621 = CARTESIAN_POINT ( 'NONE',  ( 3.100000000000000533, 2.600000000000000533, -1.250000000000000000 ) ) ;
#2622 = FILL_AREA_STYLE_COLOUR ( '', #2041 ) ;
#2623 = VERTEX_POINT ( 'NONE', #2384 ) ;
#2624 = ORIENTED_EDGE ( 'NONE', *, *, #2461, .T. ) ;
#2625 = DIRECTION ( 'NONE',  ( 0.000000000000000000, -1.000000000000000000, -1.662374665054309208E-16 ) ) ;
#2626 = CARTESIAN_POINT ( 'NONE',  ( -5.261016559127030590, -2.749999999999999112, 0.2500000000000000000 ) ) ;
#2627 = EDGE_CURVE ( 'NONE', #1960, #1321, #3166, .T. ) ;
#2628 = EDGE_CURVE ( 'NONE', #387, #1342, #1467, .T. ) ;
#2629 = AXIS2_PLACEMENT_3D ( 'NONE', #1194, #3298, #3018 ) ;
#2630 = SURFACE_STYLE_FILL_AREA ( #3169 ) ;
#2631 = EDGE_CURVE ( 'NONE', #3153, #1987, #806, .T. ) ;
#2632 = VERTEX_POINT ( 'NONE', #2911 ) ;
#2633 = PRESENTATION_STYLE_ASSIGNMENT (( #2063 ) ) ;
#2634 = ORIENTED_EDGE ( 'NONE', *, *, #2095, .F. ) ;
#2635 = DIRECTION ( 'NONE',  ( -0.000000000000000000, -1.000000000000000000, -0.000000000000000000 ) ) ;
#2636 = EDGE_CURVE ( 'NONE', #3029, #1133, #1289, .T. ) ;
#2637 =( NAMED_UNIT ( * ) SI_UNIT ( $, .STERADIAN. ) SOLID_ANGLE_UNIT ( ) );
#2638 = CARTESIAN_POINT ( 'NONE',  ( -2.904730922823985040, -2.509835158089653184, 1.250000000000000000 ) ) ;
#2639 = EDGE_CURVE ( 'NONE', #1398, #2698, #2895, .T. ) ;
#2640 = ORIENTED_EDGE ( 'NONE', *, *, #3009, .F. ) ;
#2641 = ORIENTED_EDGE ( 'NONE', *, *, #408, .T. ) ;
#2642 =( LENGTH_UNIT ( ) NAMED_UNIT ( * ) SI_UNIT ( .MILLI., .METRE. ) );
#2643 = CARTESIAN_POINT ( 'NONE',  ( 2.675000000000000266, -2.749999999999999112, 0.2499999999999999445 ) ) ;
#2644 = ADVANCED_FACE ( 'NONE', ( #1034 ), #2370, .F. ) ;
#2645 = DIRECTION ( 'NONE',  ( -1.000000000000000000, 0.000000000000000000, 0.000000000000000000 ) ) ;
#2646 = AXIS2_PLACEMENT_3D ( 'NONE', #2498, #3199, #593 ) ;
#2647 = AXIS2_PLACEMENT_3D ( 'NONE', #340, #1396, #2456 ) ;
#2648 = VECTOR ( 'NONE', #1942, 1000.000000000000000 ) ;
#2649 = ORIENTED_EDGE ( 'NONE', *, *, #181, .F. ) ;
#2650 = DIRECTION ( 'NONE',  ( 0.000000000000000000, -0.8761626048593786908, 0.4820156531130790900 ) ) ;
#2651 = FACE_OUTER_BOUND ( 'NONE', #1415, .T. ) ;
#2652 = AXIS2_PLACEMENT_3D ( 'NONE', #957, #169, #1484 ) ;
#2653 = DIRECTION ( 'NONE',  ( 1.000000000000000000, -3.038779738999107774E-16, -2.891205793294680594E-15 ) ) ;
#2654 = VECTOR ( 'NONE', #2117, 1000.000000000000114 ) ;
#2655 = DIRECTION ( 'NONE',  ( 0.000000000000000000, 0.000000000000000000, 1.000000000000000000 ) ) ;
#2656 = MECHANICAL_DESIGN_GEOMETRIC_PRESENTATION_REPRESENTATION (  '', ( #3265 ), #739 ) ;
#2657 = ADVANCED_FACE ( 'NONE', ( #3436 ), #2860, .F. ) ;
#2658 = ORIENTED_EDGE ( 'NONE', *, *, #2843, .T. ) ;
#2659 = DIRECTION ( 'NONE',  ( -0.000000000000000000, 0.1045284632676468650, -0.9945218953682740670 ) ) ;
#2660 =( LENGTH_UNIT ( ) NAMED_UNIT ( * ) SI_UNIT ( .MILLI., .METRE. ) );
#2661 = COLOUR_RGB ( '',0.8039215686274510109, 0.8039215686274510109, 0.8039215686274510109 ) ;
#2662 = ORIENTED_EDGE ( 'NONE', *, *, #2044, .F. ) ;
#2663 = CARTESIAN_POINT ( 'NONE',  ( -3.100819477201776309, 2.749997761507017469, -0.7499787021619260807 ) ) ;
#2664 = FILL_AREA_STYLE_COLOUR ( '', #2940 ) ;
#2665 = LINE ( 'NONE', #2643, #2666 ) ;
#2666 = VECTOR ( 'NONE', #2128, 1000.000000000000000 ) ;
#2667 = CARTESIAN_POINT ( 'NONE',  ( 2.550000000000000711, 4.250000000000000000, -0.7500000000000000000 ) ) ;
#2668 = VECTOR ( 'NONE', #2925, 1000.000000000000000 ) ;
#2669 = ORIENTED_EDGE ( 'NONE', *, *, #133, .F. ) ;
#2670 =( NAMED_UNIT ( * ) SI_UNIT ( $, .STERADIAN. ) SOLID_ANGLE_UNIT ( ) );
#2671 = VERTEX_POINT ( 'NONE', #2866 ) ;
#2672 = CARTESIAN_POINT ( 'NONE',  ( 1.925000000000000044, -2.749999999999999112, -0.2500000000000000555 ) ) ;
#2673 = AXIS2_PLACEMENT_3D ( 'NONE', #424, #2524, #1224 ) ;
#2674 = FACE_OUTER_BOUND ( 'NONE', #2529, .T. ) ;
#2675 = CARTESIAN_POINT ( 'NONE',  ( 2.904730922823985040, 2.404730922823985040, 1.100000000000000089 ) ) ;
#2676 =( GEOMETRIC_REPRESENTATION_CONTEXT ( 3 ) GLOBAL_UNCERTAINTY_ASSIGNED_CONTEXT ( ( #724 ) ) GLOBAL_UNIT_ASSIGNED_CONTEXT ( ( #1892, #115, #671 ) ) REPRESENTATION_CONTEXT ( 'NONE', 'WORKASPACE' ) );
#2677 = VERTEX_POINT ( 'NONE', #2309 ) ;
#2678 = CYLINDRICAL_SURFACE ( 'NONE', #2448, 0.2750000000000000777 ) ;
#2679 = LINE ( 'NONE', #1407, #828 ) ;
#2680 = EDGE_CURVE ( 'NONE', #2722, #318, #3080, .T. ) ;
#2681 =( LENGTH_UNIT ( ) NAMED_UNIT ( * ) SI_UNIT ( .MILLI., .METRE. ) );
#2682 = LINE ( 'NONE', #2437, #3308 ) ;
#2683 = LINE ( 'NONE', #1660, #2552 ) ;
#2684 = STYLED_ITEM ( 'NONE', ( #3346 ), #3334 ) ;
#2685 = UNCERTAINTY_MEASURE_WITH_UNIT (LENGTH_MEASURE( 1.000000000000000082E-05 ), #1073, 'distance_accuracy_value', 'NONE');
#2686 = SURFACE_SIDE_STYLE ('',( #2952 ) ) ;
#2687 = AXIS2_PLACEMENT_3D ( 'NONE', #3232, #1386, #1880 ) ;
#2688 = CARTESIAN_POINT ( 'NONE',  ( -1.924999999999999600, -3.621241502970535375, -0.3794960867217309075 ) ) ;
#2689 = ORIENTED_EDGE ( 'NONE', *, *, #1206, .F. ) ;
#2690 = ORIENTED_EDGE ( 'NONE', *, *, #1198, .T. ) ;
#2691 = ADVANCED_FACE ( 'NONE', ( #2569 ), #1533, .T. ) ;
#2692 = DIRECTION ( 'NONE',  ( 0.000000000000000000, 0.000000000000000000, 1.000000000000000000 ) ) ;
#2693 = LINE ( 'NONE', #2208, #2897 ) ;
#2694 = FACE_OUTER_BOUND ( 'NONE', #46, .T. ) ;
#2695 = EDGE_CURVE ( 'NONE', #1608, #1083, #3325, .T. ) ;
#2696 = DIRECTION ( 'NONE',  ( 0.000000000000000000, -0.000000000000000000, 1.000000000000000000 ) ) ;
#2697 =( LENGTH_UNIT ( ) NAMED_UNIT ( * ) SI_UNIT ( .MILLI., .METRE. ) );
#2698 = VERTEX_POINT ( 'NONE', #2815 ) ;
#2699 = ORIENTED_EDGE ( 'NONE', *, *, #444, .T. ) ;
#2700 = CYLINDRICAL_SURFACE ( 'NONE', #1497, 0.1499999999999999389 ) ;
#2701 = LINE ( 'NONE', #334, #2241 ) ;
#2702 = SURFACE_STYLE_FILL_AREA ( #321 ) ;
#2703 = EDGE_CURVE ( 'NONE', #1199, #2375, #1758, .T. ) ;
#2704 = EDGE_CURVE ( 'NONE', #285, #2863, #1225, .T. ) ;
#2705 = PRESENTATION_LAYER_ASSIGNMENT (  '', '', ( #3096 ) ) ;
#2706 = CARTESIAN_POINT ( 'NONE',  ( 2.249999999999999556, 2.750000000000000888, -0.7500000000000000000 ) ) ;
#2707 = ORIENTED_EDGE ( 'NONE', *, *, #1661, .T. ) ;
#2708 = EDGE_LOOP ( 'NONE', ( #3435, #450, #1634, #3245 ) ) ;
#2709 = SURFACE_SIDE_STYLE ('',( #1687 ) ) ;
#2710 = CARTESIAN_POINT ( 'NONE',  ( 3.250000000000000444, -2.494069522799801764, -1.250000000000000000 ) ) ;
#2711 =( GEOMETRIC_REPRESENTATION_CONTEXT ( 3 ) GLOBAL_UNCERTAINTY_ASSIGNED_CONTEXT ( ( #1699 ) ) GLOBAL_UNIT_ASSIGNED_CONTEXT ( ( #1364, #2165, #2670 ) ) REPRESENTATION_CONTEXT ( 'NONE', 'WORKASPACE' ) );
#2712 = ORIENTED_EDGE ( 'NONE', *, *, #368, .F. ) ;
#2713 = AXIS2_PLACEMENT_3D ( 'NONE', #2104, #1845, #823 ) ;
#2714 = VECTOR ( 'NONE', #2062, 1000.000000000000227 ) ;
#2715 = ORIENTED_EDGE ( 'NONE', *, *, #712, .T. ) ;
#2716 = CARTESIAN_POINT ( 'NONE',  ( -2.629730922823985129, -1.959835158089652474, 1.250000000000000000 ) ) ;
#2717 = AXIS2_PLACEMENT_3D ( 'NONE', #2574, #484, #1253 ) ;
#2718 =( LENGTH_UNIT ( ) NAMED_UNIT ( * ) SI_UNIT ( .MILLI., .METRE. ) );
#2719 =( NAMED_UNIT ( * ) SI_UNIT ( $, .STERADIAN. ) SOLID_ANGLE_UNIT ( ) );
#2720 =( GEOMETRIC_REPRESENTATION_CONTEXT ( 3 ) GLOBAL_UNCERTAINTY_ASSIGNED_CONTEXT ( ( #1547 ) ) GLOBAL_UNIT_ASSIGNED_CONTEXT ( ( #824, #3395, #2637 ) ) REPRESENTATION_CONTEXT ( 'NONE', 'WORKASPACE' ) );
#2721 = FACE_OUTER_BOUND ( 'NONE', #2708, .T. ) ;
#2722 = VERTEX_POINT ( 'NONE', #1011 ) ;
#2723 = AXIS2_PLACEMENT_3D ( 'NONE', #3276, #1977, #919 ) ;
#2724 = CARTESIAN_POINT ( 'NONE',  ( -3.226048769068405431, -2.568924913734945914, -0.5221192597895379928 ) ) ;
#2725 =( GEOMETRIC_REPRESENTATION_CONTEXT ( 3 ) GLOBAL_UNCERTAINTY_ASSIGNED_CONTEXT ( ( #3155 ) ) GLOBAL_UNIT_ASSIGNED_CONTEXT ( ( #420, #2265, #436 ) ) REPRESENTATION_CONTEXT ( 'NONE', 'WORKASPACE' ) );
#2726 = ORIENTED_EDGE ( 'NONE', *, *, #2581, .T. ) ;
#2727 = CARTESIAN_POINT ( 'NONE',  ( -2.674999999999999822, -5.249999999999999112, -1.350000000000000089 ) ) ;
#2728 = ORIENTED_EDGE ( 'NONE', *, *, #967, .F. ) ;
#2729 = DIRECTION ( 'NONE',  ( 0.000000000000000000, -0.000000000000000000, -1.000000000000000000 ) ) ;
#2730 =( NAMED_UNIT ( * ) PLANE_ANGLE_UNIT ( ) SI_UNIT ( $, .RADIAN. ) );
#2731 = CARTESIAN_POINT ( 'NONE',  ( 3.250000000000000888, -2.599999999999999201, -0.7499999999999998890 ) ) ;
#2732 = CARTESIAN_POINT ( 'NONE',  ( -3.046069306454769254, -2.749999999999999112, -0.2499714463922856345 ) ) ;
#2733 = CARTESIAN_POINT ( 'NONE',  ( -3.099999999999999645, -2.694973682803351700, -0.7735404363825897356 ) ) ;
#2734 = VECTOR ( 'NONE', #1281, 1000.000000000000227 ) ;
#2735 = ORIENTED_EDGE ( 'NONE', *, *, #3208, .F. ) ;
#2736 = ORIENTED_EDGE ( 'NONE', *, *, #1993, .F. ) ;
#2737 = CARTESIAN_POINT ( 'NONE',  ( -2.674999999999999822, -3.549999999999998934, -0.2500000000000000000 ) ) ;
#2738 = AXIS2_PLACEMENT_3D ( 'NONE', #865, #2459, #1379 ) ;
#2739 = CARTESIAN_POINT ( 'NONE',  ( 3.039791529468661935, -2.509835158089653184, 1.250000000000000000 ) ) ;
#2740 = ADVANCED_FACE ( 'NONE', ( #996 ), #180, .F. ) ;
#2741 =( BOUNDED_CURVE ( )  B_SPLINE_CURVE ( 3, ( #9, #1134, #2199, #3193 ),
 .UNSPECIFIED., .F., .T. ) 
 B_SPLINE_CURVE_WITH_KNOTS ( ( 4, 4 ),
 ( 5.503250352303673765, 7.063120262055498699 ),
 .UNSPECIFIED. ) 
 CURVE ( )  GEOMETRIC_REPRESENTATION_ITEM ( )  RATIONAL_B_SPLINE_CURVE ( ( 1.000000000000000000, 0.8073061876036297102, 0.8073061876036297102, 1.000000000000000000 ) ) 
 REPRESENTATION_ITEM ( '' )  );
#2742 = ORIENTED_EDGE ( 'NONE', *, *, #243, .T. ) ;
#2743 = DIRECTION ( 'NONE',  ( 0.000000000000000000, 0.9945218953682740670, -0.1045284632676464348 ) ) ;
#2744 = CARTESIAN_POINT ( 'NONE',  ( -1.924999999999999600, -2.749999999999999112, -0.2500000000000000555 ) ) ;
#2745 = ORIENTED_EDGE ( 'NONE', *, *, #2487, .T. ) ;
#2746 = SURFACE_STYLE_USAGE ( .BOTH. , #2779 ) ;
#2747 = ADVANCED_FACE ( 'NONE', ( #1810 ), #1511, .T. ) ;
#2748 = CYLINDRICAL_SURFACE ( 'NONE', #2492, 0.1499999999999999667 ) ;
#2749 = CYLINDRICAL_SURFACE ( 'NONE', #1743, 0.2499999999999994726 ) ;
#2750 = EDGE_CURVE ( 'NONE', #772, #1684, #690, .T. ) ;
#2751 = CARTESIAN_POINT ( 'NONE',  ( -1.924999999999999600, -3.402200851755691424, -0.2500000000000005551 ) ) ;
#2752 = EDGE_CURVE ( 'NONE', #1474, #1890, #797, .T. ) ;
#2753 = ORIENTED_EDGE ( 'NONE', *, *, #849, .F. ) ;
#2754 = CARTESIAN_POINT ( 'NONE',  ( -1.924999999999999600, -3.988081302429688169, -0.008992173443461076027 ) ) ;
#2755 = LINE ( 'NONE', #1135, #1913 ) ;
#2756 = ADVANCED_FACE ( 'NONE', ( #1334 ), #2102, .F. ) ;
#2757 = DIRECTION ( 'NONE',  ( 0.000000000000000000, 0.000000000000000000, -1.000000000000000000 ) ) ;
#2758 = UNCERTAINTY_MEASURE_WITH_UNIT (LENGTH_MEASURE( 1.000000000000000082E-05 ), #429, 'distance_accuracy_value', 'NONE');
#2759 = CARTESIAN_POINT ( 'NONE',  ( -2.250000000000001332, -1.249999999999998668, -1.250000000000000000 ) ) ;
#2760 = CARTESIAN_POINT ( 'NONE',  ( -2.995708526523967574, -2.749991046094875990, 0.2500851907166289356 ) ) ;
#2761 = ORIENTED_EDGE ( 'NONE', *, *, #1041, .F. ) ;
#2762 = DIRECTION ( 'NONE',  ( 1.000000000000000000, 0.000000000000000000, 0.000000000000000000 ) ) ;
#2763 =( NAMED_UNIT ( * ) SI_UNIT ( $, .STERADIAN. ) SOLID_ANGLE_UNIT ( ) );
#2764 = COLOUR_RGB ( '',0.2862745098039215508, 0.2862745098039215508, 0.2862745098039215508 ) ;
#2765 =( LENGTH_UNIT ( ) NAMED_UNIT ( * ) SI_UNIT ( .MILLI., .METRE. ) );
#2766 = PRESENTATION_LAYER_ASSIGNMENT (  '', '', ( #860 ) ) ;
#2767 = VECTOR ( 'NONE', #3239, 1000.000000000000000 ) ;
#2768 = VERTEX_POINT ( 'NONE', #1056 ) ;
#2769 = CARTESIAN_POINT ( 'NONE',  ( 1.799999999999997380, 4.250000000000000000, -0.7500000000000000000 ) ) ;
#2770 = PRESENTATION_STYLE_ASSIGNMENT (( #998 ) ) ;
#2771 = DIRECTION ( 'NONE',  ( 0.000000000000000000, 0.4820156531130790900, 0.8761626048593786908 ) ) ;
#2772 = PRESENTATION_LAYER_ASSIGNMENT (  '', '', ( #1060 ) ) ;
#2773 = AXIS2_PLACEMENT_3D ( 'NONE', #3279, #1721, #2762 ) ;
#2774 = CIRCLE ( 'NONE', #1220, 0.4999999999999997780 ) ;
#2775 = ADVANCED_FACE ( 'NONE', ( #2959 ), #2137, .T. ) ;
#2776 = AXIS2_PLACEMENT_3D ( 'NONE', #1264, #1301, #1079 ) ;
#2777 = ORIENTED_EDGE ( 'NONE', *, *, #1531, .T. ) ;
#2778 = VERTEX_POINT ( 'NONE', #1844 ) ;
#2779 = SURFACE_SIDE_STYLE ('',( #3013 ) ) ;
#2780 = CARTESIAN_POINT ( 'NONE',  ( -2.904730922823985040, -2.644895764734329635, 1.250000000000000000 ) ) ;
#2781 = SURFACE_STYLE_FILL_AREA ( #2268 ) ;
#2782 = SURFACE_STYLE_FILL_AREA ( #725 ) ;
#2783 = ADVANCED_FACE ( 'NONE', ( #838 ), #2939, .F. ) ;
#2784 = VERTEX_POINT ( 'NONE', #526 ) ;
#2785 = DIRECTION ( 'NONE',  ( 0.000000000000000000, 0.000000000000000000, -1.000000000000000000 ) ) ;
#2786 = SURFACE_STYLE_FILL_AREA ( #1181 ) ;
#2787 = CARTESIAN_POINT ( 'NONE',  ( 2.995708526523970683, -2.749991046094875990, 0.2500851907166288246 ) ) ;
#2788 = PRODUCT_DEFINITION ( 'UNKNOWN', '', #493, #414 ) ;
#2789 = COLOUR_RGB ( '',0.8039215686274510109, 0.8039215686274510109, 0.8039215686274510109 ) ;
#2790 =( NAMED_UNIT ( * ) SI_UNIT ( $, .STERADIAN. ) SOLID_ANGLE_UNIT ( ) );
#2791 = VERTEX_POINT ( 'NONE', #577 ) ;
#2792 = PRESENTATION_STYLE_ASSIGNMENT (( #1753 ) ) ;
#2793 = ORIENTED_EDGE ( 'NONE', *, *, #2877, .T. ) ;
#2794 = LINE ( 'NONE', #1769, #2449 ) ;
#2795 = VERTEX_POINT ( 'NONE', #1638 ) ;
#2796 = DIRECTION ( 'NONE',  ( 0.000000000000000000, 0.000000000000000000, 1.000000000000000000 ) ) ;
#2797 = DIRECTION ( 'NONE',  ( 0.000000000000000000, 0.000000000000000000, 1.000000000000000000 ) ) ;
#2798 = DIRECTION ( 'NONE',  ( -0.000000000000000000, -0.000000000000000000, 1.000000000000000000 ) ) ;
#2799 = EDGE_CURVE ( 'NONE', #486, #2593, #1586, .T. ) ;
#2800 = DIRECTION ( 'NONE',  ( 2.168404344971008868E-16, 1.000000000000000000, 0.000000000000000000 ) ) ;
#2801 = DIRECTION ( 'NONE',  ( 1.000000000000000000, 0.000000000000000000, 0.000000000000000000 ) ) ;
#2802 = SURFACE_STYLE_USAGE ( .BOTH. , #461 ) ;
#2803 = CARTESIAN_POINT ( 'NONE',  ( -5.261016559127030590, 2.404730922823985040, 1.100000000000000089 ) ) ;
#2804 = CARTESIAN_POINT ( 'NONE',  ( 3.046069306454768366, -2.749999999999999112, -0.2499714463922879104 ) ) ;
#2805 = CARTESIAN_POINT ( 'NONE',  ( -2.904730922823985040, -4.761016559127029701, 1.100000000000000311 ) ) ;
#2806 = EDGE_CURVE ( 'NONE', #3121, #2974, #3209, .T. ) ;
#2807 = ORIENTED_EDGE ( 'NONE', *, *, #2291, .T. ) ;
#2808 = DIRECTION ( 'NONE',  ( 0.000000000000000000, 0.000000000000000000, 1.000000000000000000 ) ) ;
#2809 = ORIENTED_EDGE ( 'NONE', *, *, #2254, .F. ) ;
#2810 = CARTESIAN_POINT ( 'NONE',  ( -2.904730922823985040, -2.509835158089653184, 1.100000000000000089 ) ) ;
#2811 = CARTESIAN_POINT ( 'NONE',  ( 2.675000000000000266, -3.979999999999999094, -1.031613455198621132 ) ) ;
#2812 = DIRECTION ( 'NONE',  ( -0.1039620511844909917, 0.1039620511844909917, 0.9891328443778553137 ) ) ;
#2813 = UNCERTAINTY_MEASURE_WITH_UNIT (LENGTH_MEASURE( 1.000000000000000082E-05 ), #2427, 'distance_accuracy_value', 'NONE');
#2814 = CARTESIAN_POINT ( 'NONE',  ( 2.821889727261892578, -2.749999999999999112, 1.888181326401334514 ) ) ;
#2815 = CARTESIAN_POINT ( 'NONE',  ( -2.550000000000000711, 3.724844346342717216, -1.250000000000000000 ) ) ;
#2816 = DIRECTION ( 'NONE',  ( 0.000000000000000000, 0.4820156531130794786, 0.8761626048593784688 ) ) ;
#2817 = CARTESIAN_POINT ( 'NONE',  ( 0.3750000000000003331, -4.571444454642993982, -0.5507193504256789884 ) ) ;
#2818 = EDGE_CURVE ( 'NONE', #2124, #2974, #2362, .T. ) ;
#2819 = AXIS2_PLACEMENT_3D ( 'NONE', #442, #727, #1969 ) ;
#2820 = PRESENTATION_LAYER_ASSIGNMENT (  '', '', ( #911 ) ) ;
#2821 = FILL_AREA_STYLE ('',( #1000 ) ) ;
#2822 = COLOUR_RGB ( '',0.8039215686274510109, 0.8039215686274510109, 0.8039215686274510109 ) ;
#2823 = VECTOR ( 'NONE', #253, 1000.000000000000000 ) ;
#2824 = CARTESIAN_POINT ( 'NONE',  ( -1.924999999999999600, -5.249999999999999112, -1.350000000000000089 ) ) ;
#2825 = COLOUR_RGB ( '',0.8039215686274510109, 0.8039215686274510109, 0.8039215686274510109 ) ;
#2826 = AXIS2_PLACEMENT_3D ( 'NONE', #599, #1652, #1978 ) ;
#2827 = CARTESIAN_POINT ( 'NONE',  ( 2.249999999999999556, -1.249999999999999334, -0.7500000000000000000 ) ) ;
#2828 = ORIENTED_EDGE ( 'NONE', *, *, #2628, .T. ) ;
#2829 = DIRECTION ( 'NONE',  ( 0.000000000000000000, -0.4820156531130790900, -0.8761626048593786908 ) ) ;
#2830 = MECHANICAL_DESIGN_GEOMETRIC_PRESENTATION_REPRESENTATION (  '', ( #1681 ), #3370 ) ;
#2831 = EDGE_CURVE ( 'NONE', #735, #2795, #3050, .T. ) ;
#2832 = DIRECTION ( 'NONE',  ( 0.000000000000000000, -0.000000000000000000, 1.000000000000000000 ) ) ;
#2833 =( GEOMETRIC_REPRESENTATION_CONTEXT ( 3 ) GLOBAL_UNCERTAINTY_ASSIGNED_CONTEXT ( ( #2885 ) ) GLOBAL_UNIT_ASSIGNED_CONTEXT ( ( #674, #1203, #2523 ) ) REPRESENTATION_CONTEXT ( 'NONE', 'WORKASPACE' ) );
#2834 = CARTESIAN_POINT ( 'NONE',  ( 2.249999999999999556, -1.249999999999999334, -0.7500000000000000000 ) ) ;
#2835 = EDGE_LOOP ( 'NONE', ( #3134, #2689, #548, #2874 ) ) ;
#2836 = LINE ( 'NONE', #1840, #2347 ) ;
#2837 =( NAMED_UNIT ( * ) SI_UNIT ( $, .STERADIAN. ) SOLID_ANGLE_UNIT ( ) );
#2838 =( NAMED_UNIT ( * ) SI_UNIT ( $, .STERADIAN. ) SOLID_ANGLE_UNIT ( ) );
#2839 = CARTESIAN_POINT ( 'NONE',  ( -3.143599458868155505, -2.687108607248613001, 0.2623335264549424006 ) ) ;
#2840 = CARTESIAN_POINT ( 'NONE',  ( 2.675000000000000266, -2.749999999999999112, 0.2499999999999999445 ) ) ;
#2841 = ORIENTED_EDGE ( 'NONE', *, *, #3398, .F. ) ;
#2842 = CARTESIAN_POINT ( 'NONE',  ( -2.550000000000000711, 3.724844346342717216, -1.250000000000000000 ) ) ;
#2843 = EDGE_CURVE ( 'NONE', #863, #2457, #2170, .T. ) ;
#2844 = PRESENTATION_LAYER_ASSIGNMENT (  '', '', ( #2197 ) ) ;
#2845 = FILL_AREA_STYLE_COLOUR ( '', #3098 ) ;
#2846 = VERTEX_POINT ( 'NONE', #3014 ) ;
#2847 = SURFACE_STYLE_USAGE ( .BOTH. , #2080 ) ;
#2848 = CARTESIAN_POINT ( 'NONE',  ( -3.194973682803352588, -2.599999999999999201, -0.2264595636173978577 ) ) ;
#2849 = ORIENTED_EDGE ( 'NONE', *, *, #2899, .F. ) ;
#2850 = CARTESIAN_POINT ( 'NONE',  ( 1.925000000000000044, -4.418081302429688328, -0.7906056286420819479 ) ) ;
#2851 = UNCERTAINTY_MEASURE_WITH_UNIT (LENGTH_MEASURE( 1.000000000000000082E-05 ), #430, 'distance_accuracy_value', 'NONE');
#2852 = SPHERICAL_SURFACE ( 'NONE', #1413, 0.1499999999999999944 ) ;
#2853 = FILL_AREA_STYLE_COLOUR ( '', #278 ) ;
#2854 = EDGE_CURVE ( 'NONE', #1960, #2441, #1902, .T. ) ;
#2855 = DIRECTION ( 'NONE',  ( -0.1045284632676464209, 0.000000000000000000, -0.9945218953682740670 ) ) ;
#2856 = CARTESIAN_POINT ( 'NONE',  ( 2.675000000000000266, -4.352403803428149587, -0.6712232637039488026 ) ) ;
#2857 = DIRECTION ( 'NONE',  ( -0.000000000000000000, -0.000000000000000000, 1.000000000000000000 ) ) ;
#2858 = LINE ( 'NONE', #1305, #1038 ) ;
#2859 = EDGE_LOOP ( 'NONE', ( #2662, #1201, #2517, #862 ) ) ;
#2860 = PLANE ( 'NONE',  #3421 ) ;
#2861 = ADVANCED_FACE ( 'NONE', ( #2694 ), #936, .F. ) ;
#2862 = DIRECTION ( 'NONE',  ( 1.000000000000000000, -1.445602896647339163E-16, 0.000000000000000000 ) ) ;
#2863 = VERTEX_POINT ( 'NONE', #1175 ) ;
#2864 = DIRECTION ( 'NONE',  ( 0.5735764363510449382, -0.8191520442889926867, 0.000000000000000000 ) ) ;
#2865 = PRESENTATION_STYLE_ASSIGNMENT (( #1825 ) ) ;
#2866 = CARTESIAN_POINT ( 'NONE',  ( -2.674999999999999822, -5.249999999999999112, -0.8487790509594148602 ) ) ;
#2867 = SURFACE_STYLE_FILL_AREA ( #3158 ) ;
#2868 = CARTESIAN_POINT ( 'NONE',  ( -1.924999999999999600, -5.249999999999999112, -1.350000000000000089 ) ) ;
#2869 =( BOUNDED_CURVE ( )  B_SPLINE_CURVE ( 3, ( #1765, #974, #2804, #446 ),
 .UNSPECIFIED., .F., .T. ) 
 B_SPLINE_CURVE_WITH_KNOTS ( ( 4, 4 ),
 ( 3.130666236546709946, 3.141592653589799333 ),
 .UNSPECIFIED. ) 
 CURVE ( )  GEOMETRIC_REPRESENTATION_ITEM ( )  RATIONAL_B_SPLINE_CURVE ( ( 1.000000000000000000, 0.9999900511422950000, 0.9999900511422950000, 1.000000000000000000 ) ) 
 REPRESENTATION_ITEM ( '' )  );
#2870 = VECTOR ( 'NONE', #2971, 1000.000000000000000 ) ;
#2871 = DIRECTION ( 'NONE',  ( 0.000000000000000000, 1.000000000000000000, 0.000000000000000000 ) ) ;
#2872 = ADVANCED_FACE ( 'NONE', ( #3027 ), #384, .T. ) ;
#2873 = ORIENTED_EDGE ( 'NONE', *, *, #2023, .F. ) ;
#2874 = ORIENTED_EDGE ( 'NONE', *, *, #2101, .T. ) ;
#2875 = DIRECTION ( 'NONE',  ( 0.000000000000000000, -0.9975640502598205339, -0.06975647374417831559 ) ) ;
#2876 = SURFACE_STYLE_FILL_AREA ( #789 ) ;
#2877 = EDGE_CURVE ( 'NONE', #2846, #3131, #1623, .T. ) ;
#2878 = CLOSED_SHELL ( 'NONE', ( #626, #2644, #2657, #331, #1522, #3411, #1788 ) ) ;
#2879 =( GEOMETRIC_REPRESENTATION_CONTEXT ( 3 ) GLOBAL_UNCERTAINTY_ASSIGNED_CONTEXT ( ( #179 ) ) GLOBAL_UNIT_ASSIGNED_CONTEXT ( ( #2642, #3132, #1343 ) ) REPRESENTATION_CONTEXT ( 'NONE', 'WORKASPACE' ) );
#2880 = CARTESIAN_POINT ( 'NONE',  ( 2.675000000000000266, -3.988081302429688169, -0.008992173443461048271 ) ) ;
#2881 = ORIENTED_EDGE ( 'NONE', *, *, #833, .T. ) ;
#2882 = AXIS2_PLACEMENT_3D ( 'NONE', #1962, #1368, #2223 ) ;
#2883 = VECTOR ( 'NONE', #738, 1000.000000000000000 ) ;
#2884 = ORIENTED_EDGE ( 'NONE', *, *, #2998, .T. ) ;
#2885 = UNCERTAINTY_MEASURE_WITH_UNIT (LENGTH_MEASURE( 1.000000000000000082E-05 ), #674, 'distance_accuracy_value', 'NONE');
#2886 = PLANE ( 'NONE',  #2713 ) ;
#2887 = LINE ( 'NONE', #2856, #1572 ) ;
#2888 = ADVANCED_FACE ( 'NONE', ( #81 ), #2748, .T. ) ;
#2889 = MECHANICAL_DESIGN_GEOMETRIC_PRESENTATION_REPRESENTATION (  '', ( #1794 ), #358 ) ;
#2890 = LINE ( 'NONE', #508, #705 ) ;
#2891 = FACE_OUTER_BOUND ( 'NONE', #702, .T. ) ;
#2892 =( BOUNDED_CURVE ( )  B_SPLINE_CURVE ( 3, ( #2310, #2922, #3430, #1156 ),
 .UNSPECIFIED., .F., .T. ) 
 B_SPLINE_CURVE_WITH_KNOTS ( ( 4, 4 ),
 ( 6.272258890136509280, 6.283185307179586232 ),
 .UNSPECIFIED. ) 
 CURVE ( )  GEOMETRIC_REPRESENTATION_ITEM ( )  RATIONAL_B_SPLINE_CURVE ( ( 1.000000000000000000, 0.9999900511422950000, 0.9999900511422950000, 1.000000000000000000 ) ) 
 REPRESENTATION_ITEM ( '' )  );
#2893 = EDGE_LOOP ( 'NONE', ( #66, #1752, #519 ) ) ;
#2894 = ORIENTED_EDGE ( 'NONE', *, *, #2332, .T. ) ;
#2895 = LINE ( 'NONE', #1571, #3201 ) ;
#2896 = DIRECTION ( 'NONE',  ( 0.000000000000000000, 0.9975640502598205339, 0.06975647374417794089 ) ) ;
#2897 = VECTOR ( 'NONE', #63, 1000.000000000000000 ) ;
#2898 =( NAMED_UNIT ( * ) SI_UNIT ( $, .STERADIAN. ) SOLID_ANGLE_UNIT ( ) );
#2899 = EDGE_CURVE ( 'NONE', #332, #1342, #898, .T. ) ;
#2900 = ORIENTED_EDGE ( 'NONE', *, *, #376, .T. ) ;
#2901 = CARTESIAN_POINT ( 'NONE',  ( 2.249999999999999556, -1.249999999999999334, -1.250000000000000000 ) ) ;
#2902 = ORIENTED_EDGE ( 'NONE', *, *, #178, .F. ) ;
#2903 = CYLINDRICAL_SURFACE ( 'NONE', #1085, 0.1499999999999999667 ) ;
#2904 = CARTESIAN_POINT ( 'NONE',  ( 2.675000000000000266, -5.249999999999999112, -0.8487790509594148602 ) ) ;
#2905 = FILL_AREA_STYLE ('',( #3284 ) ) ;
#2906 = LINE ( 'NONE', #2868, #464 ) ;
#2907 = SURFACE_STYLE_USAGE ( .BOTH. , #1862 ) ;
#2908 = PRESENTATION_STYLE_ASSIGNMENT (( #1864 ) ) ;
#2909 = ORIENTED_EDGE ( 'NONE', *, *, #2493, .F. ) ;
#2910 = EDGE_LOOP ( 'NONE', ( #1292, #1671, #2006, #43 ) ) ;
#2911 = CARTESIAN_POINT ( 'NONE',  ( 2.249999999999999556, -1.249999999999999334, -1.250000000000000000 ) ) ;
#2912 = DIRECTION ( 'NONE',  ( 1.000000000000000000, -0.000000000000000000, -0.000000000000000000 ) ) ;
#2913 = CARTESIAN_POINT ( 'NONE',  ( 3.187867965644036961, -2.695452410155262157, -0.7689856498823094411 ) ) ;
#2914 =( GEOMETRIC_REPRESENTATION_CONTEXT ( 3 ) GLOBAL_UNCERTAINTY_ASSIGNED_CONTEXT ( ( #109 ) ) GLOBAL_UNIT_ASSIGNED_CONTEXT ( ( #2215, #2475, #1692 ) ) REPRESENTATION_CONTEXT ( 'NONE', 'WORKASPACE' ) );
#2915 = DIRECTION ( 'NONE',  ( 0.000000000000000000, 0.000000000000000000, 1.000000000000000000 ) ) ;
#2916 = EDGE_CURVE ( 'NONE', #363, #3029, #1158, .T. ) ;
#2917 = ORIENTED_EDGE ( 'NONE', *, *, #675, .T. ) ;
#2918 = VERTEX_POINT ( 'NONE', #2710 ) ;
#2919 = CARTESIAN_POINT ( 'NONE',  ( 2.249999999999999556, -1.249999999999999334, -0.7500000000000000000 ) ) ;
#2920 = CARTESIAN_POINT ( 'NONE',  ( -3.249999999999999556, 2.750000000000000888, 1.250000000000000000 ) ) ;
#2921 = CARTESIAN_POINT ( 'NONE',  ( -2.904730922823985040, -2.509835158089652740, 1.100000000000000089 ) ) ;
#2922 = CARTESIAN_POINT ( 'NONE',  ( 3.250000000000000888, -2.545522982884954377, -0.7500000000000059952 ) ) ;
#2923 = EDGE_CURVE ( 'NONE', #854, #2632, #2976, .T. ) ;
#2924 = SURFACE_SIDE_STYLE ('',( #2158 ) ) ;
#2925 = DIRECTION ( 'NONE',  ( 0.000000000000000000, -1.000000000000000000, 0.000000000000000000 ) ) ;
#2926 = EDGE_LOOP ( 'NONE', ( #3292, #47, #1483, #707 ) ) ;
#2927 = LINE ( 'NONE', #906, #2171 ) ;
#2928 = SURFACE_STYLE_USAGE ( .BOTH. , #1609 ) ;
#2929 = CARTESIAN_POINT ( 'NONE',  ( -3.099999999999999645, 2.600000000000000533, 1.250000000000000000 ) ) ;
#2930 = DIRECTION ( 'NONE',  ( -0.000000000000000000, 0.9975640502598207560, 0.06975647374417391633 ) ) ;
#2931 = CIRCLE ( 'NONE', #2066, 0.1499999999999999667 ) ;
#2932 = CYLINDRICAL_SURFACE ( 'NONE', #2647, 0.2500000000000001110 ) ;
#2933 = CIRCLE ( 'NONE', #3358, 0.1499999999999999667 ) ;
#2934 = ORIENTED_EDGE ( 'NONE', *, *, #2553, .F. ) ;
#2935 = CARTESIAN_POINT ( 'NONE',  ( 2.675000000000000266, -3.979999999999999094, -1.031613455198621132 ) ) ;
#2936 = ORIENTED_EDGE ( 'NONE', *, *, #1756, .T. ) ;
#2937 = LINE ( 'NONE', #2672, #816 ) ;
#2938 = MECHANICAL_DESIGN_GEOMETRIC_PRESENTATION_REPRESENTATION (  '', ( #3207 ), #3365 ) ;
#2939 = PLANE ( 'NONE',  #1013 ) ;
#2940 = COLOUR_RGB ( '',0.8039215686274510109, 0.8039215686274510109, 0.8039215686274510109 ) ;
#2941 = ORIENTED_EDGE ( 'NONE', *, *, #3305, .F. ) ;
#2942 =( NAMED_UNIT ( * ) SI_UNIT ( $, .STERADIAN. ) SOLID_ANGLE_UNIT ( ) );
#2943 = SURFACE_SIDE_STYLE ('',( #1404 ) ) ;
#2944 =( NAMED_UNIT ( * ) PLANE_ANGLE_UNIT ( ) SI_UNIT ( $, .RADIAN. ) );
#2945 = FILL_AREA_STYLE ('',( #1903 ) ) ;
#2946 = ORIENTED_EDGE ( 'NONE', *, *, #712, .F. ) ;
#2947 = CARTESIAN_POINT ( 'NONE',  ( -3.039791529468662379, 2.404730922823985040, 1.250000000000000000 ) ) ;
#2948 = COLOUR_RGB ( '',0.8039215686274510109, 0.8039215686274510109, 0.8039215686274510109 ) ;
#2949 = DIRECTION ( 'NONE',  ( 0.000000000000000000, 0.9945218953682740670, 0.1045284632676468650 ) ) ;
#2950 = MECHANICAL_DESIGN_GEOMETRIC_PRESENTATION_REPRESENTATION (  '', ( #1129 ), #1234 ) ;
#2951 =( NAMED_UNIT ( * ) PLANE_ANGLE_UNIT ( ) SI_UNIT ( $, .RADIAN. ) );
#2952 = SURFACE_STYLE_FILL_AREA ( #1911 ) ;
#2953 = ORIENTED_EDGE ( 'NONE', *, *, #540, .F. ) ;
#2954 = DIRECTION ( 'NONE',  ( 0.000000000000000000, 0.000000000000000000, 1.000000000000000000 ) ) ;
#2955 = ORIENTED_EDGE ( 'NONE', *, *, #2981, .F. ) ;
#2956 = CARTESIAN_POINT ( 'NONE',  ( -0.3749999999999998890, -3.549999999999998934, -0.5507193504256789884 ) ) ;
#2957 = COLOUR_RGB ( '',0.8039215686274510109, 0.8039215686274510109, 0.8039215686274510109 ) ;
#2958 = DIRECTION ( 'NONE',  ( 2.891205793294679017E-15, -2.891205793294679017E-15, 1.000000000000000000 ) ) ;
#2959 = FACE_OUTER_BOUND ( 'NONE', #23, .T. ) ;
#2960 = AXIS2_PLACEMENT_3D ( 'NONE', #1965, #2653, #2958 ) ;
#2961 = EDGE_CURVE ( 'NONE', #58, #2136, #2278, .T. ) ;
#2962 = DIRECTION ( 'NONE',  ( 0.000000000000000000, 0.000000000000000000, -1.000000000000000000 ) ) ;
#2963 = UNCERTAINTY_MEASURE_WITH_UNIT (LENGTH_MEASURE( 1.000000000000000082E-05 ), #1442, 'distance_accuracy_value', 'NONE');
#2964 = VERTEX_POINT ( 'NONE', #2503 ) ;
#2965 = ADVANCED_FACE ( 'NONE', ( #401 ), #3228, .F. ) ;
#2966 = ORIENTED_EDGE ( 'NONE', *, *, #305, .F. ) ;
#2967 = FILL_AREA_STYLE_COLOUR ( '', #1841 ) ;
#2968 = DIRECTION ( 'NONE',  ( 0.000000000000000000, -0.1045284632676468650, 0.9945218953682740670 ) ) ;
#2969 = DIRECTION ( 'NONE',  ( -1.000000000000000000, 1.445602896647339163E-16, 0.000000000000000000 ) ) ;
#2970 =( NAMED_UNIT ( * ) PLANE_ANGLE_UNIT ( ) SI_UNIT ( $, .RADIAN. ) );
#2971 = DIRECTION ( 'NONE',  ( 1.000000000000000000, -0.000000000000000000, -0.000000000000000000 ) ) ;
#2972 = ORIENTED_EDGE ( 'NONE', *, *, #536, .T. ) ;
#2973 = CARTESIAN_POINT ( 'NONE',  ( -2.250000000000001332, 2.750000000000000888, -0.7500000000000000000 ) ) ;
#2974 = VERTEX_POINT ( 'NONE', #615 ) ;
#2975 = FILL_AREA_STYLE_COLOUR ( '', #1573 ) ;
#2976 = LINE ( 'NONE', #2227, #2336 ) ;
#2977 = CARTESIAN_POINT ( 'NONE',  ( -1.924999999999999600, -5.249999999999999112, -1.350000000000000089 ) ) ;
#2978 = VERTEX_POINT ( 'NONE', #1668 ) ;
#2979 = ORIENTED_EDGE ( 'NONE', *, *, #1270, .F. ) ;
#2980 = CARTESIAN_POINT ( 'NONE',  ( -2.354730922823984773, -1.959835158089652474, 1.239999999999999991 ) ) ;
#2981 = EDGE_CURVE ( 'NONE', #2112, #3011, #203, .T. ) ;
#2982 = EDGE_CURVE ( 'NONE', #2978, #2671, #3058, .T. ) ;
#2983 =( NAMED_UNIT ( * ) PLANE_ANGLE_UNIT ( ) SI_UNIT ( $, .RADIAN. ) );
#2984 = DIRECTION ( 'NONE',  ( -1.000000000000000000, -0.000000000000000000, -0.000000000000000000 ) ) ;
#2985 = MECHANICAL_DESIGN_GEOMETRIC_PRESENTATION_REPRESENTATION (  '', ( #1382 ), #1556 ) ;
#2986 = ADVANCED_FACE ( 'NONE', ( #1241 ), #723, .F. ) ;
#2987 = FILL_AREA_STYLE ('',( #57 ) ) ;
#2988 = AXIS2_PLACEMENT_3D ( 'NONE', #192, #2864, #471 ) ;
#2989 = EDGE_LOOP ( 'NONE', ( #490, #1719, #3404, #1463 ) ) ;
#2990 = VERTEX_POINT ( 'NONE', #2304 ) ;
#2991 = DIRECTION ( 'NONE',  ( -0.000000000000000000, -0.000000000000000000, -1.000000000000000000 ) ) ;
#2992 = CARTESIAN_POINT ( 'NONE',  ( 3.250000000000000888, -4.761016559127029701, -0.7499999999999998890 ) ) ;
#2993 = EDGE_LOOP ( 'NONE', ( #394, #3425, #2753, #2300, #3088, #991, #888, #956, #2156, #1592, #641, #916 ) ) ;
#2994 = MECHANICAL_DESIGN_GEOMETRIC_PRESENTATION_REPRESENTATION (  '', ( #1060 ), #1450 ) ;
#2995 = COLOUR_RGB ( '',0.8039215686274510109, 0.8039215686274510109, 0.8039215686274510109 ) ;
#2996 = SURFACE_STYLE_FILL_AREA ( #386 ) ;
#2997 = ORIENTED_EDGE ( 'NONE', *, *, #2493, .T. ) ;
#2998 = EDGE_CURVE ( 'NONE', #2677, #1639, #2794, .T. ) ;
#2999 = MECHANICAL_DESIGN_GEOMETRIC_PRESENTATION_REPRESENTATION (  '', ( #283 ), #1506 ) ;
#3000 = CIRCLE ( 'NONE', #2646, 0.2500000000000001110 ) ;
#3001 = ORIENTED_EDGE ( 'NONE', *, *, #431, .F. ) ;
#3002 = DIRECTION ( 'NONE',  ( 1.000000000000000000, 0.000000000000000000, 0.000000000000000000 ) ) ;
#3003 = DIRECTION ( 'NONE',  ( 0.000000000000000000, 1.000000000000000000, 0.000000000000000000 ) ) ;
#3004 = FILL_AREA_STYLE ('',( #909 ) ) ;
#3005 = PRESENTATION_LAYER_ASSIGNMENT (  '', '', ( #2184 ) ) ;
#3006 = FILL_AREA_STYLE ('',( #1431 ) ) ;
#3007 = UNCERTAINTY_MEASURE_WITH_UNIT (LENGTH_MEASURE( 1.000000000000000082E-05 ), #1456, 'distance_accuracy_value', 'NONE');
#3008 = AXIS2_PLACEMENT_3D ( 'NONE', #3336, #992, #2829 ) ;
#3009 = EDGE_CURVE ( 'NONE', #1700, #863, #688, .T. ) ;
#3010 = ORIENTED_EDGE ( 'NONE', *, *, #14, .F. ) ;
#3011 = VERTEX_POINT ( 'NONE', #422 ) ;
#3012 = DIRECTION ( 'NONE',  ( -1.000000000000000000, -0.000000000000000000, -0.000000000000000000 ) ) ;
#3013 = SURFACE_STYLE_FILL_AREA ( #398 ) ;
#3014 = CARTESIAN_POINT ( 'NONE',  ( -1.924999999999999600, -4.383203065557601086, -1.289387653771991937 ) ) ;
#3015 =( LENGTH_UNIT ( ) NAMED_UNIT ( * ) SI_UNIT ( .MILLI., .METRE. ) );
#3016 = CARTESIAN_POINT ( 'NONE',  ( -3.170432456210491967, 2.521254171905251695, 0.007034610340750759375 ) ) ;
#3017 = COLOUR_RGB ( '',0.8039215686274510109, 0.8039215686274510109, 0.8039215686274510109 ) ;
#3018 = DIRECTION ( 'NONE',  ( 1.000000000000000000, 0.000000000000000000, 0.000000000000000000 ) ) ;
#3019 = DIRECTION ( 'NONE',  ( 0.000000000000000000, 0.000000000000000000, -1.000000000000000000 ) ) ;
#3020 = SURFACE_STYLE_FILL_AREA ( #2237 ) ;
#3021 = LINE ( 'NONE', #2163, #1791 ) ;
#3022 = ORIENTED_EDGE ( 'NONE', *, *, #2553, .T. ) ;
#3023 = CARTESIAN_POINT ( 'NONE',  ( -0.3749999999999998890, -3.549999999999998934, -0.2983681280693527005 ) ) ;
#3024 = ORIENTED_EDGE ( 'NONE', *, *, #2627, .F. ) ;
#3025 = LINE ( 'NONE', #2501, #2410 ) ;
#3026 = PRESENTATION_STYLE_ASSIGNMENT (( #3294 ) ) ;
#3027 = FACE_OUTER_BOUND ( 'NONE', #3349, .T. ) ;
#3028 = DIRECTION ( 'NONE',  ( 0.000000000000000000, -0.000000000000000000, 1.000000000000000000 ) ) ;
#3029 = VERTEX_POINT ( 'NONE', #1526 ) ;
#3030 = FACE_OUTER_BOUND ( 'NONE', #3202, .T. ) ;
#3031 = FACE_OUTER_BOUND ( 'NONE', #2464, .T. ) ;
#3032 = CARTESIAN_POINT ( 'NONE',  ( 2.550000000000000711, 4.250000000000000000, -1.250000000000000000 ) ) ;
#3033 = DIRECTION ( 'NONE',  ( -0.000000000000000000, -0.000000000000000000, 1.000000000000000000 ) ) ;
#3034 = UNCERTAINTY_MEASURE_WITH_UNIT (LENGTH_MEASURE( 1.000000000000000082E-05 ), #2681, 'distance_accuracy_value', 'NONE');
#3035 = DIRECTION ( 'NONE',  ( -1.000000000000000000, -0.000000000000000000, -0.000000000000000000 ) ) ;
#3036 = VERTEX_POINT ( 'NONE', #3372 ) ;
#3037 = DIRECTION ( 'NONE',  ( -0.000000000000000000, -0.000000000000000000, 1.000000000000000000 ) ) ;
#3038 = VERTEX_POINT ( 'NONE', #191 ) ;
#3039 = FILL_AREA_STYLE_COLOUR ( '', #1633 ) ;
#3040 = PRESENTATION_STYLE_ASSIGNMENT (( #2746 ) ) ;
#3041 = CARTESIAN_POINT ( 'NONE',  ( -3.099999999999999645, 2.750000000000000888, 1.250000000000000000 ) ) ;
#3042 = FILL_AREA_STYLE ('',( #1476 ) ) ;
#3043 = DIRECTION ( 'NONE',  ( -1.000000000000000000, -0.000000000000000000, -0.000000000000000000 ) ) ;
#3044 = PRODUCT_CONTEXT ( 'NONE', #1746, 'mechanical' ) ;
#3045 = CLOSED_SHELL ( 'NONE', ( #1924, #2149, #1025, #718, #590, #2404, #2333, #922, #903, #3334, #1893, #249, #873, #291 ) ) ;
#3046 = STYLED_ITEM ( 'NONE', ( #240 ), #2644 ) ;
#3047 = ORIENTED_EDGE ( 'NONE', *, *, #336, .T. ) ;
#3048 =( NAMED_UNIT ( * ) PLANE_ANGLE_UNIT ( ) SI_UNIT ( $, .RADIAN. ) );
#3049 = VECTOR ( 'NONE', #1284, 1000.000000000000000 ) ;
#3050 = CIRCLE ( 'NONE', #281, 0.1499999999999999667 ) ;
#3051 = MECHANICAL_DESIGN_GEOMETRIC_PRESENTATION_REPRESENTATION (  '', ( #42 ), #747 ) ;
#3052 = STYLED_ITEM ( 'NONE', ( #580 ), #1025 ) ;
#3053 = EDGE_CURVE ( 'NONE', #297, #363, #2530, .T. ) ;
#3054 = SURFACE_STYLE_FILL_AREA ( #1002 ) ;
#3055 = ORIENTED_EDGE ( 'NONE', *, *, #3149, .F. ) ;
#3056 = VECTOR ( 'NONE', #2168, 1000.000000000000000 ) ;
#3057 = CARTESIAN_POINT ( 'NONE',  ( -1.924999999999999600, -3.402200851755691424, -0.2500000000000005551 ) ) ;
#3058 = LINE ( 'NONE', #438, #2005 ) ;
#3059 =( GEOMETRIC_REPRESENTATION_CONTEXT ( 3 ) GLOBAL_UNCERTAINTY_ASSIGNED_CONTEXT ( ( #1027 ) ) GLOBAL_UNIT_ASSIGNED_CONTEXT ( ( #2718, #49, #1182 ) ) REPRESENTATION_CONTEXT ( 'NONE', 'WORKASPACE' ) );
#3060 = DIRECTION ( 'NONE',  ( -1.000000000000000000, -0.000000000000000000, -0.000000000000000000 ) ) ;
#3061 = AXIS2_PLACEMENT_3D ( 'NONE', #695, #2260, #2056 ) ;
#3062 = FILL_AREA_STYLE ('',( #3338 ) ) ;
#3063 = CARTESIAN_POINT ( 'NONE',  ( 0.3750000000000003331, -2.749999999999999112, 0.2499999999999999445 ) ) ;
#3064 = ADVANCED_FACE ( 'NONE', ( #706 ), #3352, .T. ) ;
#3065 = LINE ( 'NONE', #1760, #959 ) ;
#3066 = LINE ( 'NONE', #1997, #756 ) ;
#3067 = MECHANICAL_DESIGN_GEOMETRIC_PRESENTATION_REPRESENTATION (  '', ( #2510 ), #303 ) ;
#3068 = EDGE_CURVE ( 'NONE', #932, #3353, #2267, .T. ) ;
#3069 =( LENGTH_UNIT ( ) NAMED_UNIT ( * ) SI_UNIT ( .MILLI., .METRE. ) );
#3070 = LINE ( 'NONE', #2842, #2543 ) ;
#3071 = LINE ( 'NONE', #199, #101 ) ;
#3072 = EDGE_CURVE ( 'NONE', #2615, #1685, #470, .T. ) ;
#3073 = ORIENTED_EDGE ( 'NONE', *, *, #2216, .F. ) ;
#3074 = VERTEX_POINT ( 'NONE', #2811 ) ;
#3075 = SURFACE_SIDE_STYLE ('',( #670 ) ) ;
#3076 = DIRECTION ( 'NONE',  ( 0.000000000000000000, -0.000000000000000000, 1.000000000000000000 ) ) ;
#3077 = CARTESIAN_POINT ( 'NONE',  ( 0.000000000000000000, 0.000000000000000000, -0.7500000000000000000 ) ) ;
#3078 = ORIENTED_EDGE ( 'NONE', *, *, #1114, .T. ) ;
#3079 = CARTESIAN_POINT ( 'NONE',  ( -3.045522982884956598, -2.749999999999999112, -0.2499999999999987510 ) ) ;
#3080 = LINE ( 'NONE', #779, #1956 ) ;
#3081 = VERTEX_POINT ( 'NONE', #2049 ) ;
#3082 = FILL_AREA_STYLE ('',( #389 ) ) ;
#3083 = CARTESIAN_POINT ( 'NONE',  ( 2.675000000000000266, -4.383203065557601086, -1.289387653771991937 ) ) ;
#3084 = CARTESIAN_POINT ( 'NONE',  ( -2.674999999999999822, -3.988081302429688169, -0.008992173443461076027 ) ) ;
#3085 = FACE_OUTER_BOUND ( 'NONE', #650, .T. ) ;
#3086 = EDGE_CURVE ( 'NONE', #2990, #433, #3322, .T. ) ;
#3087 =( NAMED_UNIT ( * ) PLANE_ANGLE_UNIT ( ) SI_UNIT ( $, .RADIAN. ) );
#3088 = ORIENTED_EDGE ( 'NONE', *, *, #622, .F. ) ;
#3089 = DIRECTION ( 'NONE',  ( -0.000000000000000000, -0.000000000000000000, 1.000000000000000000 ) ) ;
#3090 = ORIENTED_EDGE ( 'NONE', *, *, #336, .F. ) ;
#3091 = CARTESIAN_POINT ( 'NONE',  ( 0.000000000000000000, -2.509835158089653184, 1.100000000000000089 ) ) ;
#3092 = DIRECTION ( 'NONE',  ( -0.1039620511844907697, -0.1039620511844907835, -0.9891328443778553137 ) ) ;
#3093 = FACE_OUTER_BOUND ( 'NONE', #441, .T. ) ;
#3094 = UNCERTAINTY_MEASURE_WITH_UNIT (LENGTH_MEASURE( 1.000000000000000082E-05 ), #190, 'distance_accuracy_value', 'NONE');
#3095 = CARTESIAN_POINT ( 'NONE',  ( 2.675000000000000266, -5.249999999999999112, -1.350000000000000089 ) ) ;
#3096 = STYLED_ITEM ( 'NONE', ( #30 ), #2313 ) ;
#3097 = EDGE_CURVE ( 'NONE', #472, #2632, #960, .T. ) ;
#3098 = COLOUR_RGB ( '',0.8039215686274510109, 0.8039215686274510109, 0.8039215686274510109 ) ;
#3099 =( NAMED_UNIT ( * ) SI_UNIT ( $, .STERADIAN. ) SOLID_ANGLE_UNIT ( ) );
#3100 = AXIS2_PLACEMENT_3D ( 'NONE', #2161, #858, #319 ) ;
#3101 = AXIS2_PLACEMENT_3D ( 'NONE', #1493, #1155, #3103 ) ;
#3102 = ADVANCED_FACE ( 'NONE', ( #1006 ), #2031, .F. ) ;
#3103 = DIRECTION ( 'NONE',  ( 1.000000000000000000, 0.000000000000000000, -0.000000000000000000 ) ) ;
#3104 = PRESENTATION_STYLE_ASSIGNMENT (( #142 ) ) ;
#3105 = PRESENTATION_STYLE_ASSIGNMENT (( #2516 ) ) ;
#3106 = CIRCLE ( 'NONE', #3264, 0.1499999999999999667 ) ;
#3107 = STYLED_ITEM ( 'NONE', ( #1697 ), #3307 ) ;
#3108 = CARTESIAN_POINT ( 'NONE',  ( -1.799999999999997380, 4.250000000000000000, -0.7500000000000000000 ) ) ;
#3109 = ORIENTED_EDGE ( 'NONE', *, *, #181, .T. ) ;
#3110 =( GEOMETRIC_REPRESENTATION_CONTEXT ( 3 ) GLOBAL_UNCERTAINTY_ASSIGNED_CONTEXT ( ( #1584 ) ) GLOBAL_UNIT_ASSIGNED_CONTEXT ( ( #2229, #2447, #1669 ) ) REPRESENTATION_CONTEXT ( 'NONE', 'WORKASPACE' ) );
#3111 = EDGE_CURVE ( 'NONE', #2615, #1538, #902, .T. ) ;
#3112 = MECHANICAL_DESIGN_GEOMETRIC_PRESENTATION_REPRESENTATION (  '', ( #1067 ), #2833 ) ;
#3113 = CARTESIAN_POINT ( 'NONE',  ( -3.124169335050447138, 2.773347619355687854, -0.9721377596884841488 ) ) ;
#3114 = DIRECTION ( 'NONE',  ( 1.000000000000000000, 0.000000000000000000, 0.000000000000000000 ) ) ;
#3115 = FACE_OUTER_BOUND ( 'NONE', #1636, .T. ) ;
#3116 = COLOUR_RGB ( '',0.8039215686274510109, 0.8039215686274510109, 0.8039215686274510109 ) ;
#3117 = DIRECTION ( 'NONE',  ( 0.000000000000000000, -0.000000000000000000, -1.000000000000000000 ) ) ;
#3118 = PLANE ( 'NONE',  #1057 ) ;
#3119 = CARTESIAN_POINT ( 'NONE',  ( 3.250000000000000444, -2.749999999999999112, -1.250000000000000000 ) ) ;
#3120 = CIRCLE ( 'NONE', #3168, 0.4999999999999993339 ) ;
#3121 = VERTEX_POINT ( 'NONE', #1806 ) ;
#3122 = CARTESIAN_POINT ( 'NONE',  ( -1.924999999999999600, -2.749999999999999112, 0.2499999999999999445 ) ) ;
#3123 = AXIS2_PLACEMENT_3D ( 'NONE', #617, #1900, #3246 ) ;
#3124 = LINE ( 'NONE', #3108, #568 ) ;
#3125 = ORIENTED_EDGE ( 'NONE', *, *, #1993, .T. ) ;
#3126 = FACE_OUTER_BOUND ( 'NONE', #2893, .T. ) ;
#3127 = STYLED_ITEM ( 'NONE', ( #696 ), #3314 ) ;
#3128 = DIRECTION ( 'NONE',  ( 1.000000000000000000, 0.000000000000000000, 0.000000000000000000 ) ) ;
#3129 = CARTESIAN_POINT ( 'NONE',  ( -3.249521871388891814, 2.687926784503681166, -0.7454509101379165337 ) ) ;
#3130 = FACE_OUTER_BOUND ( 'NONE', #1974, .T. ) ;
#3131 = VERTEX_POINT ( 'NONE', #2133 ) ;
#3132 =( NAMED_UNIT ( * ) PLANE_ANGLE_UNIT ( ) SI_UNIT ( $, .RADIAN. ) );
#3133 = FACE_OUTER_BOUND ( 'NONE', #3384, .T. ) ;
#3134 = ORIENTED_EDGE ( 'NONE', *, *, #1408, .T. ) ;
#3135 = LINE ( 'NONE', #261, #1273 ) ;
#3136 =( NAMED_UNIT ( * ) SI_UNIT ( $, .STERADIAN. ) SOLID_ANGLE_UNIT ( ) );
#3137 = EDGE_CURVE ( 'NONE', #1146, #2317, #1121, .T. ) ;
#3138 = PRESENTATION_STYLE_ASSIGNMENT (( #1588 ) ) ;
#3139 = CARTESIAN_POINT ( 'NONE',  ( -0.3749999999999998890, -2.749999999999999112, 0.2499999999999999445 ) ) ;
#3140 = CARTESIAN_POINT ( 'NONE',  ( 2.589028690176948366, 3.697516163274367607, -0.7500000000000000000 ) ) ;
#3141 = EDGE_CURVE ( 'NONE', #924, #2124, #3000, .T. ) ;
#3142 = ORIENTED_EDGE ( 'NONE', *, *, #2076, .F. ) ;
#3143 = VERTEX_POINT ( 'NONE', #1647 ) ;
#3144 = FILL_AREA_STYLE_COLOUR ( '', #1733 ) ;
#3145 = PLANE ( 'NONE',  #1798 ) ;
#3146 = AXIS2_PLACEMENT_3D ( 'NONE', #744, #3356, #3128 ) ;
#3147 = STYLED_ITEM ( 'NONE', ( #573 ), #2404 ) ;
#3148 = LINE ( 'NONE', #2411, #2118 ) ;
#3149 = EDGE_CURVE ( 'NONE', #1151, #1835, #1682, .T. ) ;
#3150 = STYLED_ITEM ( 'NONE', ( #2295 ), #642 ) ;
#3151 = VECTOR ( 'NONE', #2257, 1000.000000000000000 ) ;
#3152 = ORIENTED_EDGE ( 'NONE', *, *, #1768, .T. ) ;
#3153 = VERTEX_POINT ( 'NONE', #2759 ) ;
#3154 = VECTOR ( 'NONE', #2496, 1000.000000000000000 ) ;
#3155 = UNCERTAINTY_MEASURE_WITH_UNIT (LENGTH_MEASURE( 1.000000000000000082E-05 ), #420, 'distance_accuracy_value', 'NONE');
#3156 = DIRECTION ( 'NONE',  ( 0.000000000000000000, 1.000000000000000000, 0.000000000000000000 ) ) ;
#3157 =( LENGTH_UNIT ( ) NAMED_UNIT ( * ) SI_UNIT ( .MILLI., .METRE. ) );
#3158 = FILL_AREA_STYLE ('',( #506 ) ) ;
#3159 = DIRECTION ( 'NONE',  ( 0.000000000000000000, 0.000000000000000000, 1.000000000000000000 ) ) ;
#3160 = CIRCLE ( 'NONE', #3216, 0.1499999999999999667 ) ;
#3161 = CARTESIAN_POINT ( 'NONE',  ( 3.100000000000000977, -2.644895764734329191, -1.250000000000000000 ) ) ;
#3162 = SURFACE_SIDE_STYLE ('',( #2324 ) ) ;
#3163 = VECTOR ( 'NONE', #1676, 1000.000000000000000 ) ;
#3164 = EDGE_LOOP ( 'NONE', ( #1193, #1665, #3090, #72 ) ) ;
#3165 = ORIENTED_EDGE ( 'NONE', *, *, #3137, .F. ) ;
#3166 = LINE ( 'NONE', #1046, #2329 ) ;
#3167 = FACE_OUTER_BOUND ( 'NONE', #3175, .T. ) ;
#3168 = AXIS2_PLACEMENT_3D ( 'NONE', #1550, #1302, #2381 ) ;
#3169 = FILL_AREA_STYLE ('',( #518 ) ) ;
#3170 = AXIS2_PLACEMENT_3D ( 'NONE', #194, #1261, #208 ) ;
#3171 = ORIENTED_EDGE ( 'NONE', *, *, #3271, .F. ) ;
#3172 = EDGE_LOOP ( 'NONE', ( #2026, #8, #1161, #579, #85 ) ) ;
#3173 = FILL_AREA_STYLE_COLOUR ( '', #226 ) ;
#3174 = CARTESIAN_POINT ( 'NONE',  ( -2.354730922823984773, -1.959835158089652474, 1.239999999999999991 ) ) ;
#3175 = EDGE_LOOP ( 'NONE', ( #2873, #1583, #356, #1023 ) ) ;
#3176 = FILL_AREA_STYLE_COLOUR ( '', #1176 ) ;
#3177 = ORIENTED_EDGE ( 'NONE', *, *, #2961, .F. ) ;
#3178 = ORIENTED_EDGE ( 'NONE', *, *, #3347, .F. ) ;
#3179 = FILL_AREA_STYLE ('',( #3144 ) ) ;
#3180 = DIRECTION ( 'NONE',  ( 0.000000000000000000, 0.000000000000000000, -1.000000000000000000 ) ) ;
#3181 = CARTESIAN_POINT ( 'NONE',  ( -3.099999999999999645, 2.600000000000000533, -1.250000000000000000 ) ) ;
#3182 =( NAMED_UNIT ( * ) SI_UNIT ( $, .STERADIAN. ) SOLID_ANGLE_UNIT ( ) );
#3183 = ORIENTED_EDGE ( 'NONE', *, *, #161, .T. ) ;
#3184 = EDGE_CURVE ( 'NONE', #958, #2615, #607, .T. ) ;
#3185 = ORIENTED_EDGE ( 'NONE', *, *, #3286, .F. ) ;
#3186 =( NAMED_UNIT ( * ) SI_UNIT ( $, .STERADIAN. ) SOLID_ANGLE_UNIT ( ) );
#3187 = FILL_AREA_STYLE ('',( #1667 ) ) ;
#3188 = EDGE_LOOP ( 'NONE', ( #1541, #2641 ) ) ;
#3189 = SURFACE_STYLE_FILL_AREA ( #381 ) ;
#3190 =( LENGTH_UNIT ( ) NAMED_UNIT ( * ) SI_UNIT ( .MILLI., .METRE. ) );
#3191 = APPLICATION_PROTOCOL_DEFINITION ( 'draft international standard', 'automotive_design', 1998, #1746 ) ;
#3192 = ORIENTED_EDGE ( 'NONE', *, *, #949, .F. ) ;
#3193 = CARTESIAN_POINT ( 'NONE',  ( 3.100819477201775420, 2.749997761507017469, -0.7499787021619264138 ) ) ;
#3194 = ADVANCED_FACE ( 'NONE', ( #31 ), #913, .T. ) ;
#3195 = PRESENTATION_LAYER_ASSIGNMENT (  '', '', ( #3265 ) ) ;
#3196 = COLOUR_RGB ( '',0.8039215686274510109, 0.8039215686274510109, 0.8039215686274510109 ) ;
#3197 = LINE ( 'NONE', #861, #2440 ) ;
#3198 = EDGE_CURVE ( 'NONE', #3296, #1199, #652, .T. ) ;
#3199 = DIRECTION ( 'NONE',  ( -1.000000000000000000, -0.000000000000000000, -0.000000000000000000 ) ) ;
#3200 =( GEOMETRIC_REPRESENTATION_CONTEXT ( 3 ) GLOBAL_UNCERTAINTY_ASSIGNED_CONTEXT ( ( #616 ) ) GLOBAL_UNIT_ASSIGNED_CONTEXT ( ( #925, #3326, #2272 ) ) REPRESENTATION_CONTEXT ( 'NONE', 'WORKASPACE' ) );
#3201 = VECTOR ( 'NONE', #787, 1000.000000000000000 ) ;
#3202 = EDGE_LOOP ( 'NONE', ( #1171, #262, #682 ) ) ;
#3203 = ORIENTED_EDGE ( 'NONE', *, *, #1061, .F. ) ;
#3204 = SURFACE_STYLE_FILL_AREA ( #326 ) ;
#3205 = COLOUR_RGB ( '',0.8039215686274510109, 0.8039215686274510109, 0.8039215686274510109 ) ;
#3206 = CARTESIAN_POINT ( 'NONE',  ( -1.924999999999999600, -4.554005336206950361, -0.8001103629906346493 ) ) ;
#3207 = STYLED_ITEM ( 'NONE', ( #231 ), #2783 ) ;
#3208 = EDGE_CURVE ( 'NONE', #2256, #2368, #3021, .T. ) ;
#3209 = LINE ( 'NONE', #2904, #2823 ) ;
#3210 = PRESENTATION_LAYER_ASSIGNMENT (  '', '', ( #42 ) ) ;
#3211 = FACE_OUTER_BOUND ( 'NONE', #250, .T. ) ;
#3212 = CARTESIAN_POINT ( 'NONE',  ( -2.250000000000001332, -1.249999999999998668, -0.7500000000000000000 ) ) ;
#3213 = VECTOR ( 'NONE', #2105, 1000.000000000000000 ) ;
#3214 = VERTEX_POINT ( 'NONE', #699 ) ;
#3215 = CARTESIAN_POINT ( 'NONE',  ( -2.674999999999999822, -3.402200851755691424, -0.5000000000000000000 ) ) ;
#3216 = AXIS2_PLACEMENT_3D ( 'NONE', #1437, #1742, #403 ) ;
#3217 = DIRECTION ( 'NONE',  ( 0.000000000000000000, 0.000000000000000000, 1.000000000000000000 ) ) ;
#3218 = MECHANICAL_DESIGN_GEOMETRIC_PRESENTATION_REPRESENTATION (  '', ( #295 ), #3059 ) ;
#3219 =( NAMED_UNIT ( * ) SI_UNIT ( $, .STERADIAN. ) SOLID_ANGLE_UNIT ( ) );
#3220 = COLOUR_RGB ( '',0.8039215686274510109, 0.8039215686274510109, 0.8039215686274510109 ) ;
#3221 = CARTESIAN_POINT ( 'NONE',  ( -2.550000000000000711, 4.250000000000000000, -0.7500000000000000000 ) ) ;
#3222 = MECHANICAL_DESIGN_GEOMETRIC_PRESENTATION_REPRESENTATION (  '', ( #474 ), #1004 ) ;
#3223 = VECTOR ( 'NONE', #212, 1000.000000000000000 ) ;
#3224 = DIRECTION ( 'NONE',  ( -0.1045284632676464209, 0.000000000000000000, -0.9945218953682740670 ) ) ;
#3225 = VERTEX_POINT ( 'NONE', #733 ) ;
#3226 = PRESENTATION_LAYER_ASSIGNMENT (  '', '', ( #480 ) ) ;
#3227 =( NAMED_UNIT ( * ) SI_UNIT ( $, .STERADIAN. ) SOLID_ANGLE_UNIT ( ) );
#3228 = PLANE ( 'NONE',  #809 ) ;
#3229 = PRESENTATION_LAYER_ASSIGNMENT (  '', '', ( #1304 ) ) ;
#3230 = ADVANCED_FACE ( 'NONE', ( #681 ), #752, .T. ) ;
#3231 = SURFACE_STYLE_USAGE ( .BOTH. , #884 ) ;
#3232 = CARTESIAN_POINT ( 'NONE',  ( -0.3749999999999998890, -4.571444454642993982, -0.5507193504256789884 ) ) ;
#3233 = ORIENTED_EDGE ( 'NONE', *, *, #2365, .F. ) ;
#3234 = DIRECTION ( 'NONE',  ( 0.000000000000000000, 0.000000000000000000, -1.000000000000000000 ) ) ;
#3235 = CYLINDRICAL_SURFACE ( 'NONE', #350, 0.2499999999999994726 ) ;
#3236 = UNCERTAINTY_MEASURE_WITH_UNIT (LENGTH_MEASURE( 1.000000000000000082E-05 ), #2660, 'distance_accuracy_value', 'NONE');
#3237 = DIRECTION ( 'NONE',  ( -1.000000000000000000, -0.000000000000000000, -0.000000000000000000 ) ) ;
#3238 = VERTEX_POINT ( 'NONE', #2824 ) ;
#3239 = DIRECTION ( 'NONE',  ( 0.000000000000000000, 0.4820156531130790900, 0.8761626048593786908 ) ) ;
#3240 = ORIENTED_EDGE ( 'NONE', *, *, #2628, .F. ) ;
#3241 =( NAMED_UNIT ( * ) PLANE_ANGLE_UNIT ( ) SI_UNIT ( $, .RADIAN. ) );
#3242 = EDGE_CURVE ( 'NONE', #511, #1398, #1235, .T. ) ;
#3243 = DIRECTION ( 'NONE',  ( 1.000000000000000000, -0.000000000000000000, 0.000000000000000000 ) ) ;
#3244 = DIRECTION ( 'NONE',  ( -0.9945218953682740670, 0.000000000000000000, -0.1045284632676464209 ) ) ;
#3245 = ORIENTED_EDGE ( 'NONE', *, *, #1482, .F. ) ;
#3246 = DIRECTION ( 'NONE',  ( 0.000000000000000000, 0.000000000000000000, 1.000000000000000000 ) ) ;
#3247 = EDGE_LOOP ( 'NONE', ( #2777, #1106, #978, #2589 ) ) ;
#3248 = EDGE_CURVE ( 'NONE', #1227, #1421, #186, .T. ) ;
#3249 = ORIENTED_EDGE ( 'NONE', *, *, #3141, .F. ) ;
#3250 = CARTESIAN_POINT ( 'NONE',  ( -1.799999999999997380, 4.250000000000000000, -0.7500000000000000000 ) ) ;
#3251 = ADVANCED_FACE ( 'NONE', ( #432 ), #1496, .T. ) ;
#3252 = FACE_OUTER_BOUND ( 'NONE', #2262, .T. ) ;
#3253 = ORIENTED_EDGE ( 'NONE', *, *, #3398, .T. ) ;
#3254 = CARTESIAN_POINT ( 'NONE',  ( -5.261016559127030590, -2.749999999999999112, 0.2500000000000000000 ) ) ;
#3255 = ORIENTED_EDGE ( 'NONE', *, *, #305, .T. ) ;
#3256 = CARTESIAN_POINT ( 'NONE',  ( -2.079730922823984862, -1.959835158089652474, 1.250000000000000000 ) ) ;
#3257 = MECHANICAL_DESIGN_GEOMETRIC_PRESENTATION_REPRESENTATION (  '', ( #627 ), #95 ) ;
#3258 = VECTOR ( 'NONE', #59, 1000.000000000000000 ) ;
#3259 = DIRECTION ( 'NONE',  ( 1.000000000000000000, 0.000000000000000000, 0.000000000000000000 ) ) ;
#3260 = VECTOR ( 'NONE', #127, 1000.000000000000000 ) ;
#3261 =( GEOMETRIC_REPRESENTATION_CONTEXT ( 3 ) GLOBAL_UNCERTAINTY_ASSIGNED_CONTEXT ( ( #29 ) ) GLOBAL_UNIT_ASSIGNED_CONTEXT ( ( #2344, #505, #1205 ) ) REPRESENTATION_CONTEXT ( 'NONE', 'WORKASPACE' ) );
#3262 = CARTESIAN_POINT ( 'NONE',  ( 2.675000000000000266, -4.571444454642993982, -0.5507193504256789884 ) ) ;
#3263 = UNCERTAINTY_MEASURE_WITH_UNIT (LENGTH_MEASURE( 1.000000000000000082E-05 ), #260, 'distance_accuracy_value', 'NONE');
#3264 = AXIS2_PLACEMENT_3D ( 'NONE', #1468, #2541, #1779 ) ;
#3265 = STYLED_ITEM ( 'NONE', ( #2608 ), #3303 ) ;
#3266 = ORIENTED_EDGE ( 'NONE', *, *, #1939, .F. ) ;
#3267 = PLANE ( 'NONE',  #1448 ) ;
#3268 = AXIS2_PLACEMENT_3D ( 'NONE', #3431, #352, #1653 ) ;
#3269 = CARTESIAN_POINT ( 'NONE',  ( 2.550000000000000711, 2.750000000000000888, -0.7500000000000000000 ) ) ;
#3270 = VECTOR ( 'NONE', #2153, 1000.000000000000000 ) ;
#3271 = EDGE_CURVE ( 'NONE', #433, #1331, #1821, .T. ) ;
#3272 = UNCERTAINTY_MEASURE_WITH_UNIT (LENGTH_MEASURE( 1.000000000000000082E-05 ), #1853, 'distance_accuracy_value', 'NONE');
#3273 =( GEOMETRIC_REPRESENTATION_CONTEXT ( 3 ) GLOBAL_UNCERTAINTY_ASSIGNED_CONTEXT ( ( #2758 ) ) GLOBAL_UNIT_ASSIGNED_CONTEXT ( ( #429, #2571, #3344 ) ) REPRESENTATION_CONTEXT ( 'NONE', 'WORKASPACE' ) );
#3274 = ORIENTED_EDGE ( 'NONE', *, *, #780, .T. ) ;
#3275 = ORIENTED_EDGE ( 'NONE', *, *, #3248, .F. ) ;
#3276 = CARTESIAN_POINT ( 'NONE',  ( 2.675000000000000266, -2.749999999999999112, -0.2500000000000000555 ) ) ;
#3277 = PLANE ( 'NONE',  #2460 ) ;
#3278 = EDGE_CURVE ( 'NONE', #2375, #3153, #567, .T. ) ;
#3279 = CARTESIAN_POINT ( 'NONE',  ( -2.354730922823984773, -1.959835158089652474, 1.250000000000000000 ) ) ;
#3280 = AXIS2_PLACEMENT_3D ( 'NONE', #296, #3433, #1356 ) ;
#3281 = CARTESIAN_POINT ( 'NONE',  ( 2.675000000000000266, -3.402200851755691424, -0.5000000000000000000 ) ) ;
#3282 = AXIS2_PLACEMENT_3D ( 'NONE', #2011, #147, #3076 ) ;
#3283 = ORIENTED_EDGE ( 'NONE', *, *, #2982, .F. ) ;
#3284 = FILL_AREA_STYLE_COLOUR ( '', #1391 ) ;
#3285 = CARTESIAN_POINT ( 'NONE',  ( -5.261016559127030590, -2.749999999999999112, -0.2500000000000000000 ) ) ;
#3286 = EDGE_CURVE ( 'NONE', #223, #1700, #2931, .T. ) ;
#3287 = SURFACE_STYLE_USAGE ( .BOTH. , #1730 ) ;
#3288 = LINE ( 'NONE', #185, #517 ) ;
#3289 = DIRECTION ( 'NONE',  ( 0.000000000000000000, 0.000000000000000000, -1.000000000000000000 ) ) ;
#3290 = ORIENTED_EDGE ( 'NONE', *, *, #125, .T. ) ;
#3291 = CARTESIAN_POINT ( 'NONE',  ( 3.250000000000000444, -2.756755483808067453, 1.249289970040503350 ) ) ;
#3292 = ORIENTED_EDGE ( 'NONE', *, *, #502, .T. ) ;
#3293 = CARTESIAN_POINT ( 'NONE',  ( -2.354730922823984773, -1.959835158089652474, 1.250000000000000000 ) ) ;
#3294 = SURFACE_STYLE_USAGE ( .BOTH. , #1173 ) ;
#3295 = PRESENTATION_LAYER_ASSIGNMENT (  '', '', ( #1152 ) ) ;
#3296 = VERTEX_POINT ( 'NONE', #220 ) ;
#3297 = SURFACE_SIDE_STYLE ('',( #2308 ) ) ;
#3298 = DIRECTION ( 'NONE',  ( 0.000000000000000000, 0.000000000000000000, 1.000000000000000000 ) ) ;
#3299 = CARTESIAN_POINT ( 'NONE',  ( -2.674999999999999822, -4.571444454642993982, -0.5507193504256789884 ) ) ;
#3300 = CARTESIAN_POINT ( 'NONE',  ( 1.799999999999997380, 4.250000000000000000, -0.7500000000000000000 ) ) ;
#3301 = VERTEX_POINT ( 'NONE', #3389 ) ;
#3302 = DIRECTION ( 'NONE',  ( 0.000000000000000000, 1.000000000000000000, 0.000000000000000000 ) ) ;
#3303 = ADVANCED_FACE ( 'NONE', ( #2354 ), #1035, .T. ) ;
#3304 = CARTESIAN_POINT ( 'NONE',  ( -3.020201077719876892, -2.774483597290784864, 0.01705413222502917547 ) ) ;
#3305 = EDGE_CURVE ( 'NONE', #2632, #467, #2439, .T. ) ;
#3306 = CARTESIAN_POINT ( 'NONE',  ( -2.674999999999999822, -4.383203065557601086, -1.289387653771991937 ) ) ;
#3307 = MANIFOLD_SOLID_BREP ( 'Chamfer1', #1732 ) ;
#3308 = VECTOR ( 'NONE', #24, 1000.000000000000000 ) ;
#3309 = AXIS2_PLACEMENT_3D ( 'NONE', #324, #894, #2954 ) ;
#3310 = ORIENTED_EDGE ( 'NONE', *, *, #1459, .T. ) ;
#3311 = CARTESIAN_POINT ( 'NONE',  ( 2.249999999999999556, 2.750000000000000888, -1.250000000000000000 ) ) ;
#3312 = CIRCLE ( 'NONE', #807, 0.2499999999999994726 ) ;
#3313 = AXIS2_PLACEMENT_3D ( 'NONE', #2992, #3244, #1402 ) ;
#3314 = MANIFOLD_SOLID_BREP ( 'Cut-Extrude6', #1336 ) ;
#3315 = CARTESIAN_POINT ( 'NONE',  ( 2.994069522799804428, -2.749999999999999112, 0.2500000000000000000 ) ) ;
#3316 = STYLED_ITEM ( 'NONE', ( #275 ), #781 ) ;
#3317 = DIRECTION ( 'NONE',  ( 0.1039620511844921158, -0.1039620511844909778, 0.9891328443778553137 ) ) ;
#3318 = AXIS2_PLACEMENT_3D ( 'NONE', #2977, #2173, #2696 ) ;
#3319 = EDGE_LOOP ( 'NONE', ( #3290, #17, #2429, #2894 ) ) ;
#3320 = ORIENTED_EDGE ( 'NONE', *, *, #715, .T. ) ;
#3321 = PRESENTATION_STYLE_ASSIGNMENT (( #114 ) ) ;
#3322 = LINE ( 'NONE', #3304, #2119 ) ;
#3323 = CARTESIAN_POINT ( 'NONE',  ( 2.904730922823985484, -2.509835158089652740, 1.100000000000000089 ) ) ;
#3324 = PRESENTATION_STYLE_ASSIGNMENT (( #1489 ) ) ;
#3325 = LINE ( 'NONE', #2069, #1782 ) ;
#3326 =( NAMED_UNIT ( * ) PLANE_ANGLE_UNIT ( ) SI_UNIT ( $, .RADIAN. ) );
#3327 = PLANE ( 'NONE',  #1349 ) ;
#3328 = DIRECTION ( 'NONE',  ( 1.000000000000000000, -0.000000000000000000, -0.000000000000000000 ) ) ;
#3329 = VECTOR ( 'NONE', #1772, 1000.000000000000000 ) ;
#3330 = LINE ( 'NONE', #2042, #342 ) ;
#3331 = COLOUR_RGB ( '',0.8039215686274510109, 0.8039215686274510109, 0.8039215686274510109 ) ;
#3332 = ORIENTED_EDGE ( 'NONE', *, *, #2680, .F. ) ;
#3333 = CARTESIAN_POINT ( 'NONE',  ( 2.904730922823985040, 2.404730922823985484, 1.100000000000000089 ) ) ;
#3334 = ADVANCED_FACE ( 'NONE', ( #928 ), #1430, .F. ) ;
#3335 = VERTEX_POINT ( 'NONE', #1446 ) ;
#3336 = CARTESIAN_POINT ( 'NONE',  ( 2.675000000000000266, -3.979999999999999094, -1.031613455198621132 ) ) ;
#3337 = ORIENTED_EDGE ( 'NONE', *, *, #630, .T. ) ;
#3338 = FILL_AREA_STYLE_COLOUR ( '', #2957 ) ;
#3339 = VECTOR ( 'NONE', #1320, 1000.000000000000000 ) ;
#3340 = DIRECTION ( 'NONE',  ( 0.000000000000000000, 0.000000000000000000, -1.000000000000000000 ) ) ;
#3341 = DIRECTION ( 'NONE',  ( 0.9945218953682740670, 0.000000000000000000, -0.1045284632676464209 ) ) ;
#3342 = CYLINDRICAL_SURFACE ( 'NONE', #166, 0.1499999999999999389 ) ;
#3343 =( BOUNDED_CURVE ( )  B_SPLINE_CURVE ( 3, ( #3315, #1539, #2540, #162 ),
 .UNSPECIFIED., .F., .T. ) 
 B_SPLINE_CURVE_WITH_KNOTS ( ( 4, 4 ),
 ( 6.272199364973531921, 6.283125782016627525 ),
 .UNSPECIFIED. ) 
 CURVE ( )  GEOMETRIC_REPRESENTATION_ITEM ( )  RATIONAL_B_SPLINE_CURVE ( ( 1.000000000000000000, 0.9999900511422950000, 0.9999900511422950000, 1.000000000000000000 ) ) 
 REPRESENTATION_ITEM ( '' )  );
#3344 =( NAMED_UNIT ( * ) SI_UNIT ( $, .STERADIAN. ) SOLID_ANGLE_UNIT ( ) );
#3345 = ADVANCED_FACE ( 'NONE', ( #237 ), #803, .T. ) ;
#3346 = PRESENTATION_STYLE_ASSIGNMENT (( #3287 ) ) ;
#3347 = EDGE_CURVE ( 'NONE', #854, #719, #1568, .T. ) ;
#3348 = PLANE ( 'NONE',  #2591 ) ;
#3349 = EDGE_LOOP ( 'NONE', ( #2728, #90, #657, #1693 ) ) ;
#3350 = SURFACE_STYLE_USAGE ( .BOTH. , #468 ) ;
#3351 = CYLINDRICAL_SURFACE ( 'NONE', #955, 0.1499999999999999667 ) ;
#3352 = PLANE ( 'NONE',  #1221 ) ;
#3353 = VERTEX_POINT ( 'NONE', #2638 ) ;
#3354 = DIRECTION ( 'NONE',  ( 0.000000000000000000, 1.000000000000000000, 0.000000000000000000 ) ) ;
#3355 = CARTESIAN_POINT ( 'NONE',  ( 2.249999999999999556, -1.249999999999999334, -0.7500000000000000000 ) ) ;
#3356 = DIRECTION ( 'NONE',  ( 0.000000000000000000, 0.000000000000000000, 1.000000000000000000 ) ) ;
#3357 = AXIS2_PLACEMENT_3D ( 'NONE', #2805, #167, #447 ) ;
#3358 = AXIS2_PLACEMENT_3D ( 'NONE', #2621, #528, #254 ) ;
#3359 = VECTOR ( 'NONE', #2276, 1000.000000000000227 ) ;
#3360 =( LENGTH_UNIT ( ) NAMED_UNIT ( * ) SI_UNIT ( .MILLI., .METRE. ) );
#3361 = ORIENTED_EDGE ( 'NONE', *, *, #368, .T. ) ;
#3362 = DIRECTION ( 'NONE',  ( -1.000000000000000000, -0.000000000000000000, -0.000000000000000000 ) ) ;
#3363 = SURFACE_STYLE_FILL_AREA ( #301 ) ;
#3364 = CIRCLE ( 'NONE', #2882, 0.2750000000000000777 ) ;
#3365 =( GEOMETRIC_REPRESENTATION_CONTEXT ( 3 ) GLOBAL_UNCERTAINTY_ASSIGNED_CONTEXT ( ( #339 ) ) GLOBAL_UNIT_ASSIGNED_CONTEXT ( ( #3157, #1367, #1316 ) ) REPRESENTATION_CONTEXT ( 'NONE', 'WORKASPACE' ) );
#3366 = DIRECTION ( 'NONE',  ( -0.000000000000000000, -0.000000000000000000, -1.000000000000000000 ) ) ;
#3367 = PRESENTATION_LAYER_ASSIGNMENT (  '', '', ( #3150 ) ) ;
#3368 = CARTESIAN_POINT ( 'NONE',  ( -2.550000000000000711, 2.750000000000000888, -0.7500000000000000000 ) ) ;
#3369 = ORIENTED_EDGE ( 'NONE', *, *, #2916, .F. ) ;
#3370 =( GEOMETRIC_REPRESENTATION_CONTEXT ( 3 ) GLOBAL_UNCERTAINTY_ASSIGNED_CONTEXT ( ( #796 ) ) GLOBAL_UNIT_ASSIGNED_CONTEXT ( ( #1196, #713, #3099 ) ) REPRESENTATION_CONTEXT ( 'NONE', 'WORKASPACE' ) );
#3371 = PRESENTATION_STYLE_ASSIGNMENT (( #1274 ) ) ;
#3372 = CARTESIAN_POINT ( 'NONE',  ( 2.675000000000000266, -4.352403803428149587, -0.6712232637039488026 ) ) ;
#3373 = STYLED_ITEM ( 'NONE', ( #2306 ), #1087 ) ;
#3374 = CARTESIAN_POINT ( 'NONE',  ( -1.924999999999999600, -3.402200851755691424, -0.5000000000000000000 ) ) ;
#3375 = ORIENTED_EDGE ( 'NONE', *, *, #2365, .T. ) ;
#3376 = SURFACE_STYLE_FILL_AREA ( #2340 ) ;
#3377 = PLANE ( 'NONE',  #2738 ) ;
#3378 = CIRCLE ( 'NONE', #2504, 0.2499999999999994726 ) ;
#3379 = PRESENTATION_STYLE_ASSIGNMENT (( #762 ) ) ;
#3380 = CARTESIAN_POINT ( 'NONE',  ( -3.187926784503682498, 2.749521871388891814, -0.7454509101379165337 ) ) ;
#3381 = PRESENTATION_STYLE_ASSIGNMENT (( #2907 ) ) ;
#3382 = EDGE_CURVE ( 'NONE', #1091, #2698, #2858, .T. ) ;
#3383 = CARTESIAN_POINT ( 'NONE',  ( 2.675000000000000266, -2.749999999999999112, 0.2499999999999999445 ) ) ;
#3384 = EDGE_LOOP ( 'NONE', ( #532, #2143, #945, #1654 ) ) ;
#3385 = PRESENTATION_STYLE_ASSIGNMENT (( #2352 ) ) ;
#3386 = DIRECTION ( 'NONE',  ( 0.000000000000000000, -0.06975647374417831559, 0.9975640502598205339 ) ) ;
#3387 = EDGE_CURVE ( 'NONE', #2164, #1146, #1816, .T. ) ;
#3388 = PRESENTATION_LAYER_ASSIGNMENT (  '', '', ( #2510 ) ) ;
#3389 = CARTESIAN_POINT ( 'NONE',  ( -2.674999999999999822, -3.979999999999999094, -1.031613455198621132 ) ) ;
#3390 = ORIENTED_EDGE ( 'NONE', *, *, #232, .T. ) ;
#3391 = LINE ( 'NONE', #1545, #623 ) ;
#3392 =( NAMED_UNIT ( * ) PLANE_ANGLE_UNIT ( ) SI_UNIT ( $, .RADIAN. ) );
#3393 = DIRECTION ( 'NONE',  ( 0.000000000000000000, -0.06975647374417831559, 0.9975640502598205339 ) ) ;
#3394 = DIRECTION ( 'NONE',  ( 0.000000000000000000, 0.000000000000000000, -1.000000000000000000 ) ) ;
#3395 =( NAMED_UNIT ( * ) PLANE_ANGLE_UNIT ( ) SI_UNIT ( $, .RADIAN. ) );
#3396 = VERTEX_POINT ( 'NONE', #3383 ) ;
#3397 = CARTESIAN_POINT ( 'NONE',  ( 2.675000000000000266, -3.402200851755691424, -0.5000000000000000000 ) ) ;
#3398 = EDGE_CURVE ( 'NONE', #1083, #2990, #1591, .T. ) ;
#3399 = ORIENTED_EDGE ( 'NONE', *, *, #1939, .T. ) ;
#3400 = ORIENTED_EDGE ( 'NONE', *, *, #411, .T. ) ;
#3401 = CARTESIAN_POINT ( 'NONE',  ( 0.3750000000000003331, -2.749999999999999112, -0.2500000000000000555 ) ) ;
#3402 =( LENGTH_UNIT ( ) NAMED_UNIT ( * ) SI_UNIT ( .MILLI., .METRE. ) );
#3403 =( NAMED_UNIT ( * ) PLANE_ANGLE_UNIT ( ) SI_UNIT ( $, .RADIAN. ) );
#3404 = ORIENTED_EDGE ( 'NONE', *, *, #770, .F. ) ;
#3405 = FILL_AREA_STYLE ('',( #2374 ) ) ;
#3406 = ORIENTED_EDGE ( 'NONE', *, *, #2585, .T. ) ;
#3407 = EDGE_CURVE ( 'NONE', #3396, #1421, #784, .T. ) ;
#3408 = LINE ( 'NONE', #1009, #2614 ) ;
#3409 = DIRECTION ( 'NONE',  ( 1.000000000000000000, 0.000000000000000000, 0.000000000000000000 ) ) ;
#3410 = EDGE_CURVE ( 'NONE', #2784, #2722, #257, .T. ) ;
#3411 = ADVANCED_FACE ( 'NONE', ( #2891 ), #531, .F. ) ;
#3412 = CARTESIAN_POINT ( 'NONE',  ( 3.046612637206903340, -2.749999999999999112, -0.2499143400290881611 ) ) ;
#3413 = SURFACE_STYLE_USAGE ( .BOTH. , #2364 ) ;
#3414 = FACE_OUTER_BOUND ( 'NONE', #1759, .T. ) ;
#3415 = VECTOR ( 'NONE', #1734, 1000.000000000000000 ) ;
#3416 = ORIENTED_EDGE ( 'NONE', *, *, #1727, .F. ) ;
#3417 = ORIENTED_EDGE ( 'NONE', *, *, #770, .T. ) ;
#3418 = SURFACE_STYLE_FILL_AREA ( #3179 ) ;
#3419 =( LENGTH_UNIT ( ) NAMED_UNIT ( * ) SI_UNIT ( .MILLI., .METRE. ) );
#3420 = VECTOR ( 'NONE', #2482, 1000.000000000000000 ) ;
#3421 = AXIS2_PLACEMENT_3D ( 'NONE', #3063, #2035, #3117 ) ;
#3422 = DIRECTION ( 'NONE',  ( -0.000000000000000000, 0.000000000000000000, 1.000000000000000000 ) ) ;
#3423 = MECHANICAL_DESIGN_GEOMETRIC_PRESENTATION_REPRESENTATION (  '', ( #3316 ), #2181 ) ;
#3424 = VECTOR ( 'NONE', #2419, 1000.000000000000114 ) ;
#3425 = ORIENTED_EDGE ( 'NONE', *, *, #2533, .F. ) ;
#3426 = ORIENTED_EDGE ( 'NONE', *, *, #2076, .T. ) ;
#3427 = MECHANICAL_DESIGN_GEOMETRIC_PRESENTATION_REPRESENTATION (  '', ( #2547 ), #1019 ) ;
#3428 = SURFACE_SIDE_STYLE ('',( #778 ) ) ;
#3429 = DIRECTION ( 'NONE',  ( -0.5735764363510449382, -0.8191520442889926867, -0.000000000000000000 ) ) ;
#3430 = CARTESIAN_POINT ( 'NONE',  ( 3.250000000000000888, -2.546069306454767034, -0.7500285536077191395 ) ) ;
#3431 = CARTESIAN_POINT ( 'NONE',  ( 3.250000000000000444, -2.749999999999999112, 1.250000000000000000 ) ) ;
#3432 = STYLED_ITEM ( 'NONE', ( #1047 ), #1310 ) ;
#3433 = DIRECTION ( 'NONE',  ( -1.000000000000000000, 2.168404344971008868E-16, 0.000000000000000000 ) ) ;
#3434 = ORIENTED_EDGE ( 'NONE', *, *, #1895, .F. ) ;
#3435 = ORIENTED_EDGE ( 'NONE', *, *, #2750, .F. ) ;
#3436 = FACE_OUTER_BOUND ( 'NONE', #2091, .T. ) ;
#3437 = FILL_AREA_STYLE_COLOUR ( '', #3116 ) ;
#3438 =( BOUNDED_CURVE ( )  B_SPLINE_CURVE ( 3, ( #1615, #896, #311, #880 ),
 .UNSPECIFIED., .F., .T. ) 
 B_SPLINE_CURVE_WITH_KNOTS ( ( 4, 4 ),
 ( -8.881784197001252323E-16, 1.570796326794896558 ),
 .UNSPECIFIED. ) 
 CURVE ( )  GEOMETRIC_REPRESENTATION_ITEM ( )  RATIONAL_B_SPLINE_CURVE ( ( 1.000000000000000000, 0.8047378541243648264, 0.8047378541243648264, 1.000000000000000000 ) ) 
 REPRESENTATION_ITEM ( '' )  );
#3439 = DIRECTION ( 'NONE',  ( -0.000000000000000000, 1.000000000000000000, 1.662374665054309455E-16 ) ) ;
#3440 = FACE_OUTER_BOUND ( 'NONE', #620, .T. ) ;
ENDSEC;
END-ISO-10303-21;
